Timestamp;Data_Hora;Modulo_Robo;Ativo;Tipo_Operacao;Detalhes;Lucro_USD;Capital_Total_USD
1787019312;18/08/2026 02:15:12;WALL_STREET_ORB;NVDA;LOSS;Saída em $129.01;-13.8;986.2
1787019417;18/08/2026 02:16:57;WALL_STREET_ORB;NVDA;WIN_2.5R;Saída em $133.22;30.0;1016.2
1787019507;18/08/2026 02:18:27;WALL_STREET_ORB;NVDA;WIN_2.5R;Saída em $136.82;30.0;1046.2
1787019597;18/08/2026 02:19:57;WALL_STREET_ORB;NVDA;WIN_2.5R;Saída em $140.42;30.0;1076.2
1787019717;18/08/2026 02:21:57;WALL_STREET_ORB;NVDA;WIN_2.5R;Saída em $133.22;30.0;1106.2
1787019807;18/08/2026 02:23:27;WALL_STREET_ORB;NVDA;WIN_2.5R;Saída em $136.82;30.0;1136.21
1787019897;18/08/2026 02:24:57;WALL_STREET_ORB;NVDA;WIN_2.5R;Saída em $140.42;30.0;1166.21
1787020017;18/08/2026 02:26:57;WALL_STREET_ORB;NVDA;WIN_2.5R;Saída em $133.22;30.0;1196.21
1787020107;18/08/2026 02:28:27;WALL_STREET_ORB;NVDA;WIN_2.5R;Saída em $136.82;30.0;1226.21
1787020197;18/08/2026 02:29:57;WALL_STREET_ORB;NVDA;WIN_2.5R;Saída em $140.42;30.0;1256.21
1787020317;18/08/2026 02:31:57;WALL_STREET_ORB;NVDA;WIN_2.5R;Saída em $133.22;30.0;1286.21
1787020407;18/08/2026 02:33:27;WALL_STREET_ORB;NVDA;WIN_2.5R;Saída em $136.82;30.0;1316.21
1787020497;18/08/2026 02:34:57;WALL_STREET_ORB;NVDA;WIN_2.5R;Saída em $140.42;30.0;1346.21
1787020617;18/08/2026 02:36:57;WALL_STREET_ORB;NVDA;WIN_2.5R;Saída em $133.22;30.0;1376.21
1787020707;18/08/2026 02:38:27;WALL_STREET_ORB;NVDA;WIN_2.5R;Saída em $136.82;30.0;1406.22
1787020797;18/08/2026 02:39:57;WALL_STREET_ORB;NVDA;WIN_2.5R;Saída em $140.42;30.0;1436.22
1787020917;18/08/2026 02:41:57;WALL_STREET_ORB;NVDA;WIN_2.5R;Saída em $133.22;30.0;1466.22
1787021007;18/08/2026 02:43:27;WALL_STREET_ORB;NVDA;WIN_2.5R;Saída em $136.82;30.0;1496.22
1787021097;18/08/2026 02:44:57;WALL_STREET_ORB;NVDA;WIN_2.5R;Saída em $140.42;30.0;1526.22
1787021217;18/08/2026 02:46:57;WALL_STREET_ORB;NVDA;WIN_2.5R;Saída em $133.22;30.0;1556.22
1787021308;18/08/2026 02:48:28;WALL_STREET_ORB;NVDA;WIN_2.5R;Saída em $136.82;30.0;1586.22
1787021398;18/08/2026 02:49:58;WALL_STREET_ORB;NVDA;WIN_2.5R;Saída em $140.42;30.0;1616.23
1787021518;18/08/2026 02:51:58;WALL_STREET_ORB;NVDA;WIN_2.5R;Saída em $133.22;30.0;1646.23
1787021608;18/08/2026 02:53:28;WALL_STREET_ORB;NVDA;WIN_2.5R;Saída em $136.82;30.0;1676.23
1787021698;18/08/2026 02:54:58;WALL_STREET_ORB;NVDA;WIN_2.5R;Saída em $140.42;30.0;1706.23
1787021818;18/08/2026 02:56:58;WALL_STREET_ORB;NVDA;WIN_2.5R;Saída em $133.22;30.0;1736.23
1787021908;18/08/2026 02:58:28;WALL_STREET_ORB;NVDA;WIN_2.5R;Saída em $136.82;30.0;1766.23
1787021998;18/08/2026 02:59:58;WALL_STREET_ORB;NVDA;WIN_2.5R;Saída em $140.42;30.0;1796.23
1787022118;18/08/2026 03:01:58;WALL_STREET_ORB;NVDA;WIN_2.5R;Saída em $133.22;30.0;1826.23
1787022208;18/08/2026 03:03:28;WALL_STREET_ORB;NVDA;WIN_2.5R;Saída em $136.82;30.0;1856.24
1787022298;18/08/2026 03:04:58;WALL_STREET_ORB;NVDA;WIN_2.5R;Saída em $140.42;30.0;1886.24
1787022418;18/08/2026 03:06:58;WALL_STREET_ORB;NVDA;WIN_2.5R;Saída em $133.22;30.0;1916.24
1787022508;18/08/2026 03:08:28;WALL_STREET_ORB;NVDA;WIN_2.5R;Saída em $136.82;30.0;1946.24
1787022598;18/08/2026 03:09:58;WALL_STREET_ORB;NVDA;WIN_2.5R;Saída em $140.42;30.0;1976.24
1787022718;18/08/2026 03:11:58;WALL_STREET_ORB;NVDA;WIN_2.5R;Saída em $133.22;30.0;2006.24
1787022808;18/08/2026 03:13:28;WALL_STREET_ORB;NVDA;WIN_2.5R;Saída em $136.82;30.0;2036.24
1787022898;18/08/2026 03:14:58;WALL_STREET_ORB;NVDA;WIN_2.5R;Saída em $140.42;30.0;2066.24
1787023018;18/08/2026 03:16:58;WALL_STREET_ORB;NVDA;WIN_2.5R;Saída em $133.22;30.0;2096.25
1787023108;18/08/2026 03:18:28;WALL_STREET_ORB;NVDA;WIN_2.5R;Saída em $136.82;30.0;2126.25
1787023198;18/08/2026 03:19:58;WALL_STREET_ORB;NVDA;WIN_2.5R;Saída em $140.43;30.0;2156.25
1787023318;18/08/2026 03:21:58;WALL_STREET_ORB;NVDA;WIN_2.5R;Saída em $133.23;30.0;2186.25
1787023408;18/08/2026 03:23:28;WALL_STREET_ORB;NVDA;WIN_2.5R;Saída em $136.83;30.0;2216.25
1787023498;18/08/2026 03:24:58;WALL_STREET_ORB;NVDA;WIN_2.5R;Saída em $140.43;30.0;2246.25
1787023618;18/08/2026 03:26:58;WALL_STREET_ORB;NVDA;WIN_2.5R;Saída em $133.23;30.0;2276.26
1787023708;18/08/2026 03:28:28;WALL_STREET_ORB;NVDA;WIN_2.5R;Saída em $136.83;30.0;2306.26
1787023798;18/08/2026 03:29:58;WALL_STREET_ORB;NVDA;WIN_2.5R;Saída em $140.43;30.0;2336.26
1787023918;18/08/2026 03:31:58;WALL_STREET_ORB;NVDA;WIN_2.5R;Saída em $133.23;30.0;2366.26
1787024008;18/08/2026 03:33:28;WALL_STREET_ORB;NVDA;WIN_2.5R;Saída em $136.83;30.0;2396.27
1787024098;18/08/2026 03:34:58;WALL_STREET_ORB;NVDA;WIN_2.5R;Saída em $140.43;30.0;2426.27
1787024218;18/08/2026 03:36:58;WALL_STREET_ORB;NVDA;WIN_2.5R;Saída em $133.23;30.0;2456.27
1787024308;18/08/2026 03:38:28;WALL_STREET_ORB;NVDA;WIN_2.5R;Saída em $136.83;30.0;2486.27
1787024398;18/08/2026 03:39:58;WALL_STREET_ORB;NVDA;WIN_2.5R;Saída em $140.43;30.0;2516.27
1787024518;18/08/2026 03:41:58;WALL_STREET_ORB;NVDA;WIN_2.5R;Saída em $133.23;30.0;2546.27
1787024608;18/08/2026 03:43:28;WALL_STREET_ORB;NVDA;WIN_2.5R;Saída em $136.83;30.0;2576.27
1787024698;18/08/2026 03:44:58;WALL_STREET_ORB;NVDA;WIN_2.5R;Saída em $140.43;30.0;2606.27
1787024699;18/08/2026 03:44:59;GRID_HUNTER;BTC/USDT;LUCRO_GRADE;Compra $64047.7 -> Venda $64180.0;0.09;2606.37
1787024818;18/08/2026 03:46:58;WALL_STREET_ORB;NVDA;WIN_2.5R;Saída em $133.23;30.0;2636.37
1787024908;18/08/2026 03:48:28;WALL_STREET_ORB;NVDA;WIN_2.5R;Saída em $136.83;30.0;2666.37
1787024998;18/08/2026 03:49:58;WALL_STREET_ORB;NVDA;WIN_2.5R;Saída em $140.43;30.0;2696.37
1787025118;18/08/2026 03:51:58;WALL_STREET_ORB;NVDA;WIN_2.5R;Saída em $133.23;30.0;2726.37
1787025208;18/08/2026 03:53:28;WALL_STREET_ORB;NVDA;WIN_2.5R;Saída em $136.83;30.0;2756.37
1787025298;18/08/2026 03:54:58;WALL_STREET_ORB;NVDA;WIN_2.5R;Saída em $140.43;30.0;2786.37
1787025418;18/08/2026 03:56:58;WALL_STREET_ORB;NVDA;WIN_2.5R;Saída em $133.23;30.0;2816.37
1787025508;18/08/2026 03:58:28;WALL_STREET_ORB;NVDA;WIN_2.5R;Saída em $136.83;30.0;2846.38
1787025598;18/08/2026 03:59:58;WALL_STREET_ORB;NVDA;WIN_2.5R;Saída em $140.43;30.0;2876.38
1787025718;18/08/2026 04:01:58;WALL_STREET_ORB;NVDA;WIN_2.5R;Saída em $133.23;30.0;2906.38
1787025808;18/08/2026 04:03:28;WALL_STREET_ORB;NVDA;WIN_2.5R;Saída em $136.83;30.0;2936.38
1787025898;18/08/2026 04:04:58;WALL_STREET_ORB;NVDA;WIN_2.5R;Saída em $140.43;30.0;2966.38
1787026018;18/08/2026 04:06:58;WALL_STREET_ORB;NVDA;WIN_2.5R;Saída em $133.23;30.0;2996.38
1787026108;18/08/2026 04:08:28;WALL_STREET_ORB;NVDA;WIN_2.5R;Saída em $136.83;30.0;3026.38
1787026198;18/08/2026 04:09:58;WALL_STREET_ORB;NVDA;WIN_2.5R;Saída em $140.43;30.0;3056.38
1787026318;18/08/2026 04:11:58;WALL_STREET_ORB;NVDA;WIN_2.5R;Saída em $133.23;30.0;3086.39
1787026408;18/08/2026 04:13:28;WALL_STREET_ORB;NVDA;WIN_2.5R;Saída em $136.83;30.0;3116.39
1787026498;18/08/2026 04:14:58;WALL_STREET_ORB;NVDA;WIN_2.5R;Saída em $140.43;30.0;3146.39
1787026618;18/08/2026 04:16:58;WALL_STREET_ORB;NVDA;WIN_2.5R;Saída em $133.23;30.0;3176.39
1787026708;18/08/2026 04:18:28;WALL_STREET_ORB;NVDA;WIN_2.5R;Saída em $136.83;30.0;3206.39
1787026798;18/08/2026 04:19:58;WALL_STREET_ORB;NVDA;WIN_2.5R;Saída em $140.43;30.0;3236.39
1787026918;18/08/2026 04:21:58;WALL_STREET_ORB;NVDA;WIN_2.5R;Saída em $133.24;30.0;3266.39
1787027008;18/08/2026 04:23:28;WALL_STREET_ORB;NVDA;WIN_2.5R;Saída em $136.84;30.0;3296.39
1787027098;18/08/2026 04:24:58;WALL_STREET_ORB;NVDA;WIN_2.5R;Saída em $140.44;30.0;3326.4
1787027218;18/08/2026 04:26:58;WALL_STREET_ORB;NVDA;WIN_2.5R;Saída em $133.24;30.0;3356.4
1787027308;18/08/2026 04:28:28;WALL_STREET_ORB;NVDA;WIN_2.5R;Saída em $136.84;30.0;3386.4
1787027398;18/08/2026 04:29:58;WALL_STREET_ORB;NVDA;WIN_2.5R;Saída em $140.44;30.0;3416.4
1787027518;18/08/2026 04:31:58;WALL_STREET_ORB;NVDA;WIN_2.5R;Saída em $133.24;30.0;3446.4
1787027608;18/08/2026 04:33:28;WALL_STREET_ORB;NVDA;WIN_2.5R;Saída em $136.84;30.0;3476.41
1787027698;18/08/2026 04:34:58;WALL_STREET_ORB;NVDA;WIN_2.5R;Saída em $140.44;30.0;3506.41
1787027818;18/08/2026 04:36:58;WALL_STREET_ORB;NVDA;WIN_2.5R;Saída em $133.24;30.01;3536.41
1787027908;18/08/2026 04:38:28;WALL_STREET_ORB;NVDA;WIN_2.5R;Saída em $136.84;30.0;3566.42
1787027998;18/08/2026 04:39:58;WALL_STREET_ORB;NVDA;WIN_2.5R;Saída em $140.44;30.0;3596.42
1787028118;18/08/2026 04:41:58;WALL_STREET_ORB;NVDA;WIN_2.5R;Saída em $133.24;30.0;3626.42
1787028208;18/08/2026 04:43:28;WALL_STREET_ORB;NVDA;WIN_2.5R;Saída em $136.84;30.0;3656.42
1787028298;18/08/2026 04:44:58;WALL_STREET_ORB;NVDA;WIN_2.5R;Saída em $140.44;30.01;3686.43
1787028418;18/08/2026 04:46:58;WALL_STREET_ORB;NVDA;WIN_2.5R;Saída em $133.24;30.0;3716.44
1787028508;18/08/2026 04:48:28;WALL_STREET_ORB;NVDA;WIN_2.5R;Saída em $136.84;30.01;3746.44
1787028598;18/08/2026 04:49:58;WALL_STREET_ORB;NVDA;WIN_2.5R;Saída em $140.44;30.0;3776.45
1787028718;18/08/2026 04:51:58;WALL_STREET_ORB;NVDA;WIN_2.5R;Saída em $133.24;30.01;3806.45
1787028808;18/08/2026 04:53:28;WALL_STREET_ORB;NVDA;WIN_2.5R;Saída em $136.85;30.0;3836.45
1787028898;18/08/2026 04:54:58;WALL_STREET_ORB;NVDA;WIN_2.5R;Saída em $140.45;30.01;3866.46
1787029018;18/08/2026 04:56:58;WALL_STREET_ORB;NVDA;WIN_2.5R;Saída em $133.25;30.0;3896.46
1787029108;18/08/2026 04:58:28;WALL_STREET_ORB;NVDA;WIN_2.5R;Saída em $136.85;30.01;3926.47
1787029198;18/08/2026 04:59:58;WALL_STREET_ORB;NVDA;WIN_2.5R;Saída em $140.45;30.01;3956.47
1787029318;18/08/2026 05:01:58;WALL_STREET_ORB;NVDA;WIN_2.5R;Saída em $133.25;30.0;3986.48
1787029408;18/08/2026 05:03:28;WALL_STREET_ORB;NVDA;WIN_2.5R;Saída em $136.85;30.0;4016.48
1787029498;18/08/2026 05:04:58;WALL_STREET_ORB;NVDA;WIN_2.5R;Saída em $140.45;30.0;4046.48
1787029618;18/08/2026 05:06:58;WALL_STREET_ORB;NVDA;WIN_2.5R;Saída em $133.25;30.01;4076.49
1787029708;18/08/2026 05:08:28;WALL_STREET_ORB;NVDA;WIN_2.5R;Saída em $136.85;30.0;4106.49
1787029718;18/08/2026 05:08:38;GRID_HUNTER;BTC/USDT;LUCRO_GRADE;Compra $64128.0 -> Venda $64248.5;0.09;4106.58
1787029798;18/08/2026 05:09:58;WALL_STREET_ORB;NVDA;WIN_2.5R;Saída em $140.45;30.0;4136.59
1787029918;18/08/2026 05:11:58;WALL_STREET_ORB;NVDA;WIN_2.5R;Saída em $133.25;30.0;4166.59
1787030008;18/08/2026 05:13:28;WALL_STREET_ORB;NVDA;WIN_2.5R;Saída em $136.85;30.01;4196.6
1787030098;18/08/2026 05:14:58;WALL_STREET_ORB;NVDA;WIN_2.5R;Saída em $140.45;30.0;4226.61
1787030218;18/08/2026 05:16:58;WALL_STREET_ORB;NVDA;WIN_2.5R;Saída em $133.25;30.0;4256.61
1787030308;18/08/2026 05:18:28;WALL_STREET_ORB;NVDA;WIN_2.5R;Saída em $136.86;30.0;4286.61
1787030398;18/08/2026 05:19:58;WALL_STREET_ORB;NVDA;WIN_2.5R;Saída em $140.46;30.0;4316.62
1787030518;18/08/2026 05:21:58;WALL_STREET_ORB;NVDA;WIN_2.5R;Saída em $133.26;30.0;4346.62
1787030608;18/08/2026 05:23:28;WALL_STREET_ORB;NVDA;WIN_2.5R;Saída em $136.86;30.0;4376.62
1787030698;18/08/2026 05:24:58;WALL_STREET_ORB;NVDA;WIN_2.5R;Saída em $140.46;30.0;4406.63
1787030818;18/08/2026 05:26:58;WALL_STREET_ORB;NVDA;WIN_2.5R;Saída em $133.26;30.0;4436.63
1787030908;18/08/2026 05:28:28;WALL_STREET_ORB;NVDA;WIN_2.5R;Saída em $136.86;30.0;4466.63
1787030998;18/08/2026 05:29:58;WALL_STREET_ORB;NVDA;WIN_2.5R;Saída em $140.46;30.01;4496.64
1787031118;18/08/2026 05:31:58;WALL_STREET_ORB;NVDA;WIN_2.5R;Saída em $133.26;30.0;4526.64
1787031208;18/08/2026 05:33:28;WALL_STREET_ORB;NVDA;WIN_2.5R;Saída em $136.86;30.0;4556.64
1787031299;18/08/2026 05:34:59;WALL_STREET_ORB;NVDA;WIN_2.5R;Saída em $140.46;30.01;4586.65
1787031419;18/08/2026 05:36:59;WALL_STREET_ORB;NVDA;WIN_2.5R;Saída em $133.26;30.01;4616.66
1787031509;18/08/2026 05:38:29;WALL_STREET_ORB;NVDA;WIN_2.5R;Saída em $136.86;30.0;4646.66
1787031599;18/08/2026 05:39:59;WALL_STREET_ORB;NVDA;WIN_2.5R;Saída em $140.46;30.0;4676.66
1787031719;18/08/2026 05:41:59;WALL_STREET_ORB;NVDA;WIN_2.5R;Saída em $133.26;30.01;4706.67
1787031809;18/08/2026 05:43:29;WALL_STREET_ORB;NVDA;WIN_2.5R;Saída em $136.86;30.0;4736.67
1787031899;18/08/2026 05:44:59;WALL_STREET_ORB;NVDA;WIN_2.5R;Saída em $140.46;30.0;4766.67
1787032019;18/08/2026 05:46:59;WALL_STREET_ORB;NVDA;WIN_2.5R;Saída em $133.26;30.0;4796.68
1787032109;18/08/2026 05:48:29;WALL_STREET_ORB;NVDA;WIN_2.5R;Saída em $136.87;30.01;4826.68
1787032199;18/08/2026 05:49:59;WALL_STREET_ORB;NVDA;WIN_2.5R;Saída em $140.47;30.0;4856.69
1787032319;18/08/2026 05:51:59;WALL_STREET_ORB;NVDA;WIN_2.5R;Saída em $133.27;30.0;4886.69
1787032409;18/08/2026 05:53:29;WALL_STREET_ORB;NVDA;WIN_2.5R;Saída em $136.87;30.0;4916.69
1787032499;18/08/2026 05:54:59;WALL_STREET_ORB;NVDA;WIN_2.5R;Saída em $140.47;30.0;4946.7
1787032619;18/08/2026 05:56:59;WALL_STREET_ORB;NVDA;WIN_2.5R;Saída em $133.27;30.0;4976.7
1787032709;18/08/2026 05:58:29;WALL_STREET_ORB;NVDA;WIN_2.5R;Saída em $136.87;30.0;5006.7
1787032799;18/08/2026 05:59:59;WALL_STREET_ORB;NVDA;WIN_2.5R;Saída em $140.47;30.0;5036.71
1787032919;18/08/2026 06:01:59;WALL_STREET_ORB;NVDA;WIN_2.5R;Saída em $133.27;30.0;5066.71
1787033009;18/08/2026 06:03:29;WALL_STREET_ORB;NVDA;WIN_2.5R;Saída em $136.87;30.0;5096.72
1787033099;18/08/2026 06:04:59;WALL_STREET_ORB;NVDA;WIN_2.5R;Saída em $140.47;30.01;5126.72
1787033219;18/08/2026 06:06:59;WALL_STREET_ORB;NVDA;WIN_2.5R;Saída em $133.27;30.01;5156.73
1787033309;18/08/2026 06:08:29;WALL_STREET_ORB;NVDA;WIN_2.5R;Saída em $136.87;30.01;5186.74
1787033399;18/08/2026 06:09:59;WALL_STREET_ORB;NVDA;WIN_2.5R;Saída em $140.48;30.01;5216.74
1787033519;18/08/2026 06:11:59;WALL_STREET_ORB;NVDA;WIN_2.5R;Saída em $133.28;30.0;5246.75
1787033609;18/08/2026 06:13:29;WALL_STREET_ORB;NVDA;WIN_2.5R;Saída em $136.88;30.01;5276.75
1787033699;18/08/2026 06:14:59;WALL_STREET_ORB;NVDA;WIN_2.5R;Saída em $140.48;30.0;5306.76
1787033819;18/08/2026 06:16:59;WALL_STREET_ORB;NVDA;WIN_2.5R;Saída em $133.28;30.0;5336.76
1787033909;18/08/2026 06:18:29;WALL_STREET_ORB;NVDA;WIN_2.5R;Saída em $136.88;30.0;5366.76
1787033999;18/08/2026 06:19:59;WALL_STREET_ORB;NVDA;WIN_2.5R;Saída em $140.48;30.0;5396.77
1787034119;18/08/2026 06:21:59;WALL_STREET_ORB;NVDA;WIN_2.5R;Saída em $133.28;30.0;5426.77
1787034209;18/08/2026 06:23:29;WALL_STREET_ORB;NVDA;WIN_2.5R;Saída em $136.88;30.0;5456.77
1787034226;18/08/2026 06:23:46;GRID_HUNTER;BTC/USDT;LUCRO_GRADE;Compra $64208.3 -> Venda $64330.9;0.09;5456.86
1787034299;18/08/2026 06:24:59;WALL_STREET_ORB;NVDA;WIN_2.5R;Saída em $140.48;30.0;5486.86
1787034419;18/08/2026 06:26:59;WALL_STREET_ORB;NVDA;WIN_2.5R;Saída em $133.28;30.0;5516.87
1787034509;18/08/2026 06:28:29;WALL_STREET_ORB;NVDA;WIN_2.5R;Saída em $136.88;30.0;5546.87
1787034599;18/08/2026 06:29:59;WALL_STREET_ORB;NVDA;WIN_2.5R;Saída em $140.48;30.01;5576.88
1787034719;18/08/2026 06:31:59;WALL_STREET_ORB;NVDA;WIN_2.5R;Saída em $133.28;30.0;5606.88
1787034809;18/08/2026 06:33:29;WALL_STREET_ORB;NVDA;WIN_2.5R;Saída em $136.88;30.0;5636.88
1787034899;18/08/2026 06:34:59;WALL_STREET_ORB;NVDA;WIN_2.5R;Saída em $140.48;30.01;5666.89
1787035019;18/08/2026 06:36:59;WALL_STREET_ORB;NVDA;WIN_2.5R;Saída em $133.28;30.01;5696.89
1787035109;18/08/2026 06:38:29;WALL_STREET_ORB;NVDA;WIN_2.5R;Saída em $136.89;30.01;5726.9
1787035115;18/08/2026 06:38:35;GRID_HUNTER;BTC/USDT;LUCRO_GRADE;Compra $64290.3 -> Venda $64417.3;0.09;5727.0
1787035199;18/08/2026 06:39:59;WALL_STREET_ORB;NVDA;WIN_2.5R;Saída em $140.49;30.0;5757.0
1787035319;18/08/2026 06:41:59;WALL_STREET_ORB;NVDA;WIN_2.5R;Saída em $133.29;30.01;5787.01
1787035409;18/08/2026 06:43:29;WALL_STREET_ORB;NVDA;WIN_2.5R;Saída em $136.89;30.01;5817.01
1787035499;18/08/2026 06:44:59;WALL_STREET_ORB;NVDA;WIN_2.5R;Saída em $140.49;30.0;5847.02
1787035619;18/08/2026 06:46:59;WALL_STREET_ORB;NVDA;WIN_2.5R;Saída em $133.29;30.01;5877.02
1787035709;18/08/2026 06:48:29;WALL_STREET_ORB;NVDA;WIN_2.5R;Saída em $136.89;30.01;5907.03
1787035799;18/08/2026 06:49:59;WALL_STREET_ORB;NVDA;WIN_2.5R;Saída em $140.49;30.01;5937.04
1787035919;18/08/2026 06:51:59;WALL_STREET_ORB;NVDA;WIN_2.5R;Saída em $133.29;30.01;5967.04
1787036009;18/08/2026 06:53:29;WALL_STREET_ORB;NVDA;WIN_2.5R;Saída em $136.89;30.01;5997.05
1787036099;18/08/2026 06:54:59;WALL_STREET_ORB;NVDA;WIN_2.5R;Saída em $140.50;30.01;6027.06
1787036219;18/08/2026 06:56:59;WALL_STREET_ORB;NVDA;WIN_2.5R;Saída em $133.30;30.01;6057.06
1787036309;18/08/2026 06:58:29;WALL_STREET_ORB;NVDA;WIN_2.5R;Saída em $136.90;30.01;6087.07
1787036399;18/08/2026 06:59:59;WALL_STREET_ORB;NVDA;WIN_2.5R;Saída em $140.50;30.01;6117.08
1787036519;18/08/2026 07:01:59;WALL_STREET_ORB;NVDA;WIN_2.5R;Saída em $133.30;30.01;6147.08
1787036610;18/08/2026 07:03:30;WALL_STREET_ORB;NVDA;WIN_2.5R;Saída em $136.90;30.01;6177.09
1787036700;18/08/2026 07:05:00;WALL_STREET_ORB;NVDA;LOSS;Saída em $128.50;-13.75;6163.34
1787036820;18/08/2026 07:07:00;WALL_STREET_ORB;NVDA;WIN_2.5R;Saída em $133.30;30.0;6193.35
1787036910;18/08/2026 07:08:30;WALL_STREET_ORB;NVDA;WIN_2.5R;Saída em $136.90;30.0;6223.35
1787037000;18/08/2026 07:10:00;WALL_STREET_ORB;NVDA;LOSS;Saída em $128.50;-13.75;6209.6
1787037120;18/08/2026 07:12:00;WALL_STREET_ORB;NVDA;WIN_2.5R;Saída em $133.30;30.01;6239.61
1787037210;18/08/2026 07:13:30;WALL_STREET_ORB;NVDA;WIN_2.5R;Saída em $136.91;30.01;6269.61
1787037300;18/08/2026 07:15:00;WALL_STREET_ORB;NVDA;LOSS;Saída em $128.51;-13.75;6255.86
1787037420;18/08/2026 07:17:00;WALL_STREET_ORB;NVDA;WIN_2.5R;Saída em $133.31;30.01;6285.87
1787037510;18/08/2026 07:18:30;WALL_STREET_ORB;NVDA;WIN_2.5R;Saída em $136.91;30.01;6315.87
1787037600;18/08/2026 07:20:00;WALL_STREET_ORB;NVDA;LOSS;Saída em $128.51;-13.75;6302.12
1787037720;18/08/2026 07:22:00;WALL_STREET_ORB;NVDA;WIN_2.5R;Saída em $133.31;30.01;6332.13
1787037810;18/08/2026 07:23:30;WALL_STREET_ORB;NVDA;WIN_2.5R;Saída em $136.91;30.0;6362.13
1787037900;18/08/2026 07:25:00;WALL_STREET_ORB;NVDA;LOSS;Saída em $128.51;-13.75;6348.38
1787038020;18/08/2026 07:27:00;WALL_STREET_ORB;NVDA;WIN_2.5R;Saída em $133.31;30.01;6378.39
1787038110;18/08/2026 07:28:30;WALL_STREET_ORB;NVDA;WIN_2.5R;Saída em $136.91;30.01;6408.4
1787038200;18/08/2026 07:30:00;WALL_STREET_ORB;NVDA;LOSS;Saída em $128.51;-13.75;6394.64
1787038320;18/08/2026 07:32:00;WALL_STREET_ORB;NVDA;WIN_2.5R;Saída em $133.32;30.01;6424.65
1787038410;18/08/2026 07:33:30;WALL_STREET_ORB;NVDA;WIN_2.5R;Saída em $136.92;30.01;6454.66
1787038500;18/08/2026 07:35:00;WALL_STREET_ORB;NVDA;LOSS;Saída em $128.52;-13.75;6440.91
1787038620;18/08/2026 07:37:00;WALL_STREET_ORB;NVDA;WIN_2.5R;Saída em $133.32;30.0;6470.91
1787038710;18/08/2026 07:38:30;WALL_STREET_ORB;NVDA;WIN_2.5R;Saída em $136.92;30.0;6500.92
1787038800;18/08/2026 07:40:00;WALL_STREET_ORB;NVDA;LOSS;Saída em $128.52;-13.75;6487.16
1787038920;18/08/2026 07:42:00;WALL_STREET_ORB;NVDA;WIN_2.5R;Saída em $133.32;30.0;6517.17
1787039010;18/08/2026 07:43:30;WALL_STREET_ORB;NVDA;WIN_2.5R;Saída em $136.92;30.0;6547.17
1787039100;18/08/2026 07:45:00;WALL_STREET_ORB;NVDA;LOSS;Saída em $128.52;-13.75;6533.42
1787039220;18/08/2026 07:47:00;WALL_STREET_ORB;NVDA;WIN_2.5R;Saída em $133.32;30.0;6563.42
1787039310;18/08/2026 07:48:30;WALL_STREET_ORB;NVDA;WIN_2.5R;Saída em $136.92;30.0;6593.42
1787039400;18/08/2026 07:50:00;WALL_STREET_ORB;NVDA;LOSS;Saída em $128.52;-13.75;6579.67
1787039520;18/08/2026 07:52:00;WALL_STREET_ORB;NVDA;WIN_2.5R;Saída em $133.32;30.0;6609.67
1787039610;18/08/2026 07:53:30;WALL_STREET_ORB;NVDA;WIN_2.5R;Saída em $136.92;30.0;6639.68
1787039700;18/08/2026 07:55:00;WALL_STREET_ORB;NVDA;LOSS;Saída em $128.52;-13.75;6625.92
1787039820;18/08/2026 07:57:00;WALL_STREET_ORB;NVDA;WIN_2.5R;Saída em $133.32;30.0;6655.93
1787039910;18/08/2026 07:58:30;WALL_STREET_ORB;NVDA;WIN_2.5R;Saída em $136.93;30.0;6685.93
1787040000;18/08/2026 08:00:00;WALL_STREET_ORB;NVDA;LOSS;Saída em $128.53;-13.75;6672.18
1787040003;18/08/2026 08:00:03;FUNDING_RATE;KODEX200USDT;CREDITO_8H;Taxa: 0.1921%;0.48;6672.66
1787040120;18/08/2026 08:02:00;WALL_STREET_ORB;NVDA;WIN_2.5R;Saída em $133.33;30.01;6702.66
1787040210;18/08/2026 08:03:30;WALL_STREET_ORB;NVDA;WIN_2.5R;Saída em $136.93;30.0;6732.67
1787040300;18/08/2026 08:05:00;WALL_STREET_ORB;NVDA;LOSS;Saída em $128.53;-13.75;6718.92
1787040420;18/08/2026 08:07:00;WALL_STREET_ORB;NVDA;WIN_2.5R;Saída em $133.33;30.0;6748.92
1787040510;18/08/2026 08:08:30;WALL_STREET_ORB;NVDA;WIN_2.5R;Saída em $136.93;30.0;6778.92
1787040600;18/08/2026 08:10:00;WALL_STREET_ORB;NVDA;LOSS;Saída em $128.53;-13.75;6765.17
1787040720;18/08/2026 08:12:00;WALL_STREET_ORB;NVDA;WIN_2.5R;Saída em $133.33;30.01;6795.17
1787040810;18/08/2026 08:13:30;WALL_STREET_ORB;NVDA;WIN_2.5R;Saída em $136.93;30.0;6825.18
1787040900;18/08/2026 08:15:00;WALL_STREET_ORB;NVDA;LOSS;Saída em $128.53;-13.75;6811.42
1787041020;18/08/2026 08:17:00;WALL_STREET_ORB;NVDA;WIN_2.5R;Saída em $133.33;30.01;6841.43
1787041110;18/08/2026 08:18:30;WALL_STREET_ORB;NVDA;WIN_2.5R;Saída em $136.93;30.0;6871.43
1787041200;18/08/2026 08:20:00;WALL_STREET_ORB;NVDA;LOSS;Saída em $128.53;-13.75;6857.68
1787041320;18/08/2026 08:22:00;WALL_STREET_ORB;NVDA;WIN_2.5R;Saída em $133.34;30.0;6887.68
1787041410;18/08/2026 08:23:30;WALL_STREET_ORB;NVDA;WIN_2.5R;Saída em $136.94;30.0;6917.69
1787041500;18/08/2026 08:25:00;WALL_STREET_ORB;NVDA;LOSS;Saída em $128.54;-13.75;6903.93
1787041620;18/08/2026 08:27:00;WALL_STREET_ORB;NVDA;WIN_2.5R;Saída em $133.34;30.01;6933.94
1787041710;18/08/2026 08:28:30;WALL_STREET_ORB;NVDA;WIN_2.5R;Saída em $136.94;30.01;6963.94
1787041800;18/08/2026 08:30:00;WALL_STREET_ORB;NVDA;LOSS;Saída em $128.54;-13.75;6950.19
1787041920;18/08/2026 08:32:00;WALL_STREET_ORB;NVDA;WIN_2.5R;Saída em $133.34;30.0;6980.19
1787042010;18/08/2026 08:33:30;WALL_STREET_ORB;NVDA;WIN_2.5R;Saída em $136.94;30.0;7010.2
1787042101;18/08/2026 08:35:01;WALL_STREET_ORB;NVDA;LOSS;Saída em $128.54;-13.75;6996.44
1787042108;18/08/2026 08:35:08;GRID_HUNTER;BTC/USDT;LUCRO_GRADE;Compra $64122.0 -> Venda $64248.0;0.09;6996.53
1787042221;18/08/2026 08:37:01;WALL_STREET_ORB;NVDA;WIN_2.5R;Saída em $133.34;30.01;7026.54
1787042311;18/08/2026 08:38:31;WALL_STREET_ORB;NVDA;WIN_2.5R;Saída em $136.94;30.01;7056.55
1787042357;18/08/2026 08:39:17;GRID_HUNTER;BTC/USDT;LUCRO_GRADE;Compra $64209.4 -> Venda $64330.0;0.09;7056.64
1787042401;18/08/2026 08:40:01;WALL_STREET_ORB;NVDA;LOSS;Saída em $128.54;-13.75;7042.89
1787042521;18/08/2026 08:42:01;WALL_STREET_ORB;NVDA;WIN_2.5R;Saída em $133.34;30.0;7072.89
1787042611;18/08/2026 08:43:31;WALL_STREET_ORB;NVDA;WIN_2.5R;Saída em $136.94;30.0;7102.9
1787042701;18/08/2026 08:45:01;WALL_STREET_ORB;NVDA;LOSS;Saída em $128.55;-13.75;7089.14
1787042821;18/08/2026 08:47:01;WALL_STREET_ORB;NVDA;WIN_2.5R;Saída em $133.35;30.01;7119.15
1787042911;18/08/2026 08:48:31;WALL_STREET_ORB;NVDA;WIN_2.5R;Saída em $136.95;30.01;7149.16
1787043001;18/08/2026 08:50:01;WALL_STREET_ORB;NVDA;LOSS;Saída em $128.55;-13.75;7135.4
1787043121;18/08/2026 08:52:01;WALL_STREET_ORB;NVDA;WIN_2.5R;Saída em $133.35;30.01;7165.41
1787043211;18/08/2026 08:53:31;WALL_STREET_ORB;NVDA;WIN_2.5R;Saída em $136.95;30.0;7195.41
1787043301;18/08/2026 08:55:01;WALL_STREET_ORB;NVDA;LOSS;Saída em $128.55;-13.76;7181.66
1787043421;18/08/2026 08:57:01;WALL_STREET_ORB;NVDA;WIN_2.5R;Saída em $133.35;30.01;7211.66
1787043511;18/08/2026 08:58:31;WALL_STREET_ORB;NVDA;WIN_2.5R;Saída em $136.95;30.01;7241.67
1787043601;18/08/2026 09:00:01;WALL_STREET_ORB;NVDA;LOSS;Saída em $128.55;-13.76;7227.91
1787043721;18/08/2026 09:02:01;WALL_STREET_ORB;NVDA;WIN_2.5R;Saída em $133.36;30.0;7257.92
1787043811;18/08/2026 09:03:31;WALL_STREET_ORB;NVDA;WIN_2.5R;Saída em $136.96;30.01;7287.93
1787043901;18/08/2026 09:05:01;WALL_STREET_ORB;NVDA;LOSS;Saída em $128.56;-13.76;7274.17
1787044021;18/08/2026 09:07:01;WALL_STREET_ORB;NVDA;WIN_2.5R;Saída em $133.36;30.01;7304.18
1787044111;18/08/2026 09:08:31;WALL_STREET_ORB;NVDA;WIN_2.5R;Saída em $136.96;30.01;7334.18
1787044201;18/08/2026 09:10:01;WALL_STREET_ORB;NVDA;LOSS;Saída em $128.56;-13.76;7320.43
1787044321;18/08/2026 09:12:01;WALL_STREET_ORB;NVDA;WIN_2.5R;Saída em $133.36;30.0;7350.43
1787044411;18/08/2026 09:13:31;WALL_STREET_ORB;NVDA;WIN_2.5R;Saída em $136.96;30.0;7380.43
1787044501;18/08/2026 09:15:01;WALL_STREET_ORB;NVDA;LOSS;Saída em $128.56;-13.76;7366.68
1787044621;18/08/2026 09:17:01;WALL_STREET_ORB;NVDA;WIN_2.5R;Saída em $133.36;30.01;7396.68
1787044711;18/08/2026 09:18:31;WALL_STREET_ORB;NVDA;WIN_2.5R;Saída em $136.96;30.01;7426.69
1787044801;18/08/2026 09:20:01;WALL_STREET_ORB;NVDA;LOSS;Saída em $128.56;-13.76;7412.93
1787044921;18/08/2026 09:22:01;WALL_STREET_ORB;NVDA;WIN_2.5R;Saída em $133.36;30.0;7442.94
1787045011;18/08/2026 09:23:31;WALL_STREET_ORB;NVDA;WIN_2.5R;Saída em $136.97;30.01;7472.95
1787045101;18/08/2026 09:25:01;WALL_STREET_ORB;NVDA;LOSS;Saída em $128.57;-13.76;7459.19
1787045221;18/08/2026 09:27:01;WALL_STREET_ORB;NVDA;WIN_2.5R;Saída em $133.37;30.01;7489.19
1787045311;18/08/2026 09:28:31;WALL_STREET_ORB;NVDA;WIN_2.5R;Saída em $136.97;30.0;7519.2
1787045401;18/08/2026 09:30:01;WALL_STREET_ORB;NVDA;LOSS;Saída em $128.57;-13.76;7505.44
1787045521;18/08/2026 09:32:01;WALL_STREET_ORB;NVDA;WIN_2.5R;Saída em $133.37;30.01;7535.45
1787045611;18/08/2026 09:33:31;WALL_STREET_ORB;NVDA;WIN_2.5R;Saída em $136.97;30.01;7565.46
1787045701;18/08/2026 09:35:01;WALL_STREET_ORB;NVDA;LOSS;Saída em $128.57;-13.76;7551.7
1787045821;18/08/2026 09:37:01;WALL_STREET_ORB;NVDA;WIN_2.5R;Saída em $133.37;30.01;7581.71
1787045911;18/08/2026 09:38:31;WALL_STREET_ORB;NVDA;WIN_2.5R;Saída em $136.97;30.01;7611.71
1787046001;18/08/2026 09:40:01;WALL_STREET_ORB;NVDA;LOSS;Saída em $128.58;-13.76;7597.96
1787046121;18/08/2026 09:42:01;WALL_STREET_ORB;NVDA;WIN_2.5R;Saída em $133.38;30.01;7627.96
1787046211;18/08/2026 09:43:31;WALL_STREET_ORB;NVDA;WIN_2.5R;Saída em $136.98;30.0;7657.97
1787046301;18/08/2026 09:45:01;WALL_STREET_ORB;NVDA;LOSS;Saída em $128.58;-13.76;7644.21
1787046421;18/08/2026 09:47:01;WALL_STREET_ORB;NVDA;WIN_2.5R;Saída em $133.38;30.01;7674.21
1787046511;18/08/2026 09:48:31;WALL_STREET_ORB;NVDA;WIN_2.5R;Saída em $136.98;30.01;7704.22
1787046602;18/08/2026 09:50:02;WALL_STREET_ORB;NVDA;LOSS;Saída em $128.58;-13.76;7690.46
1787046722;18/08/2026 09:52:02;WALL_STREET_ORB;NVDA;WIN_2.5R;Saída em $133.38;30.01;7720.47
1787046812;18/08/2026 09:53:32;WALL_STREET_ORB;NVDA;WIN_2.5R;Saída em $136.98;30.01;7750.48
1787046902;18/08/2026 09:55:02;WALL_STREET_ORB;NVDA;LOSS;Saída em $128.58;-13.76;7736.72
1787047022;18/08/2026 09:57:02;WALL_STREET_ORB;NVDA;WIN_2.5R;Saída em $133.38;30.01;7766.72
1787047112;18/08/2026 09:58:32;WALL_STREET_ORB;NVDA;WIN_2.5R;Saída em $136.99;30.01;7796.73
1787047202;18/08/2026 10:00:02;WALL_STREET_ORB;NVDA;LOSS;Saída em $128.59;-13.76;7782.97
1787047322;18/08/2026 10:02:02;WALL_STREET_ORB;NVDA;WIN_2.5R;Saída em $133.39;30.01;7812.98
1787047412;18/08/2026 10:03:32;WALL_STREET_ORB;NVDA;WIN_2.5R;Saída em $136.99;30.0;7842.98
1787047502;18/08/2026 10:05:02;WALL_STREET_ORB;NVDA;LOSS;Saída em $128.59;-13.76;7829.22
1787047622;18/08/2026 10:07:02;WALL_STREET_ORB;NVDA;WIN_2.5R;Saída em $133.39;30.0;7859.23
1787047712;18/08/2026 10:08:32;WALL_STREET_ORB;NVDA;WIN_2.5R;Saída em $136.99;30.0;7889.23
1787047802;18/08/2026 10:10:02;WALL_STREET_ORB;NVDA;LOSS;Saída em $128.59;-13.76;7875.47
1787047922;18/08/2026 10:12:02;WALL_STREET_ORB;NVDA;WIN_2.5R;Saída em $133.39;30.0;7905.48
1787048012;18/08/2026 10:13:32;WALL_STREET_ORB;NVDA;WIN_2.5R;Saída em $136.99;30.01;7935.48
1787048102;18/08/2026 10:15:02;WALL_STREET_ORB;NVDA;LOSS;Saída em $128.59;-13.76;7921.72
1787048222;18/08/2026 10:17:02;WALL_STREET_ORB;NVDA;WIN_2.5R;Saída em $133.39;30.0;7951.73
1787048312;18/08/2026 10:18:32;WALL_STREET_ORB;NVDA;WIN_2.5R;Saída em $136.99;30.01;7981.73
1787048402;18/08/2026 10:20:02;WALL_STREET_ORB;NVDA;LOSS;Saída em $128.59;-13.76;7967.97
1787048522;18/08/2026 10:22:02;WALL_STREET_ORB;NVDA;WIN_2.5R;Saída em $133.40;30.01;7997.98
1787048612;18/08/2026 10:23:32;WALL_STREET_ORB;NVDA;WIN_2.5R;Saída em $137.00;30.0;8027.99
1787048702;18/08/2026 10:25:02;WALL_STREET_ORB;NVDA;LOSS;Saída em $128.60;-13.76;8014.23
1787048822;18/08/2026 10:27:02;WALL_STREET_ORB;NVDA;WIN_2.5R;Saída em $133.40;30.0;8044.23
1787048912;18/08/2026 10:28:32;WALL_STREET_ORB;NVDA;WIN_2.5R;Saída em $137.00;30.01;8074.24
1787049002;18/08/2026 10:30:02;WALL_STREET_ORB;NVDA;LOSS;Saída em $128.60;-13.76;8060.48
1787049122;18/08/2026 10:32:02;WALL_STREET_ORB;NVDA;WIN_2.5R;Saída em $133.40;30.0;8090.48
1787049212;18/08/2026 10:33:32;WALL_STREET_ORB;NVDA;WIN_2.5R;Saída em $137.00;30.0;8120.48
1787049302;18/08/2026 10:35:02;WALL_STREET_ORB;NVDA;LOSS;Saída em $128.60;-13.76;8106.72
1787049407;18/08/2026 10:36:47;WALL_STREET_ORB;NVDA;WIN_2.5R;Saída em $132.80;30.01;8136.73
1787049497;18/08/2026 10:38:17;WALL_STREET_ORB;NVDA;WIN_2.5R;Saída em $136.40;30.0;8166.73
1787049587;18/08/2026 10:39:47;WALL_STREET_ORB;NVDA;WIN_2.5R;Saída em $140.00;30.01;8196.74
1787049707;18/08/2026 10:41:47;WALL_STREET_ORB;NVDA;WIN_2.5R;Saída em $132.80;30.0;8226.74
1787049797;18/08/2026 10:43:17;WALL_STREET_ORB;NVDA;WIN_2.5R;Saída em $136.40;30.01;8256.75
1787049887;18/08/2026 10:44:47;WALL_STREET_ORB;NVDA;WIN_2.5R;Saída em $140.01;30.01;8286.75
1787050007;18/08/2026 10:46:47;WALL_STREET_ORB;NVDA;WIN_2.5R;Saída em $132.81;30.01;8316.76
1787050097;18/08/2026 10:48:17;WALL_STREET_ORB;NVDA;WIN_2.5R;Saída em $136.41;30.0;8346.76
1787050187;18/08/2026 10:49:47;WALL_STREET_ORB;NVDA;WIN_2.5R;Saída em $140.01;30.0;8376.77
1787050307;18/08/2026 10:51:47;WALL_STREET_ORB;NVDA;WIN_2.5R;Saída em $132.81;30.0;8406.77
1787050397;18/08/2026 10:53:17;WALL_STREET_ORB;NVDA;WIN_2.5R;Saída em $136.41;30.01;8436.78
1787050487;18/08/2026 10:54:47;WALL_STREET_ORB;NVDA;WIN_2.5R;Saída em $140.01;30.01;8466.79
1787050607;18/08/2026 10:56:47;WALL_STREET_ORB;NVDA;WIN_2.5R;Saída em $132.81;30.0;8496.79
1787050697;18/08/2026 10:58:17;WALL_STREET_ORB;NVDA;WIN_2.5R;Saída em $136.41;30.01;8526.8
1787050787;18/08/2026 10:59:47;WALL_STREET_ORB;NVDA;WIN_2.5R;Saída em $140.01;30.0;8556.8
1787050907;18/08/2026 11:01:47;WALL_STREET_ORB;NVDA;WIN_2.5R;Saída em $132.81;30.01;8586.81
1787050945;18/08/2026 11:02:25;GRID_HUNTER;BTC/USDT;LUCRO_GRADE;Compra $64123.4 -> Venda $64244.6;0.09;8586.9
1787050997;18/08/2026 11:03:17;WALL_STREET_ORB;NVDA;WIN_2.5R;Saída em $136.42;30.0;8616.91
1787051023;18/08/2026 11:03:43;GRID_HUNTER;BTC/USDT;LUCRO_GRADE;Compra $64206.1 -> Venda $64327.2;0.09;8617.0
1787051087;18/08/2026 11:04:47;WALL_STREET_ORB;NVDA;WIN_2.5R;Saída em $140.02;30.01;8647.01
1787051207;18/08/2026 11:06:47;WALL_STREET_ORB;NVDA;WIN_2.5R;Saída em $132.82;30.01;8677.01
1787051297;18/08/2026 11:08:17;WALL_STREET_ORB;NVDA;WIN_2.5R;Saída em $136.42;30.01;8707.02
1787051387;18/08/2026 11:09:47;WALL_STREET_ORB;NVDA;WIN_2.5R;Saída em $140.02;30.01;8737.02
1787051507;18/08/2026 11:11:47;WALL_STREET_ORB;NVDA;WIN_2.5R;Saída em $132.82;30.01;8767.03
1787051597;18/08/2026 11:13:17;WALL_STREET_ORB;NVDA;WIN_2.5R;Saída em $136.42;30.0;8797.03
1787051688;18/08/2026 11:14:48;WALL_STREET_ORB;NVDA;WIN_2.5R;Saída em $140.02;30.0;8827.04
1787051808;18/08/2026 11:16:48;WALL_STREET_ORB;NVDA;WIN_2.5R;Saída em $132.82;30.0;8857.04
1787051898;18/08/2026 11:18:18;WALL_STREET_ORB;NVDA;WIN_2.5R;Saída em $136.42;30.0;8887.05
1787051988;18/08/2026 11:19:48;WALL_STREET_ORB;NVDA;WIN_2.5R;Saída em $140.02;30.01;8917.05
1787052108;18/08/2026 11:21:48;WALL_STREET_ORB;NVDA;WIN_2.5R;Saída em $132.82;30.01;8947.06
1787052198;18/08/2026 11:23:18;WALL_STREET_ORB;NVDA;WIN_2.5R;Saída em $136.42;30.01;8977.07
1787052288;18/08/2026 11:24:48;WALL_STREET_ORB;NVDA;WIN_2.5R;Saída em $140.03;30.01;9007.07
1787052408;18/08/2026 11:26:48;WALL_STREET_ORB;NVDA;WIN_2.5R;Saída em $132.83;30.0;9037.08
1787052498;18/08/2026 11:28:18;WALL_STREET_ORB;NVDA;WIN_2.5R;Saída em $136.43;30.0;9067.08
1787052588;18/08/2026 11:29:48;WALL_STREET_ORB;NVDA;WIN_2.5R;Saída em $140.03;30.01;9097.09
1787052708;18/08/2026 11:31:48;WALL_STREET_ORB;NVDA;WIN_2.5R;Saída em $132.83;30.0;9127.09
1787052798;18/08/2026 11:33:18;WALL_STREET_ORB;NVDA;WIN_2.5R;Saída em $136.43;30.01;9157.1
1787052888;18/08/2026 11:34:48;WALL_STREET_ORB;NVDA;WIN_2.5R;Saída em $140.03;30.0;9187.11
1787053008;18/08/2026 11:36:48;WALL_STREET_ORB;NVDA;WIN_2.5R;Saída em $132.83;30.0;9217.11
1787053098;18/08/2026 11:38:18;WALL_STREET_ORB;NVDA;WIN_2.5R;Saída em $136.43;30.0;9247.11
1787053188;18/08/2026 11:39:48;WALL_STREET_ORB;NVDA;WIN_2.5R;Saída em $140.03;30.01;9277.12
1787053308;18/08/2026 11:41:48;WALL_STREET_ORB;NVDA;WIN_2.5R;Saída em $132.83;30.0;9307.13
1787053398;18/08/2026 11:43:18;WALL_STREET_ORB;NVDA;WIN_2.5R;Saída em $136.44;30.01;9337.13
1787053488;18/08/2026 11:44:48;WALL_STREET_ORB;NVDA;WIN_2.5R;Saída em $140.04;30.01;9367.14
1787053608;18/08/2026 11:46:48;WALL_STREET_ORB;NVDA;WIN_2.5R;Saída em $132.84;30.0;9397.14
1787053698;18/08/2026 11:48:18;WALL_STREET_ORB;NVDA;WIN_2.5R;Saída em $136.44;30.01;9427.15
1787053788;18/08/2026 11:49:48;WALL_STREET_ORB;NVDA;WIN_2.5R;Saída em $140.04;30.01;9457.16
1787053908;18/08/2026 11:51:48;WALL_STREET_ORB;NVDA;WIN_2.5R;Saída em $132.84;30.0;9487.16
1787053998;18/08/2026 11:53:18;WALL_STREET_ORB;NVDA;WIN_2.5R;Saída em $136.44;30.0;9517.16
1787054088;18/08/2026 11:54:48;WALL_STREET_ORB;NVDA;WIN_2.5R;Saída em $140.04;30.0;9547.16
1787054208;18/08/2026 11:56:48;WALL_STREET_ORB;NVDA;WIN_2.5R;Saída em $132.84;30.0;9577.17
1787054298;18/08/2026 11:58:18;WALL_STREET_ORB;NVDA;WIN_2.5R;Saída em $136.44;30.01;9607.17
1787054388;18/08/2026 11:59:48;WALL_STREET_ORB;NVDA;WIN_2.5R;Saída em $140.04;30.0;9637.18
1787054508;18/08/2026 12:01:48;WALL_STREET_ORB;NVDA;WIN_2.5R;Saída em $132.84;30.01;9667.18
1787054598;18/08/2026 12:03:18;WALL_STREET_ORB;NVDA;WIN_2.5R;Saída em $136.44;30.01;9697.19
1787054688;18/08/2026 12:04:48;WALL_STREET_ORB;NVDA;WIN_2.5R;Saída em $140.04;30.0;9727.19
1787054808;18/08/2026 12:06:48;WALL_STREET_ORB;NVDA;WIN_2.5R;Saída em $132.85;30.0;9757.2
1787054898;18/08/2026 12:08:18;WALL_STREET_ORB;NVDA;WIN_2.5R;Saída em $136.45;30.0;9787.2
1787054988;18/08/2026 12:09:48;WALL_STREET_ORB;NVDA;WIN_2.5R;Saída em $140.05;30.0;9817.2
1787055108;18/08/2026 12:11:48;WALL_STREET_ORB;NVDA;WIN_2.5R;Saída em $132.85;30.0;9847.2
1787055198;18/08/2026 12:13:18;WALL_STREET_ORB;NVDA;WIN_2.5R;Saída em $136.45;30.0;9877.2
1787055288;18/08/2026 12:14:48;WALL_STREET_ORB;NVDA;WIN_2.5R;Saída em $140.05;30.0;9907.2
1787055408;18/08/2026 12:16:48;WALL_STREET_ORB;NVDA;WIN_2.5R;Saída em $132.85;30.0;9937.21
1787055498;18/08/2026 12:18:18;WALL_STREET_ORB;NVDA;WIN_2.5R;Saída em $136.45;30.0;9967.21
1787055588;18/08/2026 12:19:48;WALL_STREET_ORB;NVDA;WIN_2.5R;Saída em $140.05;30.0;9997.21
1787055708;18/08/2026 12:21:48;WALL_STREET_ORB;NVDA;WIN_2.5R;Saída em $132.85;30.0;10027.21
1787055798;18/08/2026 12:23:18;WALL_STREET_ORB;NVDA;WIN_2.5R;Saída em $136.45;30.0;10057.21
1787055888;18/08/2026 12:24:48;WALL_STREET_ORB;NVDA;WIN_2.5R;Saída em $140.05;30.0;10087.21
1787056008;18/08/2026 12:26:48;WALL_STREET_ORB;NVDA;WIN_2.5R;Saída em $132.85;30.0;10117.21
1787056098;18/08/2026 12:28:18;WALL_STREET_ORB;NVDA;WIN_2.5R;Saída em $136.45;30.0;10147.21
1787056188;18/08/2026 12:29:48;WALL_STREET_ORB;NVDA;WIN_2.5R;Saída em $140.05;30.0;10177.22
1787056308;18/08/2026 12:31:48;WALL_STREET_ORB;NVDA;WIN_2.5R;Saída em $132.85;30.0;10207.22
1787056398;18/08/2026 12:33:18;WALL_STREET_ORB;NVDA;WIN_2.5R;Saída em $136.45;30.0;10237.22
1787056488;18/08/2026 12:34:48;WALL_STREET_ORB;NVDA;WIN_2.5R;Saída em $140.05;30.0;10267.22
1787056608;18/08/2026 12:36:48;WALL_STREET_ORB;NVDA;WIN_2.5R;Saída em $132.85;30.0;10297.22
1787056698;18/08/2026 12:38:18;WALL_STREET_ORB;NVDA;WIN_2.5R;Saída em $136.45;30.0;10327.22
1787056788;18/08/2026 12:39:48;WALL_STREET_ORB;NVDA;WIN_2.5R;Saída em $140.05;30.0;10357.22
1787056908;18/08/2026 12:41:48;WALL_STREET_ORB;NVDA;WIN_2.5R;Saída em $132.85;30.0;10387.23
1787057000;18/08/2026 12:43:20;WALL_STREET_ORB;NVDA;WIN_2.5R;Saída em $136.51;30.0;10417.23
1787057090;18/08/2026 12:44:50;WALL_STREET_ORB;NVDA;WIN_2.5R;Saída em $140.11;30.0;10447.23
1787057210;18/08/2026 12:46:50;WALL_STREET_ORB;NVDA;WIN_2.5R;Saída em $132.91;30.0;10477.23
1787057300;18/08/2026 12:48:20;WALL_STREET_ORB;NVDA;WIN_2.5R;Saída em $136.51;30.0;10507.23
1787057390;18/08/2026 12:49:50;WALL_STREET_ORB;NVDA;WIN_2.5R;Saída em $140.11;30.0;10537.23
1787057510;18/08/2026 12:51:50;WALL_STREET_ORB;NVDA;WIN_2.5R;Saída em $132.91;30.0;10567.24
1787057600;18/08/2026 12:53:20;WALL_STREET_ORB;NVDA;WIN_2.5R;Saída em $136.51;30.0;10597.24
1787057690;18/08/2026 12:54:50;WALL_STREET_ORB;NVDA;WIN_2.5R;Saída em $140.11;30.0;10627.24
1787057810;18/08/2026 12:56:50;WALL_STREET_ORB;NVDA;WIN_2.5R;Saída em $132.91;30.0;10657.24
1787057900;18/08/2026 12:58:20;WALL_STREET_ORB;NVDA;WIN_2.5R;Saída em $136.51;30.0;10687.24
1787057990;18/08/2026 12:59:50;WALL_STREET_ORB;NVDA;WIN_2.5R;Saída em $140.11;30.0;10717.24
1787058110;18/08/2026 13:01:50;WALL_STREET_ORB;NVDA;WIN_2.5R;Saída em $132.91;30.0;10747.24
1787058200;18/08/2026 13:03:20;WALL_STREET_ORB;NVDA;WIN_2.5R;Saída em $136.51;30.0;10777.25
1787058290;18/08/2026 13:04:50;WALL_STREET_ORB;NVDA;WIN_2.5R;Saída em $140.11;30.0;10807.25
1787058410;18/08/2026 13:06:50;WALL_STREET_ORB;NVDA;WIN_2.5R;Saída em $132.91;30.0;10837.25
1787058500;18/08/2026 13:08:20;WALL_STREET_ORB;NVDA;WIN_2.5R;Saída em $136.51;30.0;10867.25
1787058590;18/08/2026 13:09:50;WALL_STREET_ORB;NVDA;WIN_2.5R;Saída em $140.11;30.0;10897.25
1787058710;18/08/2026 13:11:50;WALL_STREET_ORB;NVDA;WIN_2.5R;Saída em $132.91;30.0;10927.26
1787058800;18/08/2026 13:13:20;WALL_STREET_ORB;NVDA;WIN_2.5R;Saída em $136.52;30.11;10957.37
1787058890;18/08/2026 13:14:50;WALL_STREET_ORB;NVDA;WIN_2.5R;Saída em $140.12;30.0;10987.37
1787059010;18/08/2026 13:16:50;WALL_STREET_ORB;NVDA;WIN_2.5R;Saída em $132.93;30.0;11017.37
1787059016;18/08/2026 13:16:56;GRID_HUNTER;BTC/USDT;LUCRO_GRADE;Compra $63100.0 -> Venda $64151.0;0.1;11017.46
1787059100;18/08/2026 13:18:20;WALL_STREET_ORB;NVDA;WIN_2.5R;Saída em $136.53;30.0;11047.47
1787059190;18/08/2026 13:19:50;WALL_STREET_ORB;NVDA;WIN_2.5R;Saída em $140.13;30.0;11077.47
1787059219;18/08/2026 13:20:19;GRID_HUNTER;BTC/USDT;LUCRO_GRADE;Compra $63100.0 -> Venda $64121.0;0.1;11077.56
1787059310;18/08/2026 13:21:50;WALL_STREET_ORB;NVDA;WIN_2.5R;Saída em $132.93;30.0;11107.56
1787059400;18/08/2026 13:23:20;WALL_STREET_ORB;NVDA;WIN_2.5R;Saída em $136.53;30.0;11137.56
1787059490;18/08/2026 13:24:50;WALL_STREET_ORB;NVDA;WIN_2.5R;Saída em $140.13;30.0;11167.57
1787059610;18/08/2026 13:26:50;WALL_STREET_ORB;NVDA;WIN_2.5R;Saída em $132.93;30.0;11197.57
1787059700;18/08/2026 13:28:20;WALL_STREET_ORB;NVDA;WIN_2.5R;Saída em $136.53;30.0;11227.57
1787059790;18/08/2026 13:29:50;WALL_STREET_ORB;NVDA;WIN_2.5R;Saída em $140.13;30.0;11257.57
1787059910;18/08/2026 13:31:50;WALL_STREET_ORB;NVDA;WIN_2.5R;Saída em $132.93;30.0;11287.57
1787060000;18/08/2026 13:33:20;WALL_STREET_ORB;NVDA;WIN_2.5R;Saída em $136.53;30.0;11317.57
1787060090;18/08/2026 13:34:50;WALL_STREET_ORB;NVDA;WIN_2.5R;Saída em $140.13;30.0;11347.58
1787060210;18/08/2026 13:36:50;WALL_STREET_ORB;NVDA;WIN_2.5R;Saída em $132.93;30.0;11377.58
1787060300;18/08/2026 13:38:20;WALL_STREET_ORB;NVDA;WIN_2.5R;Saída em $136.53;30.0;11407.58
1787060390;18/08/2026 13:39:50;WALL_STREET_ORB;NVDA;WIN_2.5R;Saída em $140.13;30.0;11437.58
1787060406;18/08/2026 13:40:06;GRID_HUNTER;BTC/USDT;LUCRO_GRADE;Compra $64110.0 -> Venda $64234.4;0.09;11437.67
1787060510;18/08/2026 13:41:50;WALL_STREET_ORB;NVDA;WIN_2.5R;Saída em $132.93;30.0;11467.68
1787060600;18/08/2026 13:43:20;WALL_STREET_ORB;NVDA;WIN_2.5R;Saída em $136.53;30.0;11497.68
1787060690;18/08/2026 13:44:50;WALL_STREET_ORB;NVDA;WIN_2.5R;Saída em $140.13;30.0;11527.68
1787060810;18/08/2026 13:46:50;WALL_STREET_ORB;NVDA;WIN_2.5R;Saída em $132.93;30.0;11557.68
1787060900;18/08/2026 13:48:20;WALL_STREET_ORB;NVDA;WIN_2.5R;Saída em $136.53;30.0;11587.68
1787060990;18/08/2026 13:49:50;WALL_STREET_ORB;NVDA;WIN_2.5R;Saída em $140.13;30.0;11617.68
1787061110;18/08/2026 13:51:50;WALL_STREET_ORB;NVDA;WIN_2.5R;Saída em $132.93;30.0;11647.68
1787061200;18/08/2026 13:53:20;WALL_STREET_ORB;NVDA;WIN_2.5R;Saída em $136.53;30.0;11677.68
1787061290;18/08/2026 13:54:50;WALL_STREET_ORB;NVDA;WIN_2.5R;Saída em $140.13;30.0;11707.69
1787061410;18/08/2026 13:56:50;WALL_STREET_ORB;NVDA;WIN_2.5R;Saída em $132.93;30.0;11737.69
1787061500;18/08/2026 13:58:20;WALL_STREET_ORB;NVDA;WIN_2.5R;Saída em $136.53;30.0;11767.69
1787061590;18/08/2026 13:59:50;WALL_STREET_ORB;NVDA;WIN_2.5R;Saída em $140.13;30.0;11797.69
1787061710;18/08/2026 14:01:50;WALL_STREET_ORB;NVDA;WIN_2.5R;Saída em $132.93;30.0;11827.69
1787061747;18/08/2026 14:02:27;GRID_HUNTER;BTC/USDT;LUCRO_GRADE;Compra $64190.0 -> Venda $64334.8;0.09;11827.78
1787061800;18/08/2026 14:03:20;WALL_STREET_ORB;NVDA;WIN_2.5R;Saída em $136.53;30.0;11857.79
1787061890;18/08/2026 14:04:50;WALL_STREET_ORB;NVDA;WIN_2.5R;Saída em $140.13;30.0;11887.79
1787062010;18/08/2026 14:06:50;WALL_STREET_ORB;NVDA;WIN_2.5R;Saída em $132.93;30.0;11917.79
1787062100;18/08/2026 14:08:20;WALL_STREET_ORB;NVDA;WIN_2.5R;Saída em $136.53;30.0;11947.79
1787062190;18/08/2026 14:09:50;WALL_STREET_ORB;NVDA;WIN_2.5R;Saída em $140.13;30.0;11977.79
1787062310;18/08/2026 14:11:50;WALL_STREET_ORB;NVDA;WIN_2.5R;Saída em $132.93;30.0;12007.79
1787062400;18/08/2026 14:13:20;WALL_STREET_ORB;NVDA;WIN_2.5R;Saída em $136.54;30.0;12037.79
1787062490;18/08/2026 14:14:50;WALL_STREET_ORB;NVDA;WIN_2.5R;Saída em $140.14;30.0;12067.8
1787062610;18/08/2026 14:16:50;WALL_STREET_ORB;NVDA;WIN_2.5R;Saída em $132.94;30.0;12097.8
1787062700;18/08/2026 14:18:20;WALL_STREET_ORB;NVDA;WIN_2.5R;Saída em $136.54;30.0;12127.8
1787062790;18/08/2026 14:19:50;WALL_STREET_ORB;NVDA;WIN_2.5R;Saída em $140.14;30.0;12157.8
1787062793;18/08/2026 14:19:53;GRID_HUNTER;BTC/USDT;LUCRO_GRADE;Compra $64296.0 -> Venda $64474.8;0.09;12157.89
1787062910;18/08/2026 14:21:50;WALL_STREET_ORB;NVDA;WIN_2.5R;Saída em $132.94;30.0;12187.9
1787062947;18/08/2026 14:22:27;GRID_HUNTER;BTC/USDT;LUCRO_GRADE;Compra $64383.2 -> Venda $64512.1;0.09;12187.99
1787063000;18/08/2026 14:23:20;WALL_STREET_ORB;NVDA;WIN_2.5R;Saída em $136.54;30.0;12217.99
1787063008;18/08/2026 14:23:28;GRID_HUNTER;BTC/USDT;LUCRO_GRADE;Compra $64474.8 -> Venda $64600.0;0.09;12218.08
1787063055;18/08/2026 14:24:15;GRID_HUNTER;BTC/USDT;LUCRO_GRADE;Compra $64568.7 -> Venda $64722.0;0.09;12218.18
1787063090;18/08/2026 14:24:50;WALL_STREET_ORB;NVDA;WIN_2.5R;Saída em $140.14;30.0;12248.18
1787063209;18/08/2026 14:26:49;GRID_HUNTER;BTC/USDT;LUCRO_GRADE;Compra $64684.1 -> Venda $64858.0;0.09;12248.27
1787063210;18/08/2026 14:26:50;WALL_STREET_ORB;NVDA;WIN_2.5R;Saída em $132.94;30.0;12278.27
1787063224;18/08/2026 14:27:04;GRID_HUNTER;BTC/USDT;LUCRO_GRADE;Compra $64770.7 -> Venda $64909.0;0.09;12278.36
1787063300;18/08/2026 14:28:20;WALL_STREET_ORB;NVDA;WIN_2.5R;Saída em $136.54;30.0;12308.37
1787063347;18/08/2026 14:29:07;GRID_HUNTER;BTC/USDT;LUCRO_GRADE;Compra $64858.0 -> Venda $65000.0;0.09;12308.46
1787063390;18/08/2026 14:29:50;WALL_STREET_ORB;NVDA;WIN_2.5R;Saída em $140.14;30.0;12338.46
1787063510;18/08/2026 14:31:50;WALL_STREET_ORB;NVDA;WIN_2.5R;Saída em $132.94;30.0;12368.46
1787063600;18/08/2026 14:33:20;WALL_STREET_ORB;NVDA;WIN_2.5R;Saída em $136.54;30.0;12398.46
1787063690;18/08/2026 14:34:50;WALL_STREET_ORB;NVDA;WIN_2.5R;Saída em $140.14;30.0;12428.46
1787063810;18/08/2026 14:36:50;WALL_STREET_ORB;NVDA;WIN_2.5R;Saída em $132.94;30.0;12458.46
1787063901;18/08/2026 14:38:21;WALL_STREET_ORB;NVDA;WIN_2.5R;Saída em $136.54;30.0;12488.47
1787063991;18/08/2026 14:39:51;WALL_STREET_ORB;NVDA;WIN_2.5R;Saída em $140.14;30.0;12518.47
1787064111;18/08/2026 14:41:51;WALL_STREET_ORB;NVDA;WIN_2.5R;Saída em $132.94;30.0;12548.47
1787064201;18/08/2026 14:43:21;WALL_STREET_ORB;NVDA;WIN_2.5R;Saída em $136.54;30.0;12578.47
1787064291;18/08/2026 14:44:51;WALL_STREET_ORB;NVDA;WIN_2.5R;Saída em $140.14;30.0;12608.47
1787064411;18/08/2026 14:46:51;WALL_STREET_ORB;NVDA;WIN_2.5R;Saída em $132.94;30.0;12638.48
1787064501;18/08/2026 14:48:21;WALL_STREET_ORB;NVDA;WIN_2.5R;Saída em $136.54;30.0;12668.48
1787064591;18/08/2026 14:49:51;WALL_STREET_ORB;NVDA;WIN_2.5R;Saída em $140.14;30.0;12698.48
1787064711;18/08/2026 14:51:51;WALL_STREET_ORB;NVDA;WIN_2.5R;Saída em $132.94;30.0;12728.48
1787064801;18/08/2026 14:53:21;WALL_STREET_ORB;NVDA;WIN_2.5R;Saída em $136.54;30.0;12758.49
1787064891;18/08/2026 14:54:51;WALL_STREET_ORB;NVDA;WIN_2.5R;Saída em $140.14;30.0;12788.49
1787065011;18/08/2026 14:56:51;WALL_STREET_ORB;NVDA;WIN_2.5R;Saída em $132.94;30.0;12818.49
1787065101;18/08/2026 14:58:21;WALL_STREET_ORB;NVDA;WIN_2.5R;Saída em $136.54;30.0;12848.49
1787065191;18/08/2026 14:59:51;WALL_STREET_ORB;NVDA;WIN_2.5R;Saída em $140.14;30.0;12878.49
1787065311;18/08/2026 15:01:51;WALL_STREET_ORB;NVDA;WIN_2.5R;Saída em $132.94;30.0;12908.49
1787065401;18/08/2026 15:03:21;WALL_STREET_ORB;NVDA;WIN_2.5R;Saída em $136.55;30.0;12938.49
1787065491;18/08/2026 15:04:51;WALL_STREET_ORB;NVDA;WIN_2.5R;Saída em $140.15;30.0;12968.5
1787065611;18/08/2026 15:06:51;WALL_STREET_ORB;NVDA;WIN_2.5R;Saída em $132.95;30.0;12998.5
1787065701;18/08/2026 15:08:21;WALL_STREET_ORB;NVDA;WIN_2.5R;Saída em $136.55;30.0;13028.5
1787065791;18/08/2026 15:09:51;WALL_STREET_ORB;NVDA;WIN_2.5R;Saída em $140.15;30.0;13058.5
1787065911;18/08/2026 15:11:51;WALL_STREET_ORB;NVDA;WIN_2.5R;Saída em $132.95;30.0;13088.5
1787066001;18/08/2026 15:13:21;WALL_STREET_ORB;NVDA;WIN_2.5R;Saída em $136.55;30.0;13118.5
1787066091;18/08/2026 15:14:51;WALL_STREET_ORB;NVDA;WIN_2.5R;Saída em $140.15;30.0;13148.5
1787066211;18/08/2026 15:16:51;WALL_STREET_ORB;NVDA;WIN_2.5R;Saída em $132.95;30.0;13178.5
1787066257;18/08/2026 15:17:37;GRID_HUNTER;BTC/USDT;LUCRO_GRADE;Compra $64652.0 -> Venda $64792.0;0.09;13178.6
1787066301;18/08/2026 15:18:21;WALL_STREET_ORB;NVDA;WIN_2.5R;Saída em $136.55;30.0;13208.6
1787066391;18/08/2026 15:19:51;WALL_STREET_ORB;NVDA;WIN_2.5R;Saída em $140.15;30.0;13238.6
1787066511;18/08/2026 15:21:51;WALL_STREET_ORB;NVDA;WIN_2.5R;Saída em $132.95;30.0;13268.6
1787066601;18/08/2026 15:23:21;WALL_STREET_ORB;NVDA;WIN_2.5R;Saída em $136.55;30.0;13298.6
1787066691;18/08/2026 15:24:51;WALL_STREET_ORB;NVDA;WIN_2.5R;Saída em $140.15;30.0;13328.6
1787066811;18/08/2026 15:26:51;WALL_STREET_ORB;NVDA;WIN_2.5R;Saída em $132.95;30.0;13358.6
1787066901;18/08/2026 15:28:21;WALL_STREET_ORB;NVDA;WIN_2.5R;Saída em $136.55;30.0;13388.61
1787066991;18/08/2026 15:29:51;WALL_STREET_ORB;NVDA;WIN_2.5R;Saída em $140.15;30.0;13418.61
1787067111;18/08/2026 15:31:51;WALL_STREET_ORB;NVDA;WIN_2.5R;Saída em $132.95;30.0;13448.61
1787067201;18/08/2026 15:33:21;WALL_STREET_ORB;NVDA;WIN_2.5R;Saída em $136.55;30.0;13478.61
1787067291;18/08/2026 15:34:51;WALL_STREET_ORB;NVDA;WIN_2.5R;Saída em $140.15;30.0;13508.61
1787067411;18/08/2026 15:36:51;WALL_STREET_ORB;NVDA;WIN_2.5R;Saída em $132.95;30.0;13538.61
1787067501;18/08/2026 15:38:21;WALL_STREET_ORB;NVDA;WIN_2.5R;Saída em $136.55;30.0;13568.61
1787067591;18/08/2026 15:39:51;WALL_STREET_ORB;NVDA;WIN_2.5R;Saída em $140.15;30.0;13598.61
1787067711;18/08/2026 15:41:51;WALL_STREET_ORB;NVDA;WIN_2.5R;Saída em $132.95;30.0;13628.61
1787067801;18/08/2026 15:43:21;WALL_STREET_ORB;NVDA;WIN_2.5R;Saída em $136.55;30.0;13658.61
1787067891;18/08/2026 15:44:51;WALL_STREET_ORB;NVDA;WIN_2.5R;Saída em $140.15;30.0;13688.62
1787068011;18/08/2026 15:46:51;WALL_STREET_ORB;NVDA;WIN_2.5R;Saída em $132.95;30.0;13718.62
1787068018;18/08/2026 15:46:58;GRID_HUNTER;BTC/USDT;LUCRO_GRADE;Compra $64748.0 -> Venda $64870.0;0.09;13718.71
1787068101;18/08/2026 15:48:21;WALL_STREET_ORB;NVDA;WIN_2.5R;Saída em $136.55;30.0;13748.71
1787068191;18/08/2026 15:49:51;WALL_STREET_ORB;NVDA;WIN_2.5R;Saída em $140.15;30.0;13778.71
1787068311;18/08/2026 15:51:51;WALL_STREET_ORB;NVDA;WIN_2.5R;Saída em $132.95;30.0;13808.71
1787068401;18/08/2026 15:53:21;WALL_STREET_ORB;NVDA;WIN_2.5R;Saída em $136.55;30.0;13838.71
1787068491;18/08/2026 15:54:51;WALL_STREET_ORB;NVDA;WIN_2.5R;Saída em $140.15;30.0;13868.71
1787068611;18/08/2026 15:56:51;WALL_STREET_ORB;NVDA;WIN_2.5R;Saída em $132.95;30.0;13898.72
1787068701;18/08/2026 15:58:21;WALL_STREET_ORB;NVDA;WIN_2.5R;Saída em $136.55;30.0;13928.72
1787068791;18/08/2026 15:59:51;WALL_STREET_ORB;NVDA;WIN_2.5R;Saída em $140.16;30.0;13958.72
1787068810;18/08/2026 16:00:10;FUNDING_RATE;BNCUSDT;CREDITO_8H;Taxa: 0.3751%;0.94;13959.66
1787068911;18/08/2026 16:01:51;WALL_STREET_ORB;NVDA;WIN_2.5R;Saída em $132.96;30.0;13989.66
1787069001;18/08/2026 16:03:21;WALL_STREET_ORB;NVDA;WIN_2.5R;Saída em $136.56;30.0;14019.66
1787069091;18/08/2026 16:04:51;WALL_STREET_ORB;NVDA;WIN_2.5R;Saída em $140.16;30.0;14049.66
1787069211;18/08/2026 16:06:51;WALL_STREET_ORB;NVDA;WIN_2.5R;Saída em $132.96;30.0;14079.66
1787069301;18/08/2026 16:08:21;WALL_STREET_ORB;NVDA;WIN_2.5R;Saída em $136.56;30.0;14109.66
1787069391;18/08/2026 16:09:51;WALL_STREET_ORB;NVDA;WIN_2.5R;Saída em $140.16;30.0;14139.66
1787069511;18/08/2026 16:11:51;WALL_STREET_ORB;NVDA;WIN_2.5R;Saída em $132.96;30.0;14169.66
1787069601;18/08/2026 16:13:21;WALL_STREET_ORB;NVDA;WIN_2.5R;Saída em $136.56;30.0;14199.66
1787069691;18/08/2026 16:14:51;WALL_STREET_ORB;NVDA;WIN_2.5R;Saída em $140.16;30.0;14229.67
1787069811;18/08/2026 16:16:51;WALL_STREET_ORB;NVDA;WIN_2.5R;Saída em $132.96;30.0;14259.67
1787069901;18/08/2026 16:18:21;WALL_STREET_ORB;NVDA;WIN_2.5R;Saída em $136.56;30.0;14289.67
1787069991;18/08/2026 16:19:51;WALL_STREET_ORB;NVDA;WIN_2.5R;Saída em $140.16;30.0;14319.67
1787070111;18/08/2026 16:21:51;WALL_STREET_ORB;NVDA;WIN_2.5R;Saída em $132.96;30.0;14349.67
1787070201;18/08/2026 16:23:21;WALL_STREET_ORB;NVDA;WIN_2.5R;Saída em $136.56;30.0;14379.67
1787070291;18/08/2026 16:24:51;WALL_STREET_ORB;NVDA;WIN_2.5R;Saída em $140.16;30.0;14409.67
1787070411;18/08/2026 16:26:51;WALL_STREET_ORB;NVDA;WIN_2.5R;Saída em $132.96;30.0;14439.67
1787070501;18/08/2026 16:28:21;WALL_STREET_ORB;NVDA;WIN_2.5R;Saída em $136.56;30.0;14469.67
1787070591;18/08/2026 16:29:51;WALL_STREET_ORB;NVDA;WIN_2.5R;Saída em $140.16;30.0;14499.68
1787070711;18/08/2026 16:31:51;WALL_STREET_ORB;NVDA;WIN_2.5R;Saída em $132.96;30.0;14529.68
1787070801;18/08/2026 16:33:21;WALL_STREET_ORB;NVDA;WIN_2.5R;Saída em $136.56;30.0;14559.68
1787070891;18/08/2026 16:34:51;WALL_STREET_ORB;NVDA;WIN_2.5R;Saída em $140.16;30.0;14589.68
1787071011;18/08/2026 16:36:51;WALL_STREET_ORB;NVDA;WIN_2.5R;Saída em $132.96;30.0;14619.68
1787071101;18/08/2026 16:38:21;WALL_STREET_ORB;NVDA;WIN_2.5R;Saída em $136.56;30.0;14649.68
1787071191;18/08/2026 16:39:51;WALL_STREET_ORB;NVDA;WIN_2.5R;Saída em $140.16;30.0;14679.68
1787071224;18/08/2026 16:40:24;GRID_HUNTER;BTC/USDT;LUCRO_GRADE;Compra $64676.0 -> Venda $64796.9;0.09;14679.78
1787071311;18/08/2026 16:41:51;WALL_STREET_ORB;NVDA;WIN_2.5R;Saída em $132.96;30.0;14709.78
1787071401;18/08/2026 16:43:21;WALL_STREET_ORB;NVDA;WIN_2.5R;Saída em $136.56;30.0;14739.78
1787071491;18/08/2026 16:44:51;WALL_STREET_ORB;NVDA;WIN_2.5R;Saída em $140.16;30.0;14769.78
1787071611;18/08/2026 16:46:51;WALL_STREET_ORB;NVDA;WIN_2.5R;Saída em $132.96;30.0;14799.78
1787071701;18/08/2026 16:48:21;WALL_STREET_ORB;NVDA;WIN_2.5R;Saída em $136.56;30.0;14829.78
1787071791;18/08/2026 16:49:51;WALL_STREET_ORB;NVDA;WIN_2.5R;Saída em $140.16;30.0;14859.78
1787071911;18/08/2026 16:51:51;WALL_STREET_ORB;NVDA;WIN_2.5R;Saída em $132.96;30.0;14889.78
1787072001;18/08/2026 16:53:21;WALL_STREET_ORB;NVDA;WIN_2.5R;Saída em $136.56;30.0;14919.79
1787072091;18/08/2026 16:54:51;WALL_STREET_ORB;NVDA;WIN_2.5R;Saída em $140.16;30.0;14949.79
1787072211;18/08/2026 16:56:51;WALL_STREET_ORB;NVDA;WIN_2.5R;Saída em $132.96;30.0;14979.79
1787072301;18/08/2026 16:58:21;WALL_STREET_ORB;NVDA;WIN_2.5R;Saída em $136.56;30.0;15009.79
1787072391;18/08/2026 16:59:51;WALL_STREET_ORB;NVDA;WIN_2.5R;Saída em $140.17;30.0;15039.79
1787072511;18/08/2026 17:01:51;WALL_STREET_ORB;NVDA;WIN_2.5R;Saída em $132.97;30.0;15069.79
1787072601;18/08/2026 17:03:21;WALL_STREET_ORB;NVDA;WIN_2.5R;Saída em $136.57;30.0;15099.79
1787072691;18/08/2026 17:04:51;WALL_STREET_ORB;NVDA;WIN_2.5R;Saída em $140.17;30.0;15129.79
1787072811;18/08/2026 17:06:51;WALL_STREET_ORB;NVDA;WIN_2.5R;Saída em $132.97;30.0;15159.8
1787072901;18/08/2026 17:08:21;WALL_STREET_ORB;NVDA;WIN_2.5R;Saída em $136.57;30.0;15189.8
1787072991;18/08/2026 17:09:51;WALL_STREET_ORB;NVDA;WIN_2.5R;Saída em $140.17;30.0;15219.8
1787073111;18/08/2026 17:11:51;WALL_STREET_ORB;NVDA;WIN_2.5R;Saída em $132.97;30.0;15249.81
1787073201;18/08/2026 17:13:21;WALL_STREET_ORB;NVDA;WIN_2.5R;Saída em $136.57;30.0;15279.81
1787073291;18/08/2026 17:14:51;WALL_STREET_ORB;NVDA;WIN_2.5R;Saída em $140.17;30.0;15309.81
1787073411;18/08/2026 17:16:51;WALL_STREET_ORB;NVDA;WIN_2.5R;Saída em $132.97;30.0;15339.82
1787073501;18/08/2026 17:18:21;WALL_STREET_ORB;NVDA;WIN_2.5R;Saída em $136.57;30.0;15369.82
1787073591;18/08/2026 17:19:51;WALL_STREET_ORB;NVDA;WIN_2.5R;Saída em $140.17;30.0;15399.82
1787073711;18/08/2026 17:21:51;WALL_STREET_ORB;NVDA;WIN_2.5R;Saída em $132.97;30.01;15429.83
1787073801;18/08/2026 17:23:21;WALL_STREET_ORB;NVDA;WIN_2.5R;Saída em $136.57;30.0;15459.83
1787073891;18/08/2026 17:24:51;WALL_STREET_ORB;NVDA;WIN_2.5R;Saída em $140.17;30.0;15489.84
1787074011;18/08/2026 17:26:51;WALL_STREET_ORB;NVDA;WIN_2.5R;Saída em $132.97;30.0;15519.84
1787074101;18/08/2026 17:28:21;WALL_STREET_ORB;NVDA;WIN_2.5R;Saída em $136.58;30.01;15549.85
1787074191;18/08/2026 17:29:51;WALL_STREET_ORB;NVDA;WIN_2.5R;Saída em $140.18;30.0;15579.85
1787074311;18/08/2026 17:31:51;WALL_STREET_ORB;NVDA;WIN_2.5R;Saída em $132.98;30.0;15609.85
1787074401;18/08/2026 17:33:21;WALL_STREET_ORB;NVDA;WIN_2.5R;Saída em $136.58;30.0;15639.86
1787074491;18/08/2026 17:34:51;WALL_STREET_ORB;NVDA;WIN_2.5R;Saída em $140.18;30.0;15669.86
1787074611;18/08/2026 17:36:51;WALL_STREET_ORB;NVDA;WIN_2.5R;Saída em $132.98;30.0;15699.86
1787074701;18/08/2026 17:38:21;WALL_STREET_ORB;NVDA;WIN_2.5R;Saída em $136.58;30.0;15729.86
1787074791;18/08/2026 17:39:51;WALL_STREET_ORB;NVDA;WIN_2.5R;Saída em $140.18;30.0;15759.86
1787074911;18/08/2026 17:41:51;WALL_STREET_ORB;NVDA;WIN_2.5R;Saída em $132.98;30.0;15789.86
1787075001;18/08/2026 17:43:21;WALL_STREET_ORB;NVDA;WIN_2.5R;Saída em $136.58;30.0;15819.86
1787075091;18/08/2026 17:44:51;WALL_STREET_ORB;NVDA;WIN_2.5R;Saída em $140.18;30.0;15849.86
1787075211;18/08/2026 17:46:51;WALL_STREET_ORB;NVDA;WIN_2.5R;Saída em $132.98;30.0;15879.87
1787075301;18/08/2026 17:48:21;WALL_STREET_ORB;NVDA;WIN_2.5R;Saída em $136.58;30.0;15909.87
1787075391;18/08/2026 17:49:51;WALL_STREET_ORB;NVDA;WIN_2.5R;Saída em $140.18;30.0;15939.87
1787075512;18/08/2026 17:51:52;WALL_STREET_ORB;NVDA;WIN_2.5R;Saída em $132.98;30.0;15969.87
1787075602;18/08/2026 17:53:22;WALL_STREET_ORB;NVDA;WIN_2.5R;Saída em $136.58;30.0;15999.87
1787075692;18/08/2026 17:54:52;WALL_STREET_ORB;NVDA;WIN_2.5R;Saída em $140.18;30.0;16029.87
1787075812;18/08/2026 17:56:52;WALL_STREET_ORB;NVDA;WIN_2.5R;Saída em $132.98;30.0;16059.87
1787075902;18/08/2026 17:58:22;WALL_STREET_ORB;NVDA;WIN_2.5R;Saída em $136.58;30.0;16089.87
1787075992;18/08/2026 17:59:52;WALL_STREET_ORB;NVDA;WIN_2.5R;Saída em $140.18;30.0;16119.88
1787076112;18/08/2026 18:01:52;WALL_STREET_ORB;NVDA;WIN_2.5R;Saída em $132.98;30.0;16149.88
1787076202;18/08/2026 18:03:22;WALL_STREET_ORB;NVDA;WIN_2.5R;Saída em $136.58;30.0;16179.88
1787076292;18/08/2026 18:04:52;WALL_STREET_ORB;NVDA;WIN_2.5R;Saída em $140.18;30.0;16209.88
1787076412;18/08/2026 18:06:52;WALL_STREET_ORB;NVDA;WIN_2.5R;Saída em $132.98;30.0;16239.88
1787076502;18/08/2026 18:08:22;WALL_STREET_ORB;NVDA;WIN_2.5R;Saída em $136.58;30.0;16269.88
1787076592;18/08/2026 18:09:52;WALL_STREET_ORB;NVDA;WIN_2.5R;Saída em $140.18;30.0;16299.88
1787076712;18/08/2026 18:11:52;WALL_STREET_ORB;NVDA;WIN_2.5R;Saída em $133.01;30.22;16330.1
1787076803;18/08/2026 18:13:23;WALL_STREET_ORB;NVDA;WIN_2.5R;Saída em $136.62;30.0;16360.1
1787076893;18/08/2026 18:14:53;WALL_STREET_ORB;NVDA;WIN_2.5R;Saída em $140.22;30.0;16390.1
1787077013;18/08/2026 18:16:53;WALL_STREET_ORB;NVDA;WIN_2.5R;Saída em $133.02;30.0;16420.1
1787077103;18/08/2026 18:18:23;WALL_STREET_ORB;NVDA;WIN_2.5R;Saída em $136.62;30.0;16450.1
1787077193;18/08/2026 18:19:53;WALL_STREET_ORB;NVDA;WIN_2.5R;Saída em $140.22;30.0;16480.1
1787077313;18/08/2026 18:21:53;WALL_STREET_ORB;NVDA;WIN_2.5R;Saída em $133.02;30.0;16510.11
1787077403;18/08/2026 18:23:23;WALL_STREET_ORB;NVDA;WIN_2.5R;Saída em $136.62;30.0;16540.11
1787077493;18/08/2026 18:24:53;WALL_STREET_ORB;NVDA;WIN_2.5R;Saída em $140.22;30.0;16570.11
1787077613;18/08/2026 18:26:53;WALL_STREET_ORB;NVDA;WIN_2.5R;Saída em $133.02;30.0;16600.11
1787077674;18/08/2026 18:27:54;GRID_HUNTER;BTC/USDT;LUCRO_GRADE;Compra $64680.0 -> Venda $64800.0;0.09;16600.2
1787077703;18/08/2026 18:28:23;WALL_STREET_ORB;NVDA;WIN_2.5R;Saída em $136.62;30.0;16630.2
1787077793;18/08/2026 18:29:53;WALL_STREET_ORB;NVDA;WIN_2.5R;Saída em $140.23;30.0;16660.2
1787077913;18/08/2026 18:31:53;WALL_STREET_ORB;NVDA;WIN_2.5R;Saída em $133.03;30.0;16690.21
1787078003;18/08/2026 18:33:23;WALL_STREET_ORB;NVDA;WIN_2.5R;Saída em $136.63;30.0;16720.21
1787078093;18/08/2026 18:34:53;WALL_STREET_ORB;NVDA;WIN_2.5R;Saída em $140.23;30.0;16750.21
1787078213;18/08/2026 18:36:53;WALL_STREET_ORB;NVDA;WIN_2.5R;Saída em $133.03;30.0;16780.21
1787078303;18/08/2026 18:38:23;WALL_STREET_ORB;NVDA;WIN_2.5R;Saída em $136.63;30.0;16810.21
1787078393;18/08/2026 18:39:53;WALL_STREET_ORB;NVDA;WIN_2.5R;Saída em $140.23;30.0;16840.21
1787078513;18/08/2026 18:41:53;WALL_STREET_ORB;NVDA;WIN_2.5R;Saída em $133.03;30.0;16870.21
1787078603;18/08/2026 18:43:23;WALL_STREET_ORB;NVDA;WIN_2.5R;Saída em $136.63;30.0;16900.21
1787078693;18/08/2026 18:44:53;WALL_STREET_ORB;NVDA;WIN_2.5R;Saída em $140.23;30.0;16930.21
1787078814;18/08/2026 18:46:54;WALL_STREET_ORB;NVDA;WIN_2.5R;Saída em $133.09;30.0;16960.22
1787078904;18/08/2026 18:48:24;WALL_STREET_ORB;NVDA;WIN_2.5R;Saída em $136.69;30.0;16990.22
1787078994;18/08/2026 18:49:54;WALL_STREET_ORB;NVDA;WIN_2.5R;Saída em $140.29;30.0;17020.22
1787079114;18/08/2026 18:51:54;WALL_STREET_ORB;NVDA;WIN_2.5R;Saída em $133.09;30.0;17050.22
1787079204;18/08/2026 18:53:24;WALL_STREET_ORB;NVDA;WIN_2.5R;Saída em $136.69;30.0;17080.22
1787079294;18/08/2026 18:54:54;WALL_STREET_ORB;NVDA;WIN_2.5R;Saída em $140.29;30.0;17110.22
1787079414;18/08/2026 18:56:54;WALL_STREET_ORB;NVDA;WIN_2.5R;Saída em $133.09;30.0;17140.22
1787079504;18/08/2026 18:58:24;WALL_STREET_ORB;NVDA;WIN_2.5R;Saída em $136.69;30.0;17170.22
1787079594;18/08/2026 18:59:54;WALL_STREET_ORB;NVDA;WIN_2.5R;Saída em $140.29;30.0;17200.23
1787079714;18/08/2026 19:01:54;WALL_STREET_ORB;NVDA;WIN_2.5R;Saída em $133.09;30.0;17230.23
1787079804;18/08/2026 19:03:24;WALL_STREET_ORB;NVDA;WIN_2.5R;Saída em $136.69;30.0;17260.23
1787079894;18/08/2026 19:04:54;WALL_STREET_ORB;NVDA;WIN_2.5R;Saída em $140.29;30.0;17290.23
1787080014;18/08/2026 19:06:54;WALL_STREET_ORB;NVDA;WIN_2.5R;Saída em $133.09;30.0;17320.23
1787080104;18/08/2026 19:08:24;WALL_STREET_ORB;NVDA;WIN_2.5R;Saída em $136.69;30.0;17350.23
1787080194;18/08/2026 19:09:54;WALL_STREET_ORB;NVDA;WIN_2.5R;Saída em $140.29;30.0;17380.23
1787080314;18/08/2026 19:11:54;WALL_STREET_ORB;NVDA;WIN_2.5R;Saída em $133.09;30.0;17410.24
1787080404;18/08/2026 19:13:24;WALL_STREET_ORB;NVDA;WIN_2.5R;Saída em $136.69;30.0;17440.24
1787080494;18/08/2026 19:14:54;WALL_STREET_ORB;NVDA;WIN_2.5R;Saída em $140.29;30.0;17470.24
1787080614;18/08/2026 19:16:54;WALL_STREET_ORB;NVDA;WIN_2.5R;Saída em $133.09;30.0;17500.24
1787080704;18/08/2026 19:18:24;WALL_STREET_ORB;NVDA;WIN_2.5R;Saída em $136.69;30.0;17530.24
1787080794;18/08/2026 19:19:54;WALL_STREET_ORB;NVDA;WIN_2.5R;Saída em $140.29;30.0;17560.24
1787080914;18/08/2026 19:21:54;WALL_STREET_ORB;NVDA;WIN_2.5R;Saída em $133.09;30.0;17590.24
1787081004;18/08/2026 19:23:24;WALL_STREET_ORB;NVDA;WIN_2.5R;Saída em $136.70;30.0;17620.25
1787081094;18/08/2026 19:24:54;WALL_STREET_ORB;NVDA;WIN_2.5R;Saída em $140.30;30.0;17650.25
1787081214;18/08/2026 19:26:54;WALL_STREET_ORB;NVDA;WIN_2.5R;Saída em $133.10;30.0;17680.25
1787081304;18/08/2026 19:28:24;WALL_STREET_ORB;NVDA;WIN_2.5R;Saída em $136.70;30.0;17710.25
1787081394;18/08/2026 19:29:54;WALL_STREET_ORB;NVDA;WIN_2.5R;Saída em $140.30;30.0;17740.25
1787081514;18/08/2026 19:31:54;WALL_STREET_ORB;NVDA;WIN_2.5R;Saída em $133.10;30.0;17770.25
1787081604;18/08/2026 19:33:24;WALL_STREET_ORB;NVDA;WIN_2.5R;Saída em $136.70;30.0;17800.25
1787081694;18/08/2026 19:34:54;WALL_STREET_ORB;NVDA;WIN_2.5R;Saída em $140.30;30.0;17830.25
1787081814;18/08/2026 19:36:54;WALL_STREET_ORB;NVDA;WIN_2.5R;Saída em $133.10;30.0;17860.25
1787081904;18/08/2026 19:38:24;WALL_STREET_ORB;NVDA;WIN_2.5R;Saída em $136.70;30.0;17890.26
1787081994;18/08/2026 19:39:54;WALL_STREET_ORB;NVDA;WIN_2.5R;Saída em $140.30;30.0;17920.26
1787082114;18/08/2026 19:41:54;WALL_STREET_ORB;NVDA;WIN_2.5R;Saída em $133.10;30.0;17950.26
1787082204;18/08/2026 19:43:24;WALL_STREET_ORB;NVDA;WIN_2.5R;Saída em $136.70;30.0;17980.26
1787082294;18/08/2026 19:44:54;WALL_STREET_ORB;NVDA;WIN_2.5R;Saída em $140.30;30.0;18010.26
1787082414;18/08/2026 19:46:54;WALL_STREET_ORB;NVDA;WIN_2.5R;Saída em $133.10;30.0;18040.26
1787082504;18/08/2026 19:48:24;WALL_STREET_ORB;NVDA;WIN_2.5R;Saída em $136.70;30.0;18070.26
1787082595;18/08/2026 19:49:55;WALL_STREET_ORB;NVDA;WIN_2.5R;Saída em $140.31;30.05;18100.32
1787082715;18/08/2026 19:51:55;WALL_STREET_ORB;NVDA;WIN_2.5R;Saída em $133.11;30.0;18130.32
1787082805;18/08/2026 19:53:25;WALL_STREET_ORB;NVDA;WIN_2.5R;Saída em $136.71;30.0;18160.32
1787082895;18/08/2026 19:54:55;WALL_STREET_ORB;NVDA;WIN_2.5R;Saída em $140.31;30.0;18190.32
1787083015;18/08/2026 19:56:55;WALL_STREET_ORB;NVDA;WIN_2.5R;Saída em $133.11;30.0;18220.32
1787083105;18/08/2026 19:58:25;WALL_STREET_ORB;NVDA;WIN_2.5R;Saída em $136.71;30.0;18250.33
1787083195;18/08/2026 19:59:55;WALL_STREET_ORB;NVDA;WIN_2.5R;Saída em $140.31;30.0;18280.33
1787083315;18/08/2026 20:01:55;WALL_STREET_ORB;NVDA;WIN_2.5R;Saída em $133.11;30.0;18310.33
1787083405;18/08/2026 20:03:25;WALL_STREET_ORB;NVDA;WIN_2.5R;Saída em $136.71;30.0;18340.33
1787083495;18/08/2026 20:04:55;WALL_STREET_ORB;NVDA;WIN_2.5R;Saída em $140.31;30.0;18370.33
1787083615;18/08/2026 20:06:55;WALL_STREET_ORB;NVDA;WIN_2.5R;Saída em $133.11;30.0;18400.33
1787083705;18/08/2026 20:08:25;WALL_STREET_ORB;NVDA;WIN_2.5R;Saída em $136.71;30.0;18430.34
1787083795;18/08/2026 20:09:55;WALL_STREET_ORB;NVDA;WIN_2.5R;Saída em $140.31;30.0;18460.34
1787083915;18/08/2026 20:11:55;WALL_STREET_ORB;NVDA;WIN_2.5R;Saída em $133.11;30.0;18490.34
1787084005;18/08/2026 20:13:25;WALL_STREET_ORB;NVDA;WIN_2.5R;Saída em $136.71;30.0;18520.34
1787084095;18/08/2026 20:14:55;WALL_STREET_ORB;NVDA;WIN_2.5R;Saída em $140.31;30.0;18550.34
1787084215;18/08/2026 20:16:55;WALL_STREET_ORB;NVDA;WIN_2.5R;Saída em $133.11;30.0;18580.34
1787084305;18/08/2026 20:18:25;WALL_STREET_ORB;NVDA;WIN_2.5R;Saída em $136.71;30.0;18610.34
1787084395;18/08/2026 20:19:55;WALL_STREET_ORB;NVDA;WIN_2.5R;Saída em $140.31;30.0;18640.34
1787084515;18/08/2026 20:21:55;WALL_STREET_ORB;NVDA;WIN_2.5R;Saída em $133.11;30.0;18670.34
1787084605;18/08/2026 20:23:25;WALL_STREET_ORB;NVDA;WIN_2.5R;Saída em $136.71;30.0;18700.35
1787084695;18/08/2026 20:24:55;WALL_STREET_ORB;NVDA;WIN_2.5R;Saída em $140.31;30.0;18730.35
1787084815;18/08/2026 20:26:55;WALL_STREET_ORB;NVDA;WIN_2.5R;Saída em $133.11;30.0;18760.35
1787084905;18/08/2026 20:28:25;WALL_STREET_ORB;NVDA;WIN_2.5R;Saída em $136.71;30.0;18790.35
1787084995;18/08/2026 20:29:55;WALL_STREET_ORB;NVDA;WIN_2.5R;Saída em $140.31;30.0;18820.35
1787085115;18/08/2026 20:31:55;WALL_STREET_ORB;NVDA;WIN_2.5R;Saída em $133.11;30.0;18850.35
1787085205;18/08/2026 20:33:25;WALL_STREET_ORB;NVDA;WIN_2.5R;Saída em $136.71;30.0;18880.35
1787085295;18/08/2026 20:34:55;WALL_STREET_ORB;NVDA;WIN_2.5R;Saída em $140.31;30.0;18910.36
1787085415;18/08/2026 20:36:55;WALL_STREET_ORB;NVDA;WIN_2.5R;Saída em $133.11;30.0;18940.36
1787085505;18/08/2026 20:38:25;WALL_STREET_ORB;NVDA;WIN_2.5R;Saída em $136.71;30.0;18970.36
1787085595;18/08/2026 20:39:55;WALL_STREET_ORB;NVDA;WIN_2.5R;Saída em $140.31;30.0;19000.36
1787085715;18/08/2026 20:41:55;WALL_STREET_ORB;NVDA;WIN_2.5R;Saída em $133.12;30.0;19030.36
1787085805;18/08/2026 20:43:25;WALL_STREET_ORB;NVDA;WIN_2.5R;Saída em $136.72;30.0;19060.36
1787085895;18/08/2026 20:44:55;WALL_STREET_ORB;NVDA;WIN_2.5R;Saída em $140.32;30.0;19090.36
1787086015;18/08/2026 20:46:55;WALL_STREET_ORB;NVDA;WIN_2.5R;Saída em $133.12;30.0;19120.37
1787086105;18/08/2026 20:48:25;WALL_STREET_ORB;NVDA;WIN_2.5R;Saída em $136.72;30.0;19150.37
1787086195;18/08/2026 20:49:55;WALL_STREET_ORB;NVDA;WIN_2.5R;Saída em $140.32;30.0;19180.37
1787086315;18/08/2026 20:51:55;WALL_STREET_ORB;NVDA;WIN_2.5R;Saída em $133.12;30.0;19210.37
1787086405;18/08/2026 20:53:25;WALL_STREET_ORB;NVDA;WIN_2.5R;Saída em $136.72;30.0;19240.37
1787086495;18/08/2026 20:54:55;WALL_STREET_ORB;NVDA;WIN_2.5R;Saída em $140.32;30.0;19270.37
1787086615;18/08/2026 20:56:55;WALL_STREET_ORB;NVDA;WIN_2.5R;Saída em $133.12;30.0;19300.37
1787086705;18/08/2026 20:58:25;WALL_STREET_ORB;NVDA;WIN_2.5R;Saída em $136.72;30.0;19330.38
1787086795;18/08/2026 20:59:55;WALL_STREET_ORB;NVDA;WIN_2.5R;Saída em $140.32;30.0;19360.38
1787086915;18/08/2026 21:01:55;WALL_STREET_ORB;NVDA;WIN_2.5R;Saída em $133.12;30.0;19390.38
1787087005;18/08/2026 21:03:25;WALL_STREET_ORB;NVDA;WIN_2.5R;Saída em $136.72;30.0;19420.38
1787087095;18/08/2026 21:04:55;WALL_STREET_ORB;NVDA;WIN_2.5R;Saída em $140.32;30.0;19450.38
1787087215;18/08/2026 21:06:55;WALL_STREET_ORB;NVDA;WIN_2.5R;Saída em $133.12;30.0;19480.38
1787087305;18/08/2026 21:08:25;WALL_STREET_ORB;NVDA;WIN_2.5R;Saída em $136.72;30.0;19510.38
1787087395;18/08/2026 21:09:55;WALL_STREET_ORB;NVDA;WIN_2.5R;Saída em $140.32;30.0;19540.38
1787087515;18/08/2026 21:11:55;WALL_STREET_ORB;NVDA;WIN_2.5R;Saída em $133.12;30.0;19570.39
1787087605;18/08/2026 21:13:25;WALL_STREET_ORB;NVDA;WIN_2.5R;Saída em $136.72;30.0;19600.39
1787087695;18/08/2026 21:14:55;WALL_STREET_ORB;NVDA;WIN_2.5R;Saída em $140.32;30.0;19630.39
1787087815;18/08/2026 21:16:55;WALL_STREET_ORB;NVDA;WIN_2.5R;Saída em $133.12;30.0;19660.39
1787087905;18/08/2026 21:18:25;WALL_STREET_ORB;NVDA;WIN_2.5R;Saída em $136.72;30.0;19690.39
1787087995;18/08/2026 21:19:55;WALL_STREET_ORB;NVDA;WIN_2.5R;Saída em $140.32;30.0;19720.39
1787088115;18/08/2026 21:21:55;WALL_STREET_ORB;NVDA;WIN_2.5R;Saída em $133.12;30.0;19750.39
1787088205;18/08/2026 21:23:25;WALL_STREET_ORB;NVDA;WIN_2.5R;Saída em $136.72;30.0;19780.39
1787088295;18/08/2026 21:24:55;WALL_STREET_ORB;NVDA;WIN_2.5R;Saída em $140.32;30.0;19810.4
1787088415;18/08/2026 21:26:55;WALL_STREET_ORB;NVDA;WIN_2.5R;Saída em $133.12;30.0;19840.4
1787088505;18/08/2026 21:28:25;WALL_STREET_ORB;NVDA;WIN_2.5R;Saída em $136.72;30.0;19870.4
1787088595;18/08/2026 21:29:55;WALL_STREET_ORB;NVDA;WIN_2.5R;Saída em $140.32;30.0;19900.4
1787088715;18/08/2026 21:31:55;WALL_STREET_ORB;NVDA;WIN_2.5R;Saída em $133.12;30.0;19930.4
1787088805;18/08/2026 21:33:25;WALL_STREET_ORB;NVDA;WIN_2.5R;Saída em $136.72;30.0;19960.4
1787088895;18/08/2026 21:34:55;WALL_STREET_ORB;NVDA;WIN_2.5R;Saída em $140.33;30.0;19990.4
1787089015;18/08/2026 21:36:55;WALL_STREET_ORB;NVDA;WIN_2.5R;Saída em $133.13;30.0;20020.41
1787089105;18/08/2026 21:38:25;WALL_STREET_ORB;NVDA;WIN_2.5R;Saída em $136.73;30.0;20050.41
1787089195;18/08/2026 21:39:55;WALL_STREET_ORB;NVDA;WIN_2.5R;Saída em $140.33;30.0;20080.41
1787089315;18/08/2026 21:41:55;WALL_STREET_ORB;NVDA;WIN_2.5R;Saída em $133.13;30.0;20110.41
1787089405;18/08/2026 21:43:25;WALL_STREET_ORB;NVDA;WIN_2.5R;Saída em $136.73;30.0;20140.41
1787089495;18/08/2026 21:44:55;WALL_STREET_ORB;NVDA;WIN_2.5R;Saída em $140.33;30.0;20170.41
1787089615;18/08/2026 21:46:55;WALL_STREET_ORB;NVDA;WIN_2.5R;Saída em $133.13;30.0;20200.41
1787089705;18/08/2026 21:48:25;WALL_STREET_ORB;NVDA;WIN_2.5R;Saída em $136.73;30.0;20230.42
1787089795;18/08/2026 21:49:55;WALL_STREET_ORB;NVDA;WIN_2.5R;Saída em $140.33;30.0;20260.42
1787089915;18/08/2026 21:51:55;WALL_STREET_ORB;NVDA;WIN_2.5R;Saída em $133.13;30.0;20290.42
1787090005;18/08/2026 21:53:25;WALL_STREET_ORB;NVDA;WIN_2.5R;Saída em $136.73;30.0;20320.42
1787090095;18/08/2026 21:54:55;WALL_STREET_ORB;NVDA;WIN_2.5R;Saída em $140.33;30.0;20350.42
1787090215;18/08/2026 21:56:55;WALL_STREET_ORB;NVDA;WIN_2.5R;Saída em $133.13;30.0;20380.42
1787090305;18/08/2026 21:58:25;WALL_STREET_ORB;NVDA;WIN_2.5R;Saída em $136.73;30.0;20410.43
1787090395;18/08/2026 21:59:55;WALL_STREET_ORB;NVDA;WIN_2.5R;Saída em $140.33;30.0;20440.43
1787090515;18/08/2026 22:01:55;WALL_STREET_ORB;NVDA;WIN_2.5R;Saída em $133.13;30.0;20470.43
1787090605;18/08/2026 22:03:25;WALL_STREET_ORB;NVDA;WIN_2.5R;Saída em $136.73;30.0;20500.43
1787090695;18/08/2026 22:04:55;WALL_STREET_ORB;NVDA;WIN_2.5R;Saída em $140.33;30.0;20530.43
1787090815;18/08/2026 22:06:55;WALL_STREET_ORB;NVDA;WIN_2.5R;Saída em $133.13;30.0;20560.43
1787090905;18/08/2026 22:08:25;WALL_STREET_ORB;NVDA;WIN_2.5R;Saída em $136.73;30.0;20590.44
1787090995;18/08/2026 22:09:55;WALL_STREET_ORB;NVDA;WIN_2.5R;Saída em $140.33;30.0;20620.44
1787091115;18/08/2026 22:11:55;WALL_STREET_ORB;NVDA;WIN_2.5R;Saída em $133.13;30.0;20650.44
1787091205;18/08/2026 22:13:25;WALL_STREET_ORB;NVDA;WIN_2.5R;Saída em $136.73;30.0;20680.44
1787091295;18/08/2026 22:14:55;WALL_STREET_ORB;NVDA;WIN_2.5R;Saída em $140.33;30.0;20710.44
1787091415;18/08/2026 22:16:55;WALL_STREET_ORB;NVDA;WIN_2.5R;Saída em $133.13;30.0;20740.44
1787091505;18/08/2026 22:18:25;WALL_STREET_ORB;NVDA;WIN_2.5R;Saída em $136.74;30.0;20770.45
1787091595;18/08/2026 22:19:55;WALL_STREET_ORB;NVDA;WIN_2.5R;Saída em $140.34;30.0;20800.45
1787091715;18/08/2026 22:21:55;WALL_STREET_ORB;NVDA;WIN_2.5R;Saída em $133.14;30.0;20830.45
1787091805;18/08/2026 22:23:25;WALL_STREET_ORB;NVDA;WIN_2.5R;Saída em $136.74;30.0;20860.45
1787091895;18/08/2026 22:24:55;WALL_STREET_ORB;NVDA;WIN_2.5R;Saída em $140.34;30.0;20890.45
1787092015;18/08/2026 22:26:55;WALL_STREET_ORB;NVDA;WIN_2.5R;Saída em $133.14;30.0;20920.45
1787092105;18/08/2026 22:28:25;WALL_STREET_ORB;NVDA;WIN_2.5R;Saída em $136.74;30.0;20950.45
1787092195;18/08/2026 22:29:55;WALL_STREET_ORB;NVDA;WIN_2.5R;Saída em $140.34;30.0;20980.46
1787092315;18/08/2026 22:31:55;WALL_STREET_ORB;NVDA;WIN_2.5R;Saída em $133.14;30.0;21010.46
1787092405;18/08/2026 22:33:25;WALL_STREET_ORB;NVDA;WIN_2.5R;Saída em $136.74;30.0;21040.46
1787092495;18/08/2026 22:34:55;WALL_STREET_ORB;NVDA;WIN_2.5R;Saída em $140.34;30.0;21070.46
1787092615;18/08/2026 22:36:55;WALL_STREET_ORB;NVDA;WIN_2.5R;Saída em $133.14;30.0;21100.46
1787092705;18/08/2026 22:38:25;WALL_STREET_ORB;NVDA;WIN_2.5R;Saída em $136.74;30.0;21130.46
1787092795;18/08/2026 22:39:55;WALL_STREET_ORB;NVDA;WIN_2.5R;Saída em $140.34;30.0;21160.46
1787092915;18/08/2026 22:41:55;WALL_STREET_ORB;NVDA;WIN_2.5R;Saída em $133.14;30.0;21190.46
1787093006;18/08/2026 22:43:26;WALL_STREET_ORB;NVDA;WIN_2.5R;Saída em $136.74;30.0;21220.47
1787093096;18/08/2026 22:44:56;WALL_STREET_ORB;NVDA;WIN_2.5R;Saída em $140.34;30.0;21250.47
1787093216;18/08/2026 22:46:56;WALL_STREET_ORB;NVDA;WIN_2.5R;Saída em $133.14;30.0;21280.47
1787093306;18/08/2026 22:48:26;WALL_STREET_ORB;NVDA;WIN_2.5R;Saída em $136.74;30.0;21310.47
1787093396;18/08/2026 22:49:56;WALL_STREET_ORB;NVDA;WIN_2.5R;Saída em $140.34;30.0;21340.47
1787093516;18/08/2026 22:51:56;WALL_STREET_ORB;NVDA;WIN_2.5R;Saída em $133.14;30.0;21370.47
1787093606;18/08/2026 22:53:26;WALL_STREET_ORB;NVDA;WIN_2.5R;Saída em $136.74;30.0;21400.47
1787093696;18/08/2026 22:54:56;WALL_STREET_ORB;NVDA;WIN_2.5R;Saída em $140.34;30.0;21430.47
1787095508;18/08/2026 23:25:08;GRID_HUNTER;BTC/USDT;LUCRO_GRADE;Compra $64605.4 -> Venda $64728.3;0.09;1000.09
1787681621;25/08/2026 18:13:41;GRID_HUNTER;BTC/USDT;LUCRO_GRADE;Compra $79238.0 -> Venda $79365.3;0.08;1000.08
1787683089;25/08/2026 18:38:09;PAIRS_TRADING;ETH/BTC;FECHAMENTO_RETORNO_MEDIA;Z_in=3.83 -> Z_out=0.07;15.36;1015.44
1787683126;25/08/2026 18:38:46;GRID_HUNTER;BTC/USDT;LUCRO_GRADE;Compra $63100.0 -> Venda $79132.0;0.1;1015.54
1787685573;25/08/2026 19:19:33;GRID_HUNTER;BTC/USDT;LUCRO_GRADE;Compra $79098.9 -> Venda $79222.1;0.08;1015.61
1787702414;26/08/2026 00:00:14;FUNDING_RATE;龙虾USDT;CREDITO_8H;Taxa: 0.1694%;0.42;1016.03
1787710693;26/08/2026 02:18:13;GRID_HUNTER;BTC/USDT;LUCRO_GRADE;Compra $78809.9 -> Venda $78933.6;0.08;1000.08
1787711124;26/08/2026 02:25:24;GRID_HUNTER;BTC/USDT;LUCRO_GRADE;Compra $78920.3 -> Venda $79065.7;0.08;1000.15
1787711185;26/08/2026 02:26:25;GRID_HUNTER;BTC/USDT;LUCRO_GRADE;Compra $79065.7 -> Venda $79220.4;0.08;1000.23
1787713336;26/08/2026 03:02:16;GRID_HUNTER;BTC/USDT;LUCRO_GRADE;Compra $79057.7 -> Venda $79181.1;0.08;1000.3
1787715377;26/08/2026 03:36:17;GRID_HUNTER;BTC/USDT;LUCRO_GRADE;Compra $78953.0 -> Venda $79095.0;0.08;1000.38
1787716559;26/08/2026 03:55:59;GRID_HUNTER;BTC/USDT;LUCRO_GRADE;Compra $78971.0 -> Venda $79094.0;0.08;1000.46
1787717295;26/08/2026 04:08:15;GRID_HUNTER;BTC/USDT;LUCRO_GRADE;Compra $78975.6 -> Venda $79106.0;0.08;1000.53
1787717449;26/08/2026 04:10:49;GRID_HUNTER;BTC/USDT;LUCRO_GRADE;Compra $79057.5 -> Venda $79200.0;0.08;1000.61
1787722301;26/08/2026 05:31:41;GRID_HUNTER;BTC/USDT;LUCRO_GRADE;Compra $78970.1 -> Venda $79102.5;0.08;1000.68
1787724033;26/08/2026 06:00:33;GRID_HUNTER;BTC/USDT;LUCRO_GRADE;Compra $78972.8 -> Venda $79095.7;0.08;1000.76
1787724358;26/08/2026 06:05:58;GRID_HUNTER;BTC/USDT;LUCRO_GRADE;Compra $79052.9 -> Venda $79182.0;0.08;1000.84
1787727941;26/08/2026 07:05:41;GRID_HUNTER;BTC/USDT;LUCRO_GRADE;Compra $78916.7 -> Venda $79044.0;0.08;1000.91
1787729217;26/08/2026 07:26:57;GRID_HUNTER;BTC/USDT;LUCRO_GRADE;Compra $78900.9 -> Venda $79025.0;0.08;1000.99
1787729901;26/08/2026 07:38:21;GRID_HUNTER;BTC/USDT;LUCRO_GRADE;Compra $78916.0 -> Venda $79041.9;0.08;1001.06
1787731217;26/08/2026 08:00:17;FUNDING_RATE;NETUSDT;CREDITO_8H;Taxa: 0.1628%;0.41;1001.47
1787731767;26/08/2026 08:09:27;GRID_HUNTER;BTC/USDT;LUCRO_GRADE;Compra $78914.2 -> Venda $79078.0;0.08;1001.55
1787760004;26/08/2026 16:00:04;FUNDING_RATE;ZHIPUUSDT;CREDITO_8H;Taxa: 0.2930%;0.73;1002.28
1787781785;26/08/2026 22:03:05;PAIRS_TRADING;ETH/BTC;FECHAMENTO_RETORNO_MEDIA;Z_in=3.77 -> Z_out=0.07;15.04;1017.32
1787787732;26/08/2026 23:42:12;GRID_HUNTER;BTC/USDT;LUCRO_GRADE;Compra $78914.2 -> Venda $79044.0;0.08;1017.4
1787788023;26/08/2026 23:47:03;GRID_HUNTER;BTC/USDT;LUCRO_GRADE;Compra $78999.7 -> Venda $79154.0;0.08;1017.48
1787788808;27/08/2026 00:00:08;FUNDING_RATE;CSOPSKHYNIX2LUSDT;CREDITO_8H;Taxa: 0.5638%;1.41;1018.88
1787817424;27/08/2026 07:57:04;GRID_HUNTER;BTC/USDT;LUCRO_GRADE;Compra $78960.4 -> Venda $79090.6;0.08;1018.96
1787817600;27/08/2026 08:00:00;FUNDING_RATE;BOTUSDT;CREDITO_8H;Taxa: 0.1965%;0.49;1019.45
1787817778;27/08/2026 08:02:58;GRID_HUNTER;BTC/USDT;LUCRO_GRADE;Compra $79052.0 -> Venda $79192.3;0.08;1019.53
1787817793;27/08/2026 08:03:13;GRID_HUNTER;BTC/USDT;LUCRO_GRADE;Compra $79138.0 -> Venda $79313.8;0.08;1019.6
1787817824;27/08/2026 08:03:44;GRID_HUNTER;BTC/USDT;LUCRO_GRADE;Compra $79220.4 -> Venda $79364.0;0.08;1019.68
1787817870;27/08/2026 08:04:30;GRID_HUNTER;BTC/USDT;LUCRO_GRADE;Compra $79313.8 -> Venda $79472.6;0.08;1019.76
1787818054;27/08/2026 08:07:34;GRID_HUNTER;BTC/USDT;LUCRO_GRADE;Compra $79300.9 -> Venda $79462.0;0.08;1019.83
1787818100;27/08/2026 08:08:20;GRID_HUNTER;BTC/USDT;LUCRO_GRADE;Compra $79415.7 -> Venda $79602.0;0.08;1019.91
1787818130;27/08/2026 08:08:50;GRID_HUNTER;BTC/USDT;LUCRO_GRADE;Compra $79500.0 -> Venda $79630.3;0.08;1019.98
1787818207;27/08/2026 08:10:07;GRID_HUNTER;BTC/USDT;LUCRO_GRADE;Compra $79602.0 -> Venda $79757.4;0.08;1020.06
1787818253;27/08/2026 08:10:53;GRID_HUNTER;BTC/USDT;LUCRO_GRADE;Compra $79715.6 -> Venda $79844.7;0.08;1020.13
1787818592;27/08/2026 08:16:32;PAIRS_TRADING;ETH/BTC;FECHAMENTO_RETORNO_MEDIA;Z_in=5.37 -> Z_out=0.07;21.66;1041.8
1787819174;27/08/2026 08:26:14;GRID_HUNTER;BTC/USDT;LUCRO_GRADE;Compra $79552.0 -> Venda $79699.8;0.08;1041.87
1787819404;27/08/2026 08:30:04;GRID_HUNTER;BTC/USDT;LUCRO_GRADE;Compra $79656.2 -> Venda $79790.6;0.08;1041.95
1787819496;27/08/2026 08:31:36;GRID_HUNTER;BTC/USDT;LUCRO_GRADE;Compra $79745.6 -> Venda $79866.0;0.08;1042.02
1787820187;27/08/2026 08:43:07;GRID_HUNTER;BTC/USDT;LUCRO_GRADE;Compra $79830.0 -> Venda $79990.9;0.08;1042.1
1787821878;27/08/2026 09:11:18;GRID_HUNTER;BTC/USDT;LUCRO_GRADE;Compra $79740.4 -> Venda $79870.0;0.08;1042.17
1787822400;27/08/2026 09:20:00;GRID_HUNTER;BTC/USDT;LUCRO_GRADE;Compra $79836.0 -> Venda $79997.0;0.08;1042.25
1787822446;27/08/2026 09:20:46;GRID_HUNTER;BTC/USDT;LUCRO_GRADE;Compra $79922.0 -> Venda $80049.9;0.08;1042.32
1787822737;27/08/2026 09:25:37;GRID_HUNTER;BTC/USDT;LUCRO_GRADE;Compra $80008.0 -> Venda $80157.0;0.07;1042.4
1787822768;27/08/2026 09:26:08;GRID_HUNTER;BTC/USDT;LUCRO_GRADE;Compra $80114.0 -> Venda $80347.4;0.07;1042.47
1787822768;27/08/2026 09:26:08;GRID_HUNTER;BTC/USDT;LUCRO_GRADE;Compra $80200.0 -> Venda $80347.4;0.07;1042.55
1787822845;27/08/2026 09:27:25;GRID_HUNTER;BTC/USDT;LUCRO_GRADE;Compra $80347.4 -> Venda $80470.0;0.07;1042.62
1787828395;27/08/2026 10:59:55;PAIRS_TRADING;ETH/BTC;FECHAMENTO_RETORNO_MEDIA;Z_in=5.17 -> Z_out=0.07;20.99;1063.61
1787849101;27/08/2026 16:45:01;FUNDING_RATE;BOTUSDT;CREDITO_8H;Taxa: 0.1895%;0.47;1000.47
1787850373;27/08/2026 17:06:13;GRID_HUNTER;BTC/USDT;LUCRO_GRADE;Compra $80268.1 -> Venda $80389.6;0.07;1000.55
1787850576;27/08/2026 17:09:36;GRID_HUNTER;BTC/USDT;LUCRO_GRADE;Compra $80378.6 -> Venda $80515.5;0.07;1000.62
1787850638;27/08/2026 17:10:38;GRID_HUNTER;BTC/USDT;LUCRO_GRADE;Compra $80474.0 -> Venda $80603.5;0.07;1000.7
1787850884;27/08/2026 17:14:44;GRID_HUNTER;BTC/USDT;LUCRO_GRADE;Compra $80500.7 -> Venda $80630.0;0.07;1000.77
1787851053;27/08/2026 17:17:33;GRID_HUNTER;BTC/USDT;LUCRO_GRADE;Compra $80580.8 -> Venda $80705.1;0.07;1000.85
1787851176;27/08/2026 17:19:36;GRID_HUNTER;BTC/USDT;LUCRO_GRADE;Compra $80693.6 -> Venda $80818.1;0.07;1000.92
1787864009;27/08/2026 20:53:29;PAIRS_TRADING;ETH/BTC;FECHAMENTO_RETORNO_MEDIA;Z_in=4.46 -> Z_out=0.07;18.24;1019.16
1787874084;27/08/2026 23:41:24;PAIRS_TRADING;ETH/BTC;FECHAMENTO_RETORNO_MEDIA;Z_in=4.11 -> Z_out=0.07;16.66;1035.82
1787875219;28/08/2026 00:00:19;FUNDING_RATE;GEVUSDT;CREDITO_8H;Taxa: 0.1882%;0.47;1036.29
1787878672;28/08/2026 00:57:52;GRID_HUNTER;BTC/USDT;LUCRO_GRADE;Compra $80512.0 -> Venda $80691.8;0.07;1036.36
1787878921;28/08/2026 01:02:01;GRID_HUNTER;BTC/USDT;LUCRO_GRADE;Compra $80600.0 -> Venda $80750.0;0.07;1036.44
1787879480;28/08/2026 01:11:20;GRID_HUNTER;BTC/USDT;LUCRO_GRADE;Compra $80691.1 -> Venda $80815.7;0.07;1036.51
1787879933;28/08/2026 01:18:53;GRID_HUNTER;BTC/USDT;LUCRO_GRADE;Compra $80774.5 -> Venda $80937.6;0.07;1036.59
1787880042;28/08/2026 01:20:42;GRID_HUNTER;BTC/USDT;LUCRO_GRADE;Compra $80937.6 -> Venda $81106.0;0.07;1036.66
1787880557;28/08/2026 01:29:17;GRID_HUNTER;BTC/USDT;LUCRO_GRADE;Compra $81024.8 -> Venda $81173.6;0.07;1036.74
1787880775;28/08/2026 01:32:55;GRID_HUNTER;BTC/USDT;LUCRO_GRADE;Compra $81106.0 -> Venda $81234.0;0.07;1036.81
1787880822;28/08/2026 01:33:42;GRID_HUNTER;BTC/USDT;LUCRO_GRADE;Compra $81187.3 -> Venda $81313.8;0.07;1036.88
1787904015;28/08/2026 08:00:15;FUNDING_RATE;KODEX200USDT;CREDITO_8H;Taxa: 0.2626%;0.66;1037.54
1787932806;28/08/2026 16:00:06;FUNDING_RATE;PDDUSDT;CREDITO_8H;Taxa: 0.1322%;0.33;1037.87
1787943406;28/08/2026 18:56:46;PAIRS_TRADING;ETH/BTC;FECHAMENTO_RETORNO_MEDIA;Z_in=28.52 -> Z_out=0.07;94.26;1132.13
1787961603;29/08/2026 00:00:03;FUNDING_RATE;PDDUSDT;CREDITO_8H;Taxa: 0.1804%;0.45;1132.58
1787963916;29/08/2026 00:38:36;PAIRS_TRADING;ETH/BTC;FECHAMENTO_RETORNO_MEDIA;Z_in=4.2 -> Z_out=0.07;16.52;1149.11
1787964015;29/08/2026 00:40:15;PAIRS_TRADING;ETH/BTC;FECHAMENTO_RETORNO_MEDIA;Z_in=4.47 -> Z_out=0.07;17.7;1166.81
1787964108;29/08/2026 00:41:48;PAIRS_TRADING;ETH/BTC;FECHAMENTO_RETORNO_MEDIA;Z_in=4.47 -> Z_out=0.07;17.7;1184.51
1787964211;29/08/2026 00:43:31;PAIRS_TRADING;ETH/BTC;FECHAMENTO_RETORNO_MEDIA;Z_in=4.49 -> Z_out=0.07;17.8;1202.31
1788037268;29/08/2026 21:01:08;PAIRS_TRADING;ETH/BTC;FECHAMENTO_RETORNO_MEDIA;Z_in=4.37 -> Z_out=0.07;17.4;1017.4
1788037285;29/08/2026 21:01:25;GRID_HUNTER;BTC/USDT;LUCRO_GRADE;Compra $63100.0 -> Venda $78084.0;0.1;1017.5
1788044343;29/08/2026 22:59:03;GRID_HUNTER;BTC/USDT;LUCRO_GRADE;Compra $78117.9 -> Venda $78239.4;0.08;1017.57
1788048019;30/08/2026 00:00:19;FUNDING_RATE;ESPORTSUSDT;CREDITO_8H;Taxa: 0.1186%;0.3;1017.87
1788049112;30/08/2026 00:18:32;GRID_HUNTER;BTC/USDT;LUCRO_GRADE;Compra $78200.0 -> Venda $78320.8;0.08;1017.95
1788058290;30/08/2026 02:51:30;GRID_HUNTER;BTC/USDT;LUCRO_GRADE;Compra $78017.3 -> Venda $78140.7;0.08;1018.02
1788066178;30/08/2026 05:02:58;GRID_HUNTER;BTC/USDT;LUCRO_GRADE;Compra $78022.4 -> Venda $78146.0;0.08;1018.1
1788071806;30/08/2026 06:36:46;GRID_HUNTER;BTC/USDT;LUCRO_GRADE;Compra $78113.8 -> Venda $78250.0;0.08;1018.18
1788076818;30/08/2026 08:00:18;FUNDING_RATE;BROCCOLIF3BUSDT;CREDITO_8H;Taxa: 0.1374%;0.34;1018.52
1788086498;30/08/2026 10:41:38;GRID_HUNTER;BTC/USDT;LUCRO_GRADE;Compra $77991.6 -> Venda $78117.6;0.08;1018.6
1788089611;30/08/2026 11:33:31;GRID_HUNTER;BTC/USDT;LUCRO_GRADE;Compra $78100.0 -> Venda $78229.1;0.08;1018.67
1788091519;30/08/2026 12:05:19;GRID_HUNTER;BTC/USDT;LUCRO_GRADE;Compra $78194.2 -> Venda $78314.2;0.08;1018.75
1788091582;30/08/2026 12:06:22;GRID_HUNTER;BTC/USDT;LUCRO_GRADE;Compra $78280.0 -> Venda $78404.0;0.08;1018.83
1788091800;30/08/2026 12:10:00;GRID_HUNTER;BTC/USDT;LUCRO_GRADE;Compra $78404.0 -> Venda $78608.9;0.08;1018.9
1788091831;30/08/2026 12:10:31;GRID_HUNTER;BTC/USDT;LUCRO_GRADE;Compra $78496.0 -> Venda $78617.6;0.08;1018.98
1788093104;30/08/2026 12:31:44;GRID_HUNTER;BTC/USDT;LUCRO_GRADE;Compra $78522.0 -> Venda $78645.6;0.08;1019.06
1788093135;30/08/2026 12:32:15;GRID_HUNTER;BTC/USDT;LUCRO_GRADE;Compra $78608.9 -> Venda $78751.7;0.08;1019.13
1788093771;30/08/2026 12:42:51;GRID_HUNTER;BTC/USDT;LUCRO_GRADE;Compra $78580.4 -> Venda $78710.7;0.08;1019.21
1788094610;30/08/2026 12:56:50;GRID_HUNTER;BTC/USDT;LUCRO_GRADE;Compra $78616.0 -> Venda $78740.6;0.08;1019.29
1788096698;30/08/2026 13:31:38;GRID_HUNTER;BTC/USDT;LUCRO_GRADE;Compra $78611.0 -> Venda $78734.0;0.08;1019.36
1788097445;30/08/2026 13:44:05;GRID_HUNTER;BTC/USDT;LUCRO_GRADE;Compra $78700.9 -> Venda $78821.6;0.08;1019.44
1788097694;30/08/2026 13:48:14;GRID_HUNTER;BTC/USDT;LUCRO_GRADE;Compra $78786.0 -> Venda $78937.6;0.08;1019.52
1788099237;30/08/2026 14:13:57;GRID_HUNTER;BTC/USDT;LUCRO_GRADE;Compra $78808.0 -> Venda $78932.7;0.08;1019.59
1788102548;30/08/2026 15:09:08;GRID_HUNTER;BTC/USDT;LUCRO_GRADE;Compra $78724.9 -> Venda $78849.3;0.08;1019.67
1788103508;30/08/2026 15:25:08;GRID_HUNTER;BTC/USDT;LUCRO_GRADE;Compra $78646.9 -> Venda $78770.0;0.08;1019.74
1788104676;30/08/2026 15:44:36;GRID_HUNTER;BTC/USDT;LUCRO_GRADE;Compra $78728.0 -> Venda $78857.6;0.08;1019.82
1788105618;30/08/2026 16:00:18;FUNDING_RATE;MSTRUSDT;CREDITO_8H;Taxa: 0.0734%;0.18;1020.0
1788105858;30/08/2026 16:04:18;GRID_HUNTER;BTC/USDT;LUCRO_GRADE;Compra $78818.0 -> Venda $78950.5;0.08;1020.08
1788106386;30/08/2026 16:13:06;GRID_HUNTER;BTC/USDT;LUCRO_GRADE;Compra $78812.1 -> Venda $78942.0;0.08;1020.16
1788106416;30/08/2026 16:13:36;GRID_HUNTER;BTC/USDT;LUCRO_GRADE;Compra $78901.4 -> Venda $79060.0;0.08;1020.23
1788106432;30/08/2026 16:13:52;GRID_HUNTER;BTC/USDT;LUCRO_GRADE;Compra $78990.9 -> Venda $79140.0;0.08;1020.31
1788107638;30/08/2026 16:33:58;GRID_HUNTER;BTC/USDT;LUCRO_GRADE;Compra $79044.9 -> Venda $79164.9;0.08;1020.38
1788109029;30/08/2026 16:57:09;GRID_HUNTER;BTC/USDT;LUCRO_GRADE;Compra $79140.0 -> Venda $79343.2;0.08;1020.46
1788109106;30/08/2026 16:58:26;GRID_HUNTER;BTC/USDT;LUCRO_GRADE;Compra $79256.0 -> Venda $79386.6;0.08;1020.53
1788114858;30/08/2026 18:34:18;GRID_HUNTER;BTC/USDT;LUCRO_GRADE;Compra $79040.8 -> Venda $79160.8;0.08;1020.61
1788134417;31/08/2026 00:00:17;FUNDING_RATE;SKDDUSDT;CREDITO_8H;Taxa: 0.3998%;1.0;1021.61
1788163208;31/08/2026 08:00:08;FUNDING_RATE;SNXXUSDT;CREDITO_8H;Taxa: 0.2122%;0.53;1022.14
1788177791;31/08/2026 12:03:11;GRID_HUNTER;BTC/USDT;LUCRO_GRADE;Compra $78360.3 -> Venda $78500.0;0.08;1000.08
1788187290;31/08/2026 14:41:30;GRID_HUNTER;BTC/USDT;LUCRO_GRADE;Compra $78250.0 -> Venda $78408.0;0.08;1000.15
1788187321;31/08/2026 14:42:01;GRID_HUNTER;BTC/USDT;LUCRO_GRADE;Compra $78346.0 -> Venda $78516.0;0.08;1000.23
1788187367;31/08/2026 14:42:47;GRID_HUNTER;BTC/USDT;LUCRO_GRADE;Compra $78449.6 -> Venda $78582.0;0.08;1000.31
1788187690;31/08/2026 14:48:10;GRID_HUNTER;BTC/USDT;LUCRO_GRADE;Compra $78422.6 -> Venda $78546.0;0.08;1000.38
1788188227;31/08/2026 14:57:07;GRID_HUNTER;BTC/USDT;LUCRO_GRADE;Compra $78463.2 -> Venda $78632.3;0.08;1000.46
1788190114;31/08/2026 15:28:34;GRID_HUNTER;BTC/USDT;LUCRO_GRADE;Compra $78370.0 -> Venda $78519.0;0.08;1000.54
1788190344;31/08/2026 15:32:24;GRID_HUNTER;BTC/USDT;LUCRO_GRADE;Compra $78462.9 -> Venda $78588.9;0.08;1000.61
1788190973;31/08/2026 15:42:53;GRID_HUNTER;BTC/USDT;LUCRO_GRADE;Compra $78543.9 -> Venda $78675.9;0.08;1000.69
1788191004;31/08/2026 15:43:24;GRID_HUNTER;BTC/USDT;LUCRO_GRADE;Compra $78637.6 -> Venda $78770.9;0.08;1000.77
1788192010;31/08/2026 16:00:10;FUNDING_RATE;BNCUSDT;CREDITO_8H;Taxa: 0.2408%;0.6;1001.37
1788192692;31/08/2026 16:11:32;GRID_HUNTER;BTC/USDT;LUCRO_GRADE;Compra $78622.0 -> Venda $78777.9;0.08;1001.44
1788193152;31/08/2026 16:19:12;GRID_HUNTER;BTC/USDT;LUCRO_GRADE;Compra $78524.0 -> Venda $78686.0;0.08;1001.52
1788193167;31/08/2026 16:19:27;GRID_HUNTER;BTC/USDT;LUCRO_GRADE;Compra $78624.6 -> Venda $78750.0;0.08;1001.6
1788194223;31/08/2026 16:37:03;PAIRS_TRADING;ETH/BTC;FECHAMENTO_RETORNO_MEDIA;Z_in=3.91 -> Z_out=0.07;15.54;1017.14
1788194238;31/08/2026 16:37:18;GRID_HUNTER;BTC/USDT;LUCRO_GRADE;Compra $63100.0 -> Venda $78649.6;0.1;1017.23
1788194653;31/08/2026 16:44:13;GRID_HUNTER;BTC/USDT;LUCRO_GRADE;Compra $78626.0 -> Venda $78749.8;0.08;1017.31
1788195317;31/08/2026 16:55:17;GRID_HUNTER;BTC/USDT;LUCRO_GRADE;Compra $78640.0 -> Venda $78763.0;0.08;1017.39
1788195333;31/08/2026 16:55:33;GRID_HUNTER;BTC/USDT;LUCRO_GRADE;Compra $78722.0 -> Venda $78857.9;0.08;1017.46
1788196215;31/08/2026 17:10:15;GRID_HUNTER;BTC/USDT;LUCRO_GRADE;Compra $78642.0 -> Venda $78764.6;0.08;1017.54
1788197904;31/08/2026 17:38:24;GRID_HUNTER;BTC/USDT;LUCRO_GRADE;Compra $78544.7 -> Venda $78688.0;0.08;1017.61
1788197950;31/08/2026 17:39:10;GRID_HUNTER;BTC/USDT;LUCRO_GRADE;Compra $78628.2 -> Venda $78762.5;0.08;1017.69
1788198088;31/08/2026 17:41:28;GRID_HUNTER;BTC/USDT;LUCRO_GRADE;Compra $78722.0 -> Venda $78870.0;0.08;1017.77
1788199071;31/08/2026 17:57:51;PAIRS_TRADING;ETH/BTC;FECHAMENTO_RETORNO_MEDIA;Z_in=4.33 -> Z_out=0.07;17.3;1035.07
1788199952;31/08/2026 18:12:32;GRID_HUNTER;BTC/USDT;LUCRO_GRADE;Compra $63100.0 -> Venda $78864.6;0.1;1035.17
1788200169;31/08/2026 18:16:09;GRID_HUNTER;BTC/USDT;LUCRO_GRADE;Compra $78857.9 -> Venda $78987.1;0.08;1035.24
1788200354;31/08/2026 18:19:14;GRID_HUNTER;BTC/USDT;LUCRO_GRADE;Compra $78960.0 -> Venda $79087.4;0.08;1035.32
1788201438;31/08/2026 18:37:18;GRID_HUNTER;BTC/USDT;LUCRO_GRADE;Compra $78860.2 -> Venda $78982.0;0.08;1035.39
1788201674;31/08/2026 18:41:14;GRID_HUNTER;BTC/USDT;LUCRO_GRADE;Compra $78944.6 -> Venda $79112.0;0.08;1035.47
1788201862;31/08/2026 18:44:22;GRID_HUNTER;BTC/USDT;LUCRO_GRADE;Compra $79056.0 -> Venda $79181.5;0.08;1035.55
1788203298;31/08/2026 19:08:18;GRID_HUNTER;BTC/USDT;LUCRO_GRADE;Compra $79054.0 -> Venda $79180.0;0.08;1035.62
1788205805;31/08/2026 19:50:05;GRID_HUNTER;BTC/USDT;LUCRO_GRADE;Compra $78954.5 -> Venda $79075.2;0.08;1035.7
1788207629;31/08/2026 20:20:29;GRID_HUNTER;BTC/USDT;LUCRO_GRADE;Compra $78972.3 -> Venda $79125.6;0.08;1035.77
1788210300;31/08/2026 21:05:00;PAIRS_TRADING;ETH/BTC;FECHAMENTO_RETORNO_MEDIA;Z_in=4.28 -> Z_out=0.07;17.15;1052.92
1788220819;01/09/2026 00:00:19;FUNDING_RATE;BNCUSDT;CREDITO_8H;Taxa: 0.6843%;1.71;1054.63
1788273385;01/09/2026 14:36:25;GRID_HUNTER;BTC/USDT;LUCRO_GRADE;Compra $78262.1 -> Venda $78400.0;0.08;1000.08
1788278420;01/09/2026 16:00:20;FUNDING_RATE;VSTUSDT;CREDITO_8H;Taxa: 0.1388%;0.35;1000.42
1788278837;01/09/2026 16:07:17;PAIRS_TRADING;ETH/BTC;FECHAMENTO_RETORNO_MEDIA;Z_in=4.2 -> Z_out=0.07;16.68;1017.1
1788307218;02/09/2026 00:00:18;FUNDING_RATE;GDXUSDT;CREDITO_8H;Taxa: 0.1697%;0.42;1017.53
1788336005;02/09/2026 08:00:05;FUNDING_RATE;BNCUSDT;CREDITO_8H;Taxa: 0.5232%;1.31;1018.83
1788352794;02/09/2026 12:39:54;PAIRS_TRADING;ETH/BTC;FECHAMENTO_RETORNO_MEDIA;Z_in=4.37 -> Z_out=0.07;17.3;1036.13
1788355706;02/09/2026 13:28:26;GRID_HUNTER;BTC/USDT;LUCRO_GRADE;Compra $76779.1 -> Venda $76908.5;0.08;1000.08
1788356461;02/09/2026 13:41:01;GRID_HUNTER;BTC/USDT;LUCRO_GRADE;Compra $76684.0 -> Venda $76807.3;0.08;1000.16
1788356522;02/09/2026 13:42:02;GRID_HUNTER;BTC/USDT;LUCRO_GRADE;Compra $76774.2 -> Venda $76940.9;0.08;1000.23
1788356554;02/09/2026 13:42:34;GRID_HUNTER;BTC/USDT;LUCRO_GRADE;Compra $76869.9 -> Venda $77078.0;0.08;1000.31
1788356569;02/09/2026 13:42:49;GRID_HUNTER;BTC/USDT;LUCRO_GRADE;Compra $76960.0 -> Venda $77187.9;0.08;1000.39
1788356630;02/09/2026 13:43:50;GRID_HUNTER;BTC/USDT;LUCRO_GRADE;Compra $77078.0 -> Venda $77225.5;0.08;1000.47
1788356677;02/09/2026 13:44:37;GRID_HUNTER;BTC/USDT;LUCRO_GRADE;Compra $77187.9 -> Venda $77348.1;0.08;1000.55
1788356754;02/09/2026 13:45:54;GRID_HUNTER;BTC/USDT;LUCRO_GRADE;Compra $77286.6 -> Venda $77409.1;0.08;1000.62
1788357153;02/09/2026 13:52:33;GRID_HUNTER;BTC/USDT;LUCRO_GRADE;Compra $77142.0 -> Venda $77268.0;0.08;1000.7
1788357417;02/09/2026 13:56:57;GRID_HUNTER;BTC/USDT;LUCRO_GRADE;Compra $77018.4 -> Venda $77144.4;0.08;1000.78
1788357785;02/09/2026 14:03:05;GRID_HUNTER;BTC/USDT;LUCRO_GRADE;Compra $77070.0 -> Venda $77200.4;0.08;1000.86
1788357969;02/09/2026 14:06:09;GRID_HUNTER;BTC/USDT;LUCRO_GRADE;Compra $77059.3 -> Venda $77238.0;0.08;1000.94
1788358062;02/09/2026 14:07:42;GRID_HUNTER;BTC/USDT;LUCRO_GRADE;Compra $77151.2 -> Venda $77302.0;0.08;1001.01
1788358568;02/09/2026 14:16:08;GRID_HUNTER;BTC/USDT;LUCRO_GRADE;Compra $77232.0 -> Venda $77374.5;0.08;1001.09
1788358783;02/09/2026 14:19:43;PAIRS_TRADING;ETH/BTC;FECHAMENTO_RETORNO_MEDIA;Z_in=3.43 -> Z_out=0.07;13.31;1014.4
1788358910;02/09/2026 14:21:50;GRID_HUNTER;BTC/USDT;LUCRO_GRADE;Compra $77294.1 -> Venda $77420.0;0.08;1014.48
1788360249;02/09/2026 14:44:09;GRID_HUNTER;BTC/USDT;LUCRO_GRADE;Compra $77194.0 -> Venda $77346.7;0.08;1014.56
1788363208;02/09/2026 15:33:28;GRID_HUNTER;BTC/USDT;LUCRO_GRADE;Compra $77110.0 -> Venda $77252.0;0.08;1014.63
1788363285;02/09/2026 15:34:45;GRID_HUNTER;BTC/USDT;LUCRO_GRADE;Compra $77226.0 -> Venda $77350.0;0.08;1014.71
1788363760;02/09/2026 15:42:40;GRID_HUNTER;BTC/USDT;LUCRO_GRADE;Compra $77169.5 -> Venda $77333.8;0.08;1014.79
1788364817;02/09/2026 16:00:17;FUNDING_RATE;CSOPSKHYNIX2LUSDT;CREDITO_8H;Taxa: 0.1843%;0.46;1015.25
1788365507;02/09/2026 16:11:47;GRID_HUNTER;BTC/USDT;LUCRO_GRADE;Compra $77220.1 -> Venda $77344.0;0.08;1015.33
1788365906;02/09/2026 16:18:26;GRID_HUNTER;BTC/USDT;LUCRO_GRADE;Compra $77308.0 -> Venda $77451.8;0.08;1015.4
1788366013;02/09/2026 16:20:13;GRID_HUNTER;BTC/USDT;LUCRO_GRADE;Compra $77396.3 -> Venda $77530.0;0.08;1015.48
1788372925;02/09/2026 18:15:25;GRID_HUNTER;BTC/USDT;LUCRO_GRADE;Compra $77324.0 -> Venda $77445.3;0.08;1015.56
1788379431;02/09/2026 20:03:51;GRID_HUNTER;BTC/USDT;LUCRO_GRADE;Compra $77319.0 -> Venda $77454.0;0.08;1015.64
1788380673;02/09/2026 20:24:33;GRID_HUNTER;BTC/USDT;LUCRO_GRADE;Compra $77312.0 -> Venda $77449.2;0.08;1015.71
1788382156;02/09/2026 20:49:16;PAIRS_TRADING;ETH/BTC;FECHAMENTO_RETORNO_MEDIA;Z_in=3.63 -> Z_out=0.07;14.18;1029.89
1788382613;02/09/2026 20:56:53;GRID_HUNTER;BTC/USDT;LUCRO_GRADE;Compra $77320.0 -> Venda $77449.3;0.08;1029.97
1788393618;03/09/2026 00:00:18;FUNDING_RATE;PAYPUSDT;CREDITO_8H;Taxa: 0.3461%;0.87;1030.83
1788399003;03/09/2026 01:30:03;GRID_HUNTER;BTC/USDT;LUCRO_GRADE;Compra $77321.2 -> Venda $77472.1;0.08;1030.91
1788399511;03/09/2026 01:38:31;GRID_HUNTER;BTC/USDT;LUCRO_GRADE;Compra $77324.0 -> Venda $77447.0;0.08;1030.99
1788400417;03/09/2026 01:53:37;GRID_HUNTER;BTC/USDT;LUCRO_GRADE;Compra $77324.3 -> Venda $77464.0;0.08;1031.07
1788401629;03/09/2026 02:13:49;GRID_HUNTER;BTC/USDT;LUCRO_GRADE;Compra $77312.0 -> Venda $77471.4;0.08;1031.14
1788402273;03/09/2026 02:24:33;GRID_HUNTER;BTC/USDT;LUCRO_GRADE;Compra $77404.4 -> Venda $77560.0;0.08;1031.22
1788402549;03/09/2026 02:29:09;GRID_HUNTER;BTC/USDT;LUCRO_GRADE;Compra $77485.7 -> Venda $77609.4;0.08;1031.3
1788402733;03/09/2026 02:32:13;GRID_HUNTER;BTC/USDT;LUCRO_GRADE;Compra $77572.8 -> Venda $77722.0;0.08;1031.38
1788402887;03/09/2026 02:34:47;GRID_HUNTER;BTC/USDT;LUCRO_GRADE;Compra $77675.1 -> Venda $77874.0;0.08;1031.45
1788402917;03/09/2026 02:35:17;GRID_HUNTER;BTC/USDT;LUCRO_GRADE;Compra $77770.0 -> Venda $77900.0;0.08;1031.53
1788408652;03/09/2026 04:10:52;GRID_HUNTER;BTC/USDT;LUCRO_GRADE;Compra $77688.0 -> Venda $77833.1;0.08;1031.61
1788411111;03/09/2026 04:51:51;GRID_HUNTER;BTC/USDT;LUCRO_GRADE;Compra $77577.0 -> Venda $77698.0;0.08;1031.68
1788411648;03/09/2026 05:00:48;GRID_HUNTER;BTC/USDT;LUCRO_GRADE;Compra $77686.9 -> Venda $77814.3;0.08;1031.76
1788414980;03/09/2026 05:56:20;GRID_HUNTER;BTC/USDT;LUCRO_GRADE;Compra $77608.0 -> Venda $77774.0;0.08;1031.84
1788415057;03/09/2026 05:57:37;GRID_HUNTER;BTC/USDT;LUCRO_GRADE;Compra $77690.6 -> Venda $77821.0;0.08;1031.92
1788419051;03/09/2026 07:04:11;GRID_HUNTER;BTC/USDT;LUCRO_GRADE;Compra $77874.0 -> Venda $77998.6;0.08;1031.99
1788419051;03/09/2026 07:04:11;GRID_HUNTER;BTC/USDT;LUCRO_GRADE;Compra $77778.0 -> Venda $77998.6;0.08;1032.07
1788419082;03/09/2026 07:04:42;GRID_HUNTER;BTC/USDT;LUCRO_GRADE;Compra $77998.6 -> Venda $78134.0;0.08;1032.15
1788421322;03/09/2026 07:42:02;GRID_HUNTER;BTC/USDT;LUCRO_GRADE;Compra $77926.0 -> Venda $78070.0;0.08;1032.22
1788422403;03/09/2026 08:00:03;FUNDING_RATE;ESPORTSUSDT;CREDITO_8H;Taxa: 0.2539%;0.63;1032.86
1788422720;03/09/2026 08:05:20;GRID_HUNTER;BTC/USDT;LUCRO_GRADE;Compra $77822.2 -> Venda $77958.0;0.08;1032.94
1788422796;03/09/2026 08:06:36;GRID_HUNTER;BTC/USDT;LUCRO_GRADE;Compra $77906.0 -> Venda $78030.0;0.08;1033.01
1788424162;03/09/2026 08:29:22;GRID_HUNTER;BTC/USDT;LUCRO_GRADE;Compra $77834.5 -> Venda $77959.6;0.08;1033.09
1788426722;03/09/2026 09:12:02;GRID_HUNTER;BTC/USDT;LUCRO_GRADE;Compra $77822.7 -> Venda $77946.0;0.08;1033.17
1788435187;03/09/2026 11:33:07;GRID_HUNTER;BTC/USDT;LUCRO_GRADE;Compra $77844.4 -> Venda $77976.0;0.08;1033.24
1788437497;03/09/2026 12:11:37;GRID_HUNTER;BTC/USDT;LUCRO_GRADE;Compra $77924.6 -> Venda $78057.9;0.08;1033.32
1788438659;03/09/2026 12:30:59;GRID_HUNTER;BTC/USDT;LUCRO_GRADE;Compra $78010.0 -> Venda $78201.0;0.08;1033.4
1788438722;03/09/2026 12:32:02;GRID_HUNTER;BTC/USDT;LUCRO_GRADE;Compra $78104.0 -> Venda $78260.5;0.08;1033.48
1788438738;03/09/2026 12:32:18;GRID_HUNTER;BTC/USDT;LUCRO_GRADE;Compra $78201.0 -> Venda $78380.0;0.08;1033.55
1788439097;03/09/2026 12:38:17;GRID_HUNTER;BTC/USDT;LUCRO_GRADE;Compra $78260.0 -> Venda $78381.4;0.08;1033.63
1788439845;03/09/2026 12:50:45;GRID_HUNTER;BTC/USDT;LUCRO_GRADE;Compra $78278.0 -> Venda $78406.1;0.08;1033.71
1788440000;03/09/2026 12:53:20;GRID_HUNTER;BTC/USDT;LUCRO_GRADE;Compra $78380.0 -> Venda $78503.9;0.08;1033.78
1788440138;03/09/2026 12:55:38;GRID_HUNTER;BTC/USDT;LUCRO_GRADE;Compra $78474.0 -> Venda $78614.8;0.08;1033.86
1788440169;03/09/2026 12:56:09;GRID_HUNTER;BTC/USDT;LUCRO_GRADE;Compra $78558.0 -> Venda $78678.0;0.08;1033.93
1788440338;03/09/2026 12:58:58;GRID_HUNTER;BTC/USDT;LUCRO_GRADE;Compra $78660.2 -> Venda $78780.7;0.08;1034.01
1788440631;03/09/2026 13:03:51;GRID_HUNTER;BTC/USDT;LUCRO_GRADE;Compra $78565.3 -> Venda $78708.8;0.08;1034.09
1788441748;03/09/2026 13:22:28;GRID_HUNTER;BTC/USDT;LUCRO_GRADE;Compra $78471.3 -> Venda $78600.0;0.08;1034.16
1788442279;03/09/2026 13:31:19;GRID_HUNTER;BTC/USDT;LUCRO_GRADE;Compra $78464.0 -> Venda $78608.0;0.08;1034.24
1788442450;03/09/2026 13:34:10;GRID_HUNTER;BTC/USDT;LUCRO_GRADE;Compra $78553.1 -> Venda $78688.0;0.08;1034.32
1788442684;03/09/2026 13:38:04;GRID_HUNTER;BTC/USDT;LUCRO_GRADE;Compra $78542.3 -> Venda $78684.9;0.08;1034.39
1788442747;03/09/2026 13:39:07;GRID_HUNTER;BTC/USDT;LUCRO_GRADE;Compra $78664.2 -> Venda $78797.7;0.08;1034.47
1788442824;03/09/2026 13:40:24;GRID_HUNTER;BTC/USDT;LUCRO_GRADE;Compra $78754.4 -> Venda $78878.1;0.08;1034.55
1788443181;03/09/2026 13:46:21;GRID_HUNTER;BTC/USDT;LUCRO_GRADE;Compra $78850.0 -> Venda $78988.6;0.08;1034.62
1788444259;03/09/2026 14:04:19;GRID_HUNTER;BTC/USDT;LUCRO_GRADE;Compra $78771.0 -> Venda $78920.0;0.08;1034.7
1788444382;03/09/2026 14:06:22;PAIRS_TRADING;ETH/BTC;FECHAMENTO_RETORNO_MEDIA;Z_in=3.02 -> Z_out=0.07;11.75;1046.45
1788445929;03/09/2026 14:32:09;GRID_HUNTER;BTC/USDT;LUCRO_GRADE;Compra $78939.6 -> Venda $79789.9;0.08;1046.53
1788445929;03/09/2026 14:32:09;GRID_HUNTER;BTC/USDT;LUCRO_GRADE;Compra $78856.0 -> Venda $79789.9;0.08;1046.6
1788445929;03/09/2026 14:32:09;GRID_HUNTER;BTC/USDT;LUCRO_GRADE;Compra $63100.0 -> Venda $79789.9;0.1;1046.7
1788446527;03/09/2026 14:42:07;GRID_HUNTER;BTC/USDT;LUCRO_GRADE;Compra $79622.8 -> Venda $79743.5;0.08;1046.77
1788446558;03/09/2026 14:42:38;GRID_HUNTER;BTC/USDT;LUCRO_GRADE;Compra $79708.3 -> Venda $79833.9;0.08;1046.85
1788446790;03/09/2026 14:46:30;GRID_HUNTER;BTC/USDT;LUCRO_GRADE;Compra $79789.9 -> Venda $79932.2;0.08;1046.92
1788446899;03/09/2026 14:48:19;GRID_HUNTER;BTC/USDT;LUCRO_GRADE;Compra $79900.0 -> Venda $80131.2;0.08;1047.0
1788446899;03/09/2026 14:48:19;GRID_HUNTER;BTC/USDT;LUCRO_GRADE;Compra $79980.0 -> Venda $80131.2;0.08;1047.07
1788446930;03/09/2026 14:48:50;GRID_HUNTER;BTC/USDT;LUCRO_GRADE;Compra $80131.2 -> Venda $80260.0;0.07;1047.15
1788446946;03/09/2026 14:49:06;GRID_HUNTER;BTC/USDT;LUCRO_GRADE;Compra $80250.0 -> Venda $80416.0;0.07;1047.22
1788447260;03/09/2026 14:54:20;GRID_HUNTER;BTC/USDT;LUCRO_GRADE;Compra $80125.6 -> Venda $80250.0;0.07;1047.3
1788447528;03/09/2026 14:58:48;GRID_HUNTER;BTC/USDT;LUCRO_GRADE;Compra $80224.0 -> Venda $80430.6;0.07;1047.37
1788447566;03/09/2026 14:59:26;PAIRS_TRADING;ETH/BTC;FECHAMENTO_RETORNO_MEDIA;Z_in=2.69 -> Z_out=0.07;10.67;1058.04
1788447591;03/09/2026 14:59:51;GRID_HUNTER;BTC/USDT;LUCRO_GRADE;Compra $80332.4 -> Venda $80506.6;0.07;1058.12
1788447591;03/09/2026 14:59:51;GRID_HUNTER;BTC/USDT;LUCRO_GRADE;Compra $63100.0 -> Venda $80506.6;0.1;1058.21
1788447609;03/09/2026 15:00:09;PAIRS_TRADING;ETH/BTC;FECHAMENTO_RETORNO_MEDIA;Z_in=3.04 -> Z_out=0.07;12.22;1070.44
1788447626;03/09/2026 15:00:26;GRID_HUNTER;BTC/USDT;LUCRO_GRADE;Compra $80416.0 -> Venda $80558.0;0.07;1070.51
1788447626;03/09/2026 15:00:26;GRID_HUNTER;BTC/USDT;LUCRO_GRADE;Compra $63100.0 -> Venda $80558.0;0.1;1070.61
1788447673;03/09/2026 15:01:13;GRID_HUNTER;BTC/USDT;LUCRO_GRADE;Compra $80506.6 -> Venda $80633.4;0.07;1070.68
1788447735;03/09/2026 15:02:15;GRID_HUNTER;BTC/USDT;LUCRO_GRADE;Compra $80633.4 -> Venda $80848.6;0.07;1070.76
1788447751;03/09/2026 15:02:31;GRID_HUNTER;BTC/USDT;LUCRO_GRADE;Compra $80742.0 -> Venda $80900.0;0.07;1070.83
1788447958;03/09/2026 15:05:58;GRID_HUNTER;BTC/USDT;LUCRO_GRADE;Compra $80680.2 -> Venda $80859.5;0.07;1070.9
1788449488;03/09/2026 15:31:28;GRID_HUNTER;BTC/USDT;LUCRO_GRADE;Compra $80664.0 -> Venda $80800.0;0.07;1070.98
1788449733;03/09/2026 15:35:33;PAIRS_TRADING;ETH/BTC;FECHAMENTO_RETORNO_MEDIA;Z_in=3.12 -> Z_out=0.07;12.6;1083.58
1788450219;03/09/2026 15:43:39;GRID_HUNTER;BTC/USDT;LUCRO_GRADE;Compra $80762.5 -> Venda $80943.6;0.07;1083.65
1788450219;03/09/2026 15:43:39;GRID_HUNTER;BTC/USDT;LUCRO_GRADE;Compra $63100.0 -> Venda $80943.6;0.1;1083.75
1788450235;03/09/2026 15:43:55;PAIRS_TRADING;ETH/BTC;FECHAMENTO_RETORNO_MEDIA;Z_in=2.84 -> Z_out=0.07;11.44;1095.19
1788450944;03/09/2026 15:55:44;GRID_HUNTER;BTC/USDT;LUCRO_GRADE;Compra $80848.6 -> Venda $81231.1;0.07;1095.26
1788450944;03/09/2026 15:55:44;GRID_HUNTER;BTC/USDT;LUCRO_GRADE;Compra $80946.4 -> Venda $81231.1;0.07;1095.34
1788450944;03/09/2026 15:55:44;GRID_HUNTER;BTC/USDT;LUCRO_GRADE;Compra $63100.0 -> Venda $81231.1;0.1;1095.43
1788451163;03/09/2026 15:59:23;GRID_HUNTER;BTC/USDT;LUCRO_GRADE;Compra $81231.1 -> Venda $81370.3;0.07;1095.51
1788451212;03/09/2026 16:00:12;FUNDING_RATE;FWDIUSDT;CREDITO_8H;Taxa: 0.2235%;0.56;1096.06
1788451587;03/09/2026 16:06:27;PAIRS_TRADING;ETH/BTC;FECHAMENTO_RETORNO_MEDIA;Z_in=3.0 -> Z_out=0.07;12.17;1108.24
1788452984;03/09/2026 16:29:44;PAIRS_TRADING;ETH/BTC;FECHAMENTO_RETORNO_MEDIA;Z_in=3.04 -> Z_out=0.07;12.31;1120.54
1788453631;03/09/2026 16:40:31;PAIRS_TRADING;ETH/BTC;FECHAMENTO_RETORNO_MEDIA;Z_in=2.85 -> Z_out=0.07;11.46;1132.01
1788453723;03/09/2026 16:42:03;PAIRS_TRADING;ETH/BTC;FECHAMENTO_RETORNO_MEDIA;Z_in=27.55 -> Z_out=0.07;91.04;1223.05
1788453970;03/09/2026 16:46:10;PAIRS_TRADING;ETH/BTC;FECHAMENTO_RETORNO_MEDIA;Z_in=2.73 -> Z_out=0.07;10.95;1234.0
1788454008;03/09/2026 16:46:48;PAIRS_TRADING;ETH/BTC;FECHAMENTO_RETORNO_MEDIA;Z_in=2.77 -> Z_out=0.07;11.14;1245.15
1788454065;03/09/2026 16:47:45;PAIRS_TRADING;ETH/BTC;FECHAMENTO_RETORNO_MEDIA;Z_in=2.78 -> Z_out=0.07;11.18;1256.33
1788454201;03/09/2026 16:50:01;PAIRS_TRADING;ETH/BTC;FECHAMENTO_RETORNO_MEDIA;Z_in=27.72 -> Z_out=0.07;91.61;1347.94
1788454275;03/09/2026 16:51:15;PAIRS_TRADING;ETH/BTC;FECHAMENTO_RETORNO_MEDIA;Z_in=2.7 -> Z_out=0.07;10.88;1358.82
1788454317;03/09/2026 16:51:57;PAIRS_TRADING;ETH/BTC;FECHAMENTO_RETORNO_MEDIA;Z_in=27.6 -> Z_out=0.07;91.21;1450.03
1788454491;03/09/2026 16:54:51;PAIRS_TRADING;ETH/BTC;FECHAMENTO_RETORNO_MEDIA;Z_in=27.68 -> Z_out=0.07;91.46;1541.49
1788454550;03/09/2026 16:55:50;PAIRS_TRADING;ETH/BTC;FECHAMENTO_RETORNO_MEDIA;Z_in=2.76 -> Z_out=0.07;11.1;1552.58
1788454667;03/09/2026 16:57:47;PAIRS_TRADING;ETH/BTC;FECHAMENTO_RETORNO_MEDIA;Z_in=27.69 -> Z_out=0.07;91.51;1644.09
1788455218;03/09/2026 17:06:58;PAIRS_TRADING;ETH/BTC;FECHAMENTO_RETORNO_MEDIA;Z_in=2.73 -> Z_out=0.07;10.97;1655.06
1788455682;03/09/2026 17:14:42;PAIRS_TRADING;ETH/BTC;FECHAMENTO_RETORNO_MEDIA;Z_in=2.76 -> Z_out=0.07;11.11;1666.17
1788457063;03/09/2026 17:37:43;GRID_HUNTER;BTC/USDT;LUCRO_GRADE;Compra $81036.0 -> Venda $81158.1;0.07;1666.25
1788457643;03/09/2026 17:47:23;GRID_HUNTER;BTC/USDT;LUCRO_GRADE;Compra $81046.5 -> Venda $81168.1;0.07;1666.32
1788458629;03/09/2026 18:03:49;GRID_HUNTER;BTC/USDT;LUCRO_GRADE;Compra $81048.3 -> Venda $81182.0;0.07;1666.39
1788458833;03/09/2026 18:07:13;GRID_HUNTER;BTC/USDT;LUCRO_GRADE;Compra $81130.9 -> Venda $81265.6;0.07;1666.47
1788460455;03/09/2026 18:34:15;PAIRS_TRADING;ETH/BTC;FECHAMENTO_RETORNO_MEDIA;Z_in=2.85 -> Z_out=0.07;11.5;1677.97
1788461653;03/09/2026 18:54:13;GRID_HUNTER;BTC/USDT;LUCRO_GRADE;Compra $81069.8 -> Venda $81190.0;0.07;1678.05
1788462103;03/09/2026 19:01:43;GRID_HUNTER;BTC/USDT;LUCRO_GRADE;Compra $81150.0 -> Venda $81270.3;0.07;1678.12
1788462304;03/09/2026 19:05:04;GRID_HUNTER;BTC/USDT;LUCRO_GRADE;Compra $81240.0 -> Venda $81428.0;0.07;1678.19
1788462665;03/09/2026 19:11:05;PAIRS_TRADING;ETH/BTC;FECHAMENTO_RETORNO_MEDIA;Z_in=2.93 -> Z_out=0.07;11.83;1690.02
1788465489;03/09/2026 19:58:09;GRID_HUNTER;BTC/USDT;LUCRO_GRADE;Compra $81332.5 -> Venda $81753.8;0.07;1690.1
1788465489;03/09/2026 19:58:09;GRID_HUNTER;BTC/USDT;LUCRO_GRADE;Compra $81428.0 -> Venda $81753.8;0.07;1690.17
1788465489;03/09/2026 19:58:09;GRID_HUNTER;BTC/USDT;LUCRO_GRADE;Compra $81199.7 -> Venda $81753.8;0.07;1690.25
1788465489;03/09/2026 19:58:09;GRID_HUNTER;BTC/USDT;LUCRO_GRADE;Compra $63100.0 -> Venda $81753.8;0.1;1690.34
1788465815;03/09/2026 20:03:35;GRID_HUNTER;BTC/USDT;LUCRO_GRADE;Compra $81428.3 -> Venda $81555.1;0.07;1690.41
1788466126;03/09/2026 20:08:46;GRID_HUNTER;BTC/USDT;LUCRO_GRADE;Compra $81538.9 -> Venda $81688.1;0.07;1690.49
1788466277;03/09/2026 20:11:17;PAIRS_TRADING;ETH/BTC;FECHAMENTO_RETORNO_MEDIA;Z_in=2.63 -> Z_out=0.07;10.63;1701.12
1788466611;03/09/2026 20:16:51;GRID_HUNTER;BTC/USDT;LUCRO_GRADE;Compra $63100.0 -> Venda $81423.9;0.1;1701.21
1788466695;03/09/2026 20:18:15;PAIRS_TRADING;ETH/BTC;FECHAMENTO_RETORNO_MEDIA;Z_in=2.82 -> Z_out=0.07;11.43;1712.64
1788467331;03/09/2026 20:28:51;GRID_HUNTER;BTC/USDT;LUCRO_GRADE;Compra $81423.9 -> Venda $81568.0;0.07;1712.72
1788467925;03/09/2026 20:38:45;GRID_HUNTER;BTC/USDT;LUCRO_GRADE;Compra $81407.8 -> Venda $81578.0;0.07;1712.79
1788468530;03/09/2026 20:48:50;GRID_HUNTER;BTC/USDT;LUCRO_GRADE;Compra $81434.0 -> Venda $81555.2;0.07;1712.86
1788469987;03/09/2026 21:13:07;GRID_HUNTER;BTC/USDT;LUCRO_GRADE;Compra $81424.0 -> Venda $81570.0;0.07;1712.94
1788470280;03/09/2026 21:18:00;PAIRS_TRADING;ETH/BTC;FECHAMENTO_RETORNO_MEDIA;Z_in=2.82 -> Z_out=0.07;11.45;1724.38
1788470402;03/09/2026 21:20:02;GRID_HUNTER;BTC/USDT;LUCRO_GRADE;Compra $63100.0 -> Venda $81565.5;0.1;1724.48
1788470514;03/09/2026 21:21:54;PAIRS_TRADING;ETH/BTC;FECHAMENTO_RETORNO_MEDIA;Z_in=2.65 -> Z_out=0.07;10.71;1735.19
1788470545;03/09/2026 21:22:25;GRID_HUNTER;BTC/USDT;LUCRO_GRADE;Compra $63100.0 -> Venda $81610.9;0.1;1735.28
1788470858;03/09/2026 21:27:38;PAIRS_TRADING;ETH/BTC;FECHAMENTO_RETORNO_MEDIA;Z_in=2.57 -> Z_out=0.07;10.39;1745.67
1788470865;03/09/2026 21:27:45;GRID_HUNTER;BTC/USDT;LUCRO_GRADE;Compra $63100.0 -> Venda $81582.8;0.1;1745.77
1788470945;03/09/2026 21:29:05;PAIRS_TRADING;ETH/BTC;FECHAMENTO_RETORNO_MEDIA;Z_in=2.59 -> Z_out=0.07;10.45;1756.22
1788471349;03/09/2026 21:35:49;GRID_HUNTER;BTC/USDT;LUCRO_GRADE;Compra $81753.8 -> Venda $81920.0;0.07;1756.29
1788471349;03/09/2026 21:35:49;GRID_HUNTER;BTC/USDT;LUCRO_GRADE;Compra $81644.9 -> Venda $81920.0;0.07;1756.36
1788471349;03/09/2026 21:35:49;GRID_HUNTER;BTC/USDT;LUCRO_GRADE;Compra $81515.8 -> Venda $81920.0;0.07;1756.44
1788471349;03/09/2026 21:35:49;GRID_HUNTER;BTC/USDT;LUCRO_GRADE;Compra $63100.0 -> Venda $81920.0;0.1;1756.53
1788472491;03/09/2026 21:54:51;GRID_HUNTER;BTC/USDT;LUCRO_GRADE;Compra $81621.6 -> Venda $81742.8;0.07;1756.61
1788480009;04/09/2026 00:00:09;FUNDING_RATE;GPROUSDT;CREDITO_8H;Taxa: 0.2471%;0.62;1757.22
1788508806;04/09/2026 08:00:06;FUNDING_RATE;BNCUSDT;CREDITO_8H;Taxa: 0.3411%;0.85;1758.08
1788528542;04/09/2026 13:29:02;PAIRS_TRADING;ETH/BTC;FECHAMENTO_RETORNO_MEDIA;Z_in=2.57 -> Z_out=0.07;10.4;1768.48
1788530292;04/09/2026 13:58:12;GRID_HUNTER;BTC/USDT;LUCRO_GRADE;Compra $79350.2 -> Venda $79495.1;0.08;1000.08
1788530476;04/09/2026 14:01:16;GRID_HUNTER;BTC/USDT;LUCRO_GRADE;Compra $79348.0 -> Venda $79508.0;0.08;1000.15
1788531228;04/09/2026 14:13:48;GRID_HUNTER;BTC/USDT;LUCRO_GRADE;Compra $79317.0 -> Venda $79456.0;0.08;1000.23
1788531969;04/09/2026 14:26:09;GRID_HUNTER;BTC/USDT;LUCRO_GRADE;Compra $79262.0 -> Venda $79398.0;0.08;1000.3
1788532127;04/09/2026 14:28:47;GRID_HUNTER;BTC/USDT;LUCRO_GRADE;Compra $63100.0 -> Venda $79360.8;0.1;1000.4
1788532271;04/09/2026 14:31:11;GRID_HUNTER;BTC/USDT;LUCRO_GRADE;Compra $63100.0 -> Venda $79357.0;0.1;1000.49
1788533903;04/09/2026 14:58:23;PAIRS_TRADING;ETH/BTC;FECHAMENTO_RETORNO_MEDIA;Z_in=3.02 -> Z_out=0.07;11.99;1012.48
1788538755;04/09/2026 16:19:15;GRID_HUNTER;BTC/USDT;LUCRO_GRADE;Compra $79350.0 -> Venda $79488.3;0.08;1012.55
1788538755;04/09/2026 16:19:15;GRID_HUNTER;BTC/USDT;LUCRO_GRADE;Compra $79262.5 -> Venda $79488.3;0.08;1012.63
1788538767;04/09/2026 16:19:27;FUNDING_RATE;CSOPSAMSUNG2LUSDT;CREDITO_8H;Taxa: 0.2901%;0.73;1013.36
1788538859;04/09/2026 16:20:59;PAIRS_TRADING;ETH/BTC;FECHAMENTO_RETORNO_MEDIA;Z_in=2.85 -> Z_out=0.07;11.3;1024.66
1788538879;04/09/2026 16:21:19;GRID_HUNTER;BTC/USDT;LUCRO_GRADE;Compra $63100.0 -> Venda $79515.2;0.1;1024.75
1788538906;04/09/2026 16:21:46;PAIRS_TRADING;ETH/BTC;FECHAMENTO_RETORNO_MEDIA;Z_in=2.86 -> Z_out=0.07;11.33;1036.09
1788538925;04/09/2026 16:22:05;GRID_HUNTER;BTC/USDT;LUCRO_GRADE;Compra $63100.0 -> Venda $79516.6;0.1;1036.18
1788539130;04/09/2026 16:25:30;PAIRS_TRADING;ETH/BTC;FECHAMENTO_RETORNO_MEDIA;Z_in=2.89 -> Z_out=0.07;11.47;1047.65
1788539295;04/09/2026 16:28:15;GRID_HUNTER;BTC/USDT;LUCRO_GRADE;Compra $63100.0 -> Venda $79548.9;0.1;1047.74
1788539450;04/09/2026 16:30:50;GRID_HUNTER;BTC/USDT;LUCRO_GRADE;Compra $79434.0 -> Venda $79564.0;0.08;1047.82
1788539575;04/09/2026 16:32:55;GRID_HUNTER;BTC/USDT;LUCRO_GRADE;Compra $79522.0 -> Venda $79655.9;0.08;1047.89
1788539619;04/09/2026 16:33:39;PAIRS_TRADING;ETH/BTC;FECHAMENTO_RETORNO_MEDIA;Z_in=2.83 -> Z_out=0.07;11.23;1059.12
1788540116;04/09/2026 16:41:56;GRID_HUNTER;BTC/USDT;LUCRO_GRADE;Compra $79628.0 -> Venda $79839.9;0.08;1059.2
1788540116;04/09/2026 16:41:56;GRID_HUNTER;BTC/USDT;LUCRO_GRADE;Compra $79717.1 -> Venda $79839.9;0.08;1059.27
1788540116;04/09/2026 16:41:56;GRID_HUNTER;BTC/USDT;LUCRO_GRADE;Compra $63100.0 -> Venda $79839.9;0.1;1059.37
1788540326;04/09/2026 16:45:26;PAIRS_TRADING;ETH/BTC;FECHAMENTO_RETORNO_MEDIA;Z_in=2.77 -> Z_out=0.07;11.02;1070.38
1788540484;04/09/2026 16:48:04;GRID_HUNTER;BTC/USDT;LUCRO_GRADE;Compra $63100.0 -> Venda $79801.7;0.1;1070.48
1788540718;04/09/2026 16:51:58;PAIRS_TRADING;ETH/BTC;FECHAMENTO_RETORNO_MEDIA;Z_in=2.82 -> Z_out=0.07;11.24;1081.72
1788540898;04/09/2026 16:54:58;GRID_HUNTER;BTC/USDT;LUCRO_GRADE;Compra $63100.0 -> Venda $79740.2;0.1;1081.81
1788541742;04/09/2026 17:09:02;PAIRS_TRADING;ETH/BTC;FECHAMENTO_RETORNO_MEDIA;Z_in=2.89 -> Z_out=0.07;11.49;1093.3
1788541757;04/09/2026 17:09:17;GRID_HUNTER;BTC/USDT;LUCRO_GRADE;Compra $63100.0 -> Venda $79684.4;0.1;1093.4
1788542537;04/09/2026 17:22:17;PAIRS_TRADING;ETH/BTC;FECHAMENTO_RETORNO_MEDIA;Z_in=2.75 -> Z_out=0.07;10.88;1010.88
1788542716;04/09/2026 17:25:16;GRID_HUNTER;BTC/USDT;LUCRO_GRADE;Compra $63100.0 -> Venda $79578.0;0.1;1010.98
1788544877;04/09/2026 18:01:17;GRID_HUNTER;BTC/USDT;LUCRO_GRADE;Compra $79440.1 -> Venda $79570.0;0.08;1011.05
1788548302;04/09/2026 18:58:22;GRID_HUNTER;BTC/USDT;LUCRO_GRADE;Compra $79535.3 -> Venda $79655.9;0.08;1011.13
1788549438;04/09/2026 19:17:18;GRID_HUNTER;BTC/USDT;LUCRO_GRADE;Compra $79623.1 -> Venda $79746.8;0.08;1011.2
1788554109;04/09/2026 20:35:09;PAIRS_TRADING;ETH/BTC;FECHAMENTO_RETORNO_MEDIA;Z_in=2.68 -> Z_out=0.07;10.65;1010.65
1788554285;04/09/2026 20:38:05;GRID_HUNTER;BTC/USDT;LUCRO_GRADE;Compra $63100.0 -> Venda $79765.6;0.1;1010.74
1788555120;04/09/2026 20:52:00;PAIRS_TRADING;ETH/BTC;FECHAMENTO_RETORNO_MEDIA;Z_in=2.62 -> Z_out=0.07;10.39;1021.14
1788555421;04/09/2026 20:57:01;GRID_HUNTER;BTC/USDT;LUCRO_GRADE;Compra $63100.0 -> Venda $79702.0;0.1;1021.23
1788556873;04/09/2026 21:21:13;PAIRS_TRADING;ETH/BTC;FECHAMENTO_RETORNO_MEDIA;Z_in=2.59 -> Z_out=0.07;10.25;1031.48
1788557794;04/09/2026 21:36:34;GRID_HUNTER;BTC/USDT;LUCRO_GRADE;Compra $63100.0 -> Venda $79788.0;0.1;1031.58
1788559097;04/09/2026 21:58:17;GRID_HUNTER;BTC/USDT;LUCRO_GRADE;Compra $79515.8 -> Venda $79645.5;0.08;1031.65
1788564363;04/09/2026 23:26:03;GRID_HUNTER;BTC/USDT;LUCRO_GRADE;Compra $79603.1 -> Venda $79730.0;0.08;1031.73
1788566401;05/09/2026 00:00:01;FUNDING_RATE;ZSUSDT;CREDITO_8H;Taxa: 0.2003%;0.5;1032.23
1788590363;05/09/2026 06:39:23;GRID_HUNTER;BTC/USDT;LUCRO_GRADE;Compra $79529.7 -> Venda $79679.7;0.08;1032.3
1788593687;05/09/2026 07:34:47;GRID_HUNTER;BTC/USDT;LUCRO_GRADE;Compra $79617.2 -> Venda $79749.7;0.08;1032.38
1788595217;05/09/2026 08:00:17;FUNDING_RATE;BULLAUSDT;CREDITO_8H;Taxa: 0.1187%;0.3;1032.67
1788599595;05/09/2026 09:13:15;GRID_HUNTER;BTC/USDT;LUCRO_GRADE;Compra $79608.3 -> Venda $79736.0;0.08;1032.75
1788600716;05/09/2026 09:31:56;GRID_HUNTER;BTC/USDT;LUCRO_GRADE;Compra $63100.0 -> Venda $79697.7;0.1;1032.84
1788612102;05/09/2026 12:41:42;GRID_HUNTER;BTC/USDT;LUCRO_GRADE;Compra $79612.0 -> Venda $79742.0;0.08;1032.92
1788618397;05/09/2026 14:26:37;GRID_HUNTER;BTC/USDT;LUCRO_GRADE;Compra $79574.4 -> Venda $79713.9;0.08;1033.0
1788624015;05/09/2026 16:00:15;FUNDING_RATE;BNCUSDT;CREDITO_8H;Taxa: 0.1094%;0.27;1033.27
1788624096;05/09/2026 16:01:36;GRID_HUNTER;BTC/USDT;LUCRO_GRADE;Compra $79700.0 -> Venda $79821.0;0.08;1033.34
1788625827;05/09/2026 16:30:27;GRID_HUNTER;BTC/USDT;LUCRO_GRADE;Compra $79784.1 -> Venda $79905.3;0.08;1033.42
1788626979;05/09/2026 16:49:39;GRID_HUNTER;BTC/USDT;LUCRO_GRADE;Compra $79864.2 -> Venda $79986.0;0.08;1033.49
1788627241;05/09/2026 16:54:01;PAIRS_TRADING;ETH/BTC;FECHAMENTO_RETORNO_MEDIA;Z_in=2.64 -> Z_out=0.07;10.46;1043.96
1788628056;05/09/2026 17:07:36;GRID_HUNTER;BTC/USDT;LUCRO_GRADE;Compra $79964.0 -> Venda $80096.0;0.08;1044.03
1788628056;05/09/2026 17:07:36;GRID_HUNTER;BTC/USDT;LUCRO_GRADE;Compra $63100.0 -> Venda $80096.0;0.1;1044.13
1788644580;05/09/2026 21:43:00;GRID_HUNTER;BTC/USDT;LUCRO_GRADE;Compra $79790.1 -> Venda $79911.9;0.08;1044.2
1788652814;06/09/2026 00:00:14;FUNDING_RATE;BNCUSDT;CREDITO_8H;Taxa: 0.2704%;0.68;1044.88
1788656589;06/09/2026 01:03:09;GRID_HUNTER;BTC/USDT;LUCRO_GRADE;Compra $79850.0 -> Venda $79978.6;0.08;1044.95
1788658812;06/09/2026 01:40:12;GRID_HUNTER;BTC/USDT;LUCRO_GRADE;Compra $79930.0 -> Venda $80067.4;0.08;1045.03
1788666178;06/09/2026 03:42:58;GRID_HUNTER;BTC/USDT;LUCRO_GRADE;Compra $79920.0 -> Venda $80055.6;0.08;1045.1
1788672925;06/09/2026 05:35:25;GRID_HUNTER;BTC/USDT;LUCRO_GRADE;Compra $79826.0 -> Venda $79967.6;0.08;1045.18
1788673189;06/09/2026 05:39:49;GRID_HUNTER;BTC/USDT;LUCRO_GRADE;Compra $79919.5 -> Venda $80085.6;0.08;1045.25
1788681603;06/09/2026 08:00:03;FUNDING_RATE;BNCUSDT;CREDITO_8H;Taxa: 0.4621%;1.16;1046.41
1788686520;06/09/2026 09:22:00;GRID_HUNTER;BTC/USDT;LUCRO_GRADE;Compra $79834.0 -> Venda $79956.0;0.08;1046.48
1788689920;06/09/2026 10:18:40;GRID_HUNTER;BTC/USDT;LUCRO_GRADE;Compra $79848.5 -> Venda $79969.8;0.08;1046.56
1788690408;06/09/2026 10:26:48;PAIRS_TRADING;ETH/BTC;FECHAMENTO_RETORNO_MEDIA;Z_in=3.11 -> Z_out=0.07;12.49;1059.05
1788690908;06/09/2026 10:35:08;GRID_HUNTER;BTC/USDT;LUCRO_GRADE;Compra $63100.0 -> Venda $79979.2;0.1;1059.14
1788690955;06/09/2026 10:35:55;PAIRS_TRADING;ETH/BTC;FECHAMENTO_RETORNO_MEDIA;Z_in=3.98 -> Z_out=0.07;16.1;1075.24
1788691331;06/09/2026 10:42:11;GRID_HUNTER;BTC/USDT;LUCRO_GRADE;Compra $63100.0 -> Venda $79990.0;0.1;1075.34
1788692126;06/09/2026 10:55:26;PAIRS_TRADING;ETH/BTC;FECHAMENTO_RETORNO_MEDIA;Z_in=4.01 -> Z_out=0.07;16.22;1091.56
1788692252;06/09/2026 10:57:32;PAIRS_TRADING;ETH/BTC;FECHAMENTO_RETORNO_MEDIA;Z_in=4.05 -> Z_out=0.07;16.41;1107.96
1788692503;06/09/2026 11:01:43;GRID_HUNTER;BTC/USDT;LUCRO_GRADE;Compra $63100.0 -> Venda $79967.9;0.1;1108.06
1788695295;06/09/2026 11:48:15;PAIRS_TRADING;ETH/BTC;FECHAMENTO_RETORNO_MEDIA;Z_in=4.06 -> Z_out=0.07;16.45;1124.51
1788695946;06/09/2026 11:59:06;GRID_HUNTER;BTC/USDT;LUCRO_GRADE;Compra $63100.0 -> Venda $79908.0;0.1;1124.6
1788696085;06/09/2026 12:01:25;PAIRS_TRADING;ETH/BTC;FECHAMENTO_RETORNO_MEDIA;Z_in=4.15 -> Z_out=0.07;16.82;1141.42
1788696296;06/09/2026 12:04:56;GRID_HUNTER;BTC/USDT;LUCRO_GRADE;Compra $63100.0 -> Venda $79919.2;0.1;1141.52
1788696328;06/09/2026 12:05:28;PAIRS_TRADING;ETH/BTC;FECHAMENTO_RETORNO_MEDIA;Z_in=4.11 -> Z_out=0.07;16.65;1158.16
1788696507;06/09/2026 12:08:27;GRID_HUNTER;BTC/USDT;LUCRO_GRADE;Compra $63100.0 -> Venda $79902.1;0.1;1158.26
1788701461;06/09/2026 13:31:01;PAIRS_TRADING;ETH/BTC;FECHAMENTO_RETORNO_MEDIA;Z_in=4.09 -> Z_out=0.07;16.57;1174.82
1788701802;06/09/2026 13:36:42;PAIRS_TRADING;ETH/BTC;FECHAMENTO_RETORNO_MEDIA;Z_in=3.86 -> Z_out=0.07;15.59;1190.42
1788701939;06/09/2026 13:38:59;PAIRS_TRADING;ETH/BTC;FECHAMENTO_RETORNO_MEDIA;Z_in=3.9 -> Z_out=0.07;15.76;1206.17
1788702293;06/09/2026 13:44:53;PAIRS_TRADING;ETH/BTC;FECHAMENTO_RETORNO_MEDIA;Z_in=3.94 -> Z_out=0.07;15.93;1222.1
1788702362;06/09/2026 13:46:02;PAIRS_TRADING;ETH/BTC;FECHAMENTO_RETORNO_MEDIA;Z_in=3.95 -> Z_out=0.07;15.95;1238.05
1788710416;06/09/2026 16:00:16;FUNDING_RATE;XNYUSDT;CREDITO_8H;Taxa: 0.0748%;0.19;1238.24
1788710775;06/09/2026 16:06:15;PAIRS_TRADING;ETH/BTC;FECHAMENTO_RETORNO_MEDIA;Z_in=3.97 -> Z_out=0.07;16.03;1254.26
1788712185;06/09/2026 16:29:45;PAIRS_TRADING;ETH/BTC;FECHAMENTO_RETORNO_MEDIA;Z_in=3.61 -> Z_out=0.07;14.51;1268.78
1788720016;06/09/2026 18:40:16;GRID_HUNTER;BTC/USDT;LUCRO_GRADE;Compra $79846.9 -> Venda $79970.0;0.08;1268.85
1788723249;06/09/2026 19:34:09;PAIRS_TRADING;ETH/BTC;FECHAMENTO_RETORNO_MEDIA;Z_in=3.71 -> Z_out=0.07;14.92;1283.77
1788723425;06/09/2026 19:37:05;PAIRS_TRADING;ETH/BTC;FECHAMENTO_RETORNO_MEDIA;Z_in=3.87 -> Z_out=0.07;15.63;1299.4
1788724287;06/09/2026 19:51:27;PAIRS_TRADING;ETH/BTC;FECHAMENTO_RETORNO_MEDIA;Z_in=3.87 -> Z_out=0.07;15.63;1315.03
1788724327;06/09/2026 19:52:07;PAIRS_TRADING;ETH/BTC;FECHAMENTO_RETORNO_MEDIA;Z_in=3.85 -> Z_out=0.07;15.55;1330.58
1788726221;06/09/2026 20:23:41;GRID_HUNTER;BTC/USDT;LUCRO_GRADE;Compra $79830.2 -> Venda $79951.7;0.08;1330.65
1788727401;06/09/2026 20:43:21;PAIRS_TRADING;ETH/BTC;FECHAMENTO_RETORNO_MEDIA;Z_in=3.86 -> Z_out=0.07;15.58;1346.23
1788727416;06/09/2026 20:43:36;GRID_HUNTER;BTC/USDT;LUCRO_GRADE;Compra $63100.0 -> Venda $79926.0;0.1;1346.32
1788727616;06/09/2026 20:46:56;PAIRS_TRADING;ETH/BTC;FECHAMENTO_RETORNO_MEDIA;Z_in=3.94 -> Z_out=0.07;15.93;1362.25
1788734120;06/09/2026 22:35:20;GRID_HUNTER;BTC/USDT;LUCRO_GRADE;Compra $79840.3 -> Venda $79966.5;0.08;1362.33
1788735357;06/09/2026 22:55:57;GRID_HUNTER;BTC/USDT;LUCRO_GRADE;Compra $79930.0 -> Venda $80052.0;0.08;1362.4
1788735592;06/09/2026 22:59:52;PAIRS_TRADING;ETH/BTC;FECHAMENTO_RETORNO_MEDIA;Z_in=4.01 -> Z_out=0.07;16.24;1378.64
1788735607;06/09/2026 23:00:07;GRID_HUNTER;BTC/USDT;LUCRO_GRADE;Compra $63100.0 -> Venda $80055.2;0.1;1378.74
1788735808;06/09/2026 23:03:28;GRID_HUNTER;BTC/USDT;LUCRO_GRADE;Compra $80096.0 -> Venda $80332.0;0.07;1378.81
1788735808;06/09/2026 23:03:28;GRID_HUNTER;BTC/USDT;LUCRO_GRADE;Compra $80011.3 -> Venda $80332.0;0.07;1378.89
1788736044;06/09/2026 23:07:24;GRID_HUNTER;BTC/USDT;LUCRO_GRADE;Compra $63100.0 -> Venda $80184.0;0.1;1378.98
1788737708;06/09/2026 23:35:08;GRID_HUNTER;BTC/USDT;LUCRO_GRADE;Compra $80108.0 -> Venda $80236.0;0.07;1379.06
1788737861;06/09/2026 23:37:41;GRID_HUNTER;BTC/USDT;LUCRO_GRADE;Compra $80194.5 -> Venda $80320.0;0.07;1379.13
1788738168;06/09/2026 23:42:48;GRID_HUNTER;BTC/USDT;LUCRO_GRADE;Compra $80332.0 -> Venda $80452.8;0.07;1379.21
1788739205;07/09/2026 00:00:05;FUNDING_RATE;ESPORTSUSDT;CREDITO_8H;Taxa: 0.1388%;0.35;1379.56
1788739535;07/09/2026 00:05:35;GRID_HUNTER;BTC/USDT;LUCRO_GRADE;Compra $80246.0 -> Venda $80376.0;0.07;1379.63
1788739800;07/09/2026 00:10:00;PAIRS_TRADING;ETH/BTC;FECHAMENTO_RETORNO_MEDIA;Z_in=4.24 -> Z_out=0.07;17.2;1396.83
1788739952;07/09/2026 00:12:32;FUNDING_RATE;ESPORTSUSDT;CREDITO_8H;Taxa: 0.1244%;0.31;1000.31
1788741088;07/09/2026 00:31:28;GRID_HUNTER;BTC/USDT;LUCRO_GRADE;Compra $80134.3 -> Venda $80258.9;0.07;1000.39
1788748704;07/09/2026 02:38:24;GRID_HUNTER;BTC/USDT;LUCRO_GRADE;Compra $80052.1 -> Venda $80196.8;0.07;1000.46
1788748751;07/09/2026 02:39:11;GRID_HUNTER;BTC/USDT;LUCRO_GRADE;Compra $80157.9 -> Venda $80313.8;0.07;1000.54
1788748797;07/09/2026 02:39:57;GRID_HUNTER;BTC/USDT;LUCRO_GRADE;Compra $80250.1 -> Venda $80396.0;0.07;1000.61
1788768014;07/09/2026 08:00:14;FUNDING_RATE;ZHIPUUSDT;CREDITO_8H;Taxa: 0.1579%;0.39;1001.01
1788791764;07/09/2026 14:36:04;PAIRS_TRADING;ETH/BTC;FECHAMENTO_RETORNO_MEDIA;Z_in=4.23 -> Z_out=0.07;17.21;1018.22
1788793097;07/09/2026 14:58:17;PAIRS_TRADING;ETH/BTC;FECHAMENTO_RETORNO_MEDIA;Z_in=4.39 -> Z_out=0.07;17.64;1035.86
1788796815;07/09/2026 16:00:15;FUNDING_RATE;SAMSUNGEMUSDT;CREDITO_8H;Taxa: 0.1953%;0.49;1036.35
1788797803;07/09/2026 16:16:43;PAIRS_TRADING;ETH/BTC;FECHAMENTO_RETORNO_MEDIA;Z_in=4.5 -> Z_out=0.07;18.15;1054.5
1788802151;07/09/2026 17:29:11;PAIRS_TRADING;ETH/BTC;FECHAMENTO_RETORNO_MEDIA;Z_in=4.37 -> Z_out=0.07;17.53;1072.03
1788802288;07/09/2026 17:31:28;PAIRS_TRADING;ETH/BTC;FECHAMENTO_RETORNO_MEDIA;Z_in=4.58 -> Z_out=0.07;18.46;1090.49
1788802490;07/09/2026 17:34:50;PAIRS_TRADING;ETH/BTC;FECHAMENTO_RETORNO_MEDIA;Z_in=4.55 -> Z_out=0.07;18.3;1108.79
1788802779;07/09/2026 17:39:39;PAIRS_TRADING;ETH/BTC;FECHAMENTO_RETORNO_MEDIA;Z_in=4.55 -> Z_out=0.07;18.3;1127.09
1788805891;07/09/2026 18:31:31;PAIRS_TRADING;ETH/BTC;FECHAMENTO_RETORNO_MEDIA;Z_in=4.55 -> Z_out=0.07;18.33;1145.42
1788825613;08/09/2026 00:00:13;FUNDING_RATE;SIRENUSDT;CREDITO_8H;Taxa: 0.1373%;0.34;1145.76
1788912017;09/09/2026 00:00:17;FUNDING_RATE;GPROUSDT;CREDITO_8H;Taxa: 0.3123%;0.78;1000.78
1788912202;09/09/2026 00:03:22;GRID_HUNTER;BTC/USDT;LUCRO_GRADE;Compra $78420.0 -> Venda $78546.1;0.08;1000.86
1788912432;09/09/2026 00:07:12;GRID_HUNTER;BTC/USDT;LUCRO_GRADE;Compra $78504.6 -> Venda $78625.0;0.08;1000.93
1788912739;09/09/2026 00:12:19;GRID_HUNTER;BTC/USDT;LUCRO_GRADE;Compra $78597.4 -> Venda $78728.3;0.08;1001.01
1788914720;09/09/2026 00:45:20;GRID_HUNTER;BTC/USDT;LUCRO_GRADE;Compra $78611.6 -> Venda $78744.7;0.08;1001.09
1788916286;09/09/2026 01:11:26;GRID_HUNTER;BTC/USDT;LUCRO_GRADE;Compra $78694.0 -> Venda $78816.0;0.08;1001.16
1788917820;09/09/2026 01:37:00;GRID_HUNTER;BTC/USDT;LUCRO_GRADE;Compra $78664.0 -> Venda $78790.0;0.08;1001.24
1788919293;09/09/2026 02:01:33;GRID_HUNTER;BTC/USDT;LUCRO_GRADE;Compra $78781.4 -> Venda $78902.0;0.08;1001.31
1788921089;09/09/2026 02:31:29;GRID_HUNTER;BTC/USDT;LUCRO_GRADE;Compra $78708.0 -> Venda $78831.9;0.08;1001.39
1788926435;09/09/2026 04:00:35;GRID_HUNTER;BTC/USDT;LUCRO_GRADE;Compra $78606.2 -> Venda $78730.0;0.08;1001.47
1788926467;09/09/2026 04:01:07;GRID_HUNTER;BTC/USDT;LUCRO_GRADE;Compra $78700.0 -> Venda $78822.0;0.08;1001.54
1788926653;09/09/2026 04:04:13;GRID_HUNTER;BTC/USDT;LUCRO_GRADE;Compra $78790.0 -> Venda $78910.0;0.08;1001.62
1788927892;09/09/2026 04:24:52;GRID_HUNTER;BTC/USDT;LUCRO_GRADE;Compra $78786.0 -> Venda $78918.0;0.08;1001.7
1788929028;09/09/2026 04:43:48;GRID_HUNTER;BTC/USDT;LUCRO_GRADE;Compra $78872.0 -> Venda $79111.5;0.08;1001.77
1788929028;09/09/2026 04:43:48;GRID_HUNTER;BTC/USDT;LUCRO_GRADE;Compra $78960.0 -> Venda $79111.5;0.08;1001.85
1788930891;09/09/2026 05:14:51;GRID_HUNTER;BTC/USDT;LUCRO_GRADE;Compra $79111.5 -> Venda $79299.3;0.08;1001.92
1788930969;09/09/2026 05:16:09;GRID_HUNTER;BTC/USDT;LUCRO_GRADE;Compra $79195.4 -> Venda $79323.1;0.08;1002.0
1788934365;09/09/2026 06:12:45;GRID_HUNTER;BTC/USDT;LUCRO_GRADE;Compra $78984.2 -> Venda $79119.1;0.08;1002.08
1788934968;09/09/2026 06:22:48;GRID_HUNTER;BTC/USDT;LUCRO_GRADE;Compra $79100.0 -> Venda $79226.5;0.08;1002.15
1788937531;09/09/2026 07:05:31;GRID_HUNTER;BTC/USDT;LUCRO_GRADE;Compra $79120.5 -> Venda $79274.5;0.08;1002.23
1788937641;09/09/2026 07:07:21;GRID_HUNTER;BTC/USDT;LUCRO_GRADE;Compra $79205.4 -> Venda $79347.0;0.08;1002.3
1788940802;09/09/2026 08:00:02;FUNDING_RATE;BOTUSDT;CREDITO_8H;Taxa: 0.3549%;0.89;1003.19
1788940944;09/09/2026 08:02:24;GRID_HUNTER;BTC/USDT;LUCRO_GRADE;Compra $79215.0 -> Venda $79366.0;0.08;1003.27
1788940959;09/09/2026 08:02:39;GRID_HUNTER;BTC/USDT;LUCRO_GRADE;Compra $79299.3 -> Venda $79420.3;0.08;1003.34
1788941349;09/09/2026 08:09:09;GRID_HUNTER;BTC/USDT;LUCRO_GRADE;Compra $79333.0 -> Venda $79460.0;0.08;1003.42
1788942111;09/09/2026 08:21:51;GRID_HUNTER;BTC/USDT;LUCRO_GRADE;Compra $79420.3 -> Venda $79614.8;0.08;1003.49
1788942485;09/09/2026 08:28:05;GRID_HUNTER;BTC/USDT;LUCRO_GRADE;Compra $79508.5 -> Venda $79666.0;0.08;1003.57
1788957363;09/09/2026 12:36:03;GRID_HUNTER;BTC/USDT;LUCRO_GRADE;Compra $79430.5 -> Venda $79573.4;0.08;1003.64
1788958207;09/09/2026 12:50:07;GRID_HUNTER;BTC/USDT;LUCRO_GRADE;Compra $79511.2 -> Venda $79638.8;0.08;1003.72
1788960754;09/09/2026 13:32:34;GRID_HUNTER;BTC/USDT;LUCRO_GRADE;Compra $79532.2 -> Venda $79678.8;0.08;1003.79
1788961261;09/09/2026 13:41:01;GRID_HUNTER;BTC/USDT;LUCRO_GRADE;Compra $79313.9 -> Venda $79460.0;0.08;1003.87
1788964232;09/09/2026 14:30:32;PAIRS_TRADING;ETH/BTC;FECHAMENTO_RETORNO_MEDIA;Z_in=5.14 -> Z_out=0.07;20.6;1024.47
1788964351;09/09/2026 14:32:31;PAIRS_TRADING;ETH/BTC;FECHAMENTO_RETORNO_MEDIA;Z_in=5.23 -> Z_out=0.07;21.17;1045.64
1788964806;09/09/2026 14:40:06;PAIRS_TRADING;ETH/BTC;FECHAMENTO_RETORNO_MEDIA;Z_in=5.19 -> Z_out=0.07;21.03;1066.67
1788964843;09/09/2026 14:40:43;PAIRS_TRADING;ETH/BTC;FECHAMENTO_RETORNO_MEDIA;Z_in=5.22 -> Z_out=0.07;21.13;1087.8
1788965177;09/09/2026 14:46:17;PAIRS_TRADING;ETH/BTC;FECHAMENTO_RETORNO_MEDIA;Z_in=5.2 -> Z_out=0.07;21.04;1108.84
1788965293;09/09/2026 14:48:13;PAIRS_TRADING;ETH/BTC;FECHAMENTO_RETORNO_MEDIA;Z_in=5.22 -> Z_out=0.07;21.09;1129.93
1788965408;09/09/2026 14:50:08;PAIRS_TRADING;ETH/BTC;FECHAMENTO_RETORNO_MEDIA;Z_in=5.22 -> Z_out=0.07;21.08;1151.01
1788965922;09/09/2026 14:58:42;PAIRS_TRADING;ETH/BTC;FECHAMENTO_RETORNO_MEDIA;Z_in=5.26 -> Z_out=0.07;21.26;1172.27
1788965962;09/09/2026 14:59:22;PAIRS_TRADING;ETH/BTC;FECHAMENTO_RETORNO_MEDIA;Z_in=5.14 -> Z_out=0.07;20.73;1193.0
1788966040;09/09/2026 15:00:40;PAIRS_TRADING;ETH/BTC;FECHAMENTO_RETORNO_MEDIA;Z_in=27.86 -> Z_out=0.07;92.06;1285.06
1788969606;09/09/2026 16:00:06;FUNDING_RATE;CSOPSKHYNIX2LUSDT;CREDITO_8H;Taxa: 0.2000%;0.5;1285.56
1788970154;09/09/2026 16:09:14;PAIRS_TRADING;ETH/BTC;FECHAMENTO_RETORNO_MEDIA;Z_in=5.21 -> Z_out=0.07;20.96;1306.52
1788970775;09/09/2026 16:19:35;PAIRS_TRADING;ETH/BTC;FECHAMENTO_RETORNO_MEDIA;Z_in=5.25 -> Z_out=0.07;21.07;1327.59
1788970893;09/09/2026 16:21:33;PAIRS_TRADING;ETH/BTC;FECHAMENTO_RETORNO_MEDIA;Z_in=5.18 -> Z_out=0.07;20.8;1348.39
1788973908;09/09/2026 17:11:48;PAIRS_TRADING;ETH/BTC;FECHAMENTO_RETORNO_MEDIA;Z_in=5.21 -> Z_out=0.07;20.91;1369.31
1788975640;09/09/2026 17:40:40;PAIRS_TRADING;ETH/BTC;FECHAMENTO_RETORNO_MEDIA;Z_in=5.17 -> Z_out=0.07;20.81;1390.11
1788978865;09/09/2026 18:34:25;PAIRS_TRADING;ETH/BTC;FECHAMENTO_RETORNO_MEDIA;Z_in=5.14 -> Z_out=0.07;20.68;1410.79
1788979220;09/09/2026 18:40:20;PAIRS_TRADING;ETH/BTC;FECHAMENTO_RETORNO_MEDIA;Z_in=5.23 -> Z_out=0.07;21.02;1431.81
1788989555;09/09/2026 21:32:35;PAIRS_TRADING;ETH/BTC;FECHAMENTO_RETORNO_MEDIA;Z_in=5.25 -> Z_out=0.07;21.1;1452.91
1788990296;09/09/2026 21:44:56;PAIRS_TRADING;ETH/BTC;FECHAMENTO_RETORNO_MEDIA;Z_in=4.88 -> Z_out=0.07;19.47;1472.38
1788998415;10/09/2026 00:00:15;FUNDING_RATE;TEAMUSDT;CREDITO_8H;Taxa: 0.3037%;0.76;1473.14
1789027209;10/09/2026 08:00:09;FUNDING_RATE;GTLBUSDT;CREDITO_8H;Taxa: 0.3566%;0.89;1474.03
1789046615;10/09/2026 13:23:35;PAIRS_TRADING;ETH/BTC;FECHAMENTO_RETORNO_MEDIA;Z_in=4.72 -> Z_out=0.07;18.83;1492.86
1789046652;10/09/2026 13:24:12;PAIRS_TRADING;ETH/BTC;FECHAMENTO_RETORNO_MEDIA;Z_in=4.55 -> Z_out=0.07;17.85;1510.71
1789049623;10/09/2026 14:13:43;PAIRS_TRADING;ETH/BTC;FECHAMENTO_RETORNO_MEDIA;Z_in=4.58 -> Z_out=0.07;17.95;1528.67
1789050479;10/09/2026 14:27:59;PAIRS_TRADING;ETH/BTC;FECHAMENTO_RETORNO_MEDIA;Z_in=4.88 -> Z_out=0.07;19.22;1547.89
1789050992;10/09/2026 14:36:32;PAIRS_TRADING;ETH/BTC;FECHAMENTO_RETORNO_MEDIA;Z_in=4.93 -> Z_out=0.07;19.48;1567.37
1789052031;10/09/2026 14:53:51;PAIRS_TRADING;ETH/BTC;FECHAMENTO_RETORNO_MEDIA;Z_in=4.96 -> Z_out=0.07;19.58;1586.95
1789053291;10/09/2026 15:14:51;PAIRS_TRADING;ETH/BTC;FECHAMENTO_RETORNO_MEDIA;Z_in=4.88 -> Z_out=0.07;19.27;1606.22
1789056017;10/09/2026 16:00:17;FUNDING_RATE;NATGASUSDT;CREDITO_8H;Taxa: 0.2310%;0.58;1606.8
1789056048;10/09/2026 16:00:48;PAIRS_TRADING;ETH/BTC;FECHAMENTO_RETORNO_MEDIA;Z_in=4.94 -> Z_out=0.07;19.53;1626.33
1789056105;10/09/2026 16:01:45;PAIRS_TRADING;ETH/BTC;FECHAMENTO_RETORNO_MEDIA;Z_in=5.04 -> Z_out=0.07;19.9;1646.23
1789056207;10/09/2026 16:03:27;PAIRS_TRADING;ETH/BTC;FECHAMENTO_RETORNO_MEDIA;Z_in=5.1 -> Z_out=0.07;20.14;1666.38
1789056386;10/09/2026 16:06:26;PAIRS_TRADING;ETH/BTC;FECHAMENTO_RETORNO_MEDIA;Z_in=5.13 -> Z_out=0.07;20.22;1686.6
1789056570;10/09/2026 16:09:30;PAIRS_TRADING;ETH/BTC;FECHAMENTO_RETORNO_MEDIA;Z_in=5.16 -> Z_out=0.07;20.34;1706.94
1789056709;10/09/2026 16:11:49;PAIRS_TRADING;ETH/BTC;FECHAMENTO_RETORNO_MEDIA;Z_in=5.19 -> Z_out=0.07;20.44;1727.38
1789057152;10/09/2026 16:19:12;PAIRS_TRADING;ETH/BTC;FECHAMENTO_RETORNO_MEDIA;Z_in=5.21 -> Z_out=0.07;20.51;1747.89
1789058931;10/09/2026 16:48:51;PAIRS_TRADING;ETH/BTC;FECHAMENTO_RETORNO_MEDIA;Z_in=5.19 -> Z_out=0.07;20.42;1768.31
1789059036;10/09/2026 16:50:36;PAIRS_TRADING;ETH/BTC;FECHAMENTO_RETORNO_MEDIA;Z_in=5.3 -> Z_out=0.07;20.92;1789.23
1789059249;10/09/2026 16:54:09;PAIRS_TRADING;ETH/BTC;FECHAMENTO_RETORNO_MEDIA;Z_in=5.32 -> Z_out=0.07;20.99;1810.22
1789059291;10/09/2026 16:54:51;PAIRS_TRADING;ETH/BTC;FECHAMENTO_RETORNO_MEDIA;Z_in=5.31 -> Z_out=0.07;20.98;1831.2
1789059332;10/09/2026 16:55:32;PAIRS_TRADING;ETH/BTC;FECHAMENTO_RETORNO_MEDIA;Z_in=5.32 -> Z_out=0.07;20.98;1852.18
1789059785;10/09/2026 17:03:05;PAIRS_TRADING;ETH/BTC;FECHAMENTO_RETORNO_MEDIA;Z_in=5.34 -> Z_out=0.07;21.09;1873.27
1789060710;10/09/2026 17:18:30;PAIRS_TRADING;ETH/BTC;FECHAMENTO_RETORNO_MEDIA;Z_in=5.36 -> Z_out=0.07;21.18;1894.44
1789060851;10/09/2026 17:20:51;PAIRS_TRADING;ETH/BTC;FECHAMENTO_RETORNO_MEDIA;Z_in=5.59 -> Z_out=0.07;22.12;1916.56
1789061510;10/09/2026 17:31:50;PAIRS_TRADING;ETH/BTC;FECHAMENTO_RETORNO_MEDIA;Z_in=5.59 -> Z_out=0.07;22.12;1938.68
1789062637;10/09/2026 17:50:37;PAIRS_TRADING;ETH/BTC;FECHAMENTO_RETORNO_MEDIA;Z_in=5.74 -> Z_out=0.07;22.8;1961.48
1789062676;10/09/2026 17:51:16;PAIRS_TRADING;ETH/BTC;FECHAMENTO_RETORNO_MEDIA;Z_in=5.84 -> Z_out=0.07;23.2;1984.68
1789062709;10/09/2026 17:51:49;PAIRS_TRADING;ETH/BTC;FECHAMENTO_RETORNO_MEDIA;Z_in=5.89 -> Z_out=0.07;23.39;2008.06
1789062762;10/09/2026 17:52:42;PAIRS_TRADING;ETH/BTC;FECHAMENTO_RETORNO_MEDIA;Z_in=5.88 -> Z_out=0.07;23.36;2031.43
1789063317;10/09/2026 18:01:57;PAIRS_TRADING;ETH/BTC;FECHAMENTO_RETORNO_MEDIA;Z_in=5.93 -> Z_out=0.07;23.54;2054.97
1789075164;10/09/2026 21:19:24;PAIRS_TRADING;ETH/BTC;FECHAMENTO_RETORNO_MEDIA;Z_in=5.83 -> Z_out=0.07;23.08;2078.06
1789075922;10/09/2026 21:32:02;PAIRS_TRADING;ETH/BTC;FECHAMENTO_RETORNO_MEDIA;Z_in=5.75 -> Z_out=0.07;22.79;2100.85
1789084800;11/09/2026 00:00:00;FUNDING_RATE;GTLBUSDT;CREDITO_8H;Taxa: 0.3567%;0.89;2101.74
1789113605;11/09/2026 08:00:05;FUNDING_RATE;KSTRUSDT;CREDITO_8H;Taxa: 0.1509%;0.38;2102.11
1789135347;11/09/2026 14:02:27;GRID_HUNTER;BTC/USDT;LUCRO_GRADE;Compra $79314.1 -> Venda $79466.3;0.08;2102.19
1789135378;11/09/2026 14:02:58;GRID_HUNTER;BTC/USDT;LUCRO_GRADE;Compra $79418.8 -> Venda $79608.3;0.08;2102.27
1789135508;11/09/2026 14:05:08;PAIRS_TRADING;ETH/BTC;FECHAMENTO_RETORNO_MEDIA;Z_in=5.77 -> Z_out=0.07;22.86;2125.13
1789136900;11/09/2026 14:28:20;PAIRS_TRADING;ETH/BTC;FECHAMENTO_RETORNO_MEDIA;Z_in=9.48 -> Z_out=0.07;39.0;2164.13
1789137432;11/09/2026 14:37:12;PAIRS_TRADING;ETH/BTC;FECHAMENTO_RETORNO_MEDIA;Z_in=9.44 -> Z_out=0.07;38.61;2202.74
1789137745;11/09/2026 14:42:25;PAIRS_TRADING;ETH/BTC;FECHAMENTO_RETORNO_MEDIA;Z_in=9.37 -> Z_out=0.07;38.12;2240.86
1789137789;11/09/2026 14:43:09;PAIRS_TRADING;ETH/BTC;FECHAMENTO_RETORNO_MEDIA;Z_in=9.45 -> Z_out=0.07;38.44;2279.3
1789137834;11/09/2026 14:43:54;PAIRS_TRADING;ETH/BTC;FECHAMENTO_RETORNO_MEDIA;Z_in=9.44 -> Z_out=0.07;38.4;2317.7
1789138157;11/09/2026 14:49:17;PAIRS_TRADING;ETH/BTC;FECHAMENTO_RETORNO_MEDIA;Z_in=9.36 -> Z_out=0.07;38.05;2355.74
1789142400;11/09/2026 16:00:00;FUNDING_RATE;NATGASUSDT;CREDITO_8H;Taxa: 0.1987%;0.5;2356.24
1789147796;11/09/2026 17:29:56;PAIRS_TRADING;ETH/BTC;FECHAMENTO_RETORNO_MEDIA;Z_in=9.08 -> Z_out=0.07;36.91;2393.15
1789149035;11/09/2026 17:50:35;PAIRS_TRADING;ETH/BTC;FECHAMENTO_RETORNO_MEDIA;Z_in=9.26 -> Z_out=0.07;37.28;2430.43
1789149909;11/09/2026 18:05:09;PAIRS_TRADING;ETH/BTC;FECHAMENTO_RETORNO_MEDIA;Z_in=9.36 -> Z_out=0.07;37.58;2468.01
1789154101;11/09/2026 19:15:01;PAIRS_TRADING;ETH/BTC;FECHAMENTO_RETORNO_MEDIA;Z_in=9.1 -> Z_out=0.07;36.29;2504.3
1789155583;11/09/2026 19:39:43;PAIRS_TRADING;ETH/BTC;FECHAMENTO_RETORNO_MEDIA;Z_in=8.88 -> Z_out=0.07;35.45;2539.75
1789155688;11/09/2026 19:41:28;PAIRS_TRADING;ETH/BTC;FECHAMENTO_RETORNO_MEDIA;Z_in=8.83 -> Z_out=0.07;35.29;2575.03
1789162034;11/09/2026 21:27:14;PAIRS_TRADING;ETH/BTC;FECHAMENTO_RETORNO_MEDIA;Z_in=8.76 -> Z_out=0.07;35.01;2610.04
1789171207;12/09/2026 00:00:07;FUNDING_RATE;SONYUSDT;CREDITO_8H;Taxa: 0.2619%;0.65;2610.7
1789177745;12/09/2026 01:49:05;PAIRS_TRADING;ETH/BTC;FECHAMENTO_RETORNO_MEDIA;Z_in=8.34 -> Z_out=0.07;33.36;2644.05
1789200016;12/09/2026 08:00:16;FUNDING_RATE;GRIFFAINUSDT;CREDITO_8H;Taxa: 0.0764%;0.19;2644.25
1789201083;12/09/2026 08:18:03;PAIRS_TRADING;ETH/BTC;FECHAMENTO_RETORNO_MEDIA;Z_in=7.68 -> Z_out=0.07;30.63;2674.88
1789209202;12/09/2026 10:33:22;PAIRS_TRADING;ETH/BTC;FECHAMENTO_RETORNO_MEDIA;Z_in=8.1 -> Z_out=0.07;32.33;2707.21
1789210458;12/09/2026 10:54:18;PAIRS_TRADING;ETH/BTC;FECHAMENTO_RETORNO_MEDIA;Z_in=8.3 -> Z_out=0.07;33.18;2740.39
1789217054;12/09/2026 12:44:14;PAIRS_TRADING;ETH/BTC;FECHAMENTO_RETORNO_MEDIA;Z_in=8.28 -> Z_out=0.07;33.08;2773.47
1789217468;12/09/2026 12:51:08;PAIRS_TRADING;ETH/BTC;FECHAMENTO_RETORNO_MEDIA;Z_in=8.38 -> Z_out=0.07;33.46;2806.93
1789218427;12/09/2026 13:07:07;PAIRS_TRADING;ETH/BTC;FECHAMENTO_RETORNO_MEDIA;Z_in=8.36 -> Z_out=0.07;33.37;2840.3
1789218640;12/09/2026 13:10:40;PAIRS_TRADING;ETH/BTC;FECHAMENTO_RETORNO_MEDIA;Z_in=8.53 -> Z_out=0.07;34.11;2874.41
1789220249;12/09/2026 13:37:29;PAIRS_TRADING;ETH/BTC;FECHAMENTO_RETORNO_MEDIA;Z_in=8.6 -> Z_out=0.07;34.36;2908.77
1789220788;12/09/2026 13:46:28;PAIRS_TRADING;ETH/BTC;FECHAMENTO_RETORNO_MEDIA;Z_in=8.55 -> Z_out=0.07;34.15;2942.92
1789225541;12/09/2026 15:05:41;PAIRS_TRADING;ETH/BTC;FECHAMENTO_RETORNO_MEDIA;Z_in=8.59 -> Z_out=0.07;34.3;2977.21
1789228802;12/09/2026 16:00:02;FUNDING_RATE;MOVEUSDT;CREDITO_8H;Taxa: 0.0634%;0.16;2977.37
1789229207;12/09/2026 16:06:47;PAIRS_TRADING;ETH/BTC;FECHAMENTO_RETORNO_MEDIA;Z_in=8.42 -> Z_out=0.07;33.69;3011.06
1789230193;12/09/2026 16:23:13;PAIRS_TRADING;ETH/BTC;FECHAMENTO_RETORNO_MEDIA;Z_in=8.28 -> Z_out=0.07;33.08;3044.14
1789233598;12/09/2026 17:19:58;PAIRS_TRADING;ETH/BTC;FECHAMENTO_RETORNO_MEDIA;Z_in=8.28 -> Z_out=0.07;33.09;3077.24
1789233766;12/09/2026 17:22:46;PAIRS_TRADING;ETH/BTC;FECHAMENTO_RETORNO_MEDIA;Z_in=8.2 -> Z_out=0.07;32.73;3109.97
1789234093;12/09/2026 17:28:13;PAIRS_TRADING;ETH/BTC;FECHAMENTO_RETORNO_MEDIA;Z_in=8.18 -> Z_out=0.07;32.65;3142.62
1789234825;12/09/2026 17:40:25;PAIRS_TRADING;ETH/BTC;FECHAMENTO_RETORNO_MEDIA;Z_in=8.14 -> Z_out=0.07;32.46;3175.08
1789235369;12/09/2026 17:49:29;PAIRS_TRADING;ETH/BTC;FECHAMENTO_RETORNO_MEDIA;Z_in=8.21 -> Z_out=0.07;32.72;3207.79
1789236485;12/09/2026 18:08:05;PAIRS_TRADING;ETH/BTC;FECHAMENTO_RETORNO_MEDIA;Z_in=8.2 -> Z_out=0.07;32.71;3240.51
1789236844;12/09/2026 18:14:04;PAIRS_TRADING;ETH/BTC;FECHAMENTO_RETORNO_MEDIA;Z_in=8.17 -> Z_out=0.07;32.57;3273.08
1789238209;12/09/2026 18:36:49;PAIRS_TRADING;ETH/BTC;FECHAMENTO_RETORNO_MEDIA;Z_in=8.19 -> Z_out=0.07;32.65;3305.73
1789238780;12/09/2026 18:46:20;PAIRS_TRADING;ETH/BTC;FECHAMENTO_RETORNO_MEDIA;Z_in=8.14 -> Z_out=0.07;32.44;3338.17
1789246452;12/09/2026 20:54:12;PAIRS_TRADING;ETH/BTC;FECHAMENTO_RETORNO_MEDIA;Z_in=8.13 -> Z_out=0.07;32.4;3370.57
1789248843;12/09/2026 21:34:03;PAIRS_TRADING;ETH/BTC;FECHAMENTO_RETORNO_MEDIA;Z_in=8.05 -> Z_out=0.07;32.08;3402.65
1789254408;12/09/2026 23:06:48;PAIRS_TRADING;ETH/BTC;FECHAMENTO_RETORNO_MEDIA;Z_in=8.13 -> Z_out=0.07;32.42;3435.07
1789254646;12/09/2026 23:10:46;PAIRS_TRADING;ETH/BTC;FECHAMENTO_RETORNO_MEDIA;Z_in=8.06 -> Z_out=0.07;32.15;3467.22
1789257604;13/09/2026 00:00:04;FUNDING_RATE;龙虾USDT;CREDITO_8H;Taxa: 0.0897%;0.22;3467.45
1789258821;13/09/2026 00:20:21;PAIRS_TRADING;ETH/BTC;FECHAMENTO_RETORNO_MEDIA;Z_in=8.06 -> Z_out=0.07;32.14;3499.59
1789286410;13/09/2026 08:00:10;FUNDING_RATE;FLUIDUSDT;CREDITO_8H;Taxa: 0.1117%;0.28;3499.87
1789315210;13/09/2026 16:00:10;FUNDING_RATE;FLUIDUSDT;CREDITO_8H;Taxa: 0.1290%;0.32;3500.19
1789327624;13/09/2026 19:27:04;PAIRS_TRADING;ETH/BTC;FECHAMENTO_RETORNO_MEDIA;Z_in=8.08 -> Z_out=0.07;32.26;3532.44
1789344004;14/09/2026 00:00:04;FUNDING_RATE;SOXSUSDT;CREDITO_8H;Taxa: 0.1077%;0.27;3532.71
1789372811;14/09/2026 08:00:11;FUNDING_RATE;BNCUSDT;CREDITO_8H;Taxa: 0.2586%;0.65;3533.36
1789382408;14/09/2026 10:40:08;PAIRS_TRADING;ETH/BTC;FECHAMENTO_RETORNO_MEDIA;Z_in=7.45 -> Z_out=0.07;29.66;3563.02
1789384095;14/09/2026 11:08:15;PAIRS_TRADING;ETH/BTC;FECHAMENTO_RETORNO_MEDIA;Z_in=6.96 -> Z_out=0.07;27.91;3590.94
1789386752;14/09/2026 11:52:32;PAIRS_TRADING;ETH/BTC;FECHAMENTO_RETORNO_MEDIA;Z_in=6.93 -> Z_out=0.07;27.74;3618.68
1789396363;14/09/2026 14:32:43;PAIRS_TRADING;ETH/BTC;FECHAMENTO_RETORNO_MEDIA;Z_in=6.93 -> Z_out=0.07;27.73;3646.41
1789397359;14/09/2026 14:49:19;PAIRS_TRADING;ETH/BTC;FECHAMENTO_RETORNO_MEDIA;Z_in=5.77 -> Z_out=0.07;23.19;3669.6
1789397487;14/09/2026 14:51:27;PAIRS_TRADING;ETH/BTC;FECHAMENTO_RETORNO_MEDIA;Z_in=5.94 -> Z_out=0.07;23.93;3693.52
1789397607;14/09/2026 14:53:27;PAIRS_TRADING;ETH/BTC;FECHAMENTO_RETORNO_MEDIA;Z_in=5.88 -> Z_out=0.07;23.69;3717.21
1789397647;14/09/2026 14:54:07;PAIRS_TRADING;ETH/BTC;FECHAMENTO_RETORNO_MEDIA;Z_in=5.87 -> Z_out=0.07;23.61;3740.83
1789397924;14/09/2026 14:58:44;PAIRS_TRADING;ETH/BTC;FECHAMENTO_RETORNO_MEDIA;Z_in=5.84 -> Z_out=0.07;23.51;3764.33
1789401607;14/09/2026 16:00:07;FUNDING_RATE;NATGASUSDT;CREDITO_8H;Taxa: 0.1738%;0.43;3764.77
1789430410;15/09/2026 00:00:10;FUNDING_RATE;CSOPSAMSUNG2LUSDT;CREDITO_8H;Taxa: 0.1944%;0.49;1000.49
1789459217;15/09/2026 08:00:17;FUNDING_RATE;TMFUSDT;CREDITO_8H;Taxa: 0.2669%;0.67;1001.15
1789464011;15/09/2026 09:20:11;PAIRS_TRADING;ETH/BTC;FECHAMENTO_RETORNO_MEDIA;Z_in=7.2 -> Z_out=0.07;29.13;1030.28
1789511162;15/09/2026 22:26:02;GRID_HUNTER;BTC/USDT;LUCRO_GRADE;Compra $75169.1 -> Venda $75324.2;0.08;1000.08
1789511208;15/09/2026 22:26:48;GRID_HUNTER;BTC/USDT;LUCRO_GRADE;Compra $75261.3 -> Venda $75427.6;0.08;1000.16
1789511239;15/09/2026 22:27:19;GRID_HUNTER;BTC/USDT;LUCRO_GRADE;Compra $75380.6 -> Venda $75520.6;0.08;1000.24
1789511515;15/09/2026 22:31:55;GRID_HUNTER;BTC/USDT;LUCRO_GRADE;Compra $75462.0 -> Venda $75600.0;0.08;1000.32
1789512390;15/09/2026 22:46:30;GRID_HUNTER;BTC/USDT;LUCRO_GRADE;Compra $75547.1 -> Venda $75670.1;0.08;1000.4
1789513327;15/09/2026 23:02:07;GRID_HUNTER;BTC/USDT;LUCRO_GRADE;Compra $75636.0 -> Venda $75770.6;0.08;1000.48
1789513756;15/09/2026 23:09:16;GRID_HUNTER;BTC/USDT;LUCRO_GRADE;Compra $75717.4 -> Venda $75842.2;0.08;1000.56
1789514202;15/09/2026 23:16:42;GRID_HUNTER;BTC/USDT;LUCRO_GRADE;Compra $75800.0 -> Venda $75920.9;0.08;1000.64
1789515232;15/09/2026 23:33:52;GRID_HUNTER;BTC/USDT;LUCRO_GRADE;Compra $75570.4 -> Venda $75697.6;0.08;1000.72
1789516262;15/09/2026 23:51:02;GRID_HUNTER;BTC/USDT;LUCRO_GRADE;Compra $75591.8 -> Venda $75716.5;0.08;1000.79
1789516813;16/09/2026 00:00:13;FUNDING_RATE;LYTEUSDT;CREDITO_8H;Taxa: 0.1127%;0.28;1001.08
1789517029;16/09/2026 00:03:49;GRID_HUNTER;BTC/USDT;LUCRO_GRADE;Compra $75592.3 -> Venda $75714.2;0.08;1001.16
1789518243;16/09/2026 00:24:03;GRID_HUNTER;BTC/USDT;LUCRO_GRADE;Compra $75679.0 -> Venda $75814.0;0.08;1001.23
1789521072;16/09/2026 01:11:12;GRID_HUNTER;BTC/USDT;LUCRO_GRADE;Compra $75694.0 -> Venda $75827.6;0.08;1001.31
1789521670;16/09/2026 01:21:10;GRID_HUNTER;BTC/USDT;LUCRO_GRADE;Compra $75709.6 -> Venda $75849.5;0.08;1001.39
1789521900;16/09/2026 01:25:00;GRID_HUNTER;BTC/USDT;LUCRO_GRADE;Compra $75804.8 -> Venda $75933.1;0.08;1001.47
1789523113;16/09/2026 01:45:13;GRID_HUNTER;BTC/USDT;LUCRO_GRADE;Compra $75560.0 -> Venda $75694.0;0.08;1001.55
1789525003;16/09/2026 02:16:43;GRID_HUNTER;BTC/USDT;LUCRO_GRADE;Compra $75603.6 -> Venda $75753.6;0.08;1001.63
1789525064;16/09/2026 02:17:44;GRID_HUNTER;BTC/USDT;LUCRO_GRADE;Compra $75686.1 -> Venda $75822.4;0.08;1001.71
1789525713;16/09/2026 02:28:33;GRID_HUNTER;BTC/USDT;LUCRO_GRADE;Compra $75800.0 -> Venda $75931.8;0.08;1001.79
1789525851;16/09/2026 02:30:51;GRID_HUNTER;BTC/USDT;LUCRO_GRADE;Compra $75888.0 -> Venda $76012.6;0.08;1001.87
1789527695;16/09/2026 03:01:35;GRID_HUNTER;BTC/USDT;LUCRO_GRADE;Compra $75819.8 -> Venda $75950.0;0.08;1001.95
1789528539;16/09/2026 03:15:39;GRID_HUNTER;BTC/USDT;LUCRO_GRADE;Compra $75850.0 -> Venda $75980.0;0.08;1002.03
1789528708;16/09/2026 03:18:28;GRID_HUNTER;BTC/USDT;LUCRO_GRADE;Compra $75931.2 -> Venda $76052.2;0.08;1002.11
1789532517;16/09/2026 04:21:57;GRID_HUNTER;BTC/USDT;LUCRO_GRADE;Compra $75822.0 -> Venda $75948.0;0.08;1002.19
1789537420;16/09/2026 05:43:40;GRID_HUNTER;BTC/USDT;LUCRO_GRADE;Compra $75830.7 -> Venda $75960.3;0.08;1002.26
1789541248;16/09/2026 06:47:28;GRID_HUNTER;BTC/USDT;LUCRO_GRADE;Compra $75830.7 -> Venda $75966.0;0.08;1002.34
1789542087;16/09/2026 07:01:27;GRID_HUNTER;BTC/USDT;LUCRO_GRADE;Compra $75912.3 -> Venda $76034.6;0.08;1002.42
1789542833;16/09/2026 07:13:53;GRID_HUNTER;BTC/USDT;LUCRO_GRADE;Compra $63100.0 -> Venda $75825.2;0.1;1002.52
1789545607;16/09/2026 08:00:07;FUNDING_RATE;AINUSDT;CREDITO_8H;Taxa: 0.3662%;0.92;1003.43
1789549549;16/09/2026 09:05:49;GRID_HUNTER;BTC/USDT;LUCRO_GRADE;Compra $75814.0 -> Venda $75950.0;0.08;1003.51
1789551425;16/09/2026 09:37:05;GRID_HUNTER;BTC/USDT;LUCRO_GRADE;Compra $75800.0 -> Venda $75920.0;0.08;1003.59
1789552852;16/09/2026 10:00:52;GRID_HUNTER;BTC/USDT;LUCRO_GRADE;Compra $75894.0 -> Venda $76042.0;0.08;1003.67
1789556444;16/09/2026 11:00:44;GRID_HUNTER;BTC/USDT;LUCRO_GRADE;Compra $75922.0 -> Venda $76049.9;0.08;1003.75
1789558333;16/09/2026 11:32:13;GRID_HUNTER;BTC/USDT;LUCRO_GRADE;Compra $75931.0 -> Venda $76057.0;0.08;1003.83
1789558954;16/09/2026 11:42:34;GRID_HUNTER;BTC/USDT;LUCRO_GRADE;Compra $76012.6 -> Venda $76170.0;0.08;1003.91
1789559032;16/09/2026 11:43:52;GRID_HUNTER;BTC/USDT;LUCRO_GRADE;Compra $76092.6 -> Venda $76250.0;0.08;1003.99
1789567172;16/09/2026 13:59:32;PAIRS_TRADING;ETH/BTC;FECHAMENTO_RETORNO_MEDIA;Z_in=5.22 -> Z_out=0.07;20.14;1024.12
1789567211;16/09/2026 14:00:11;PAIRS_TRADING;ETH/BTC;FECHAMENTO_RETORNO_MEDIA;Z_in=5.12 -> Z_out=0.07;19.83;1043.95
1789567300;16/09/2026 14:01:40;PAIRS_TRADING;ETH/BTC;FECHAMENTO_RETORNO_MEDIA;Z_in=5.12 -> Z_out=0.07;19.81;1063.76
1789569393;16/09/2026 14:36:33;PAIRS_TRADING;ETH/BTC;FECHAMENTO_RETORNO_MEDIA;Z_in=5.09 -> Z_out=0.07;19.68;1083.44
1789570327;16/09/2026 14:52:07;PAIRS_TRADING;ETH/BTC;FECHAMENTO_RETORNO_MEDIA;Z_in=4.98 -> Z_out=0.07;19.29;1102.73
1789570511;16/09/2026 14:55:11;PAIRS_TRADING;ETH/BTC;FECHAMENTO_RETORNO_MEDIA;Z_in=22.68 -> Z_out=0.07;74.9;1177.63
1789570580;16/09/2026 14:56:20;PAIRS_TRADING;ETH/BTC;FECHAMENTO_RETORNO_MEDIA;Z_in=22.74 -> Z_out=0.07;75.1;1252.73
1789570747;16/09/2026 14:59:07;PAIRS_TRADING;ETH/BTC;FECHAMENTO_RETORNO_MEDIA;Z_in=22.83 -> Z_out=0.07;75.42;1328.15
1789573706;16/09/2026 15:48:26;PAIRS_TRADING;ETH/BTC;FECHAMENTO_RETORNO_MEDIA;Z_in=4.9 -> Z_out=0.07;18.96;1347.11
1789574414;16/09/2026 16:00:14;FUNDING_RATE;AINUSDT;CREDITO_8H;Taxa: 0.1228%;0.31;1347.42
1789578465;16/09/2026 17:07:45;PAIRS_TRADING;ETH/BTC;FECHAMENTO_RETORNO_MEDIA;Z_in=5.04 -> Z_out=0.07;19.57;1366.99
1789578675;16/09/2026 17:11:15;PAIRS_TRADING;ETH/BTC;FECHAMENTO_RETORNO_MEDIA;Z_in=4.92 -> Z_out=0.07;19.04;1386.03
1789581929;16/09/2026 18:05:29;GRID_HUNTER;BTC/USDT;LUCRO_GRADE;Compra $76004.2 -> Venda $76128.5;0.08;1386.11
1789581990;16/09/2026 18:06:30;GRID_HUNTER;BTC/USDT;LUCRO_GRADE;Compra $76102.8 -> Venda $76278.1;0.08;1386.19
1789582037;16/09/2026 18:07:17;GRID_HUNTER;BTC/USDT;LUCRO_GRADE;Compra $76191.2 -> Venda $76430.3;0.08;1386.27
1789582037;16/09/2026 18:07:17;GRID_HUNTER;BTC/USDT;LUCRO_GRADE;Compra $76288.6 -> Venda $76430.3;0.08;1386.34
1789583024;16/09/2026 18:23:44;PAIRS_TRADING;ETH/BTC;FECHAMENTO_RETORNO_MEDIA;Z_in=4.88 -> Z_out=0.07;18.9;1405.24
1789583200;16/09/2026 18:26:40;PAIRS_TRADING;ETH/BTC;FECHAMENTO_RETORNO_MEDIA;Z_in=5.28 -> Z_out=0.07;20.58;1425.82
1789583315;16/09/2026 18:28:35;PAIRS_TRADING;ETH/BTC;FECHAMENTO_RETORNO_MEDIA;Z_in=5.22 -> Z_out=0.07;20.28;1446.11
1789583437;16/09/2026 18:30:37;PAIRS_TRADING;ETH/BTC;FECHAMENTO_RETORNO_MEDIA;Z_in=5.26 -> Z_out=0.07;20.43;1466.53
1789583512;16/09/2026 18:31:52;PAIRS_TRADING;ETH/BTC;FECHAMENTO_RETORNO_MEDIA;Z_in=5.34 -> Z_out=0.07;20.75;1487.28
1789583576;16/09/2026 18:32:56;PAIRS_TRADING;ETH/BTC;FECHAMENTO_RETORNO_MEDIA;Z_in=5.42 -> Z_out=0.07;21.03;1508.31
1789583889;16/09/2026 18:38:09;PAIRS_TRADING;ETH/BTC;FECHAMENTO_RETORNO_MEDIA;Z_in=5.27 -> Z_out=0.07;20.31;1528.62
1789584188;16/09/2026 18:43:08;GRID_HUNTER;BTC/USDT;LUCRO_GRADE;Compra $76156.3 -> Venda $76324.1;0.08;1528.7
1789584631;16/09/2026 18:50:31;PAIRS_TRADING;ETH/BTC;FECHAMENTO_RETORNO_MEDIA;Z_in=5.1 -> Z_out=0.07;19.77;1548.47
1789585065;16/09/2026 18:57:45;PAIRS_TRADING;ETH/BTC;FECHAMENTO_RETORNO_MEDIA;Z_in=5.25 -> Z_out=0.07;20.4;1568.87
1789585105;16/09/2026 18:58:25;PAIRS_TRADING;ETH/BTC;FECHAMENTO_RETORNO_MEDIA;Z_in=5.22 -> Z_out=0.07;20.19;1589.05
1789585437;16/09/2026 19:03:57;PAIRS_TRADING;ETH/BTC;FECHAMENTO_RETORNO_MEDIA;Z_in=5.21 -> Z_out=0.07;20.18;1609.24
1789586017;16/09/2026 19:13:37;PAIRS_TRADING;ETH/BTC;FECHAMENTO_RETORNO_MEDIA;Z_in=5.36 -> Z_out=0.07;20.93;1630.16
1789589137;16/09/2026 20:05:37;GRID_HUNTER;BTC/USDT;LUCRO_GRADE;Compra $76166.6 -> Venda $76310.0;0.08;1630.24
1789589168;16/09/2026 20:06:08;GRID_HUNTER;BTC/USDT;LUCRO_GRADE;Compra $76266.0 -> Venda $76418.3;0.08;1630.32
1789590135;16/09/2026 20:22:15;GRID_HUNTER;BTC/USDT;LUCRO_GRADE;Compra $76242.0 -> Venda $76364.8;0.08;1630.4
1789594866;16/09/2026 21:41:06;PAIRS_TRADING;ETH/BTC;FECHAMENTO_RETORNO_MEDIA;Z_in=5.26 -> Z_out=0.07;20.42;1650.82
1789595263;16/09/2026 21:47:43;PAIRS_TRADING;ETH/BTC;FECHAMENTO_RETORNO_MEDIA;Z_in=5.03 -> Z_out=0.07;19.55;1670.38
1789595477;16/09/2026 21:51:17;PAIRS_TRADING;ETH/BTC;FECHAMENTO_RETORNO_MEDIA;Z_in=23.55 -> Z_out=0.07;77.79;1748.16
1789595744;16/09/2026 21:55:44;PAIRS_TRADING;ETH/BTC;FECHAMENTO_RETORNO_MEDIA;Z_in=5.06 -> Z_out=0.07;19.68;1767.84
1789596546;16/09/2026 22:09:06;PAIRS_TRADING;ETH/BTC;FECHAMENTO_RETORNO_MEDIA;Z_in=5.14 -> Z_out=0.07;20.0;1787.84
1789597139;16/09/2026 22:18:59;PAIRS_TRADING;ETH/BTC;FECHAMENTO_RETORNO_MEDIA;Z_in=4.96 -> Z_out=0.07;19.2;1807.05
1789603206;17/09/2026 00:00:06;FUNDING_RATE;GPROUSDT;CREDITO_8H;Taxa: 0.3038%;0.76;1807.81
1789603927;17/09/2026 00:12:07;GRID_HUNTER;BTC/USDT;LUCRO_GRADE;Compra $76245.5 -> Venda $76423.2;0.08;1807.89
1789604367;17/09/2026 00:19:27;GRID_HUNTER;BTC/USDT;LUCRO_GRADE;Compra $76326.0 -> Venda $76454.0;0.08;1807.96
1789607988;17/09/2026 01:19:48;GRID_HUNTER;BTC/USDT;LUCRO_GRADE;Compra $76258.3 -> Venda $76384.0;0.08;1808.04
1789608281;17/09/2026 01:24:41;GRID_HUNTER;BTC/USDT;LUCRO_GRADE;Compra $76342.8 -> Venda $76478.6;0.08;1808.12
1789608343;17/09/2026 01:25:43;GRID_HUNTER;BTC/USDT;LUCRO_GRADE;Compra $76430.3 -> Venda $76622.4;0.08;1808.2
1789608636;17/09/2026 01:30:36;GRID_HUNTER;BTC/USDT;LUCRO_GRADE;Compra $76537.2 -> Venda $76670.1;0.08;1808.28
1789608744;17/09/2026 01:32:24;GRID_HUNTER;BTC/USDT;LUCRO_GRADE;Compra $76622.4 -> Venda $76750.0;0.08;1808.36
1789621279;17/09/2026 05:01:19;GRID_HUNTER;BTC/USDT;LUCRO_GRADE;Compra $76476.0 -> Venda $76600.0;0.08;1808.43
1789628754;17/09/2026 07:05:54;GRID_HUNTER;BTC/USDT;LUCRO_GRADE;Compra $76484.0 -> Venda $76607.6;0.08;1808.51
1789632007;17/09/2026 08:00:07;FUNDING_RATE;BOTUSDT;CREDITO_8H;Taxa: 0.2586%;0.65;1809.16
1789635680;17/09/2026 09:01:20;GRID_HUNTER;BTC/USDT;LUCRO_GRADE;Compra $76482.5 -> Venda $76649.9;0.08;1809.24
1789635974;17/09/2026 09:06:14;GRID_HUNTER;BTC/USDT;LUCRO_GRADE;Compra $76568.0 -> Venda $76696.9;0.08;1809.32
1789640282;17/09/2026 10:18:02;PAIRS_TRADING;ETH/BTC;FECHAMENTO_RETORNO_MEDIA;Z_in=5.06 -> Z_out=0.07;19.63;1828.95
1789647084;17/09/2026 12:11:24;GRID_HUNTER;BTC/USDT;LUCRO_GRADE;Compra $76472.0 -> Venda $76595.4;0.08;1829.03
1789647192;17/09/2026 12:13:12;GRID_HUNTER;BTC/USDT;LUCRO_GRADE;Compra $76561.7 -> Venda $76700.0;0.08;1829.11
1789647284;17/09/2026 12:14:44;GRID_HUNTER;BTC/USDT;LUCRO_GRADE;Compra $76650.0 -> Venda $76772.0;0.08;1829.19
1789647376;17/09/2026 12:16:16;GRID_HUNTER;BTC/USDT;LUCRO_GRADE;Compra $76750.0 -> Venda $76874.1;0.08;1829.26
1789647607;17/09/2026 12:20:07;GRID_HUNTER;BTC/USDT;LUCRO_GRADE;Compra $76861.7 -> Venda $76993.7;0.08;1829.34
1789648253;17/09/2026 12:30:53;GRID_HUNTER;BTC/USDT;LUCRO_GRADE;Compra $76947.3 -> Venda $77108.3;0.08;1829.42
1789654475;17/09/2026 14:14:35;GRID_HUNTER;BTC/USDT;LUCRO_GRADE;Compra $76780.2 -> Venda $76977.6;0.08;1829.5
1789654891;17/09/2026 14:21:31;GRID_HUNTER;BTC/USDT;LUCRO_GRADE;Compra $76777.8 -> Venda $76900.0;0.08;1829.58
1789655106;17/09/2026 14:25:06;GRID_HUNTER;BTC/USDT;LUCRO_GRADE;Compra $76866.8 -> Venda $76994.5;0.08;1829.65
1789656068;17/09/2026 14:41:08;PAIRS_TRADING;ETH/BTC;FECHAMENTO_RETORNO_MEDIA;Z_in=5.78 -> Z_out=0.07;22.65;1852.31
1789656374;17/09/2026 14:46:14;PAIRS_TRADING;ETH/BTC;FECHAMENTO_RETORNO_MEDIA;Z_in=6.68 -> Z_out=0.07;26.37;1878.67
1789657182;17/09/2026 14:59:42;PAIRS_TRADING;ETH/BTC;FECHAMENTO_RETORNO_MEDIA;Z_in=6.63 -> Z_out=0.07;26.17;1904.84
1789657435;17/09/2026 15:03:55;PAIRS_TRADING;ETH/BTC;FECHAMENTO_RETORNO_MEDIA;Z_in=6.66 -> Z_out=0.07;26.21;1931.05
1789657560;17/09/2026 15:06:00;PAIRS_TRADING;ETH/BTC;FECHAMENTO_RETORNO_MEDIA;Z_in=6.58 -> Z_out=0.07;25.88;1956.93
1789657738;17/09/2026 15:08:58;PAIRS_TRADING;ETH/BTC;FECHAMENTO_RETORNO_MEDIA;Z_in=6.48 -> Z_out=0.07;25.43;1982.36
1789657828;17/09/2026 15:10:28;PAIRS_TRADING;ETH/BTC;FECHAMENTO_RETORNO_MEDIA;Z_in=6.47 -> Z_out=0.07;25.41;2007.77
1789657944;17/09/2026 15:12:24;PAIRS_TRADING;ETH/BTC;FECHAMENTO_RETORNO_MEDIA;Z_in=6.48 -> Z_out=0.07;25.44;2033.21
1789657996;17/09/2026 15:13:16;PAIRS_TRADING;ETH/BTC;FECHAMENTO_RETORNO_MEDIA;Z_in=6.45 -> Z_out=0.07;25.33;2058.54
1789658081;17/09/2026 15:14:41;PAIRS_TRADING;ETH/BTC;FECHAMENTO_RETORNO_MEDIA;Z_in=6.45 -> Z_out=0.07;25.3;2083.84
1789658145;17/09/2026 15:15:45;PAIRS_TRADING;ETH/BTC;FECHAMENTO_RETORNO_MEDIA;Z_in=6.47 -> Z_out=0.07;25.43;2109.26
1789658355;17/09/2026 15:19:15;PAIRS_TRADING;ETH/BTC;FECHAMENTO_RETORNO_MEDIA;Z_in=6.47 -> Z_out=0.07;25.42;2134.69
1789658491;17/09/2026 15:21:31;PAIRS_TRADING;ETH/BTC;FECHAMENTO_RETORNO_MEDIA;Z_in=6.5 -> Z_out=0.07;25.55;2160.23
1789658715;17/09/2026 15:25:15;PAIRS_TRADING;ETH/BTC;FECHAMENTO_RETORNO_MEDIA;Z_in=6.48 -> Z_out=0.07;25.48;2185.72
1789658945;17/09/2026 15:29:05;PAIRS_TRADING;ETH/BTC;FECHAMENTO_RETORNO_MEDIA;Z_in=6.45 -> Z_out=0.07;25.38;2211.1
1789659043;17/09/2026 15:30:43;PAIRS_TRADING;ETH/BTC;FECHAMENTO_RETORNO_MEDIA;Z_in=6.47 -> Z_out=0.07;25.45;2236.55
1789659101;17/09/2026 15:31:41;PAIRS_TRADING;ETH/BTC;FECHAMENTO_RETORNO_MEDIA;Z_in=6.47 -> Z_out=0.07;25.45;2262.0
1789659420;17/09/2026 15:37:00;PAIRS_TRADING;ETH/BTC;FECHAMENTO_RETORNO_MEDIA;Z_in=6.51 -> Z_out=0.07;25.64;2287.63
1789659595;17/09/2026 15:39:55;PAIRS_TRADING;ETH/BTC;FECHAMENTO_RETORNO_MEDIA;Z_in=6.69 -> Z_out=0.07;26.4;2314.04
1789659723;17/09/2026 15:42:03;PAIRS_TRADING;ETH/BTC;FECHAMENTO_RETORNO_MEDIA;Z_in=6.77 -> Z_out=0.07;26.74;2340.78
1789659831;17/09/2026 15:43:51;PAIRS_TRADING;ETH/BTC;FECHAMENTO_RETORNO_MEDIA;Z_in=6.72 -> Z_out=0.07;26.57;2367.35
1789659915;17/09/2026 15:45:15;PAIRS_TRADING;ETH/BTC;FECHAMENTO_RETORNO_MEDIA;Z_in=26.66 -> Z_out=0.07;88.11;2455.46
1789660065;17/09/2026 15:47:45;PAIRS_TRADING;ETH/BTC;FECHAMENTO_RETORNO_MEDIA;Z_in=6.72 -> Z_out=0.07;26.54;2482.0
1789660324;17/09/2026 15:52:04;PAIRS_TRADING;ETH/BTC;FECHAMENTO_RETORNO_MEDIA;Z_in=6.75 -> Z_out=0.07;26.63;2508.64
1789660490;17/09/2026 15:54:50;PAIRS_TRADING;ETH/BTC;FECHAMENTO_RETORNO_MEDIA;Z_in=6.73 -> Z_out=0.07;26.61;2535.25
1789660579;17/09/2026 15:56:19;PAIRS_TRADING;ETH/BTC;FECHAMENTO_RETORNO_MEDIA;Z_in=6.68 -> Z_out=0.07;26.37;2561.62
1789660645;17/09/2026 15:57:25;PAIRS_TRADING;ETH/BTC;FECHAMENTO_RETORNO_MEDIA;Z_in=6.68 -> Z_out=0.07;26.35;2587.97
1789660736;17/09/2026 15:58:56;PAIRS_TRADING;ETH/BTC;FECHAMENTO_RETORNO_MEDIA;Z_in=6.65 -> Z_out=0.07;26.26;2614.22
1789660808;17/09/2026 16:00:08;FUNDING_RATE;AINUSDT;CREDITO_8H;Taxa: 0.1178%;0.29;2614.52
1789664693;17/09/2026 17:04:53;GRID_HUNTER;BTC/USDT;LUCRO_GRADE;Compra $76747.1 -> Venda $76875.9;0.08;2614.6
1789665730;17/09/2026 17:22:10;GRID_HUNTER;BTC/USDT;LUCRO_GRADE;Compra $76768.5 -> Venda $76925.7;0.08;2614.67
1789665982;17/09/2026 17:26:22;PAIRS_TRADING;ETH/BTC;FECHAMENTO_RETORNO_MEDIA;Z_in=6.67 -> Z_out=0.07;26.34;2641.01
1789665999;17/09/2026 17:26:39;GRID_HUNTER;BTC/USDT;LUCRO_GRADE;Compra $63100.0 -> Venda $76885.2;0.1;2641.11
1789666958;17/09/2026 17:42:38;PAIRS_TRADING;ETH/BTC;FECHAMENTO_RETORNO_MEDIA;Z_in=6.57 -> Z_out=0.07;26.01;2667.12
1789667007;17/09/2026 17:43:27;GRID_HUNTER;BTC/USDT;LUCRO_GRADE;Compra $63100.0 -> Venda $76791.0;0.1;2667.21
1789669403;17/09/2026 18:23:23;PAIRS_TRADING;ETH/BTC;FECHAMENTO_RETORNO_MEDIA;Z_in=6.59 -> Z_out=0.07;26.04;2693.26
1789669441;17/09/2026 18:24:01;PAIRS_TRADING;ETH/BTC;FECHAMENTO_RETORNO_MEDIA;Z_in=6.36 -> Z_out=0.07;25.12;2718.38
1789669528;17/09/2026 18:25:28;PAIRS_TRADING;ETH/BTC;FECHAMENTO_RETORNO_MEDIA;Z_in=26.15 -> Z_out=0.07;86.4;2804.78
1789675566;17/09/2026 20:06:06;PAIRS_TRADING;ETH/BTC;FECHAMENTO_RETORNO_MEDIA;Z_in=6.33 -> Z_out=0.07;24.97;2829.74
1789680144;17/09/2026 21:22:24;PAIRS_TRADING;ETH/BTC;FECHAMENTO_RETORNO_MEDIA;Z_in=6.14 -> Z_out=0.07;24.18;2853.92
1789680545;17/09/2026 21:29:05;PAIRS_TRADING;ETH/BTC;FECHAMENTO_RETORNO_MEDIA;Z_in=6.26 -> Z_out=0.07;24.63;2878.55
1789680595;17/09/2026 21:29:55;PAIRS_TRADING;ETH/BTC;FECHAMENTO_RETORNO_MEDIA;Z_in=6.22 -> Z_out=0.07;24.48;2903.02
1789680718;17/09/2026 21:31:58;PAIRS_TRADING;ETH/BTC;FECHAMENTO_RETORNO_MEDIA;Z_in=6.24 -> Z_out=0.07;24.54;2927.56
1789689603;18/09/2026 00:00:03;FUNDING_RATE;BNCUSDT;CREDITO_8H;Taxa: 0.3265%;0.82;2928.38
1789698441;18/09/2026 02:27:21;GRID_HUNTER;BTC/USDT;LUCRO_GRADE;Compra $76780.2 -> Venda $76908.2;0.08;2928.46
1789698686;18/09/2026 02:31:26;GRID_HUNTER;BTC/USDT;LUCRO_GRADE;Compra $76865.1 -> Venda $76997.9;0.08;2928.54
1789700854;18/09/2026 03:07:34;GRID_HUNTER;BTC/USDT;LUCRO_GRADE;Compra $76951.4 -> Venda $77080.8;0.08;2928.62
1789701100;18/09/2026 03:11:40;GRID_HUNTER;BTC/USDT;LUCRO_GRADE;Compra $77058.5 -> Venda $77221.2;0.08;2928.69
1789701315;18/09/2026 03:15:15;GRID_HUNTER;BTC/USDT;LUCRO_GRADE;Compra $77221.2 -> Venda $77347.1;0.08;2928.77
1789701407;18/09/2026 03:16:47;GRID_HUNTER;BTC/USDT;LUCRO_GRADE;Compra $77310.2 -> Venda $77460.0;0.08;2928.85
1789701453;18/09/2026 03:17:33;GRID_HUNTER;BTC/USDT;LUCRO_GRADE;Compra $77392.8 -> Venda $77525.6;0.08;2928.93
1789702036;18/09/2026 03:27:16;GRID_HUNTER;BTC/USDT;LUCRO_GRADE;Compra $77292.2 -> Venda $77416.0;0.08;2929.0
1789706679;18/09/2026 04:44:39;GRID_HUNTER;BTC/USDT;LUCRO_GRADE;Compra $77288.0 -> Venda $77411.8;0.08;2929.08
1789707393;18/09/2026 04:56:33;GRID_HUNTER;BTC/USDT;LUCRO_GRADE;Compra $77374.0 -> Venda $77500.0;0.08;2929.16
1789707672;18/09/2026 05:01:12;GRID_HUNTER;BTC/USDT;LUCRO_GRADE;Compra $77480.0 -> Venda $77611.9;0.08;2929.24
1789708321;18/09/2026 05:12:01;GRID_HUNTER;BTC/USDT;LUCRO_GRADE;Compra $77478.3 -> Venda $77604.0;0.08;2929.31
1789709434;18/09/2026 05:30:34;GRID_HUNTER;BTC/USDT;LUCRO_GRADE;Compra $77489.1 -> Venda $77624.0;0.08;2929.39
1789709914;18/09/2026 05:38:34;GRID_HUNTER;BTC/USDT;LUCRO_GRADE;Compra $77577.0 -> Venda $77706.2;0.08;2929.47
1789711569;18/09/2026 06:06:09;GRID_HUNTER;BTC/USDT;LUCRO_GRADE;Compra $77473.6 -> Venda $77603.1;0.08;2929.55
1789714769;18/09/2026 06:59:29;GRID_HUNTER;BTC/USDT;LUCRO_GRADE;Compra $77473.9 -> Venda $77607.7;0.08;2929.62
1789715033;18/09/2026 07:03:53;GRID_HUNTER;BTC/USDT;LUCRO_GRADE;Compra $77554.9 -> Venda $77686.3;0.08;2929.7
1789716053;18/09/2026 07:20:53;GRID_HUNTER;BTC/USDT;LUCRO_GRADE;Compra $77659.0 -> Venda $77780.0;0.08;2929.78
1789718409;18/09/2026 08:00:09;FUNDING_RATE;BNCUSDT;CREDITO_8H;Taxa: 0.3854%;0.96;2930.74
1789718514;18/09/2026 08:01:54;GRID_HUNTER;BTC/USDT;LUCRO_GRADE;Compra $77758.0 -> Venda $77899.0;0.08;2930.82
1789719411;18/09/2026 08:16:51;GRID_HUNTER;BTC/USDT;LUCRO_GRADE;Compra $77723.7 -> Venda $77850.0;0.08;2930.9
1789719658;18/09/2026 08:20:58;GRID_HUNTER;BTC/USDT;LUCRO_GRADE;Compra $77847.3 -> Venda $77971.0;0.08;2930.97
1789721732;18/09/2026 08:55:32;GRID_HUNTER;BTC/USDT;LUCRO_GRADE;Compra $77961.2 -> Venda $78105.0;0.08;2931.05
1789721840;18/09/2026 08:57:20;GRID_HUNTER;BTC/USDT;LUCRO_GRADE;Compra $78043.7 -> Venda $78170.8;0.08;2931.13
1789722041;18/09/2026 09:00:41;GRID_HUNTER;BTC/USDT;LUCRO_GRADE;Compra $78150.4 -> Venda $78271.1;0.08;2931.2
1789722197;18/09/2026 09:03:17;GRID_HUNTER;BTC/USDT;LUCRO_GRADE;Compra $78248.7 -> Venda $78399.6;0.08;2931.28
1789722522;18/09/2026 09:08:42;GRID_HUNTER;BTC/USDT;LUCRO_GRADE;Compra $78333.1 -> Venda $78454.6;0.08;2931.36
1789727613;18/09/2026 10:33:33;GRID_HUNTER;BTC/USDT;LUCRO_GRADE;Compra $78172.0 -> Venda $78300.0;0.08;2931.43
1789729501;18/09/2026 11:05:01;GRID_HUNTER;BTC/USDT;LUCRO_GRADE;Compra $78256.0 -> Venda $78382.0;0.08;2931.51
1789735189;18/09/2026 12:39:49;GRID_HUNTER;BTC/USDT;LUCRO_GRADE;Compra $78018.6 -> Venda $78146.0;0.08;1000.08
1789737744;18/09/2026 13:22:24;GRID_HUNTER;BTC/USDT;LUCRO_GRADE;Compra $78026.3 -> Venda $78147.4;0.08;1000.15
1789738268;18/09/2026 13:31:08;GRID_HUNTER;BTC/USDT;LUCRO_GRADE;Compra $78110.0 -> Venda $78250.4;0.08;1000.23
1789738406;18/09/2026 13:33:26;GRID_HUNTER;BTC/USDT;LUCRO_GRADE;Compra $78195.1 -> Venda $78316.0;0.08;1000.31
1789738530;18/09/2026 13:35:30;GRID_HUNTER;BTC/USDT;LUCRO_GRADE;Compra $78286.1 -> Venda $78408.0;0.08;1000.38
1789738714;18/09/2026 13:38:34;GRID_HUNTER;BTC/USDT;LUCRO_GRADE;Compra $78382.2 -> Venda $78549.0;0.08;1000.46
1789738745;18/09/2026 13:39:05;GRID_HUNTER;BTC/USDT;LUCRO_GRADE;Compra $78470.0 -> Venda $78653.4;0.08;1000.54
1789738760;18/09/2026 13:39:20;GRID_HUNTER;BTC/USDT;LUCRO_GRADE;Compra $78578.0 -> Venda $78776.2;0.08;1000.61
1789738793;18/09/2026 13:39:53;GRID_HUNTER;BTC/USDT;LUCRO_GRADE;Compra $78776.2 -> Venda $78903.2;0.08;1000.69
1789738839;18/09/2026 13:40:39;GRID_HUNTER;BTC/USDT;LUCRO_GRADE;Compra $78903.2 -> Venda $79036.5;0.08;1000.77
1789738962;18/09/2026 13:42:42;GRID_HUNTER;BTC/USDT;LUCRO_GRADE;Compra $78875.0 -> Venda $79073.2;0.08;1000.84
1789738977;18/09/2026 13:42:57;GRID_HUNTER;BTC/USDT;LUCRO_GRADE;Compra $78987.5 -> Venda $79108.3;0.08;1000.92
1789739054;18/09/2026 13:44:14;GRID_HUNTER;BTC/USDT;LUCRO_GRADE;Compra $79101.1 -> Venda $79240.4;0.08;1000.99
1789739085;18/09/2026 13:44:45;GRID_HUNTER;BTC/USDT;LUCRO_GRADE;Compra $79190.6 -> Venda $79318.0;0.08;1001.07
1789739162;18/09/2026 13:46:02;GRID_HUNTER;BTC/USDT;LUCRO_GRADE;Compra $79273.1 -> Venda $79410.4;0.08;1001.14
1789739193;18/09/2026 13:46:33;GRID_HUNTER;BTC/USDT;LUCRO_GRADE;Compra $79410.4 -> Venda $79543.1;0.08;1001.22
1789739208;18/09/2026 13:46:48;GRID_HUNTER;BTC/USDT;LUCRO_GRADE;Compra $79498.4 -> Venda $79719.4;0.08;1001.3
1789739239;18/09/2026 13:47:19;GRID_HUNTER;BTC/USDT;LUCRO_GRADE;Compra $79719.4 -> Venda $79900.0;0.08;1001.37
1789739393;18/09/2026 13:49:53;GRID_HUNTER;BTC/USDT;LUCRO_GRADE;Compra $79813.6 -> Venda $79975.4;0.08;1001.45
1789739455;18/09/2026 13:50:55;GRID_HUNTER;BTC/USDT;LUCRO_GRADE;Compra $79900.0 -> Venda $80043.5;0.08;1001.52
1789739470;18/09/2026 13:51:10;GRID_HUNTER;BTC/USDT;LUCRO_GRADE;Compra $79990.0 -> Venda $80264.8;0.08;1001.6
1789739516;18/09/2026 13:51:56;GRID_HUNTER;BTC/USDT;LUCRO_GRADE;Compra $80264.8 -> Venda $80410.8;0.07;1001.67
1789740023;18/09/2026 14:00:23;GRID_HUNTER;BTC/USDT;LUCRO_GRADE;Compra $80090.9 -> Venda $80294.1;0.07;1001.75
1789740038;18/09/2026 14:00:38;GRID_HUNTER;BTC/USDT;LUCRO_GRADE;Compra $80194.0 -> Venda $80317.3;0.07;1001.82
1789740270;18/09/2026 14:04:30;GRID_HUNTER;BTC/USDT;LUCRO_GRADE;Compra $80154.5 -> Venda $80283.4;0.07;1001.9
1789740332;18/09/2026 14:05:32;GRID_HUNTER;BTC/USDT;LUCRO_GRADE;Compra $80410.8 -> Venda $80550.8;0.07;1001.97
1789740332;18/09/2026 14:05:32;GRID_HUNTER;BTC/USDT;LUCRO_GRADE;Compra $80296.7 -> Venda $80550.8;0.07;1002.05
1789740823;18/09/2026 14:13:43;GRID_HUNTER;BTC/USDT;LUCRO_GRADE;Compra $80200.0 -> Venda $80320.9;0.07;1002.12
1789740931;18/09/2026 14:15:31;GRID_HUNTER;BTC/USDT;LUCRO_GRADE;Compra $80303.0 -> Venda $80425.1;0.07;1002.19
1789741147;18/09/2026 14:19:07;GRID_HUNTER;BTC/USDT;LUCRO_GRADE;Compra $80467.3 -> Venda $80616.2;0.07;1002.27
1789741239;18/09/2026 14:20:39;GRID_HUNTER;BTC/USDT;LUCRO_GRADE;Compra $80550.8 -> Venda $80696.1;0.07;1002.34
1789741285;18/09/2026 14:21:25;GRID_HUNTER;BTC/USDT;LUCRO_GRADE;Compra $80640.1 -> Venda $80810.9;0.07;1002.42
1789741361;18/09/2026 14:22:41;GRID_HUNTER;BTC/USDT;LUCRO_GRADE;Compra $80729.6 -> Venda $80872.0;0.07;1002.49
1789741469;18/09/2026 14:24:29;GRID_HUNTER;BTC/USDT;LUCRO_GRADE;Compra $80810.9 -> Venda $80953.3;0.07;1002.57
1789741683;18/09/2026 14:28:03;GRID_HUNTER;BTC/USDT;LUCRO_GRADE;Compra $80586.8 -> Venda $80707.4;0.07;1002.64
1789741714;18/09/2026 14:28:34;GRID_HUNTER;BTC/USDT;LUCRO_GRADE;Compra $80669.8 -> Venda $80817.6;0.07;1002.72
1789742164;18/09/2026 14:36:04;GRID_HUNTER;BTC/USDT;LUCRO_GRADE;Compra $80604.0 -> Venda $80727.4;0.07;1002.79
1789742247;18/09/2026 14:37:27;PAIRS_TRADING;ETH/BTC;FECHAMENTO_RETORNO_MEDIA;Z_in=6.35 -> Z_out=0.07;25.45;1028.24
1789742262;18/09/2026 14:37:42;GRID_HUNTER;BTC/USDT;LUCRO_GRADE;Compra $63100.0 -> Venda $80682.8;0.1;1028.33
1789742463;18/09/2026 14:41:03;GRID_HUNTER;BTC/USDT;LUCRO_GRADE;Compra $80589.5 -> Venda $80737.0;0.07;1028.41
1789742849;18/09/2026 14:47:29;GRID_HUNTER;BTC/USDT;LUCRO_GRADE;Compra $80687.8 -> Venda $80826.2;0.07;1028.48
1789742911;18/09/2026 14:48:31;GRID_HUNTER;BTC/USDT;LUCRO_GRADE;Compra $80776.1 -> Venda $80906.0;0.07;1028.55
1789743258;18/09/2026 14:54:18;GRID_HUNTER;BTC/USDT;LUCRO_GRADE;Compra $63100.0 -> Venda $80959.7;0.1;1028.65
1789743598;18/09/2026 14:59:58;PAIRS_TRADING;ETH/BTC;FECHAMENTO_RETORNO_MEDIA;Z_in=5.85 -> Z_out=0.07;24.14;1052.79
1789743682;18/09/2026 15:01:22;GRID_HUNTER;BTC/USDT;LUCRO_GRADE;Compra $63100.0 -> Venda $80984.7;0.1;1052.89
1789743962;18/09/2026 15:06:02;GRID_HUNTER;BTC/USDT;LUCRO_GRADE;Compra $80759.9 -> Venda $80882.0;0.07;1052.96
1789744552;18/09/2026 15:15:52;GRID_HUNTER;BTC/USDT;LUCRO_GRADE;Compra $80800.0 -> Venda $80927.2;0.07;1053.04
1789744552;18/09/2026 15:15:52;GRID_HUNTER;BTC/USDT;LUCRO_GRADE;Compra $80703.7 -> Venda $80927.2;0.07;1053.11
1789744598;18/09/2026 15:16:38;GRID_HUNTER;BTC/USDT;LUCRO_GRADE;Compra $80898.1 -> Venda $81077.8;0.07;1053.19
1789745000;18/09/2026 15:23:20;GRID_HUNTER;BTC/USDT;LUCRO_GRADE;Compra $80894.9 -> Venda $81026.0;0.07;1053.26
1789745110;18/09/2026 15:25:10;GRID_HUNTER;BTC/USDT;LUCRO_GRADE;Compra $80984.7 -> Venda $81133.0;0.07;1053.33
1789747219;18/09/2026 16:00:19;FUNDING_RATE;AGPUUSDT;CREDITO_8H;Taxa: 0.5633%;1.41;1054.74
1789748096;18/09/2026 16:14:56;GRID_HUNTER;BTC/USDT;LUCRO_GRADE;Compra $80800.0 -> Venda $80966.6;0.07;1054.82
1789748327;18/09/2026 16:18:47;GRID_HUNTER;BTC/USDT;LUCRO_GRADE;Compra $80907.7 -> Venda $81034.1;0.07;1054.89
1789749053;18/09/2026 16:30:53;GRID_HUNTER;BTC/USDT;LUCRO_GRADE;Compra $80914.0 -> Venda $81046.0;0.07;1054.96
1789749146;18/09/2026 16:32:26;GRID_HUNTER;BTC/USDT;LUCRO_GRADE;Compra $80996.6 -> Venda $81134.7;0.07;1055.04
1789749192;18/09/2026 16:33:12;GRID_HUNTER;BTC/USDT;LUCRO_GRADE;Compra $81077.8 -> Venda $81208.6;0.07;1055.11
1789753484;18/09/2026 17:44:44;GRID_HUNTER;BTC/USDT;LUCRO_GRADE;Compra $80650.0 -> Venda $80770.5;0.07;1000.07
1789753850;18/09/2026 17:50:50;GRID_HUNTER;BTC/USDT;LUCRO_GRADE;Compra $80745.2 -> Venda $80876.0;0.07;1000.15
1789754088;18/09/2026 17:54:48;PAIRS_TRADING;ETH/BTC;FECHAMENTO_RETORNO_MEDIA;Z_in=6.45 -> Z_out=0.07;26.74;1026.89
1789754339;18/09/2026 17:58:59;GRID_HUNTER;BTC/USDT;LUCRO_GRADE;Compra $80861.3 -> Venda $80994.0;0.07;1026.96
1789754978;18/09/2026 18:09:38;PAIRS_TRADING;ETH/BTC;FECHAMENTO_RETORNO_MEDIA;Z_in=6.79 -> Z_out=0.07;28.2;1055.16
1789755007;18/09/2026 18:10:07;GRID_HUNTER;BTC/USDT;LUCRO_GRADE;Compra $63100.0 -> Venda $80922.0;0.1;1055.25
1789755246;18/09/2026 18:14:06;PAIRS_TRADING;ETH/BTC;FECHAMENTO_RETORNO_MEDIA;Z_in=6.75 -> Z_out=0.07;28.07;1083.32
1789755262;18/09/2026 18:14:22;GRID_HUNTER;BTC/USDT;LUCRO_GRADE;Compra $63100.0 -> Venda $80840.0;0.1;1083.42
1789756090;18/09/2026 18:28:10;GRID_HUNTER;BTC/USDT;LUCRO_GRADE;Compra $80848.0 -> Venda $80970.9;0.07;1083.49
1789756426;18/09/2026 18:33:46;GRID_HUNTER;BTC/USDT;LUCRO_GRADE;Compra $63100.0 -> Venda $80958.0;0.1;1083.59
1789756712;18/09/2026 18:38:32;GRID_HUNTER;BTC/USDT;LUCRO_GRADE;Compra $80953.6 -> Venda $81090.0;0.07;1083.66
1789758598;18/09/2026 19:09:58;GRID_HUNTER;BTC/USDT;LUCRO_GRADE;Compra $80958.0 -> Venda $81088.0;0.07;1083.74
1789758730;18/09/2026 19:12:10;GRID_HUNTER;BTC/USDT;LUCRO_GRADE;Compra $81042.0 -> Venda $81176.0;0.07;1083.81
1789758989;18/09/2026 19:16:29;GRID_HUNTER;BTC/USDT;LUCRO_GRADE;Compra $81134.3 -> Venda $81274.6;0.07;1083.88
1789759713;18/09/2026 19:28:33;GRID_HUNTER;BTC/USDT;LUCRO_GRADE;Compra $81134.0 -> Venda $81270.0;0.07;1083.96
1789760852;18/09/2026 19:47:32;GRID_HUNTER;BTC/USDT;LUCRO_GRADE;Compra $81130.0 -> Venda $81274.7;0.07;1084.03
1789762670;18/09/2026 20:17:50;GRID_HUNTER;BTC/USDT;LUCRO_GRADE;Compra $81035.4 -> Venda $81165.2;0.07;1084.1
1789764227;18/09/2026 20:43:47;GRID_HUNTER;BTC/USDT;LUCRO_GRADE;Compra $81028.0 -> Venda $81165.2;0.07;1084.18
1789765682;18/09/2026 21:08:02;GRID_HUNTER;BTC/USDT;LUCRO_GRADE;Compra $81117.8 -> Venda $81237.9;0.07;1084.25
1789766768;18/09/2026 21:26:08;GRID_HUNTER;BTC/USDT;LUCRO_GRADE;Compra $81118.6 -> Venda $81242.0;0.07;1084.33
1789768996;18/09/2026 22:03:16;PAIRS_TRADING;ETH/BTC;FECHAMENTO_RETORNO_MEDIA;Z_in=6.75 -> Z_out=0.07;28.02;1112.35
1789769014;18/09/2026 22:03:34;GRID_HUNTER;BTC/USDT;LUCRO_GRADE;Compra $63100.0 -> Venda $81264.0;0.1;1112.44
1789769246;18/09/2026 22:07:26;PAIRS_TRADING;ETH/BTC;FECHAMENTO_RETORNO_MEDIA;Z_in=7.16 -> Z_out=0.07;29.93;1142.37
1789769265;18/09/2026 22:07:45;GRID_HUNTER;BTC/USDT;LUCRO_GRADE;Compra $63100.0 -> Venda $81288.0;0.1;1142.47
1789769334;18/09/2026 22:08:54;GRID_HUNTER;BTC/USDT;LUCRO_GRADE;Compra $81215.3 -> Venda $81336.0;0.07;1142.54
1789776009;19/09/2026 00:00:09;FUNDING_RATE;GPROUSDT;CREDITO_8H;Taxa: 0.1509%;0.38;1142.92
1789777916;19/09/2026 00:31:56;GRID_HUNTER;BTC/USDT;LUCRO_GRADE;Compra $81048.3 -> Venda $81222.0;0.07;1142.99
1789777947;19/09/2026 00:32:27;GRID_HUNTER;BTC/USDT;LUCRO_GRADE;Compra $81130.4 -> Venda $81254.5;0.07;1143.06
1789778745;19/09/2026 00:45:45;GRID_HUNTER;BTC/USDT;LUCRO_GRADE;Compra $81214.0 -> Venda $81334.1;0.07;1143.14
1789779236;19/09/2026 00:53:56;GRID_HUNTER;BTC/USDT;LUCRO_GRADE;Compra $81306.0 -> Venda $81478.7;0.07;1143.21
1789779359;19/09/2026 00:55:59;GRID_HUNTER;BTC/USDT;LUCRO_GRADE;Compra $81396.0 -> Venda $81531.9;0.07;1143.29
1789779558;19/09/2026 00:59:18;GRID_HUNTER;BTC/USDT;LUCRO_GRADE;Compra $81478.7 -> Venda $81648.5;0.07;1143.36
1789779681;19/09/2026 01:01:21;GRID_HUNTER;BTC/USDT;LUCRO_GRADE;Compra $81587.3 -> Venda $81730.0;0.07;1143.43
1789804816;19/09/2026 08:00:16;FUNDING_RATE;KOMAUSDT;CREDITO_8H;Taxa: 0.0758%;0.19;1143.62
1789808946;19/09/2026 09:09:06;GRID_HUNTER;BTC/USDT;LUCRO_GRADE;Compra $81386.0 -> Venda $81522.0;0.07;1143.7
1789827661;19/09/2026 14:21:01;GRID_HUNTER;BTC/USDT;LUCRO_GRADE;Compra $81386.1 -> Venda $81524.0;0.07;1143.77
1789828338;19/09/2026 14:32:18;GRID_HUNTER;BTC/USDT;LUCRO_GRADE;Compra $81473.1 -> Venda $81602.6;0.07;1143.84
1789829136;19/09/2026 14:45:36;GRID_HUNTER;BTC/USDT;LUCRO_GRADE;Compra $81478.0 -> Venda $81600.0;0.07;1143.92
1789830303;19/09/2026 15:05:03;GRID_HUNTER;BTC/USDT;LUCRO_GRADE;Compra $81560.8 -> Venda $81683.6;0.07;1143.99
1789832466;19/09/2026 15:41:06;GRID_HUNTER;BTC/USDT;LUCRO_GRADE;Compra $81590.0 -> Venda $81712.0;0.07;1144.06
1789832482;19/09/2026 15:41:22;GRID_HUNTER;BTC/USDT;LUCRO_GRADE;Compra $81681.3 -> Venda $81802.0;0.07;1144.14
1789832558;19/09/2026 15:42:38;GRID_HUNTER;BTC/USDT;LUCRO_GRADE;Compra $81764.7 -> Venda $81909.1;0.07;1144.21
1789833600;19/09/2026 16:00:00;FUNDING_RATE;CYPHUSDT;CREDITO_8H;Taxa: 0.1171%;0.29;1144.5
1789834691;19/09/2026 16:18:11;GRID_HUNTER;BTC/USDT;LUCRO_GRADE;Compra $81684.4 -> Venda $81812.0;0.07;1144.58
1789835566;19/09/2026 16:32:46;GRID_HUNTER;BTC/USDT;LUCRO_GRADE;Compra $81771.3 -> Venda $81891.8;0.07;1144.65
1789862404;20/09/2026 00:00:04;FUNDING_RATE;ESPORTSUSDT;CREDITO_8H;Taxa: 0.2257%;0.56;1145.21
1789891215;20/09/2026 08:00:15;FUNDING_RATE;BNCUSDT;CREDITO_8H;Taxa: 0.1206%;0.3;1145.52
1789893514;20/09/2026 08:38:34;PAIRS_TRADING;ETH/BTC;FECHAMENTO_RETORNO_MEDIA;Z_in=7.19 -> Z_out=0.07;30.05;1175.57
1789893913;20/09/2026 08:45:13;PAIRS_TRADING;ETH/BTC;FECHAMENTO_RETORNO_MEDIA;Z_in=6.36 -> Z_out=0.07;26.22;1201.78
1789895960;20/09/2026 09:19:20;PAIRS_TRADING;ETH/BTC;FECHAMENTO_RETORNO_MEDIA;Z_in=6.37 -> Z_out=0.07;26.23;1228.02
1789902853;20/09/2026 11:14:13;PAIRS_TRADING;ETH/BTC;FECHAMENTO_RETORNO_MEDIA;Z_in=6.43 -> Z_out=0.07;26.49;1254.5
1789902939;20/09/2026 11:15:39;PAIRS_TRADING;ETH/BTC;FECHAMENTO_RETORNO_MEDIA;Z_in=6.15 -> Z_out=0.07;25.32;1279.82
1789905722;20/09/2026 12:02:02;PAIRS_TRADING;ETH/BTC;FECHAMENTO_RETORNO_MEDIA;Z_in=6.15 -> Z_out=0.07;25.32;1305.14
1789905783;20/09/2026 12:03:03;PAIRS_TRADING;ETH/BTC;FECHAMENTO_RETORNO_MEDIA;Z_in=6.2 -> Z_out=0.07;25.59;1330.73
1789905997;20/09/2026 12:06:37;PAIRS_TRADING;ETH/BTC;FECHAMENTO_RETORNO_MEDIA;Z_in=6.24 -> Z_out=0.07;25.76;1356.49
1789906037;20/09/2026 12:07:17;PAIRS_TRADING;ETH/BTC;FECHAMENTO_RETORNO_MEDIA;Z_in=6.28 -> Z_out=0.07;25.93;1382.42
1789910828;20/09/2026 13:27:08;PAIRS_TRADING;ETH/BTC;FECHAMENTO_RETORNO_MEDIA;Z_in=6.31 -> Z_out=0.07;26.05;1408.47
1789910957;20/09/2026 13:29:17;PAIRS_TRADING;ETH/BTC;FECHAMENTO_RETORNO_MEDIA;Z_in=6.31 -> Z_out=0.07;26.07;1434.54
1789920020;20/09/2026 16:00:20;FUNDING_RATE;STARUSDT;CREDITO_8H;Taxa: 0.1139%;0.28;1434.83
1789924549;20/09/2026 17:15:49;PAIRS_TRADING;ETH/BTC;FECHAMENTO_RETORNO_MEDIA;Z_in=6.3 -> Z_out=0.07;26.0;1460.82
1789924675;20/09/2026 17:17:55;PAIRS_TRADING;ETH/BTC;FECHAMENTO_RETORNO_MEDIA;Z_in=7.49 -> Z_out=0.07;31.33;1492.15
1789924775;20/09/2026 17:19:35;PAIRS_TRADING;ETH/BTC;FECHAMENTO_RETORNO_MEDIA;Z_in=7.44 -> Z_out=0.07;31.12;1523.27
1789927992;20/09/2026 18:13:12;PAIRS_TRADING;ETH/BTC;FECHAMENTO_RETORNO_MEDIA;Z_in=7.37 -> Z_out=0.07;30.8;1554.07
1789928029;20/09/2026 18:13:49;PAIRS_TRADING;ETH/BTC;FECHAMENTO_RETORNO_MEDIA;Z_in=7.22 -> Z_out=0.07;30.13;1584.2
1789928070;20/09/2026 18:14:30;PAIRS_TRADING;ETH/BTC;FECHAMENTO_RETORNO_MEDIA;Z_in=7.22 -> Z_out=0.07;30.11;1614.31
1789931141;20/09/2026 19:05:41;PAIRS_TRADING;ETH/BTC;FECHAMENTO_RETORNO_MEDIA;Z_in=7.19 -> Z_out=0.07;30.01;1644.33
1789931222;20/09/2026 19:07:02;PAIRS_TRADING;ETH/BTC;FECHAMENTO_RETORNO_MEDIA;Z_in=7.29 -> Z_out=0.07;30.44;1674.76
1789939296;20/09/2026 21:21:36;PAIRS_TRADING;ETH/BTC;FECHAMENTO_RETORNO_MEDIA;Z_in=7.22 -> Z_out=0.07;30.1;1704.86
1789939361;20/09/2026 21:22:41;PAIRS_TRADING;ETH/BTC;FECHAMENTO_RETORNO_MEDIA;Z_in=7.31 -> Z_out=0.07;30.39;1735.25
1789948836;21/09/2026 00:00:36;FUNDING_RATE;SOXLUSDT;CREDITO_8H;Taxa: 0.2301%;0.58;1735.83
1789950039;21/09/2026 00:20:39;GRID_HUNTER;BTC/USDT;LUCRO_GRADE;Compra $81662.0 -> Venda $81791.1;0.07;1735.9
1789951528;21/09/2026 00:45:28;GRID_HUNTER;BTC/USDT;LUCRO_GRADE;Compra $81658.0 -> Venda $81790.0;0.07;1735.97
1789953032;21/09/2026 01:10:32;GRID_HUNTER;BTC/USDT;LUCRO_GRADE;Compra $81668.0 -> Venda $81792.2;0.07;1736.05
1789953676;21/09/2026 01:21:16;GRID_HUNTER;BTC/USDT;LUCRO_GRADE;Compra $81760.0 -> Venda $81935.2;0.07;1736.12
1789953768;21/09/2026 01:22:48;GRID_HUNTER;BTC/USDT;LUCRO_GRADE;Compra $81852.0 -> Venda $81976.8;0.07;1736.19
1789953799;21/09/2026 01:23:19;GRID_HUNTER;BTC/USDT;LUCRO_GRADE;Compra $81946.1 -> Venda $82092.0;0.07;1736.27
1789953922;21/09/2026 01:25:22;GRID_HUNTER;BTC/USDT;LUCRO_GRADE;Compra $81806.0 -> Venda $81950.0;0.07;1736.34
1789977614;21/09/2026 08:00:14;FUNDING_RATE;BNCUSDT;CREDITO_8H;Taxa: 0.4354%;1.09;1737.43
1789978037;21/09/2026 08:07:17;GRID_HUNTER;BTC/USDT;LUCRO_GRADE;Compra $81804.0 -> Venda $81931.8;0.07;1737.5
1789978865;21/09/2026 08:21:05;PAIRS_TRADING;ETH/BTC;FECHAMENTO_RETORNO_MEDIA;Z_in=7.35 -> Z_out=0.07;30.56;1768.07
1789978873;21/09/2026 08:21:13;GRID_HUNTER;BTC/USDT;LUCRO_GRADE;Compra $63100.0 -> Venda $81970.0;0.1;1768.16
1789978966;21/09/2026 08:22:46;GRID_HUNTER;BTC/USDT;LUCRO_GRADE;Compra $81893.0 -> Venda $82043.4;0.07;1768.23
1789978996;21/09/2026 08:23:16;GRID_HUNTER;BTC/USDT;LUCRO_GRADE;Compra $81996.0 -> Venda $82119.1;0.07;1768.31
1789979150;21/09/2026 08:25:50;GRID_HUNTER;BTC/USDT;LUCRO_GRADE;Compra $82092.0 -> Venda $82217.5;0.07;1768.38
1789979551;21/09/2026 08:32:31;GRID_HUNTER;BTC/USDT;LUCRO_GRADE;Compra $82177.0 -> Venda $82436.5;0.07;1768.45
1789979551;21/09/2026 08:32:31;GRID_HUNTER;BTC/USDT;LUCRO_GRADE;Compra $82260.0 -> Venda $82436.5;0.07;1768.53
1789979566;21/09/2026 08:32:46;GRID_HUNTER;BTC/USDT;LUCRO_GRADE;Compra $82436.5 -> Venda $82577.8;0.07;1768.6
1789979797;21/09/2026 08:36:37;GRID_HUNTER;BTC/USDT;LUCRO_GRADE;Compra $82577.8 -> Venda $82751.2;0.07;1768.67
1789979843;21/09/2026 08:37:23;GRID_HUNTER;BTC/USDT;LUCRO_GRADE;Compra $82686.0 -> Venda $82853.4;0.07;1768.74
1789979874;21/09/2026 08:37:54;GRID_HUNTER;BTC/USDT;LUCRO_GRADE;Compra $82800.7 -> Venda $82935.8;0.07;1768.82
1789979905;21/09/2026 08:38:25;GRID_HUNTER;BTC/USDT;LUCRO_GRADE;Compra $82911.5 -> Venda $83212.2;0.07;1768.89
1789979905;21/09/2026 08:38:25;GRID_HUNTER;BTC/USDT;LUCRO_GRADE;Compra $83000.0 -> Venda $83212.2;0.07;1768.96
1789979921;21/09/2026 08:38:41;GRID_HUNTER;BTC/USDT;LUCRO_GRADE;Compra $83212.2 -> Venda $83654.4;0.07;1769.03
1789979982;21/09/2026 08:39:42;GRID_HUNTER;BTC/USDT;LUCRO_GRADE;Compra $83475.0 -> Venda $83663.1;0.07;1769.11
1789980045;21/09/2026 08:40:45;GRID_HUNTER;BTC/USDT;LUCRO_GRADE;Compra $83524.3 -> Venda $83735.3;0.07;1769.18
1789980107;21/09/2026 08:41:47;GRID_HUNTER;BTC/USDT;LUCRO_GRADE;Compra $83654.4 -> Venda $83782.0;0.07;1769.25
1789980369;21/09/2026 08:46:09;GRID_HUNTER;BTC/USDT;LUCRO_GRADE;Compra $83414.7 -> Venda $83586.5;0.07;1769.32
1789980431;21/09/2026 08:47:11;GRID_HUNTER;BTC/USDT;LUCRO_GRADE;Compra $83582.9 -> Venda $83718.8;0.07;1769.39
1789980508;21/09/2026 08:48:28;GRID_HUNTER;BTC/USDT;LUCRO_GRADE;Compra $83655.4 -> Venda $83799.6;0.07;1769.46
1789980539;21/09/2026 08:48:59;GRID_HUNTER;BTC/USDT;LUCRO_GRADE;Compra $83737.7 -> Venda $83863.0;0.07;1769.54
1789981324;21/09/2026 09:02:04;GRID_HUNTER;BTC/USDT;LUCRO_GRADE;Compra $83749.8 -> Venda $83921.4;0.07;1769.61
1789981340;21/09/2026 09:02:20;GRID_HUNTER;BTC/USDT;LUCRO_GRADE;Compra $83844.3 -> Venda $83974.7;0.07;1769.68
1789981649;21/09/2026 09:07:29;GRID_HUNTER;BTC/USDT;LUCRO_GRADE;Compra $83868.3 -> Venda $84000.0;0.07;1769.75
1789982758;21/09/2026 09:25:58;GRID_HUNTER;BTC/USDT;LUCRO_GRADE;Compra $83974.7 -> Venda $84168.3;0.07;1769.82
1789982774;21/09/2026 09:26:14;GRID_HUNTER;BTC/USDT;LUCRO_GRADE;Compra $84062.6 -> Venda $84189.1;0.07;1769.89
1789982789;21/09/2026 09:26:29;GRID_HUNTER;BTC/USDT;LUCRO_GRADE;Compra $84168.3 -> Venda $84321.0;0.07;1769.97
1789982882;21/09/2026 09:28:02;GRID_HUNTER;BTC/USDT;LUCRO_GRADE;Compra $84321.0 -> Venda $84478.6;0.07;1770.04
1789982974;21/09/2026 09:29:34;GRID_HUNTER;BTC/USDT;LUCRO_GRADE;Compra $84420.4 -> Venda $84570.1;0.07;1770.11
1789983175;21/09/2026 09:32:55;GRID_HUNTER;BTC/USDT;LUCRO_GRADE;Compra $84359.7 -> Venda $84577.9;0.07;1770.18
1789983190;21/09/2026 09:33:10;GRID_HUNTER;BTC/USDT;LUCRO_GRADE;Compra $84484.4 -> Venda $84613.9;0.07;1770.25
1789983206;21/09/2026 09:33:26;GRID_HUNTER;BTC/USDT;LUCRO_GRADE;Compra $84570.1 -> Venda $84742.0;0.07;1770.32
1789983314;21/09/2026 09:35:14;GRID_HUNTER;BTC/USDT;LUCRO_GRADE;Compra $84651.0 -> Venda $84806.6;0.07;1770.39
1789983499;21/09/2026 09:38:19;GRID_HUNTER;BTC/USDT;LUCRO_GRADE;Compra $84742.0 -> Venda $84913.8;0.07;1770.46
1789983529;21/09/2026 09:38:49;GRID_HUNTER;BTC/USDT;LUCRO_GRADE;Compra $84843.6 -> Venda $85232.7;0.07;1770.53
1789983529;21/09/2026 09:38:49;GRID_HUNTER;BTC/USDT;LUCRO_GRADE;Compra $84938.0 -> Venda $85232.7;0.07;1770.6
1789983745;21/09/2026 09:42:25;GRID_HUNTER;BTC/USDT;LUCRO_GRADE;Compra $84835.3 -> Venda $84968.0;0.07;1770.67
1789992441;21/09/2026 12:07:21;GRID_HUNTER;BTC/USDT;LUCRO_GRADE;Compra $84956.3 -> Venda $85094.9;0.07;1770.75
1789992812;21/09/2026 12:13:32;GRID_HUNTER;BTC/USDT;LUCRO_GRADE;Compra $84968.7 -> Venda $85090.0;0.07;1770.82
1789993074;21/09/2026 12:17:54;GRID_HUNTER;BTC/USDT;LUCRO_GRADE;Compra $85064.0 -> Venda $85191.4;0.07;1770.89
1789993274;21/09/2026 12:21:14;GRID_HUNTER;BTC/USDT;LUCRO_GRADE;Compra $85232.7 -> Venda $85372.9;0.07;1770.96
1789993274;21/09/2026 12:21:14;GRID_HUNTER;BTC/USDT;LUCRO_GRADE;Compra $85145.9 -> Venda $85372.9;0.07;1771.03
1789993443;21/09/2026 12:24:03;GRID_HUNTER;BTC/USDT;LUCRO_GRADE;Compra $85110.9 -> Venda $85232.7;0.07;1771.1
1789993923;21/09/2026 12:32:03;GRID_HUNTER;BTC/USDT;LUCRO_GRADE;Compra $85027.3 -> Venda $85171.5;0.07;1771.17
1789994061;21/09/2026 12:34:21;GRID_HUNTER;BTC/USDT;LUCRO_GRADE;Compra $85118.2 -> Venda $85239.8;0.07;1771.24
1789994153;21/09/2026 12:35:53;GRID_HUNTER;BTC/USDT;LUCRO_GRADE;Compra $85214.7 -> Venda $85344.8;0.07;1771.31
1789995352;21/09/2026 12:55:52;GRID_HUNTER;BTC/USDT;LUCRO_GRADE;Compra $85200.0 -> Venda $85344.9;0.07;1771.38
1789995536;21/09/2026 12:58:56;GRID_HUNTER;BTC/USDT;LUCRO_GRADE;Compra $85292.9 -> Venda $85418.3;0.07;1771.45
1789995950;21/09/2026 13:05:50;GRID_HUNTER;BTC/USDT;LUCRO_GRADE;Compra $85263.2 -> Venda $85386.4;0.07;1771.52
1789996947;21/09/2026 13:22:27;GRID_HUNTER;BTC/USDT;LUCRO_GRADE;Compra $85092.3 -> Venda $85219.4;0.07;1771.59
1789997713;21/09/2026 13:35:13;GRID_HUNTER;BTC/USDT;LUCRO_GRADE;Compra $85092.0 -> Venda $85230.0;0.07;1771.66
1789998358;21/09/2026 13:45:58;GRID_HUNTER;BTC/USDT;LUCRO_GRADE;Compra $85057.2 -> Venda $85225.9;0.07;1771.73
1789998389;21/09/2026 13:46:29;GRID_HUNTER;BTC/USDT;LUCRO_GRADE;Compra $85172.6 -> Venda $85306.3;0.07;1771.8
1789998466;21/09/2026 13:47:46;GRID_HUNTER;BTC/USDT;LUCRO_GRADE;Compra $85258.5 -> Venda $85442.0;0.07;1771.87
1789998619;21/09/2026 13:50:19;GRID_HUNTER;BTC/USDT;LUCRO_GRADE;Compra $85372.9 -> Venda $85621.4;0.07;1771.94
1789998619;21/09/2026 13:50:19;GRID_HUNTER;BTC/USDT;LUCRO_GRADE;Compra $85468.4 -> Venda $85621.4;0.07;1772.01
1789998696;21/09/2026 13:51:36;GRID_HUNTER;BTC/USDT;LUCRO_GRADE;Compra $85621.4 -> Venda $85766.0;0.07;1772.08
1789999004;21/09/2026 13:56:44;GRID_HUNTER;BTC/USDT;LUCRO_GRADE;Compra $85444.8 -> Venda $85588.9;0.07;1772.15
1789999035;21/09/2026 13:57:15;GRID_HUNTER;BTC/USDT;LUCRO_GRADE;Compra $85528.6 -> Venda $85671.7;0.07;1772.22
1790000569;21/09/2026 14:22:49;GRID_HUNTER;BTC/USDT;LUCRO_GRADE;Compra $85466.4 -> Venda $85616.2;0.07;1772.29
1790000600;21/09/2026 14:23:20;GRID_HUNTER;BTC/USDT;LUCRO_GRADE;Compra $85563.8 -> Venda $85702.4;0.07;1772.36
1790001168;21/09/2026 14:32:48;GRID_HUNTER;BTC/USDT;LUCRO_GRADE;Compra $85663.6 -> Venda $85785.0;0.07;1772.43
1790001214;21/09/2026 14:33:34;GRID_HUNTER;BTC/USDT;LUCRO_GRADE;Compra $85766.0 -> Venda $85944.6;0.07;1772.5
1790001624;21/09/2026 14:40:24;PAIRS_TRADING;ETH/BTC;FECHAMENTO_RETORNO_MEDIA;Z_in=7.79 -> Z_out=0.07;32.89;1805.39
1790001635;21/09/2026 14:40:35;GRID_HUNTER;BTC/USDT;LUCRO_GRADE;Compra $63100.0 -> Venda $85597.8;0.1;1805.49
1790001681;21/09/2026 14:41:21;GRID_HUNTER;BTC/USDT;LUCRO_GRADE;Compra $85597.8 -> Venda $85761.3;0.07;1805.56
1790001727;21/09/2026 14:42:07;GRID_HUNTER;BTC/USDT;LUCRO_GRADE;Compra $85709.0 -> Venda $85831.2;0.07;1805.63
1790002052;21/09/2026 14:47:32;GRID_HUNTER;BTC/USDT;LUCRO_GRADE;Compra $85763.1 -> Venda $85900.0;0.07;1805.7
1790002207;21/09/2026 14:50:07;GRID_HUNTER;BTC/USDT;LUCRO_GRADE;Compra $85858.3 -> Venda $85992.8;0.07;1805.77
1790002362;21/09/2026 14:52:42;GRID_HUNTER;BTC/USDT;LUCRO_GRADE;Compra $85944.6 -> Venda $86066.4;0.07;1805.84
1790002472;21/09/2026 14:54:32;PAIRS_TRADING;ETH/BTC;FECHAMENTO_RETORNO_MEDIA;Z_in=5.78 -> Z_out=0.07;25.28;1831.12
1790002491;21/09/2026 14:54:51;GRID_HUNTER;BTC/USDT;LUCRO_GRADE;Compra $63100.0 -> Venda $86080.7;0.1;1831.21
1790002524;21/09/2026 14:55:24;GRID_HUNTER;BTC/USDT;LUCRO_GRADE;Compra $63100.0 -> Venda $86020.6;0.1;1831.31
1790002649;21/09/2026 14:57:29;PAIRS_TRADING;ETH/BTC;FECHAMENTO_RETORNO_MEDIA;Z_in=5.92 -> Z_out=0.07;26.04;1857.35
1790002809;21/09/2026 15:00:09;PAIRS_TRADING;ETH/BTC;FECHAMENTO_RETORNO_MEDIA;Z_in=5.72 -> Z_out=0.07;25.06;1882.41
1790002869;21/09/2026 15:01:09;GRID_HUNTER;BTC/USDT;LUCRO_GRADE;Compra $85798.7 -> Venda $85943.5;0.07;1882.48
1790002907;21/09/2026 15:01:47;PAIRS_TRADING;ETH/BTC;FECHAMENTO_RETORNO_MEDIA;Z_in=5.83 -> Z_out=0.07;25.56;1908.03
1790002973;21/09/2026 15:02:53;GRID_HUNTER;BTC/USDT;LUCRO_GRADE;Compra $63100.0 -> Venda $85964.7;0.1;1908.13
1790003050;21/09/2026 15:04:10;PAIRS_TRADING;ETH/BTC;FECHAMENTO_RETORNO_MEDIA;Z_in=38.73 -> Z_out=0.07;128.07;2036.2
1790003116;21/09/2026 15:05:16;GRID_HUNTER;BTC/USDT;LUCRO_GRADE;Compra $85888.4 -> Venda $86012.6;0.07;2036.27
1790003270;21/09/2026 15:07:50;GRID_HUNTER;BTC/USDT;LUCRO_GRADE;Compra $85972.0 -> Venda $86154.1;0.07;2036.34
1790003285;21/09/2026 15:08:05;GRID_HUNTER;BTC/USDT;LUCRO_GRADE;Compra $86053.9 -> Venda $86233.8;0.07;2036.41
1790003301;21/09/2026 15:08:21;GRID_HUNTER;BTC/USDT;LUCRO_GRADE;Compra $86154.1 -> Venda $86321.0;0.07;2036.48
1790003548;21/09/2026 15:12:28;GRID_HUNTER;BTC/USDT;LUCRO_GRADE;Compra $86111.0 -> Venda $86272.1;0.07;2036.55
1790005661;21/09/2026 15:47:41;GRID_HUNTER;BTC/USDT;LUCRO_GRADE;Compra $86032.3 -> Venda $86160.4;0.07;2036.62
1790006405;21/09/2026 16:00:05;FUNDING_RATE;KOMAUSDT;CREDITO_8H;Taxa: 0.1426%;0.36;2036.98
1790009723;21/09/2026 16:55:23;PAIRS_TRADING;ETH/BTC;FECHAMENTO_RETORNO_MEDIA;Z_in=5.79 -> Z_out=0.07;25.37;2062.35
1790014042;21/09/2026 18:07:22;PAIRS_TRADING;ETH/BTC;FECHAMENTO_RETORNO_MEDIA;Z_in=6.48 -> Z_out=0.07;28.56;2090.91
1790014914;21/09/2026 18:21:54;PAIRS_TRADING;ETH/BTC;FECHAMENTO_RETORNO_MEDIA;Z_in=6.04 -> Z_out=0.07;26.54;2117.45
1790018231;21/09/2026 19:17:11;GRID_HUNTER;BTC/USDT;LUCRO_GRADE;Compra $86000.0 -> Venda $86132.0;0.07;2117.52
1790018308;21/09/2026 19:18:28;GRID_HUNTER;BTC/USDT;LUCRO_GRADE;Compra $86117.0 -> Venda $86250.0;0.07;2117.59
1790018416;21/09/2026 19:20:16;GRID_HUNTER;BTC/USDT;LUCRO_GRADE;Compra $86230.0 -> Venda $86419.1;0.07;2117.66
1790018850;21/09/2026 19:27:30;GRID_HUNTER;BTC/USDT;LUCRO_GRADE;Compra $86197.1 -> Venda $86321.8;0.07;2117.73
1790019146;21/09/2026 19:32:26;GRID_HUNTER;BTC/USDT;LUCRO_GRADE;Compra $86321.0 -> Venda $86465.1;0.07;2117.8
1790019192;21/09/2026 19:33:12;GRID_HUNTER;BTC/USDT;LUCRO_GRADE;Compra $86419.1 -> Venda $86610.1;0.07;2117.87
1790019270;21/09/2026 19:34:30;GRID_HUNTER;BTC/USDT;LUCRO_GRADE;Compra $86610.1 -> Venda $86765.2;0.07;2117.94
1790019334;21/09/2026 19:35:34;PAIRS_TRADING;ETH/BTC;FECHAMENTO_RETORNO_MEDIA;Z_in=6.01 -> Z_out=0.07;26.39;2144.32
1790019350;21/09/2026 19:35:50;GRID_HUNTER;BTC/USDT;LUCRO_GRADE;Compra $63100.0 -> Venda $86686.2;0.1;2144.42
1790020537;21/09/2026 19:55:37;GRID_HUNTER;BTC/USDT;LUCRO_GRADE;Compra $86480.3 -> Venda $86613.6;0.07;2144.49
1790020851;21/09/2026 20:00:51;PAIRS_TRADING;ETH/BTC;FECHAMENTO_RETORNO_MEDIA;Z_in=6.04 -> Z_out=0.07;26.72;2171.2
1790020867;21/09/2026 20:01:07;GRID_HUNTER;BTC/USDT;LUCRO_GRADE;Compra $63100.0 -> Venda $86580.0;0.1;2171.3
1790021006;21/09/2026 20:03:26;GRID_HUNTER;BTC/USDT;LUCRO_GRADE;Compra $86562.1 -> Venda $86700.0;0.07;2171.37
1790021502;21/09/2026 20:11:42;GRID_HUNTER;BTC/USDT;LUCRO_GRADE;Compra $86649.9 -> Venda $86785.7;0.07;2171.44
1790021936;21/09/2026 20:18:56;GRID_HUNTER;BTC/USDT;LUCRO_GRADE;Compra $86765.2 -> Venda $86929.3;0.07;2171.51
1790022090;21/09/2026 20:21:30;GRID_HUNTER;BTC/USDT;LUCRO_GRADE;Compra $86874.6 -> Venda $87000.0;0.07;2171.58
1790022401;21/09/2026 20:26:41;GRID_HUNTER;BTC/USDT;LUCRO_GRADE;Compra $86973.6 -> Venda $87225.7;0.07;2171.65
1790022416;21/09/2026 20:26:56;GRID_HUNTER;BTC/USDT;LUCRO_GRADE;Compra $87225.7 -> Venda $87355.6;0.07;2171.71
1790027319;21/09/2026 21:48:39;PAIRS_TRADING;ETH/BTC;FECHAMENTO_RETORNO_MEDIA;Z_in=5.98 -> Z_out=0.07;26.41;2198.13
1790032175;21/09/2026 23:09:35;PAIRS_TRADING;ETH/BTC;FECHAMENTO_RETORNO_MEDIA;Z_in=6.04 -> Z_out=0.07;26.76;2224.88
1790035213;22/09/2026 00:00:13;FUNDING_RATE;KSTRUSDT;CREDITO_8H;Taxa: 0.2398%;0.6;2225.48
1790064010;22/09/2026 08:00:10;FUNDING_RATE;XNYUSDT;CREDITO_8H;Taxa: 0.1283%;0.32;2225.8
1790087620;22/09/2026 14:33:40;PAIRS_TRADING;ETH/BTC;FECHAMENTO_RETORNO_MEDIA;Z_in=6.6 -> Z_out=0.07;29.26;2255.06
1790089345;22/09/2026 15:02:25;PAIRS_TRADING;ETH/BTC;FECHAMENTO_RETORNO_MEDIA;Z_in=5.65 -> Z_out=0.07;24.74;2279.8
1790092905;22/09/2026 16:01:45;FUNDING_RATE;CSOPSKHYNIX2LUSDT;CREDITO_8H;Taxa: 0.2317%;0.58;2280.38
1790093844;22/09/2026 16:17:24;PAIRS_TRADING;ETH/BTC;FECHAMENTO_RETORNO_MEDIA;Z_in=5.63 -> Z_out=0.07;24.74;2305.13
1790099853;22/09/2026 17:57:33;PAIRS_TRADING;ETH/BTC;FECHAMENTO_RETORNO_MEDIA;Z_in=5.36 -> Z_out=0.07;23.54;2328.66
1790099942;22/09/2026 17:59:02;PAIRS_TRADING;ETH/BTC;FECHAMENTO_RETORNO_MEDIA;Z_in=5.56 -> Z_out=0.07;24.52;2353.18
1790100785;22/09/2026 18:13:05;PAIRS_TRADING;ETH/BTC;FECHAMENTO_RETORNO_MEDIA;Z_in=5.56 -> Z_out=0.07;24.55;2377.73
1790103247;22/09/2026 18:54:07;PAIRS_TRADING;ETH/BTC;FECHAMENTO_RETORNO_MEDIA;Z_in=5.6 -> Z_out=0.07;24.68;2402.41
1790105339;22/09/2026 19:28:59;PAIRS_TRADING;ETH/BTC;FECHAMENTO_RETORNO_MEDIA;Z_in=5.56 -> Z_out=0.07;24.51;2426.92
1790112694;22/09/2026 21:31:34;PAIRS_TRADING;ETH/BTC;FECHAMENTO_RETORNO_MEDIA;Z_in=5.92 -> Z_out=0.07;26.15;2453.07
1790121615;23/09/2026 00:00:15;FUNDING_RATE;FLEXUSDT;CREDITO_8H;Taxa: 0.2289%;0.57;2453.64
1790131130;23/09/2026 02:38:50;PAIRS_TRADING;ETH/BTC;FECHAMENTO_RETORNO_MEDIA;Z_in=5.81 -> Z_out=0.07;25.59;2479.23
1790137517;23/09/2026 04:25:17;GRID_HUNTER;BTC/USDT;LUCRO_GRADE;Compra $87045.5 -> Venda $87177.0;0.07;2479.3
1790137947;23/09/2026 04:32:27;GRID_HUNTER;BTC/USDT;LUCRO_GRADE;Compra $87058.2 -> Venda $87185.1;0.07;2479.37
1790138070;23/09/2026 04:34:30;GRID_HUNTER;BTC/USDT;LUCRO_GRADE;Compra $87140.7 -> Venda $87270.8;0.07;2479.43
1790150499;23/09/2026 08:01:39;FUNDING_RATE;TAKEUSDT;CREDITO_8H;Taxa: 0.2008%;0.5;2479.94
1790171834;23/09/2026 13:57:14;PAIRS_TRADING;ETH/BTC;FECHAMENTO_RETORNO_MEDIA;Z_in=5.78 -> Z_out=0.07;25.5;2505.44
1790174013;23/09/2026 14:33:33;PAIRS_TRADING;ETH/BTC;FECHAMENTO_RETORNO_MEDIA;Z_in=5.18 -> Z_out=0.07;22.59;2528.03
1790179239;23/09/2026 16:00:39;FUNDING_RATE;AINUSDT;CREDITO_8H;Taxa: 0.0776%;0.19;2528.22
1790186199;23/09/2026 17:56:39;PAIRS_TRADING;ETH/BTC;FECHAMENTO_RETORNO_MEDIA;Z_in=5.02 -> Z_out=0.07;21.49;2549.71
1790199228;23/09/2026 21:33:48;PAIRS_TRADING;ETH/BTC;FECHAMENTO_RETORNO_MEDIA;Z_in=5.1 -> Z_out=0.07;21.89;2571.6
1790208009;24/09/2026 00:00:09;FUNDING_RATE;BRKBUSDT;CREDITO_8H;Taxa: 0.1229%;0.31;2571.91
