horario;abertura;maxima;minima;fechamento
13/08/2026 18:00:00;0,07018;0,07025;0,07017;0,07023
13/08/2026 18:05:00;0,07023;0,07025;0,07019;0,07021
13/08/2026 18:10:00;0,07021;0,07024;0,07021;0,07024
13/08/2026 18:15:00;0,07024;0,07025;0,07019;0,07024
13/08/2026 18:20:00;0,07024;0,07025;0,07021;0,07025
13/08/2026 18:25:00;0,07025;0,07026;0,0702;0,07026
13/08/2026 18:30:00;0,07026;0,07027;0,07023;0,07023
13/08/2026 18:35:00;0,07023;0,07024;0,0702;0,07024
13/08/2026 18:40:00;0,07024;0,07024;0,07015;0,07017
13/08/2026 18:45:00;0,07017;0,0702;0,07017;0,07019
13/08/2026 18:50:00;0,07019;0,07026;0,07019;0,07023
13/08/2026 18:55:00;0,07023;0,07023;0,07019;0,0702
13/08/2026 19:00:00;0,0702;0,07027;0,07018;0,07027
13/08/2026 19:05:00;0,07027;0,07031;0,07023;0,07026
13/08/2026 19:10:00;0,07026;0,07032;0,07026;0,0703
13/08/2026 19:15:00;0,0703;0,07034;0,07029;0,0703
13/08/2026 19:20:00;0,0703;0,07034;0,0703;0,07034
13/08/2026 19:25:00;0,07034;0,07035;0,07032;0,07035
13/08/2026 19:30:00;0,07035;0,07037;0,07028;0,07031
13/08/2026 19:35:00;0,07031;0,07031;0,07028;0,07028
13/08/2026 19:40:00;0,07028;0,07029;0,070241;0,07026
13/08/2026 19:45:00;0,07025;0,07026;0,07022;0,07023
13/08/2026 19:50:00;0,07023;0,07023;0,07018;0,07018
13/08/2026 19:55:00;0,07018;0,07019;0,07013;0,07016
13/08/2026 20:00:00;0,07016;0,07016;0,07008;0,07008
13/08/2026 20:05:00;0,07008;0,07009;0,07006;0,07009
13/08/2026 20:10:00;0,07009;0,07013;0,07003;0,07011
13/08/2026 20:15:00;0,07011;0,07011;0,07001;0,07004
13/08/2026 20:20:00;0,07004;0,07005;0,07003;0,07005
13/08/2026 20:25:00;0,07005;0,07009;0,07004;0,07009
13/08/2026 20:30:00;0,07009;0,07017;0,07009;0,07014
13/08/2026 20:35:00;0,07014;0,07014;0,0701;0,0701
13/08/2026 20:40:00;0,0701;0,07015;0,0701;0,07015
13/08/2026 20:45:00;0,07015;0,07017;0,07014;0,07015
13/08/2026 20:50:00;0,07015;0,07016;0,07013;0,07013
13/08/2026 20:55:00;0,07013;0,07018;0,070129;0,07018
13/08/2026 21:00:00;0,07018;0,0702;0,07011;0,07014
13/08/2026 21:05:00;0,07014;0,07017;0,07013;0,07015
13/08/2026 21:10:00;0,07015;0,07017;0,07013;0,07013
13/08/2026 21:15:00;0,07013;0,07019;0,07013;0,07018
13/08/2026 21:20:00;0,07018;0,07025;0,07018;0,07024
13/08/2026 21:25:00;0,07024;0,07024;0,07014;0,07017
13/08/2026 21:30:00;0,07017;0,07017;0,07012;0,07015
13/08/2026 21:35:00;0,07015;0,07018;0,07015;0,07017
13/08/2026 21:40:00;0,07017;0,07025;0,07017;0,07022
13/08/2026 21:45:00;0,07022;0,07022;0,07018;0,07019
13/08/2026 21:50:00;0,07019;0,07024;0,07019;0,07022
13/08/2026 21:55:00;0,07022;0,07031;0,07022;0,07028
13/08/2026 22:00:00;0,07027;0,0703;0,07022;0,07026
13/08/2026 22:05:00;0,07026;0,07029;0,07024;0,07024
13/08/2026 22:10:00;0,07024;0,07024;0,07015;0,07017
13/08/2026 22:15:00;0,07017;0,07026;0,07016;0,07023
13/08/2026 22:20:00;0,07023;0,07029;0,07021;0,07027
13/08/2026 22:25:00;0,07027;0,07028;0,0702;0,0702
13/08/2026 22:30:00;0,0702;0,07024;0,07017;0,07024
13/08/2026 22:35:00;0,07024;0,07029;0,07022;0,07026
13/08/2026 22:40:00;0,07026;0,0703;0,07026;0,07029
13/08/2026 22:45:00;0,07029;0,07029;0,07016;0,07025
13/08/2026 22:50:00;0,07025;0,07025;0,0702;0,0702
13/08/2026 22:55:00;0,0702;0,07025;0,0702;0,07025
13/08/2026 23:00:00;0,07025;0,07036;0,07023;0,07031
13/08/2026 23:05:00;0,07031;0,07038;0,07031;0,07034
13/08/2026 23:10:00;0,07034;0,07035;0,07025;0,07028
13/08/2026 23:15:00;0,07028;0,0703;0,07024;0,07024
13/08/2026 23:20:00;0,07024;0,07028;0,07023;0,07023
13/08/2026 23:25:00;0,07023;0,07023;0,07018;0,07019
13/08/2026 23:30:00;0,07019;0,07029;0,07019;0,07026
13/08/2026 23:35:00;0,07026;0,07029;0,07024;0,07025
13/08/2026 23:40:00;0,07025;0,07025;0,07022;0,07023
13/08/2026 23:45:00;0,07023;0,07025;0,07023;0,07025
13/08/2026 23:50:00;0,07025;0,07025;0,07022;0,07023
13/08/2026 23:55:00;0,07023;0,07023;0,07012;0,07012
14/08/2026 00:00:00;0,07012;0,07012;0,07004;0,07008
14/08/2026 00:05:00;0,07008;0,07008;0,07001;0,07002
14/08/2026 00:10:00;0,07002;0,07002;0,06998;0,07
14/08/2026 00:15:00;0,07;0,07014;0,07;0,07013
14/08/2026 00:20:00;0,07013;0,07013;0,07006;0,07007
14/08/2026 00:25:00;0,07007;0,07009;0,07004;0,07005
14/08/2026 00:30:00;0,07005;0,07005;0,07002;0,07002
14/08/2026 00:35:00;0,07002;0,07002;0,06995;0,06995
14/08/2026 00:40:00;0,06995;0,06999;0,06994;0,06999
14/08/2026 00:45:00;0,06999;0,06999;0,06994;0,06994
14/08/2026 00:50:00;0,06994;0,06995;0,06994;0,06995
14/08/2026 00:55:00;0,06995;0,06999;0,06995;0,06997
14/08/2026 01:00:00;0,06997;0,07012;0,06994;0,07008
14/08/2026 01:05:00;0,07008;0,0701;0,07007;0,07008
14/08/2026 01:10:00;0,07008;0,0701;0,07008;0,07009
14/08/2026 01:15:00;0,07009;0,07015;0,07009;0,07009
14/08/2026 01:20:00;0,07009;0,07011;0,07003;0,07005
14/08/2026 01:25:00;0,07005;0,07008;0,07004;0,07006
14/08/2026 01:30:00;0,07006;0,07006;0,07003;0,07004
14/08/2026 01:35:00;0,07004;0,07004;0,07;0,07
14/08/2026 01:40:00;0,07;0,07003;0,07;0,07002
14/08/2026 01:45:00;0,07002;0,07002;0,06996;0,06997
14/08/2026 01:50:00;0,06997;0,07;0,06997;0,07
14/08/2026 01:55:00;0,07;0,07;0,06994;0,06994
14/08/2026 02:00:00;0,06994;0,06998;0,06994;0,06998
14/08/2026 02:05:00;0,06998;0,06998;0,06995;0,06997
14/08/2026 02:10:00;0,06997;0,06998;0,06995;0,06996
14/08/2026 02:15:00;0,06996;0,06998;0,06991;0,06993
14/08/2026 02:20:00;0,06993;0,06999;0,06993;0,06994
14/08/2026 02:25:00;0,06994;0,07002;0,06994;0,07002
14/08/2026 02:30:00;0,07003;0,07004;0,07;0,07001
14/08/2026 02:35:00;0,07001;0,07002;0,06999;0,07002
14/08/2026 02:40:00;0,07002;0,07005;0,07001;0,07002
14/08/2026 02:45:00;0,07002;0,07002;0,06996;0,06996
14/08/2026 02:50:00;0,06996;0,06998;0,06995;0,06998
14/08/2026 02:55:00;0,06998;0,07002;0,06998;0,06999
14/08/2026 03:00:00;0,06999;0,06999;0,06993;0,06994
14/08/2026 03:05:00;0,06994;0,06996;0,06993;0,06995
14/08/2026 03:10:00;0,06995;0,06995;0,0699;0,06992
14/08/2026 03:15:00;0,06992;0,06993;0,06983;0,06986
14/08/2026 03:20:00;0,06986;0,06987;0,06983;0,06983
14/08/2026 03:25:00;0,06983;0,06985;0,06968;0,0697
14/08/2026 03:30:00;0,06975;0,06977;0,06973;0,06974
14/08/2026 03:35:00;0,06974;0,06975;0,06971;0,06974
14/08/2026 03:40:00;0,06974;0,06977;0,06973;0,06976
14/08/2026 03:45:00;0,06976;0,06987;0,06975;0,06975
14/08/2026 03:50:00;0,06975;0,06981;0,06969;0,06969
14/08/2026 03:55:00;0,06969;0,06974;0,06965;0,06966
14/08/2026 04:00:00;0,06966;0,0697;0,06961;0,0697
14/08/2026 04:05:00;0,0697;0,06974;0,06968;0,0697
14/08/2026 04:10:00;0,0697;0,06972;0,06968;0,06971
14/08/2026 04:15:00;0,06971;0,0698;0,0697;0,0698
14/08/2026 04:20:00;0,0698;0,06982;0,06978;0,06979
14/08/2026 04:25:00;0,06979;0,06982;0,06979;0,06979
14/08/2026 04:30:00;0,06979;0,0698;0,06972;0,06974
14/08/2026 04:35:00;0,06974;0,06974;0,06964;0,06964
14/08/2026 04:40:00;0,06964;0,06971;0,06964;0,0697
14/08/2026 04:45:00;0,0697;0,06975;0,06968;0,06973
14/08/2026 04:50:00;0,06973;0,06976;0,06969;0,06969
14/08/2026 04:55:00;0,06969;0,06972;0,06967;0,06969
14/08/2026 05:00:00;0,06969;0,06973;0,06968;0,06971
14/08/2026 05:05:00;0,06971;0,06973;0,06971;0,06972
14/08/2026 05:10:00;0,06972;0,06973;0,06965;0,06966
14/08/2026 05:15:00;0,06966;0,06975;0,06963;0,06963
14/08/2026 05:20:00;0,06963;0,06974;0,06959;0,06959
14/08/2026 05:25:00;0,06959;0,06966;0,06959;0,06965
14/08/2026 05:30:00;0,06965;0,0698;0,06963;0,06979
14/08/2026 05:35:00;0,06979;0,06986;0,06979;0,0698
14/08/2026 05:40:00;0,0698;0,06981;0,06977;0,06978
14/08/2026 05:45:00;0,06979;0,06988;0,06977;0,06988
14/08/2026 05:50:00;0,06988;0,06991;0,06985;0,06987
14/08/2026 05:55:00;0,06987;0,06997;0,06987;0,06996
14/08/2026 06:00:00;0,06996;0,06997;0,06987;0,06991
14/08/2026 06:05:00;0,06991;0,069913;0,06989;0,06989
14/08/2026 06:10:00;0,06989;0,06997;0,06988;0,06996
14/08/2026 06:15:00;0,06996;0,06997;0,06993;0,06993
14/08/2026 06:20:00;0,06993;0,06994;0,06984;0,06985
14/08/2026 06:25:00;0,06985;0,06987;0,06965;0,06965
14/08/2026 06:30:00;0,06965;0,06968;0,0696;0,06967
14/08/2026 06:35:00;0,06967;0,06969;0,06952;0,06953
14/08/2026 06:40:00;0,06953;0,06953;0,06944;0,06947
14/08/2026 06:45:00;0,06947;0,06954;0,06947;0,06954
14/08/2026 06:50:00;0,06954;0,0696;0,06952;0,06955
14/08/2026 06:55:00;0,06955;0,06955;0,06947;0,06948
14/08/2026 07:00:00;0,06948;0,06958;0,06945;0,06958
14/08/2026 07:05:00;0,06958;0,06961;0,06954;0,06959
14/08/2026 07:10:00;0,06959;0,06962;0,06956;0,06962
14/08/2026 07:15:00;0,06962;0,06968;0,06957;0,06957
14/08/2026 07:20:00;0,06957;0,06957;0,06952;0,06953
14/08/2026 07:25:00;0,06953;0,06953;0,06948;0,06953
14/08/2026 07:30:00;0,06953;0,06955;0,0695;0,06951
14/08/2026 07:35:00;0,06951;0,06953;0,06943;0,06947
14/08/2026 07:40:00;0,06947;0,06947;0,0694;0,06944
14/08/2026 07:45:00;0,06944;0,06944;0,06936;0,06943
14/08/2026 07:50:00;0,06943;0,06948;0,06941;0,06942
14/08/2026 07:55:00;0,06942;0,06942;0,06937;0,06938
14/08/2026 08:00:00;0,06938;0,0695;0,06938;0,06947
14/08/2026 08:05:00;0,06947;0,06947;0,06941;0,06943
14/08/2026 08:10:00;0,06943;0,0695;0,06941;0,06943
14/08/2026 08:15:00;0,06943;0,06954;0,06943;0,06954
14/08/2026 08:20:00;0,06954;0,06954;0,06946;0,06946
14/08/2026 08:25:00;0,06946;0,0695;0,06941;0,06945
14/08/2026 08:30:00;0,06945;0,06945;0,06942;0,06945
14/08/2026 08:35:00;0,06945;0,06952;0,06944;0,06949
14/08/2026 08:40:00;0,06949;0,06949;0,06946;0,06949
14/08/2026 08:45:00;0,06949;0,06953;0,06946;0,06947
14/08/2026 08:50:00;0,06947;0,06951;0,06947;0,0695
14/08/2026 08:55:00;0,0695;0,06952;0,06945;0,06946
14/08/2026 09:00:00;0,06946;0,06951;0,06943;0,06949
14/08/2026 09:05:00;0,06949;0,06955;0,06947;0,06948
14/08/2026 09:10:00;0,06948;0,06948;0,06939;0,06944
14/08/2026 09:15:00;0,06944;0,0695;0,06939;0,0694
14/08/2026 09:20:00;0,0694;0,06951;0,0694;0,06951
14/08/2026 09:25:00;0,06951;0,06953;0,06947;0,0695
14/08/2026 09:30:00;0,0695;0,06958;0,06949;0,06954
14/08/2026 09:35:00;0,06954;0,06955;0,06942;0,06944
14/08/2026 09:40:00;0,06944;0,06946;0,06936;0,06937
14/08/2026 09:45:00;0,06937;0,06939;0,06926;0,06935
14/08/2026 09:50:00;0,06935;0,0694;0,06925;0,06928
14/08/2026 09:55:00;0,06928;0,0693;0,06921;0,06929
14/08/2026 10:00:00;0,06929;0,06935;0,06926;0,06933
14/08/2026 10:05:00;0,06933;0,06937;0,0693;0,06936
14/08/2026 10:10:00;0,06936;0,0694;0,06931;0,06935
14/08/2026 10:15:00;0,06935;0,0694;0,06934;0,06938
14/08/2026 10:20:00;0,06938;0,06946;0,06937;0,06946
14/08/2026 10:25:00;0,06946;0,06946;0,06941;0,06942
14/08/2026 10:30:00;0,06942;0,06944;0,06934;0,06938
14/08/2026 10:35:00;0,06938;0,06944;0,06933;0,0694
14/08/2026 10:40:00;0,0694;0,06947;0,06938;0,06946
14/08/2026 10:45:00;0,06946;0,0695;0,06945;0,06946
14/08/2026 10:50:00;0,06946;0,06946;0,06936;0,06937
14/08/2026 10:55:00;0,06937;0,06945;0,06937;0,06945
14/08/2026 11:00:00;0,06945;0,06947;0,06937;0,06942
14/08/2026 11:05:00;0,06942;0,06945;0,0694;0,06942
14/08/2026 11:10:00;0,06942;0,06951;0,06936;0,06936
14/08/2026 11:15:00;0,06936;0,06943;0,06934;0,06937
14/08/2026 11:20:00;0,06937;0,06944;0,06934;0,06936
14/08/2026 11:25:00;0,06936;0,06952;0,06936;0,0695
14/08/2026 11:30:00;0,0695;0,06952;0,06946;0,06951
14/08/2026 11:35:00;0,06951;0,0696;0,06951;0,0696
14/08/2026 11:40:00;0,0696;0,06962;0,06953;0,06953
14/08/2026 11:45:00;0,06953;0,0696;0,06953;0,06958
14/08/2026 11:50:00;0,06958;0,06958;0,0695;0,06952
14/08/2026 11:55:00;0,06952;0,06953;0,06941;0,06949
14/08/2026 12:00:00;0,06949;0,06954;0,06946;0,06949
14/08/2026 12:05:00;0,06949;0,06964;0,06949;0,06962
14/08/2026 12:10:00;0,06962;0,06968;0,06961;0,06961
14/08/2026 12:15:00;0,06961;0,06964;0,06959;0,06964
14/08/2026 12:20:00;0,06964;0,06977;0,06963;0,06974
14/08/2026 12:25:00;0,06974;0,06994;0,06974;0,06994
14/08/2026 12:30:00;0,06994;0,06994;0,06981;0,06983
14/08/2026 12:35:00;0,06983;0,06995;0,06983;0,06994
14/08/2026 12:40:00;0,06994;0,06996;0,0699;0,06996
14/08/2026 12:45:00;0,06996;0,06998;0,06987;0,06987
14/08/2026 12:50:00;0,06987;0,06989;0,06985;0,06988
14/08/2026 12:55:00;0,06988;0,06995;0,06988;0,06989
14/08/2026 13:00:00;0,06989;0,06999;0,06989;0,06991
14/08/2026 13:05:00;0,06991;0,06991;0,06985;0,06991
14/08/2026 13:10:00;0,06991;0,06994;0,06989;0,06992
14/08/2026 13:15:00;0,06992;0,06995;0,06989;0,06992
14/08/2026 13:20:00;0,06992;0,06994;0,06986;0,0699
14/08/2026 13:25:00;0,0699;0,06994;0,06989;0,06991
14/08/2026 13:30:00;0,06991;0,06996;0,06991;0,06995
14/08/2026 13:35:00;0,06995;0,07002;0,069938;0,07
14/08/2026 13:40:00;0,07;0,07004;0,06998;0,06998
14/08/2026 13:45:00;0,06998;0,06999;0,06988;0,06994
14/08/2026 13:50:00;0,06994;0,06997;0,0699;0,06992
14/08/2026 13:55:00;0,06992;0,06996;0,0699;0,0699
14/08/2026 14:00:00;0,0699;0,06995;0,0699;0,06992
14/08/2026 14:05:00;0,06992;0,06992;0,06987;0,06991
14/08/2026 14:10:00;0,06991;0,06995;0,06987;0,06995
14/08/2026 14:15:00;0,06995;0,07001;0,06993;0,07
14/08/2026 14:20:00;0,07;0,07008;0,06998;0,07008
14/08/2026 14:25:00;0,07008;0,07012;0,07003;0,07006
14/08/2026 14:30:00;0,07006;0,07008;0,07003;0,07006
14/08/2026 14:35:00;0,07006;0,07008;0,07001;0,07002
14/08/2026 14:40:00;0,07002;0,07021;0,06998;0,06999
14/08/2026 14:45:00;0,06999;0,07005;0,06999;0,07001
14/08/2026 14:50:00;0,07001;0,07001;0,06991;0,06994
14/08/2026 14:55:00;0,06994;0,06994;0,06985;0,06989
14/08/2026 15:00:00;0,06989;0,06991;0,06981;0,06987
14/08/2026 15:05:00;0,06987;0,06989;0,06978;0,06979
14/08/2026 15:10:00;0,06979;0,06985;0,06973;0,06974
14/08/2026 15:15:00;0,06978;0,06985;0,069738;0,06984
14/08/2026 15:20:00;0,06984;0,06989;0,06983;0,06987
14/08/2026 15:25:00;0,06987;0,06991;0,06985;0,06985
14/08/2026 15:30:00;0,06985;0,06986;0,06982;0,06983
14/08/2026 15:35:00;0,06983;0,0699;0,06982;0,06989
14/08/2026 15:40:00;0,06989;0,06991;0,06985;0,06987
14/08/2026 15:45:00;0,06987;0,06989;0,06969;0,06976
14/08/2026 15:50:00;0,06976;0,06977;0,06973;0,06976
14/08/2026 15:55:00;0,06976;0,06979;0,06974;0,06976
14/08/2026 16:00:00;0,06976;0,06976;0,06965;0,06967
14/08/2026 16:05:00;0,06967;0,0697;0,06959;0,06969
14/08/2026 16:10:00;0,06969;0,06969;0,06964;0,06964
14/08/2026 16:15:00;0,06964;0,06973;0,06962;0,06969
14/08/2026 16:20:00;0,06969;0,06977;0,06965;0,0697
14/08/2026 16:25:00;0,0697;0,06973;0,06968;0,06973
14/08/2026 16:30:00;0,06973;0,06973;0,06967;0,06971
14/08/2026 16:35:00;0,06971;0,06973;0,06969;0,06972
14/08/2026 16:40:00;0,06972;0,06981;0,0697;0,06981
14/08/2026 16:45:00;0,06981;0,06984;0,06979;0,06983
14/08/2026 16:50:00;0,06983;0,06989;0,06983;0,06988
14/08/2026 16:55:00;0,06988;0,06989;0,06984;0,06986
14/08/2026 17:00:00;0,06986;0,06992;0,06984;0,06989
14/08/2026 17:05:00;0,06989;0,06999;0,06988;0,06999
14/08/2026 17:10:00;0,06999;0,06999;0,06979;0,06979
14/08/2026 17:15:00;0,06979;0,06986;0,069787;0,06986
14/08/2026 17:20:00;0,06986;0,06995;0,06984;0,06986
14/08/2026 17:25:00;0,06986;0,0699;0,0698;0,0698
14/08/2026 17:30:00;0,0698;0,0699;0,069797;0,06988
14/08/2026 17:35:00;0,06988;0,06989;0,06986;0,06986
14/08/2026 17:40:00;0,06986;0,0699;0,06984;0,06989
14/08/2026 17:45:00;0,06989;0,06989;0,06976;0,0698
14/08/2026 17:50:00;0,0698;0,06981;0,06978;0,06981
14/08/2026 17:55:00;0,06981;0,06981;0,0698;0,06981
14/08/2026 18:00:00;0,06981;0,06984;0,06976;0,06983
14/08/2026 18:05:00;0,06983;0,06985;0,0698;0,06981
14/08/2026 18:10:00;0,06981;0,06981;0,06976;0,06978
14/08/2026 18:15:00;0,06978;0,06982;0,06975;0,06975
14/08/2026 18:20:00;0,06975;0,06978;0,06972;0,06978
14/08/2026 18:25:00;0,06978;0,06982;0,06977;0,06981
14/08/2026 18:30:00;0,06981;0,06983;0,06976;0,06976
14/08/2026 18:35:00;0,06976;0,06977;0,06973;0,06975
14/08/2026 18:40:00;0,06975;0,06978;0,06972;0,06974
14/08/2026 18:45:00;0,06974;0,06978;0,06972;0,06978
14/08/2026 18:50:00;0,06978;0,06981;0,06975;0,06977
14/08/2026 18:55:00;0,06977;0,06986;0,06976;0,06984
14/08/2026 19:00:00;0,06984;0,06992;0,06977;0,06989
14/08/2026 19:05:00;0,06989;0,06992;0,06986;0,06988
14/08/2026 19:10:00;0,06988;0,06988;0,06981;0,06985
14/08/2026 19:15:00;0,06985;0,06985;0,06974;0,06982
14/08/2026 19:20:00;0,06982;0,06982;0,069709;0,06976
14/08/2026 19:25:00;0,06976;0,06976;0,069699;0,069699
14/08/2026 19:30:00;0,069699;0,06976;0,069696;0,069716
14/08/2026 19:35:00;0,069716;0,06978;0,069716;0,06978
14/08/2026 19:40:00;0,06978;0,06979;0,06976;0,06978
14/08/2026 19:45:00;0,06978;0,06983;0,06978;0,06982
14/08/2026 19:50:00;0,06981;0,06983;0,0698;0,06981
14/08/2026 19:55:00;0,06981;0,06985;0,06978;0,06984
14/08/2026 20:00:00;0,06984;0,06988;0,06983;0,06986
14/08/2026 20:05:00;0,06986;0,06989;0,06986;0,06988
14/08/2026 20:10:00;0,06988;0,06998;0,06988;0,06998
14/08/2026 20:15:00;0,06998;0,06998;0,06992;0,069976
14/08/2026 20:20:00;0,069976;0,069999;0,06992;0,069981
14/08/2026 20:25:00;0,069981;0,07009;0,069978;0,07004
14/08/2026 20:30:00;0,07004;0,07004;0,06999;0,06999
14/08/2026 20:35:00;0,06999;0,07009;0,06999;0,07005
14/08/2026 20:40:00;0,07005;0,070122;0,07004;0,070122
14/08/2026 20:45:00;0,070122;0,07014;0,07009;0,07009
14/08/2026 20:50:00;0,07009;0,070094;0,069969;0,070077
14/08/2026 20:55:00;0,070077;0,07013;0,07004;0,07013
14/08/2026 21:00:00;0,07013;0,07016;0,07005;0,07009
14/08/2026 21:05:00;0,07009;0,07011;0,070049;0,070049
14/08/2026 21:10:00;0,070049;0,07013;0,07004;0,07007
14/08/2026 21:15:00;0,07007;0,07008;0,07006;0,07007
14/08/2026 21:20:00;0,07007;0,070071;0,06999;0,07004
14/08/2026 21:25:00;0,07004;0,07006;0,07002;0,07003
14/08/2026 21:30:00;0,07004;0,07007;0,070027;0,07007
14/08/2026 21:35:00;0,07007;0,07017;0,070055;0,07006
14/08/2026 21:40:00;0,07006;0,07008;0,07004;0,07007
14/08/2026 21:45:00;0,07007;0,07011;0,07007;0,07008
14/08/2026 21:50:00;0,07008;0,0701;0,07007;0,0701
14/08/2026 21:55:00;0,0701;0,07014;0,0701;0,07012
14/08/2026 22:00:00;0,07012;0,07014;0,07006;0,07007
14/08/2026 22:05:00;0,07007;0,07007;0,07003;0,07006
14/08/2026 22:10:00;0,07006;0,07015;0,07006;0,07011
14/08/2026 22:15:00;0,07011;0,07011;0,07005;0,07006
14/08/2026 22:20:00;0,07006;0,07006;0,07003;0,07006
14/08/2026 22:25:00;0,07005;0,07008;0,07;0,07002
14/08/2026 22:30:00;0,07003;0,07007;0,06998;0,07007
14/08/2026 22:35:00;0,07007;0,07007;0,07003;0,07004
14/08/2026 22:40:00;0,07005;0,07005;0,07002;0,07004
14/08/2026 22:45:00;0,07004;0,07004;0,07004;0,07004
14/08/2026 22:50:00;0,07004;0,07009;0,07004;0,07007
14/08/2026 22:55:00;0,07007;0,07011;0,07007;0,07009
14/08/2026 23:00:00;0,07009;0,07018;0,07004;0,07016
14/08/2026 23:05:00;0,07016;0,07021;0,07013;0,07014
14/08/2026 23:10:00;0,07014;0,07022;0,07014;0,070205
14/08/2026 23:15:00;0,070203;0,07035;0,070203;0,07025
14/08/2026 23:20:00;0,07025;0,07036;0,07025;0,07035
14/08/2026 23:25:00;0,07035;0,07036;0,07029;0,0703
14/08/2026 23:30:00;0,0703;0,07036;0,0703;0,07033
14/08/2026 23:35:00;0,07032;0,07032;0,07025;0,07026
14/08/2026 23:40:00;0,07026;0,0703;0,07025;0,07026
14/08/2026 23:45:00;0,07026;0,0703;0,07025;0,07027
14/08/2026 23:50:00;0,07027;0,07039;0,07027;0,07038
14/08/2026 23:55:00;0,07038;0,07038;0,07035;0,07035
15/08/2026 00:00:00;0,07035;0,07038;0,070315;0,07035
15/08/2026 00:05:00;0,07035;0,07041;0,07035;0,0704
15/08/2026 00:10:00;0,0704;0,07049;0,0704;0,07045
15/08/2026 00:15:00;0,07045;0,070603;0,07045;0,070593
15/08/2026 00:20:00;0,070593;0,070593;0,07044;0,07045
15/08/2026 00:25:00;0,07044;0,07045;0,07041;0,07044
15/08/2026 00:30:00;0,07044;0,07046;0,07038;0,07038
15/08/2026 00:35:00;0,07038;0,07038;0,07026;0,07026
15/08/2026 00:40:00;0,07026;0,07034;0,070233;0,07029
15/08/2026 00:45:00;0,07029;0,07031;0,070289;0,07031
15/08/2026 00:50:00;0,07031;0,07037;0,07031;0,07034
15/08/2026 00:55:00;0,07033;0,07034;0,0703;0,07032
15/08/2026 01:00:00;0,07032;0,07039;0,07032;0,07035
15/08/2026 01:05:00;0,07035;0,07035;0,07033;0,07033
15/08/2026 01:10:00;0,07033;0,07035;0,07027;0,07035
15/08/2026 01:15:00;0,07035;0,07044;0,07035;0,07043
15/08/2026 01:20:00;0,07043;0,07047;0,07043;0,07044
15/08/2026 01:25:00;0,07045;0,07045;0,07041;0,07041
15/08/2026 01:30:00;0,07041;0,07041;0,070335;0,07038
15/08/2026 01:35:00;0,07038;0,07042;0,07035;0,07035
15/08/2026 01:40:00;0,07035;0,07042;0,070347;0,0704
15/08/2026 01:45:00;0,0704;0,0704;0,07032;0,07034
15/08/2026 01:50:00;0,07034;0,07036;0,07027;0,07036
15/08/2026 01:55:00;0,07036;0,07036;0,070277;0,070298
15/08/2026 02:00:00;0,070298;0,070449;0,070298;0,070414
15/08/2026 02:05:00;0,070414;0,07045;0,07034;0,07037
15/08/2026 02:10:00;0,07037;0,07037;0,07032;0,07033
15/08/2026 02:15:00;0,07033;0,07033;0,07027;0,07029
15/08/2026 02:20:00;0,07029;0,07029;0,07023;0,07023
15/08/2026 02:25:00;0,07022;0,07027;0,07019;0,07019
15/08/2026 02:30:00;0,07019;0,07025;0,07019;0,07023
15/08/2026 02:35:00;0,07023;0,07023;0,07006;0,07006
15/08/2026 02:40:00;0,07006;0,0702;0,07004;0,07018
15/08/2026 02:45:00;0,07018;0,07023;0,07018;0,07019
15/08/2026 02:50:00;0,07019;0,07019;0,07012;0,07015
15/08/2026 02:55:00;0,07015;0,07016;0,0701;0,07014
15/08/2026 03:00:00;0,07014;0,07015;0,07014;0,07015
15/08/2026 03:05:00;0,07015;0,07015;0,07011;0,07011
15/08/2026 03:10:00;0,07011;0,07012;0,07004;0,07005
15/08/2026 03:15:00;0,07005;0,0701;0,07005;0,07009
15/08/2026 03:20:00;0,07009;0,07012;0,07008;0,07012
15/08/2026 03:25:00;0,07012;0,07013;0,07006;0,07013
15/08/2026 03:30:00;0,07013;0,07013;0,07009;0,07013
15/08/2026 03:35:00;0,07012;0,07012;0,07008;0,0701
15/08/2026 03:40:00;0,0701;0,07014;0,07008;0,07012
15/08/2026 03:45:00;0,07012;0,07015;0,07008;0,07015
15/08/2026 03:50:00;0,07015;0,0702;0,07014;0,0702
15/08/2026 03:55:00;0,0702;0,07021;0,07017;0,07017
15/08/2026 04:00:00;0,07017;0,0702;0,07015;0,07015
15/08/2026 04:05:00;0,07015;0,07017;0,07014;0,07014
15/08/2026 04:10:00;0,07014;0,07017;0,07011;0,07016
15/08/2026 04:15:00;0,07016;0,07016;0,0701;0,07012
15/08/2026 04:20:00;0,07012;0,07012;0,07007;0,07011
15/08/2026 04:25:00;0,07009;0,07012;0,07009;0,07009
15/08/2026 04:30:00;0,07009;0,07011;0,07007;0,07007
15/08/2026 04:35:00;0,07007;0,07008;0,07005;0,07006
15/08/2026 04:40:00;0,07006;0,07008;0,07005;0,07007
15/08/2026 04:45:00;0,07007;0,07007;0,07004;0,07005
15/08/2026 04:50:00;0,07005;0,07008;0,07005;0,07006
15/08/2026 04:55:00;0,07006;0,07008;0,07005;0,07006
15/08/2026 05:00:00;0,07007;0,07009;0,070028;0,07008
15/08/2026 05:05:00;0,07008;0,07011;0,07008;0,07008
15/08/2026 05:10:00;0,07008;0,07009;0,07005;0,07006
15/08/2026 05:15:00;0,07006;0,07007;0,07002;0,07007
15/08/2026 05:20:00;0,07007;0,07009;0,07004;0,07009
15/08/2026 05:25:00;0,07008;0,0701;0,07005;0,07006
15/08/2026 05:30:00;0,07006;0,07006;0,07001;0,07001
15/08/2026 05:35:00;0,07001;0,07001;0,06996;0,06999
15/08/2026 05:40:00;0,06999;0,07;0,06997;0,06997
15/08/2026 05:45:00;0,06997;0,07002;0,06997;0,07
15/08/2026 05:50:00;0,07;0,07001;0,06996;0,06996
15/08/2026 05:55:00;0,06996;0,06998;0,06995;0,06996
15/08/2026 06:00:00;0,06996;0,06996;0,0699;0,06991
15/08/2026 06:05:00;0,06991;0,06997;0,06991;0,06996
15/08/2026 06:10:00;0,06996;0,06999;0,06996;0,06999
15/08/2026 06:15:00;0,06998;0,07003;0,06997;0,07002
15/08/2026 06:20:00;0,07002;0,07004;0,07002;0,07002
15/08/2026 06:25:00;0,07001;0,07005;0,07001;0,07002
15/08/2026 06:30:00;0,07002;0,07007;0,07001;0,07007
15/08/2026 06:35:00;0,07007;0,07007;0,07002;0,07002
15/08/2026 06:40:00;0,07002;0,07007;0,07002;0,07004
15/08/2026 06:45:00;0,07004;0,07008;0,07003;0,07008
15/08/2026 06:50:00;0,07008;0,07011;0,07007;0,07011
15/08/2026 06:55:00;0,07011;0,07012;0,0701;0,0701
15/08/2026 07:00:00;0,0701;0,07011;0,07002;0,07004
15/08/2026 07:05:00;0,07004;0,07008;0,07004;0,07006
15/08/2026 07:10:00;0,07006;0,07007;0,07005;0,07005
15/08/2026 07:15:00;0,07005;0,07006;0,07004;0,07005
15/08/2026 07:20:00;0,07005;0,07005;0,07003;0,07005
15/08/2026 07:25:00;0,07005;0,07006;0,07003;0,07003
15/08/2026 07:30:00;0,07003;0,07006;0,07001;0,07003
15/08/2026 07:35:00;0,07003;0,07003;0,07;0,070022
15/08/2026 07:40:00;0,070022;0,070022;0,069979;0,069979
15/08/2026 07:45:00;0,069979;0,07004;0,06997;0,06997
15/08/2026 07:50:00;0,06997;0,070045;0,06997;0,070045
15/08/2026 07:55:00;0,070045;0,07006;0,07001;0,07006
15/08/2026 08:00:00;0,07006;0,07006;0,07001;0,07001
15/08/2026 08:05:00;0,07001;0,07005;0,07001;0,07004
15/08/2026 08:10:00;0,07004;0,07006;0,07003;0,07006
15/08/2026 08:15:00;0,07006;0,07006;0,07003;0,07003
15/08/2026 08:20:00;0,07003;0,07003;0,07;0,07
15/08/2026 08:25:00;0,07;0,07005;0,06998;0,07002
15/08/2026 08:30:00;0,07002;0,07003;0,07001;0,07002
15/08/2026 08:35:00;0,07003;0,07003;0,07;0,07001
15/08/2026 08:40:00;0,07001;0,07008;0,07;0,07008
15/08/2026 08:45:00;0,07008;0,0701;0,07003;0,07003
15/08/2026 08:50:00;0,07003;0,07008;0,07003;0,07007
15/08/2026 08:55:00;0,07007;0,07008;0,07003;0,07003
15/08/2026 09:00:00;0,07003;0,07004;0,07002;0,07002
15/08/2026 09:05:00;0,07002;0,07006;0,07002;0,07004
15/08/2026 09:10:00;0,07004;0,07004;0,07002;0,07002
15/08/2026 09:15:00;0,07002;0,07006;0,07001;0,07001
15/08/2026 09:20:00;0,07001;0,07001;0,06998;0,069982
15/08/2026 09:25:00;0,069982;0,06999;0,069963;0,06998
15/08/2026 09:30:00;0,06998;0,07;0,06996;0,07
15/08/2026 09:35:00;0,07;0,07001;0,06999;0,07
15/08/2026 09:40:00;0,07;0,07001;0,06998;0,07001
15/08/2026 09:45:00;0,07;0,070023;0,06996;0,07002
15/08/2026 09:50:00;0,07002;0,070021;0,06993;0,06996
15/08/2026 09:55:00;0,06996;0,07008;0,06996;0,07008
15/08/2026 10:00:00;0,07008;0,0701;0,07005;0,0701
15/08/2026 10:05:00;0,0701;0,07012;0,07007;0,07008
15/08/2026 10:10:00;0,07007;0,07009;0,070062;0,07009
15/08/2026 10:15:00;0,07009;0,070091;0,070055;0,070091
15/08/2026 10:20:00;0,070091;0,070091;0,07007;0,07008
15/08/2026 10:25:00;0,07008;0,070101;0,07008;0,070101
15/08/2026 10:30:00;0,070101;0,070101;0,07008;0,0701
15/08/2026 10:35:00;0,0701;0,07013;0,07009;0,07013
15/08/2026 10:40:00;0,07013;0,07014;0,07012;0,07014
15/08/2026 10:45:00;0,07014;0,07016;0,0701;0,0701
15/08/2026 10:50:00;0,0701;0,07013;0,0701;0,07012
15/08/2026 10:55:00;0,07012;0,07012;0,07009;0,07009
15/08/2026 11:00:00;0,07009;0,0701;0,07006;0,07007
15/08/2026 11:05:00;0,07007;0,0701;0,07007;0,0701
15/08/2026 11:10:00;0,0701;0,0701;0,07006;0,07007
15/08/2026 11:15:00;0,07005;0,07005;0,07001;0,07001
15/08/2026 11:20:00;0,07001;0,07001;0,06993;0,06995
15/08/2026 11:25:00;0,06995;0,06997;0,06995;0,06996
15/08/2026 11:30:00;0,06996;0,06997;0,06992;0,06997
15/08/2026 11:35:00;0,06996;0,07;0,06996;0,06998
15/08/2026 11:40:00;0,06998;0,070016;0,06998;0,06999
15/08/2026 11:45:00;0,06999;0,07006;0,06998;0,07006
15/08/2026 11:50:00;0,07006;0,0701;0,07006;0,07009
15/08/2026 11:55:00;0,07009;0,07011;0,07007;0,07008
15/08/2026 12:00:00;0,07008;0,0701;0,07008;0,07008
15/08/2026 12:05:00;0,07008;0,07008;0,07002;0,07003
15/08/2026 12:10:00;0,07003;0,07006;0,07002;0,07003
15/08/2026 12:15:00;0,07003;0,07007;0,07003;0,07006
15/08/2026 12:20:00;0,07006;0,07007;0,06998;0,06998
15/08/2026 12:25:00;0,06998;0,07006;0,06998;0,07005
15/08/2026 12:30:00;0,07005;0,07007;0,07003;0,07006
15/08/2026 12:35:00;0,07006;0,0701;0,07006;0,07009
15/08/2026 12:40:00;0,07009;0,0701;0,07008;0,0701
15/08/2026 12:45:00;0,0701;0,0701;0,07006;0,07009
15/08/2026 12:50:00;0,07009;0,07009;0,07005;0,07007
15/08/2026 12:55:00;0,07008;0,07008;0,07003;0,07008
15/08/2026 13:00:00;0,07008;0,07009;0,07004;0,07005
15/08/2026 13:05:00;0,07005;0,07005;0,07;0,07001
15/08/2026 13:10:00;0,07001;0,07006;0,07001;0,070014
15/08/2026 13:15:00;0,070015;0,070034;0,07001;0,07002
15/08/2026 13:20:00;0,07002;0,07008;0,07002;0,07008
15/08/2026 13:25:00;0,07008;0,07008;0,07005;0,07005
15/08/2026 13:30:00;0,07005;0,07006;0,07;0,07
15/08/2026 13:35:00;0,07;0,070013;0,069993;0,070003
15/08/2026 13:40:00;0,070004;0,07001;0,07;0,07
15/08/2026 13:45:00;0,07;0,07002;0,069982;0,07
15/08/2026 13:50:00;0,07;0,07003;0,07;0,07003
15/08/2026 13:55:00;0,07003;0,07004;0,07001;0,07003
15/08/2026 14:00:00;0,07003;0,07005;0,07002;0,07004
15/08/2026 14:05:00;0,07004;0,07005;0,07003;0,07004
15/08/2026 14:10:00;0,07004;0,07008;0,07003;0,07008
15/08/2026 14:15:00;0,07008;0,07008;0,07004;0,07005
15/08/2026 14:20:00;0,07005;0,07006;0,069937;0,069937
15/08/2026 14:25:00;0,069937;0,06997;0,06993;0,06993
15/08/2026 14:30:00;0,06993;0,06996;0,06993;0,06996
15/08/2026 14:35:00;0,06996;0,06996;0,06995;0,06996
15/08/2026 14:40:00;0,06996;0,06998;0,06994;0,06995
15/08/2026 14:45:00;0,06995;0,06996;0,06994;0,06995
15/08/2026 14:50:00;0,06995;0,06996;0,06993;0,06993
15/08/2026 14:55:00;0,06993;0,06996;0,06993;0,06994
15/08/2026 15:00:00;0,06994;0,06994;0,06992;0,06992
15/08/2026 15:05:00;0,06992;0,06994;0,0699;0,06991
15/08/2026 15:10:00;0,06991;0,069991;0,06987;0,06993
15/08/2026 15:15:00;0,06991;0,06991;0,06982;0,06983
15/08/2026 15:20:00;0,06983;0,06983;0,0698;0,069809
15/08/2026 15:25:00;0,069809;0,069832;0,06978;0,069801
15/08/2026 15:30:00;0,069801;0,06983;0,06978;0,06982
15/08/2026 15:35:00;0,06982;0,06984;0,06981;0,06983
15/08/2026 15:40:00;0,06983;0,06983;0,06982;0,06982
15/08/2026 15:45:00;0,06982;0,06983;0,06982;0,06983
15/08/2026 15:50:00;0,06983;0,06983;0,06979;0,0698
15/08/2026 15:55:00;0,0698;0,06981;0,06979;0,06981
15/08/2026 16:00:00;0,06981;0,06981;0,06976;0,0698
15/08/2026 16:05:00;0,06979;0,06987;0,069773;0,06985
15/08/2026 16:10:00;0,06985;0,06988;0,06985;0,06987
15/08/2026 16:15:00;0,06987;0,0699;0,06987;0,0699
15/08/2026 16:20:00;0,0699;0,06994;0,0699;0,06993
15/08/2026 16:25:00;0,06993;0,06994;0,0699;0,0699
15/08/2026 16:30:00;0,0699;0,06993;0,0699;0,06993
15/08/2026 16:35:00;0,06993;0,06995;0,06992;0,06995
15/08/2026 16:40:00;0,06994;0,06997;0,06994;0,06996
15/08/2026 16:45:00;0,06996;0,06998;0,06996;0,06997
15/08/2026 16:50:00;0,06997;0,06997;0,06994;0,06995
15/08/2026 16:55:00;0,06995;0,06996;0,06995;0,06995
15/08/2026 17:00:00;0,06995;0,06996;0,06991;0,06993
15/08/2026 17:05:00;0,06993;0,06995;0,06993;0,06993
15/08/2026 17:10:00;0,06993;0,06994;0,06992;0,06993
15/08/2026 17:15:00;0,06994;0,06994;0,0699;0,06992
15/08/2026 17:20:00;0,06992;0,06992;0,06988;0,06989
15/08/2026 17:25:00;0,06989;0,06993;0,06986;0,06993
15/08/2026 17:30:00;0,06993;0,06993;0,06991;0,06992
15/08/2026 17:35:00;0,06992;0,069932;0,06988;0,06989
15/08/2026 17:40:00;0,0699;0,06993;0,069883;0,06992
15/08/2026 17:45:00;0,06992;0,06993;0,06989;0,06992
15/08/2026 17:50:00;0,06992;0,06994;0,0699;0,06994
15/08/2026 17:55:00;0,06994;0,07;0,06987;0,06987
15/08/2026 18:00:00;0,06987;0,06993;0,06986;0,06986
15/08/2026 18:05:00;0,06986;0,06998;0,06981;0,06981
15/08/2026 18:10:00;0,06981;0,07003;0,06981;0,07001
15/08/2026 18:15:00;0,07001;0,07003;0,07;0,07001
15/08/2026 18:20:00;0,07001;0,07011;0,06999;0,07001
15/08/2026 18:25:00;0,07001;0,07009;0,07001;0,07008
15/08/2026 18:30:00;0,07008;0,0701;0,07001;0,07002
15/08/2026 18:35:00;0,07002;0,07004;0,07;0,07004
15/08/2026 18:40:00;0,07003;0,07009;0,07003;0,07004
15/08/2026 18:45:00;0,07005;0,07009;0,07003;0,07009
15/08/2026 18:50:00;0,07009;0,07009;0,07;0,07001
15/08/2026 18:55:00;0,07;0,07002;0,069959;0,069959
15/08/2026 19:00:00;0,069959;0,07001;0,069951;0,06997
15/08/2026 19:05:00;0,06997;0,07;0,06996;0,06999
15/08/2026 19:10:00;0,06999;0,07;0,06996;0,06997
15/08/2026 19:15:00;0,06997;0,06998;0,06992;0,06998
15/08/2026 19:20:00;0,06998;0,06998;0,06991;0,06992
15/08/2026 19:25:00;0,06992;0,06995;0,06992;0,06995
15/08/2026 19:30:00;0,06995;0,06997;0,06994;0,06995
15/08/2026 19:35:00;0,06995;0,06995;0,0699;0,0699
15/08/2026 19:40:00;0,0699;0,06992;0,069894;0,069894
15/08/2026 19:45:00;0,069894;0,07;0,069894;0,06994
15/08/2026 19:50:00;0,06994;0,06994;0,0699;0,0699
15/08/2026 19:55:00;0,0699;0,06991;0,06986;0,06987
15/08/2026 20:00:00;0,06987;0,06991;0,069833;0,06989
15/08/2026 20:05:00;0,06988;0,06988;0,06985;0,06985
15/08/2026 20:10:00;0,06985;0,06985;0,06954;0,06973
15/08/2026 20:15:00;0,06973;0,06973;0,06963;0,06963
15/08/2026 20:20:00;0,06962;0,06963;0,06953;0,06957
15/08/2026 20:25:00;0,06957;0,06964;0,06956;0,06963
15/08/2026 20:30:00;0,06963;0,06966;0,06959;0,06966
15/08/2026 20:35:00;0,06966;0,06968;0,06961;0,06968
15/08/2026 20:40:00;0,06968;0,06968;0,06963;0,06964
15/08/2026 20:45:00;0,06964;0,06965;0,06961;0,06963
15/08/2026 20:50:00;0,06963;0,06964;0,06961;0,06963
15/08/2026 20:55:00;0,06963;0,06964;0,0696;0,06961
15/08/2026 21:00:00;0,06961;0,06961;0,06956;0,06959
15/08/2026 21:05:00;0,06959;0,06959;0,06952;0,06952
15/08/2026 21:10:00;0,06952;0,069591;0,06952;0,069591
15/08/2026 21:15:00;0,069591;0,069611;0,06956;0,06961
15/08/2026 21:20:00;0,06961;0,06967;0,06961;0,06963
15/08/2026 21:25:00;0,06963;0,0697;0,06963;0,06968
15/08/2026 21:30:00;0,06968;0,06969;0,06965;0,06968
15/08/2026 21:35:00;0,06968;0,06971;0,06968;0,06969
15/08/2026 21:40:00;0,06969;0,06971;0,06962;0,06969
15/08/2026 21:45:00;0,06969;0,06971;0,06965;0,06967
15/08/2026 21:50:00;0,06967;0,06969;0,06964;0,06969
15/08/2026 21:55:00;0,06969;0,06971;0,06968;0,0697
15/08/2026 22:00:00;0,0697;0,0697;0,06958;0,06961
15/08/2026 22:05:00;0,06961;0,06964;0,06955;0,06956
15/08/2026 22:10:00;0,06956;0,06964;0,06954;0,06964
15/08/2026 22:15:00;0,06964;0,06968;0,06963;0,06968
15/08/2026 22:20:00;0,06968;0,06969;0,06962;0,06968
15/08/2026 22:25:00;0,06968;0,06968;0,06962;0,06963
15/08/2026 22:30:00;0,06963;0,06966;0,06961;0,06964
15/08/2026 22:35:00;0,06964;0,06964;0,06953;0,06953
15/08/2026 22:40:00;0,06953;0,06967;0,06953;0,06967
15/08/2026 22:45:00;0,06967;0,06967;0,06964;0,06965
15/08/2026 22:50:00;0,06964;0,06964;0,06957;0,06959
15/08/2026 22:55:00;0,0696;0,06966;0,06959;0,06966
15/08/2026 23:00:00;0,06966;0,06968;0,06963;0,06965
15/08/2026 23:05:00;0,06965;0,06966;0,06963;0,06965
15/08/2026 23:10:00;0,06965;0,06965;0,06961;0,06962
15/08/2026 23:15:00;0,06962;0,06966;0,06962;0,06966
15/08/2026 23:20:00;0,06966;0,06974;0,06966;0,06973
15/08/2026 23:25:00;0,06973;0,06983;0,06973;0,06983
15/08/2026 23:30:00;0,06983;0,06988;0,06983;0,06987
15/08/2026 23:35:00;0,06987;0,06989;0,06986;0,06989
15/08/2026 23:40:00;0,06989;0,06993;0,06988;0,06991
15/08/2026 23:45:00;0,06991;0,06991;0,06981;0,06982
15/08/2026 23:50:00;0,06982;0,06982;0,06978;0,06978
15/08/2026 23:55:00;0,06978;0,06982;0,06978;0,06981
16/08/2026 00:00:00;0,06981;0,06987;0,0698;0,06986
16/08/2026 00:05:00;0,06986;0,0699;0,06986;0,0699
16/08/2026 00:10:00;0,0699;0,06991;0,06988;0,06988
16/08/2026 00:15:00;0,06988;0,06989;0,06988;0,06988
16/08/2026 00:20:00;0,06987;0,06987;0,06984;0,06986
16/08/2026 00:25:00;0,06986;0,06986;0,06984;0,06986
16/08/2026 00:30:00;0,06986;0,06989;0,06985;0,06985
16/08/2026 00:35:00;0,06985;0,06985;0,06982;0,06984
16/08/2026 00:40:00;0,06984;0,069841;0,06983;0,06984
16/08/2026 00:45:00;0,06984;0,06986;0,06983;0,06985
16/08/2026 00:50:00;0,06985;0,06987;0,06982;0,06983
16/08/2026 00:55:00;0,06983;0,06984;0,06981;0,06983
16/08/2026 01:00:00;0,06983;0,06985;0,06982;0,06984
16/08/2026 01:05:00;0,06984;0,06986;0,06983;0,06983
16/08/2026 01:10:00;0,06984;0,06984;0,06982;0,06983
16/08/2026 01:15:00;0,06983;0,06992;0,0698;0,06991
16/08/2026 01:20:00;0,06991;0,06993;0,06987;0,06989
16/08/2026 01:25:00;0,06989;0,06991;0,06986;0,0699
16/08/2026 01:30:00;0,0699;0,0699;0,06984;0,06984
16/08/2026 01:35:00;0,06984;0,06986;0,06984;0,06986
16/08/2026 01:40:00;0,06986;0,06986;0,06983;0,06985
16/08/2026 01:45:00;0,06985;0,06987;0,06984;0,06984
16/08/2026 01:50:00;0,06984;0,06985;0,06982;0,06982
16/08/2026 01:55:00;0,06982;0,06982;0,06978;0,06981
16/08/2026 02:00:00;0,06981;0,06983;0,069791;0,06983
16/08/2026 02:05:00;0,06983;0,06983;0,0698;0,06982
16/08/2026 02:10:00;0,06981;0,06982;0,06981;0,06981
16/08/2026 02:15:00;0,06981;0,06981;0,06973;0,06973
16/08/2026 02:20:00;0,06973;0,06973;0,06971;0,06973
16/08/2026 02:25:00;0,06973;0,06973;0,0697;0,06971
16/08/2026 02:30:00;0,06971;0,06972;0,0697;0,06971
16/08/2026 02:35:00;0,06972;0,06973;0,06971;0,06973
16/08/2026 02:40:00;0,06973;0,06976;0,06971;0,06972
16/08/2026 02:45:00;0,06973;0,06975;0,06972;0,06973
16/08/2026 02:50:00;0,06973;0,06973;0,0697;0,0697
16/08/2026 02:55:00;0,0697;0,0697;0,06966;0,06968
16/08/2026 03:00:00;0,06968;0,06972;0,06967;0,06971
16/08/2026 03:05:00;0,06971;0,06975;0,06971;0,06974
16/08/2026 03:10:00;0,06974;0,06975;0,0697;0,0697
16/08/2026 03:15:00;0,0697;0,06971;0,06958;0,06962
16/08/2026 03:20:00;0,06962;0,06965;0,0696;0,06961
16/08/2026 03:25:00;0,06961;0,06967;0,06961;0,06967
16/08/2026 03:30:00;0,06967;0,06968;0,06963;0,06967
16/08/2026 03:35:00;0,06967;0,0697;0,06967;0,06969
16/08/2026 03:40:00;0,06969;0,06972;0,06968;0,06972
16/08/2026 03:45:00;0,06972;0,06982;0,06972;0,06973
16/08/2026 03:50:00;0,06973;0,06973;0,06971;0,06972
16/08/2026 03:55:00;0,06971;0,06973;0,06971;0,06972
16/08/2026 04:00:00;0,06972;0,06974;0,0697;0,06974
16/08/2026 04:05:00;0,06974;0,06979;0,06974;0,06979
16/08/2026 04:10:00;0,06979;0,06983;0,06978;0,06981
16/08/2026 04:15:00;0,06981;0,06981;0,0698;0,06981
16/08/2026 04:20:00;0,06981;0,06984;0,0698;0,06983
16/08/2026 04:25:00;0,06983;0,06984;0,06982;0,06984
16/08/2026 04:30:00;0,06984;0,06986;0,06982;0,06983
16/08/2026 04:35:00;0,06983;0,06983;0,06981;0,06983
16/08/2026 04:40:00;0,06983;0,06983;0,0698;0,06982
16/08/2026 04:45:00;0,06982;0,06983;0,06982;0,06982
16/08/2026 04:50:00;0,06983;0,06988;0,06982;0,06988
16/08/2026 04:55:00;0,06988;0,0699;0,06986;0,0699
16/08/2026 05:00:00;0,0699;0,06992;0,06988;0,0699
16/08/2026 05:05:00;0,0699;0,06991;0,06989;0,0699
16/08/2026 05:10:00;0,06991;0,06991;0,06988;0,06988
16/08/2026 05:15:00;0,06987;0,06988;0,06987;0,06987
16/08/2026 05:20:00;0,06987;0,06993;0,06987;0,06991
16/08/2026 05:25:00;0,06991;0,06994;0,06989;0,0699
16/08/2026 05:30:00;0,0699;0,0699;0,06988;0,0699
16/08/2026 05:35:00;0,06989;0,0699;0,06987;0,06989
16/08/2026 05:40:00;0,06989;0,06989;0,06984;0,06985
16/08/2026 05:45:00;0,06985;0,06986;0,06985;0,06985
16/08/2026 05:50:00;0,06985;0,06987;0,06985;0,06986
16/08/2026 05:55:00;0,06986;0,06988;0,06986;0,06988
16/08/2026 06:00:00;0,06987;0,06988;0,06986;0,06986
16/08/2026 06:05:00;0,06986;0,06987;0,06986;0,06986
16/08/2026 06:10:00;0,06986;0,06988;0,06986;0,06988
16/08/2026 06:15:00;0,06988;0,06989;0,06986;0,06987
16/08/2026 06:20:00;0,06987;0,06987;0,06986;0,06987
16/08/2026 06:25:00;0,06987;0,06991;0,06981;0,06984
16/08/2026 06:30:00;0,06984;0,06984;0,06981;0,06982
16/08/2026 06:35:00;0,06982;0,06982;0,0698;0,06981
16/08/2026 06:40:00;0,06981;0,06981;0,069555;0,06978
16/08/2026 06:45:00;0,06978;0,06984;0,06977;0,06984
16/08/2026 06:50:00;0,06984;0,06984;0,06979;0,0698
16/08/2026 06:55:00;0,0698;0,06981;0,06978;0,06979
16/08/2026 07:00:00;0,06979;0,0698;0,06975;0,06978
16/08/2026 07:05:00;0,06978;0,06978;0,06976;0,06977
16/08/2026 07:10:00;0,06977;0,06978;0,06973;0,06973
16/08/2026 07:15:00;0,06973;0,06976;0,06972;0,06973
16/08/2026 07:20:00;0,06973;0,06974;0,06971;0,06973
16/08/2026 07:25:00;0,06973;0,06978;0,06973;0,06978
16/08/2026 07:30:00;0,06978;0,06978;0,06976;0,06978
16/08/2026 07:35:00;0,06978;0,069791;0,06976;0,069791
16/08/2026 07:40:00;0,069791;0,0698;0,06976;0,06978
16/08/2026 07:45:00;0,06977;0,06979;0,06977;0,06978
16/08/2026 07:50:00;0,06978;0,0698;0,06976;0,06977
16/08/2026 07:55:00;0,06977;0,06978;0,069742;0,06977
16/08/2026 08:00:00;0,06977;0,06981;0,06977;0,0698
16/08/2026 08:05:00;0,0698;0,0698;0,06978;0,06979
16/08/2026 08:10:00;0,06979;0,06981;0,06977;0,0698
16/08/2026 08:15:00;0,0698;0,06981;0,06979;0,06981
16/08/2026 08:20:00;0,06981;0,06981;0,06978;0,0698
16/08/2026 08:25:00;0,0698;0,06981;0,06978;0,06981
16/08/2026 08:30:00;0,06981;0,06981;0,06979;0,06979
16/08/2026 08:35:00;0,06979;0,069841;0,069786;0,069786
16/08/2026 08:40:00;0,069786;0,06984;0,069786;0,06982
16/08/2026 08:45:00;0,06982;0,06983;0,0698;0,06982
16/08/2026 08:50:00;0,06982;0,06984;0,06981;0,06983
16/08/2026 08:55:00;0,06983;0,06986;0,06981;0,06984
16/08/2026 09:00:00;0,06984;0,06985;0,06979;0,0698
16/08/2026 09:05:00;0,0698;0,06981;0,06977;0,06977
16/08/2026 09:10:00;0,06977;0,06978;0,06976;0,06977
16/08/2026 09:15:00;0,06977;0,0698;0,069743;0,06979
16/08/2026 09:20:00;0,06979;0,06984;0,06979;0,06984
16/08/2026 09:25:00;0,06984;0,06986;0,06983;0,06986
16/08/2026 09:30:00;0,06986;0,06986;0,06981;0,06985
16/08/2026 09:35:00;0,06985;0,06987;0,06984;0,06985
16/08/2026 09:40:00;0,06986;0,06986;0,06981;0,06983
16/08/2026 09:45:00;0,06983;0,06986;0,06982;0,06986
16/08/2026 09:50:00;0,06986;0,069891;0,06985;0,069891
16/08/2026 09:55:00;0,069891;0,06993;0,06988;0,06993
16/08/2026 10:00:00;0,06993;0,06997;0,06992;0,06995
16/08/2026 10:05:00;0,06995;0,06999;0,06995;0,069981
16/08/2026 10:10:00;0,069981;0,07;0,06996;0,06996
16/08/2026 10:15:00;0,06997;0,07;0,06996;0,07
16/08/2026 10:20:00;0,07;0,07;0,06998;0,06999
16/08/2026 10:25:00;0,06999;0,06999;0,06998;0,06998
16/08/2026 10:30:00;0,06998;0,06999;0,06997;0,06998
16/08/2026 10:35:00;0,06998;0,06999;0,06994;0,06996
16/08/2026 10:40:00;0,06996;0,06996;0,06993;0,06993
16/08/2026 10:45:00;0,06993;0,06994;0,06991;0,06994
16/08/2026 10:50:00;0,06994;0,06995;0,06994;0,06995
16/08/2026 10:55:00;0,06995;0,06995;0,06992;0,06993
16/08/2026 11:00:00;0,06993;0,06994;0,06992;0,06993
16/08/2026 11:05:00;0,06993;0,06993;0,06989;0,06992
16/08/2026 11:10:00;0,06993;0,06995;0,06991;0,06991
16/08/2026 11:15:00;0,06991;0,06997;0,06989;0,06996
16/08/2026 11:20:00;0,06996;0,07003;0,06996;0,07003
16/08/2026 11:25:00;0,07003;0,07003;0,06998;0,07002
16/08/2026 11:30:00;0,07002;0,07006;0,07001;0,07004
16/08/2026 11:35:00;0,07004;0,07006;0,07002;0,07005
16/08/2026 11:40:00;0,07005;0,07006;0,07003;0,07004
16/08/2026 11:45:00;0,07004;0,07005;0,07002;0,07004
16/08/2026 11:50:00;0,07004;0,07004;0,070021;0,07003
16/08/2026 11:55:00;0,07003;0,07007;0,07003;0,07007
16/08/2026 12:00:00;0,07007;0,0701;0,070045;0,0701
16/08/2026 12:05:00;0,0701;0,0701;0,070069;0,07008
16/08/2026 12:10:00;0,07008;0,07008;0,07006;0,07006
16/08/2026 12:15:00;0,07003;0,07004;0,07002;0,07004
16/08/2026 12:20:00;0,07004;0,07004;0,07002;0,07003
16/08/2026 12:25:00;0,07002;0,07004;0,07001;0,07004
16/08/2026 12:30:00;0,07004;0,07007;0,07003;0,07004
16/08/2026 12:35:00;0,07004;0,07005;0,07003;0,07003
16/08/2026 12:40:00;0,07003;0,07004;0,07;0,07001
16/08/2026 12:45:00;0,07001;0,07006;0,07;0,07005
16/08/2026 12:50:00;0,07005;0,07005;0,07004;0,07005
16/08/2026 12:55:00;0,07005;0,07007;0,07;0,07007
16/08/2026 13:00:00;0,07009;0,070137;0,070079;0,07012
16/08/2026 13:05:00;0,07012;0,07012;0,07006;0,07009
16/08/2026 13:10:00;0,07009;0,07013;0,07007;0,07008
16/08/2026 13:15:00;0,07009;0,07018;0,07007;0,07013
16/08/2026 13:20:00;0,07013;0,07013;0,07005;0,07006
16/08/2026 13:25:00;0,07006;0,07009;0,07004;0,07004
16/08/2026 13:30:00;0,07004;0,07014;0,07004;0,07012
16/08/2026 13:35:00;0,07012;0,07015;0,07003;0,07003
16/08/2026 13:40:00;0,07003;0,07004;0,06998;0,06998
16/08/2026 13:45:00;0,06998;0,07004;0,06998;0,07002
16/08/2026 13:50:00;0,07002;0,07006;0,06997;0,07005
16/08/2026 13:55:00;0,07006;0,07006;0,07002;0,07005
16/08/2026 14:00:00;0,07005;0,07008;0,06996;0,07008
16/08/2026 14:05:00;0,07008;0,07008;0,06999;0,07007
16/08/2026 14:10:00;0,07007;0,07015;0,06995;0,07004
16/08/2026 14:15:00;0,07005;0,07006;0,07002;0,07003
16/08/2026 14:20:00;0,07003;0,07004;0,0699;0,0699
16/08/2026 14:25:00;0,0699;0,07002;0,0699;0,07002
16/08/2026 14:30:00;0,07002;0,07002;0,06997;0,06997
16/08/2026 14:35:00;0,06997;0,07005;0,06997;0,07005
16/08/2026 14:40:00;0,07005;0,07005;0,06999;0,07001
16/08/2026 14:45:00;0,07;0,07003;0,069981;0,07003
16/08/2026 14:50:00;0,07003;0,07004;0,07003;0,07004
16/08/2026 14:55:00;0,07003;0,07005;0,070004;0,070012
16/08/2026 15:00:00;0,070004;0,07002;0,06998;0,07001
16/08/2026 15:05:00;0,07001;0,07001;0,06996;0,06996
16/08/2026 15:10:00;0,06996;0,07;0,06991;0,07
16/08/2026 15:15:00;0,07;0,07;0,06994;0,06997
16/08/2026 15:20:00;0,06997;0,06998;0,06993;0,06993
16/08/2026 15:25:00;0,06993;0,06993;0,0699;0,06993
16/08/2026 15:30:00;0,06993;0,06996;0,06992;0,06995
16/08/2026 15:35:00;0,06995;0,06998;0,06995;0,06997
16/08/2026 15:40:00;0,06997;0,07;0,06997;0,07
16/08/2026 15:45:00;0,07;0,07003;0,06999;0,07002
16/08/2026 15:50:00;0,07002;0,07004;0,06999;0,07
16/08/2026 15:55:00;0,07;0,07001;0,06998;0,07001
16/08/2026 16:00:00;0,07001;0,07005;0,07;0,07002
16/08/2026 16:05:00;0,07002;0,07005;0,07002;0,07003
16/08/2026 16:10:00;0,07003;0,07003;0,07001;0,07003
16/08/2026 16:15:00;0,07003;0,07004;0,07002;0,07004
16/08/2026 16:20:00;0,07004;0,07007;0,07002;0,07004
16/08/2026 16:25:00;0,07004;0,07005;0,07003;0,07005
16/08/2026 16:30:00;0,07005;0,07007;0,07003;0,07005
16/08/2026 16:35:00;0,07005;0,070065;0,07004;0,07005
16/08/2026 16:40:00;0,07005;0,07016;0,07;0,07001
16/08/2026 16:45:00;0,07001;0,070099;0,06988;0,06988
16/08/2026 16:50:00;0,06988;0,06999;0,06988;0,06993
16/08/2026 16:55:00;0,06993;0,06994;0,06992;0,06992
16/08/2026 17:00:00;0,06992;0,06993;0,05991;0,06971
16/08/2026 17:05:00;0,06971;0,07;0,06971;0,06994
16/08/2026 17:10:00;0,06994;0,06998;0,06993;0,06996
16/08/2026 17:15:00;0,06996;0,06997;0,06994;0,06994
16/08/2026 17:20:00;0,06994;0,07003;0,06994;0,07001
16/08/2026 17:25:00;0,07001;0,07001;0,06996;0,06997
16/08/2026 17:30:00;0,06997;0,06999;0,06994;0,06995
16/08/2026 17:35:00;0,06995;0,06996;0,06991;0,06992
16/08/2026 17:40:00;0,06992;0,06997;0,06986;0,06997
16/08/2026 17:45:00;0,06997;0,06999;0,06994;0,06995
16/08/2026 17:50:00;0,06995;0,06995;0,0698;0,06987
16/08/2026 17:55:00;0,06987;0,06988;0,06985;0,06985
16/08/2026 18:00:00;0,06985;0,06987;0,06983;0,06986
16/08/2026 18:05:00;0,06986;0,06986;0,06976;0,06978
16/08/2026 18:10:00;0,06978;0,06986;0,06978;0,06981
16/08/2026 18:15:00;0,06981;0,0699;0,06979;0,06986
16/08/2026 18:20:00;0,06986;0,06988;0,06984;0,06985
16/08/2026 18:25:00;0,06985;0,06986;0,06981;0,06982
16/08/2026 18:30:00;0,06982;0,06987;0,06981;0,06987
16/08/2026 18:35:00;0,06987;0,06991;0,06962;0,06962
16/08/2026 18:40:00;0,06962;0,06962;0,06912;0,06944
16/08/2026 18:45:00;0,06944;0,06945;0,06921;0,06944
16/08/2026 18:50:00;0,06944;0,06949;0,06943;0,06946
16/08/2026 18:55:00;0,06946;0,06949;0,06941;0,06941
16/08/2026 19:00:00;0,06941;0,06943;0,0693;0,06943
16/08/2026 19:05:00;0,06943;0,06959;0,06943;0,06958
16/08/2026 19:10:00;0,06958;0,0696;0,06955;0,06959
16/08/2026 19:15:00;0,06959;0,06963;0,06959;0,06963
16/08/2026 19:20:00;0,06963;0,06964;0,06959;0,06961
16/08/2026 19:25:00;0,06961;0,06961;0,06956;0,06959
16/08/2026 19:30:00;0,06959;0,06959;0,06952;0,06956
16/08/2026 19:35:00;0,06956;0,06956;0,06946;0,06951
16/08/2026 19:40:00;0,06951;0,06959;0,0695;0,06958
16/08/2026 19:45:00;0,06958;0,06961;0,06956;0,06958
16/08/2026 19:50:00;0,06958;0,06958;0,0695;0,06952
16/08/2026 19:55:00;0,06952;0,06958;0,06952;0,06958
16/08/2026 20:00:00;0,06958;0,06968;0,06958;0,06959
16/08/2026 20:05:00;0,06959;0,06966;0,06959;0,06966
16/08/2026 20:10:00;0,06966;0,0697;0,0696;0,0696
16/08/2026 20:15:00;0,0696;0,06961;0,06957;0,06958
16/08/2026 20:20:00;0,06958;0,06964;0,06954;0,0696
16/08/2026 20:25:00;0,0696;0,06962;0,06958;0,0696
16/08/2026 20:30:00;0,0696;0,06962;0,06958;0,06958
16/08/2026 20:35:00;0,06958;0,0696;0,06952;0,06953
16/08/2026 20:40:00;0,06953;0,06958;0,06951;0,06958
16/08/2026 20:45:00;0,06958;0,06965;0,06958;0,06965
16/08/2026 20:50:00;0,06965;0,06965;0,06955;0,06956
16/08/2026 20:55:00;0,06956;0,0696;0,06953;0,0696
16/08/2026 21:00:00;0,0696;0,06967;0,06957;0,06966
16/08/2026 21:05:00;0,06966;0,06967;0,06961;0,06961
16/08/2026 21:10:00;0,06961;0,06965;0,06959;0,06964
16/08/2026 21:15:00;0,06964;0,06964;0,06959;0,06959
16/08/2026 21:20:00;0,06959;0,06961;0,0695;0,0695
16/08/2026 21:25:00;0,0695;0,06965;0,06947;0,06965
16/08/2026 21:30:00;0,06965;0,06965;0,06952;0,06953
16/08/2026 21:35:00;0,06953;0,06961;0,06952;0,0696
16/08/2026 21:40:00;0,0696;0,06981;0,06957;0,06979
16/08/2026 21:45:00;0,06979;0,06979;0,06962;0,06965
16/08/2026 21:50:00;0,06965;0,06971;0,06965;0,06971
16/08/2026 21:55:00;0,06971;0,0698;0,06971;0,06976
16/08/2026 22:00:00;0,06976;0,07007;0,06976;0,07005
16/08/2026 22:05:00;0,07005;0,07014;0,06999;0,07
16/08/2026 22:10:00;0,07;0,07;0,06995;0,06998
16/08/2026 22:15:00;0,06998;0,07006;0,06994;0,07
16/08/2026 22:20:00;0,07;0,07011;0,07;0,07007
16/08/2026 22:25:00;0,07007;0,07013;0,07005;0,07005
16/08/2026 22:30:00;0,07005;0,07026;0,07005;0,07021
16/08/2026 22:35:00;0,07021;0,07024;0,07014;0,07021
16/08/2026 22:40:00;0,07021;0,07025;0,07014;0,07016
16/08/2026 22:45:00;0,07016;0,07018;0,07007;0,07016
16/08/2026 22:50:00;0,07016;0,07016;0,07004;0,07004
16/08/2026 22:55:00;0,07004;0,07004;0,06998;0,06998
16/08/2026 23:00:00;0,06998;0,07003;0,06995;0,06996
16/08/2026 23:05:00;0,06996;0,06998;0,06995;0,06997
16/08/2026 23:10:00;0,06997;0,07003;0,06997;0,07001
16/08/2026 23:15:00;0,07001;0,07005;0,06991;0,06992
16/08/2026 23:20:00;0,06992;0,06997;0,06991;0,06992
16/08/2026 23:25:00;0,06992;0,07002;0,06992;0,06999
16/08/2026 23:30:00;0,06999;0,07013;0,06993;0,07013
16/08/2026 23:35:00;0,07013;0,07018;0,0701;0,07012
16/08/2026 23:40:00;0,07012;0,07019;0,07012;0,07012
16/08/2026 23:45:00;0,07012;0,07019;0,07011;0,07017
16/08/2026 23:50:00;0,07017;0,07032;0,07017;0,07021
16/08/2026 23:55:00;0,07021;0,07022;0,07016;0,07019
17/08/2026 00:00:00;0,07019;0,0702;0,07014;0,07014
17/08/2026 00:05:00;0,07014;0,07017;0,07013;0,07016
17/08/2026 00:10:00;0,07016;0,07018;0,07013;0,07017
17/08/2026 00:15:00;0,07017;0,07026;0,07016;0,07022
17/08/2026 00:20:00;0,07022;0,07026;0,07009;0,0701
17/08/2026 00:25:00;0,0701;0,07011;0,07006;0,0701
17/08/2026 00:30:00;0,0701;0,07014;0,0701;0,07013
17/08/2026 00:35:00;0,07013;0,07016;0,07013;0,07013
17/08/2026 00:40:00;0,07013;0,07015;0,07012;0,07012
17/08/2026 00:45:00;0,07012;0,07013;0,0701;0,07013
17/08/2026 00:50:00;0,07013;0,07017;0,07011;0,07017
17/08/2026 00:55:00;0,07017;0,07023;0,07017;0,07019
17/08/2026 01:00:00;0,07019;0,07024;0,07019;0,07023
17/08/2026 01:05:00;0,07023;0,07026;0,07021;0,07024
17/08/2026 01:10:00;0,07024;0,07027;0,07023;0,07023
17/08/2026 01:15:00;0,07023;0,07025;0,07022;0,07022
17/08/2026 01:20:00;0,07022;0,07029;0,07022;0,07025
17/08/2026 01:25:00;0,07025;0,07025;0,07019;0,0702
17/08/2026 01:30:00;0,0702;0,07021;0,07019;0,0702
17/08/2026 01:35:00;0,0702;0,07023;0,07018;0,07023
17/08/2026 01:40:00;0,07023;0,07025;0,0702;0,07021
17/08/2026 01:45:00;0,07021;0,07027;0,07021;0,07024
17/08/2026 01:50:00;0,07024;0,07025;0,07018;0,07019
17/08/2026 01:55:00;0,07019;0,07024;0,07019;0,07023
17/08/2026 02:00:00;0,07023;0,07026;0,07022;0,07025
17/08/2026 02:05:00;0,07025;0,07025;0,0702;0,0702
17/08/2026 02:10:00;0,0702;0,07022;0,07014;0,07022
17/08/2026 02:15:00;0,07022;0,07026;0,07021;0,07026
17/08/2026 02:20:00;0,07026;0,07027;0,07024;0,07024
17/08/2026 02:25:00;0,07024;0,07024;0,07018;0,07018
17/08/2026 02:30:00;0,07018;0,07018;0,07015;0,07016
17/08/2026 02:35:00;0,07016;0,07016;0,07012;0,07012
17/08/2026 02:40:00;0,07012;0,07017;0,07012;0,07016
17/08/2026 02:45:00;0,07016;0,07018;0,07016;0,07016
17/08/2026 02:50:00;0,07016;0,07023;0,07016;0,07021
17/08/2026 02:55:00;0,07021;0,07021;0,07016;0,07016
17/08/2026 03:00:00;0,07016;0,07021;0,07014;0,0702
17/08/2026 03:05:00;0,0702;0,07026;0,0702;0,07024
17/08/2026 03:10:00;0,07024;0,07028;0,07024;0,07027
17/08/2026 03:15:00;0,07027;0,07035;0,07023;0,07035
17/08/2026 03:20:00;0,07035;0,07043;0,07024;0,07024
17/08/2026 03:25:00;0,07024;0,07025;0,07023;0,07023
17/08/2026 03:30:00;0,07023;0,07028;0,07021;0,07025
17/08/2026 03:35:00;0,07025;0,07033;0,07025;0,07032
17/08/2026 03:40:00;0,07032;0,07036;0,07032;0,07036
17/08/2026 03:45:00;0,07036;0,07047;0,07036;0,07041
17/08/2026 03:50:00;0,07041;0,07046;0,07037;0,07044
17/08/2026 03:55:00;0,07044;0,0705;0,07044;0,07049
17/08/2026 04:00:00;0,07049;0,0705;0,0704;0,07043
17/08/2026 04:05:00;0,07043;0,07044;0,07033;0,07034
17/08/2026 04:10:00;0,07034;0,07036;0,07032;0,07034
17/08/2026 04:15:00;0,07034;0,07036;0,0703;0,07033
17/08/2026 04:20:00;0,07033;0,07035;0,07032;0,07034
17/08/2026 04:25:00;0,07034;0,07037;0,07032;0,07037
17/08/2026 04:30:00;0,07037;0,07037;0,07029;0,0703
17/08/2026 04:35:00;0,0703;0,07033;0,07028;0,07032
17/08/2026 04:40:00;0,07032;0,07032;0,07028;0,0703
17/08/2026 04:45:00;0,0703;0,07031;0,07029;0,07029
17/08/2026 04:50:00;0,07029;0,0703;0,07027;0,07029
17/08/2026 04:55:00;0,07029;0,07033;0,07029;0,07033
17/08/2026 05:00:00;0,07033;0,07035;0,07026;0,07026
17/08/2026 05:05:00;0,07026;0,07027;0,0702;0,0702
17/08/2026 05:10:00;0,0702;0,07022;0,07016;0,07018
17/08/2026 05:15:00;0,07018;0,07022;0,07011;0,0702
17/08/2026 05:20:00;0,0702;0,0702;0,07012;0,07018
17/08/2026 05:25:00;0,07018;0,07022;0,07017;0,07022
17/08/2026 05:30:00;0,07022;0,07034;0,0702;0,07023
17/08/2026 05:35:00;0,07023;0,07023;0,07017;0,07018
17/08/2026 05:40:00;0,07018;0,07018;0,07014;0,07015
17/08/2026 05:45:00;0,07015;0,07016;0,0701;0,07011
17/08/2026 05:50:00;0,07011;0,07011;0,07004;0,07005
17/08/2026 05:55:00;0,07005;0,07012;0,07003;0,07008
17/08/2026 06:00:00;0,07008;0,07011;0,07006;0,07008
17/08/2026 06:05:00;0,07008;0,07026;0,07008;0,07026
17/08/2026 06:10:00;0,07026;0,07027;0,0702;0,0702
17/08/2026 06:15:00;0,0702;0,07024;0,0702;0,07022
17/08/2026 06:20:00;0,07022;0,07023;0,07014;0,07016
17/08/2026 06:25:00;0,07016;0,07028;0,07016;0,07027
17/08/2026 06:30:00;0,07027;0,0703;0,07026;0,07027
17/08/2026 06:35:00;0,07027;0,07028;0,07024;0,07024
17/08/2026 06:40:00;0,07024;0,07025;0,07024;0,07024
17/08/2026 06:45:00;0,07024;0,07024;0,07018;0,07018
17/08/2026 06:50:00;0,07018;0,07028;0,07018;0,07028
17/08/2026 06:55:00;0,07028;0,07028;0,07025;0,07027
17/08/2026 07:00:00;0,07027;0,07029;0,07026;0,07028
17/08/2026 07:05:00;0,07028;0,07028;0,07025;0,07025
17/08/2026 07:10:00;0,07025;0,07028;0,07025;0,07028
17/08/2026 07:15:00;0,07028;0,07028;0,07023;0,07023
17/08/2026 07:20:00;0,07023;0,07024;0,07018;0,07018
17/08/2026 07:25:00;0,07018;0,0703;0,07018;0,0703
17/08/2026 07:30:00;0,0703;0,07034;0,07026;0,07029
17/08/2026 07:35:00;0,07029;0,07037;0,07028;0,07034
17/08/2026 07:40:00;0,07034;0,07041;0,07032;0,0704
17/08/2026 07:45:00;0,0704;0,07044;0,07035;0,07036
17/08/2026 07:50:00;0,07036;0,0704;0,07034;0,0704
17/08/2026 07:55:00;0,0704;0,07043;0,07038;0,07042
17/08/2026 08:00:00;0,07042;0,07043;0,07039;0,07042
17/08/2026 08:05:00;0,07042;0,07042;0,07035;0,07036
17/08/2026 08:10:00;0,07036;0,07037;0,07035;0,07036
17/08/2026 08:15:00;0,07036;0,07037;0,07032;0,07032
17/08/2026 08:20:00;0,07032;0,07036;0,07032;0,07036
17/08/2026 08:25:00;0,07036;0,07036;0,07032;0,07033
17/08/2026 08:30:00;0,07033;0,07033;0,07031;0,07032
17/08/2026 08:35:00;0,07032;0,07032;0,07029;0,0703
17/08/2026 08:40:00;0,0703;0,07032;0,07029;0,07032
17/08/2026 08:45:00;0,07032;0,07037;0,07029;0,0703
17/08/2026 08:50:00;0,0703;0,0703;0,07021;0,07023
17/08/2026 08:55:00;0,07023;0,07024;0,07017;0,07019
17/08/2026 09:00:00;0,07019;0,07023;0,07017;0,07017
17/08/2026 09:05:00;0,07017;0,07017;0,07012;0,07015
17/08/2026 09:10:00;0,07015;0,07019;0,07014;0,07016
17/08/2026 09:15:00;0,07016;0,07019;0,07014;0,07016
17/08/2026 09:20:00;0,07016;0,07017;0,07013;0,07017
17/08/2026 09:25:00;0,07017;0,07017;0,07007;0,0701
17/08/2026 09:30:00;0,0701;0,07017;0,0701;0,07012
17/08/2026 09:35:00;0,07012;0,07015;0,07006;0,07007
17/08/2026 09:40:00;0,07007;0,0701;0,07001;0,07008
17/08/2026 09:45:00;0,07008;0,07009;0,07003;0,07004
17/08/2026 09:50:00;0,07004;0,07008;0,07001;0,07006
17/08/2026 09:55:00;0,07006;0,0701;0,07006;0,07007
17/08/2026 10:00:00;0,07007;0,07007;0,07001;0,07002
17/08/2026 10:05:00;0,07002;0,07004;0,07;0,07004
17/08/2026 10:10:00;0,07004;0,07008;0,07003;0,07005
17/08/2026 10:15:00;0,07005;0,07005;0,07;0,07001
17/08/2026 10:20:00;0,07001;0,07003;0,07001;0,07003
17/08/2026 10:25:00;0,07003;0,07005;0,07;0,07005
17/08/2026 10:30:00;0,07005;0,07029;0,07005;0,07025
17/08/2026 10:35:00;0,07025;0,0703;0,07019;0,07022
17/08/2026 10:40:00;0,07022;0,07031;0,07022;0,07022
17/08/2026 10:45:00;0,07022;0,0703;0,0702;0,07029
17/08/2026 10:50:00;0,07029;0,07031;0,07023;0,07023
17/08/2026 10:55:00;0,07023;0,07027;0,07022;0,07023
17/08/2026 11:00:00;0,07023;0,07024;0,07015;0,07017
17/08/2026 11:05:00;0,07017;0,07019;0,07012;0,07019
17/08/2026 11:10:00;0,07019;0,07026;0,07019;0,07021
17/08/2026 11:15:00;0,07021;0,07026;0,07018;0,0702
17/08/2026 11:20:00;0,0702;0,0702;0,07012;0,07016
17/08/2026 11:25:00;0,07016;0,07016;0,0701;0,07012
17/08/2026 11:30:00;0,07012;0,07019;0,07009;0,07018
17/08/2026 11:35:00;0,07018;0,07019;0,07015;0,07016
17/08/2026 11:40:00;0,07016;0,07022;0,07016;0,07018
17/08/2026 11:45:00;0,07018;0,0703;0,07017;0,0703
17/08/2026 11:50:00;0,0703;0,07041;0,0703;0,07032
17/08/2026 11:55:00;0,07032;0,0704;0,07032;0,07038
17/08/2026 12:00:00;0,07038;0,07039;0,07034;0,07037
17/08/2026 12:05:00;0,07037;0,07048;0,07037;0,0704
17/08/2026 12:10:00;0,07039;0,07046;0,07032;0,07033
17/08/2026 12:15:00;0,07033;0,07037;0,07028;0,07028
17/08/2026 12:20:00;0,07029;0,07031;0,07027;0,07029
17/08/2026 12:25:00;0,07029;0,07047;0,07029;0,07045
17/08/2026 12:30:00;0,07045;0,07045;0,0704;0,07044
17/08/2026 12:35:00;0,07044;0,07051;0,07044;0,07048
17/08/2026 12:40:00;0,07048;0,07058;0,07047;0,07054
17/08/2026 12:45:00;0,07054;0,0706;0,07054;0,07057
17/08/2026 12:50:00;0,07057;0,07059;0,07054;0,07055
17/08/2026 12:55:00;0,07055;0,07055;0,07047;0,07052
17/08/2026 13:00:00;0,07052;0,07052;0,07043;0,07048
17/08/2026 13:05:00;0,07048;0,0705;0,07043;0,07043
17/08/2026 13:10:00;0,07043;0,07043;0,07033;0,07034
17/08/2026 13:15:00;0,07034;0,07039;0,07033;0,07038
17/08/2026 13:20:00;0,07038;0,07045;0,07036;0,07042
17/08/2026 13:25:00;0,07042;0,07042;0,07038;0,07039
17/08/2026 13:30:00;0,07039;0,07046;0,07039;0,07045
17/08/2026 13:35:00;0,07045;0,07047;0,07042;0,07047
17/08/2026 13:40:00;0,07048;0,07048;0,07039;0,07039
17/08/2026 13:45:00;0,07039;0,07045;0,07037;0,07045
17/08/2026 13:50:00;0,07045;0,07045;0,07034;0,07034
17/08/2026 13:55:00;0,07034;0,07039;0,07033;0,07036
17/08/2026 14:00:00;0,07036;0,07038;0,07034;0,07036
17/08/2026 14:05:00;0,07036;0,07039;0,07034;0,07035
17/08/2026 14:10:00;0,07035;0,07036;0,0703;0,0703
17/08/2026 14:15:00;0,0703;0,07048;0,07029;0,07045
17/08/2026 14:20:00;0,07045;0,07055;0,07045;0,0705
17/08/2026 14:25:00;0,07046;0,07047;0,07038;0,07038
17/08/2026 14:30:00;0,07038;0,07039;0,07032;0,07036
17/08/2026 14:35:00;0,07036;0,07043;0,07031;0,07038
17/08/2026 14:40:00;0,07038;0,07042;0,07034;0,07034
17/08/2026 14:45:00;0,07034;0,07039;0,07033;0,07036
17/08/2026 14:50:00;0,07036;0,07041;0,07036;0,07038
17/08/2026 14:55:00;0,07038;0,0704;0,07036;0,0704
17/08/2026 15:00:00;0,07038;0,07038;0,07033;0,07037
17/08/2026 15:05:00;0,07037;0,07038;0,07034;0,07034
17/08/2026 15:10:00;0,07034;0,07042;0,07034;0,07041
17/08/2026 15:15:00;0,07041;0,07049;0,07041;0,07042
17/08/2026 15:20:00;0,07042;0,0705;0,07039;0,07045
17/08/2026 15:25:00;0,07045;0,07048;0,07042;0,07043
17/08/2026 15:30:00;0,07043;0,07043;0,07039;0,07041
17/08/2026 15:35:00;0,07041;0,07048;0,07041;0,07044
17/08/2026 15:40:00;0,07044;0,07047;0,07041;0,07045
17/08/2026 15:45:00;0,07045;0,07045;0,07039;0,07039
17/08/2026 15:50:00;0,07039;0,07043;0,07038;0,07039
17/08/2026 15:55:00;0,07038;0,07039;0,07035;0,07037
17/08/2026 16:00:00;0,07037;0,07037;0,07033;0,07036
17/08/2026 16:05:00;0,07036;0,07038;0,07034;0,07035
17/08/2026 16:10:00;0,07035;0,07037;0,07033;0,07033
17/08/2026 16:15:00;0,07028;0,07034;0,07028;0,07029
17/08/2026 16:20:00;0,07029;0,07031;0,07027;0,07031
17/08/2026 16:25:00;0,07031;0,07034;0,07029;0,07033
17/08/2026 16:30:00;0,07033;0,07033;0,07027;0,07028
17/08/2026 16:35:00;0,07028;0,07032;0,07026;0,0703
17/08/2026 16:40:00;0,0703;0,07035;0,0703;0,07033
17/08/2026 16:45:00;0,07033;0,07033;0,0703;0,0703
17/08/2026 16:50:00;0,0703;0,0703;0,07027;0,07028
17/08/2026 16:55:00;0,07028;0,07033;0,07026;0,07031
17/08/2026 17:00:00;0,07031;0,07031;0,07021;0,07021
17/08/2026 17:05:00;0,07021;0,07022;0,07019;0,07022
17/08/2026 17:10:00;0,07022;0,07023;0,07021;0,07023
17/08/2026 17:15:00;0,07023;0,07023;0,07012;0,07012
17/08/2026 17:20:00;0,07012;0,07022;0,07012;0,07021
17/08/2026 17:25:00;0,07021;0,07024;0,0702;0,07023
17/08/2026 17:30:00;0,07023;0,07024;0,07019;0,07023
17/08/2026 17:35:00;0,07023;0,07035;0,07023;0,07034
17/08/2026 17:40:00;0,07034;0,07048;0,07033;0,07047
17/08/2026 17:45:00;0,07047;0,07052;0,07027;0,07027
17/08/2026 17:50:00;0,07027;0,07031;0,07025;0,0703
17/08/2026 17:55:00;0,0703;0,07035;0,0703;0,07033
17/08/2026 18:00:00;0,07033;0,07037;0,07033;0,07037
17/08/2026 18:05:00;0,07037;0,07037;0,07035;0,07037
17/08/2026 18:10:00;0,07037;0,07046;0,07037;0,07042
17/08/2026 18:15:00;0,07042;0,07044;0,07038;0,07038
17/08/2026 18:20:00;0,07038;0,07044;0,07038;0,07043
17/08/2026 18:25:00;0,07043;0,07044;0,07043;0,07043
17/08/2026 18:30:00;0,07043;0,07048;0,07043;0,07048
17/08/2026 18:35:00;0,07048;0,07048;0,07041;0,07043
17/08/2026 18:40:00;0,07043;0,07046;0,07042;0,07043
17/08/2026 18:45:00;0,07043;0,07044;0,07042;0,07042
17/08/2026 18:50:00;0,07042;0,07043;0,07042;0,07043
17/08/2026 18:55:00;0,07042;0,07043;0,07042;0,07043
17/08/2026 19:00:00;0,07043;0,0705;0,07039;0,07041
17/08/2026 19:05:00;0,07041;0,07042;0,07037;0,07038
17/08/2026 19:10:00;0,07037;0,07037;0,07033;0,07034
17/08/2026 19:15:00;0,07034;0,07034;0,07026;0,07027
17/08/2026 19:20:00;0,07027;0,07035;0,07026;0,07034
17/08/2026 19:25:00;0,07034;0,07034;0,07028;0,07028
17/08/2026 19:30:00;0,07028;0,07029;0,07022;0,07022
17/08/2026 19:35:00;0,07022;0,07029;0,07022;0,07027
17/08/2026 19:40:00;0,07027;0,07027;0,07024;0,07025
17/08/2026 19:45:00;0,07025;0,07025;0,07024;0,07024
17/08/2026 19:50:00;0,07024;0,07025;0,07022;0,07022
17/08/2026 19:55:00;0,07023;0,07023;0,07022;0,07022
17/08/2026 20:00:00;0,07023;0,07025;0,07022;0,07022
17/08/2026 20:05:00;0,07022;0,07026;0,07022;0,07026
17/08/2026 20:10:00;0,07026;0,07028;0,07024;0,07024
17/08/2026 20:15:00;0,07024;0,07029;0,07024;0,07028
17/08/2026 20:20:00;0,07029;0,07031;0,07027;0,07031
17/08/2026 20:25:00;0,07031;0,0704;0,0703;0,0704
17/08/2026 20:30:00;0,0704;0,07049;0,0704;0,07049
17/08/2026 20:35:00;0,07049;0,07049;0,07043;0,07043
17/08/2026 20:40:00;0,07043;0,07043;0,07039;0,07041
17/08/2026 20:45:00;0,07041;0,07049;0,0704;0,07045
17/08/2026 20:50:00;0,07045;0,07046;0,07043;0,07043
17/08/2026 20:55:00;0,07043;0,07044;0,0704;0,07041
17/08/2026 21:00:00;0,07041;0,07043;0,07033;0,07039
17/08/2026 21:05:00;0,07039;0,07039;0,07033;0,07034
17/08/2026 21:10:00;0,07034;0,0704;0,07033;0,0704
17/08/2026 21:15:00;0,0704;0,07043;0,07036;0,07036
17/08/2026 21:20:00;0,07036;0,07037;0,07034;0,07034
17/08/2026 21:25:00;0,07034;0,07034;0,07032;0,07032
17/08/2026 21:30:00;0,07032;0,07032;0,07028;0,07028
17/08/2026 21:35:00;0,07028;0,07028;0,07025;0,07025
17/08/2026 21:40:00;0,07025;0,07031;0,07022;0,0703
17/08/2026 21:45:00;0,0703;0,0703;0,07027;0,0703
17/08/2026 21:50:00;0,0703;0,07036;0,07029;0,07033
17/08/2026 21:55:00;0,07033;0,07038;0,07033;0,07035
17/08/2026 22:00:00;0,07035;0,07038;0,07025;0,07025
17/08/2026 22:05:00;0,07025;0,07028;0,07023;0,07025
17/08/2026 22:10:00;0,07025;0,07034;0,07024;0,07033
17/08/2026 22:15:00;0,07033;0,07035;0,07029;0,07029
17/08/2026 22:20:00;0,07029;0,07031;0,07029;0,0703
17/08/2026 22:25:00;0,0703;0,0703;0,07022;0,07022
17/08/2026 22:30:00;0,07022;0,07027;0,07022;0,07026
17/08/2026 22:35:00;0,07026;0,07026;0,07023;0,07024
17/08/2026 22:40:00;0,07024;0,07024;0,07019;0,07019
17/08/2026 22:45:00;0,07019;0,0702;0,07011;0,07011
17/08/2026 22:50:00;0,07011;0,07012;0,07003;0,07006
17/08/2026 22:55:00;0,07006;0,07007;0,06996;0,07002
17/08/2026 23:00:00;0,07002;0,07007;0,07;0,07005
17/08/2026 23:05:00;0,07005;0,07012;0,07005;0,07006
17/08/2026 23:10:00;0,07006;0,07006;0,07;0,07001
17/08/2026 23:15:00;0,06998;0,07;0,06993;0,06999
17/08/2026 23:20:00;0,06999;0,07002;0,06998;0,07
17/08/2026 23:25:00;0,07;0,07;0,06993;0,06995
17/08/2026 23:30:00;0,06995;0,06995;0,0699;0,06994
17/08/2026 23:35:00;0,06994;0,06997;0,0699;0,06997
17/08/2026 23:40:00;0,06997;0,06998;0,06982;0,06982
17/08/2026 23:45:00;0,06982;0,06985;0,06969;0,06984
18/08/2026 08:00:00;0,06992;0,07;0,06991;0,06994
18/08/2026 08:05:00;0,06994;0,06998;0,06992;0,06997
18/08/2026 08:10:00;0,06997;0,07;0,06997;0,06998
18/08/2026 08:15:00;0,06998;0,07001;0,06996;0,07
18/08/2026 08:20:00;0,07;0,07003;0,06999;0,07002
18/08/2026 08:25:00;0,07002;0,07003;0,07;0,07001
18/08/2026 08:30:00;0,07001;0,07001;0,06995;0,06996
18/08/2026 08:35:00;0,06996;0,06998;0,06996;0,06997
18/08/2026 08:40:00;0,06997;0,06999;0,06997;0,06997
18/08/2026 08:45:00;0,06997;0,07;0,06996;0,06997
18/08/2026 08:50:00;0,06997;0,06997;0,06994;0,06996
18/08/2026 08:55:00;0,06996;0,06997;0,06995;0,06997
18/08/2026 09:00:00;0,06997;0,06998;0,06996;0,06997
18/08/2026 09:05:00;0,06997;0,07;0,06994;0,06994
18/08/2026 09:10:00;0,06994;0,06994;0,0699;0,06991
18/08/2026 09:15:00;0,06991;0,06992;0,06987;0,06988
18/08/2026 09:20:00;0,06988;0,06995;0,06988;0,0699
18/08/2026 09:25:00;0,0699;0,06993;0,0699;0,06991
18/08/2026 09:30:00;0,06991;0,06993;0,06989;0,0699
18/08/2026 09:35:00;0,0699;0,06991;0,06989;0,06989
18/08/2026 09:40:00;0,06989;0,06992;0,06988;0,06989
18/08/2026 09:45:00;0,06989;0,06989;0,06987;0,06988
18/08/2026 09:50:00;0,06988;0,06989;0,06986;0,06986
18/08/2026 09:55:00;0,06986;0,06986;0,06983;0,06984
18/08/2026 10:00:00;0,06984;0,06984;0,06979;0,0698
18/08/2026 10:05:00;0,0698;0,06981;0,06979;0,0698
18/08/2026 10:10:00;0,0698;0,06983;0,06979;0,06981
18/08/2026 10:15:00;0,06981;0,06982;0,06978;0,06981
18/08/2026 10:20:00;0,06981;0,06982;0,06979;0,06982
18/08/2026 10:25:00;0,06982;0,06982;0,06978;0,06979
18/08/2026 10:30:00;0,06979;0,06991;0,06978;0,0698
18/08/2026 10:35:00;0,0698;0,06991;0,06978;0,06991
18/08/2026 10:40:00;0,06991;0,06992;0,06985;0,06986
18/08/2026 10:45:00;0,06986;0,06986;0,06978;0,06982
18/08/2026 10:50:00;0,06982;0,06986;0,06976;0,06976
18/08/2026 10:55:00;0,06976;0,06982;0,06975;0,06981
18/08/2026 11:00:00;0,06981;0,06994;0,06981;0,06994
18/08/2026 11:05:00;0,06994;0,06994;0,06986;0,06986
18/08/2026 11:10:00;0,06986;0,06986;0,06977;0,06981
18/08/2026 11:15:00;0,06981;0,06999;0,06979;0,06998
18/08/2026 11:20:00;0,06998;0,07013;0,06992;0,07012
18/08/2026 11:25:00;0,07012;0,07037;0,07012;0,07035
18/08/2026 11:30:00;0,07035;0,07038;0,07021;0,07024
18/08/2026 11:35:00;0,07024;0,07025;0,07015;0,07015
18/08/2026 11:40:00;0,07015;0,07023;0,07013;0,07016
18/08/2026 11:45:00;0,07016;0,07018;0,07012;0,07017
18/08/2026 11:50:00;0,07017;0,0702;0,07005;0,07012
18/08/2026 11:55:00;0,07012;0,07012;0,07005;0,07006
18/08/2026 12:00:00;0,07006;0,07013;0,07005;0,07011
18/08/2026 12:05:00;0,07011;0,07015;0,07005;0,07006
18/08/2026 12:10:00;0,07006;0,07019;0,07002;0,07018
18/08/2026 12:15:00;0,07018;0,07022;0,07018;0,07021
18/08/2026 12:20:00;0,07021;0,07024;0,07021;0,07024
18/08/2026 12:25:00;0,07024;0,07031;0,07022;0,07029
18/08/2026 12:30:00;0,07029;0,07034;0,07028;0,07034
18/08/2026 12:35:00;0,07034;0,07035;0,07026;0,07026
18/08/2026 12:40:00;0,07026;0,07027;0,0702;0,0702
18/08/2026 12:45:00;0,0702;0,0703;0,0702;0,07025
18/08/2026 12:50:00;0,07025;0,07029;0,07022;0,07028
18/08/2026 12:55:00;0,07028;0,07033;0,07027;0,07033
18/08/2026 13:00:00;0,07033;0,07037;0,07033;0,07036
18/08/2026 13:05:00;0,07036;0,07037;0,07028;0,07028
18/08/2026 13:10:00;0,07028;0,0703;0,07026;0,07029
18/08/2026 13:15:00;0,07029;0,0703;0,07025;0,07029
18/08/2026 13:20:00;0,07029;0,07029;0,07027;0,07027
18/08/2026 13:25:00;0,07027;0,07028;0,07022;0,07024
18/08/2026 13:30:00;0,07024;0,07037;0,07023;0,07036
18/08/2026 13:35:00;0,07036;0,07049;0,07036;0,07048
18/08/2026 13:40:00;0,07048;0,07048;0,07041;0,07041
18/08/2026 13:45:00;0,07041;0,07048;0,07039;0,07044
18/08/2026 13:50:00;0,07044;0,07044;0,07039;0,0704
18/08/2026 13:55:00;0,0704;0,07041;0,07039;0,07039
18/08/2026 14:00:00;0,07039;0,07041;0,07034;0,07038
18/08/2026 14:05:00;0,07038;0,07043;0,07036;0,07037
18/08/2026 14:10:00;0,07037;0,07039;0,07034;0,07039
18/08/2026 14:15:00;0,07039;0,07039;0,07034;0,07038
18/08/2026 14:20:00;0,07038;0,0704;0,07035;0,07035
18/08/2026 14:25:00;0,07035;0,07036;0,07033;0,07034
18/08/2026 14:30:00;0,07034;0,07036;0,07028;0,07031
18/08/2026 14:35:00;0,07031;0,07034;0,07026;0,07033
18/08/2026 14:40:00;0,07033;0,07034;0,0703;0,07031
18/08/2026 14:45:00;0,07031;0,07031;0,07028;0,0703
18/08/2026 14:50:00;0,0703;0,0703;0,07026;0,0703
18/08/2026 14:55:00;0,0703;0,0703;0,07027;0,07027
18/08/2026 15:00:00;0,07027;0,07032;0,07027;0,07029
18/08/2026 15:05:00;0,07029;0,07035;0,07029;0,07033
18/08/2026 15:10:00;0,07033;0,07037;0,07033;0,07036
18/08/2026 15:15:00;0,07036;0,07041;0,07035;0,0704
18/08/2026 15:20:00;0,0704;0,07045;0,0704;0,07042
18/08/2026 15:25:00;0,07042;0,07046;0,07041;0,07046
18/08/2026 15:30:00;0,07046;0,07047;0,07041;0,07042
18/08/2026 15:35:00;0,07042;0,07055;0,07041;0,07053
18/08/2026 15:40:00;0,07053;0,07055;0,07046;0,07046
18/08/2026 15:45:00;0,07046;0,0705;0,07043;0,0705
18/08/2026 15:50:00;0,0705;0,0705;0,07047;0,07049
18/08/2026 15:55:00;0,07049;0,07049;0,07046;0,07047
18/08/2026 16:00:00;0,07047;0,07055;0,07045;0,07052
18/08/2026 16:05:00;0,07052;0,07055;0,07044;0,07044
18/08/2026 16:10:00;0,07044;0,07044;0,07039;0,0704
18/08/2026 16:15:00;0,0704;0,07042;0,07036;0,07041
18/08/2026 16:20:00;0,07041;0,07045;0,07041;0,07045
18/08/2026 16:25:00;0,07045;0,07055;0,07045;0,07054
18/08/2026 16:30:00;0,07054;0,07055;0,07052;0,07053
18/08/2026 16:35:00;0,07053;0,07053;0,07046;0,07046
18/08/2026 16:40:00;0,07046;0,07048;0,07041;0,07044
18/08/2026 16:45:00;0,07044;0,07045;0,07041;0,07041
18/08/2026 16:50:00;0,07041;0,07042;0,07038;0,07039
18/08/2026 16:55:00;0,07039;0,07039;0,07037;0,07037
18/08/2026 17:00:00;0,07037;0,0704;0,07032;0,07034
18/08/2026 17:05:00;0,07034;0,07039;0,07032;0,07039
18/08/2026 17:10:00;0,07039;0,07042;0,07038;0,07041
18/08/2026 17:15:00;0,07041;0,07041;0,07034;0,07034
18/08/2026 17:20:00;0,07034;0,07035;0,07025;0,07032
18/08/2026 17:25:00;0,07032;0,07032;0,07029;0,0703
18/08/2026 17:30:00;0,0703;0,07042;0,07029;0,07035
18/08/2026 17:35:00;0,07035;0,07035;0,0703;0,07032
18/08/2026 17:40:00;0,07032;0,07033;0,07027;0,07027
18/08/2026 17:45:00;0,07027;0,0703;0,07018;0,07018
18/08/2026 17:50:00;0,07018;0,0703;0,07014;0,0703
18/08/2026 17:55:00;0,0703;0,07031;0,07023;0,07024
18/08/2026 18:00:00;0,07024;0,07025;0,07022;0,07023
18/08/2026 18:05:00;0,07023;0,07024;0,07022;0,07022
18/08/2026 18:10:00;0,07022;0,0703;0,07021;0,07025
18/08/2026 18:15:00;0,07025;0,07026;0,07023;0,07023
18/08/2026 18:20:00;0,07023;0,07024;0,07023;0,07024
18/08/2026 18:25:00;0,07024;0,07024;0,07021;0,07021
18/08/2026 18:30:00;0,07021;0,07021;0,07014;0,07014
18/08/2026 18:35:00;0,07014;0,07021;0,07014;0,07018
18/08/2026 18:40:00;0,07018;0,07021;0,07016;0,07016
18/08/2026 18:45:00;0,07016;0,07017;0,07013;0,07017
18/08/2026 18:50:00;0,07017;0,0702;0,07013;0,07016
18/08/2026 18:55:00;0,07016;0,07016;0,07012;0,07016
18/08/2026 19:00:00;0,07016;0,07016;0,0701;0,07013
18/08/2026 19:05:00;0,07013;0,07017;0,0701;0,07016
18/08/2026 19:10:00;0,07016;0,07026;0,07016;0,07019
18/08/2026 19:15:00;0,07019;0,07019;0,07015;0,07015
18/08/2026 19:20:00;0,07015;0,07015;0,07009;0,07009
18/08/2026 19:25:00;0,07009;0,07015;0,07005;0,07013
18/08/2026 19:30:00;0,07013;0,07018;0,07013;0,07018
18/08/2026 19:35:00;0,07018;0,07022;0,07011;0,07014
18/08/2026 19:40:00;0,07014;0,07015;0,07008;0,07009
18/08/2026 19:45:00;0,07009;0,07009;0,07003;0,07003
18/08/2026 19:50:00;0,07003;0,07005;0,07;0,07
18/08/2026 19:55:00;0,07;0,07011;0,06999;0,07007
18/08/2026 20:00:00;0,07007;0,0702;0,07007;0,07019
18/08/2026 20:05:00;0,07019;0,07022;0,07013;0,07014
18/08/2026 20:10:00;0,07014;0,0702;0,07014;0,07018
18/08/2026 20:15:00;0,07018;0,07023;0,07017;0,07023
18/08/2026 20:20:00;0,07023;0,07027;0,07022;0,07026
18/08/2026 20:25:00;0,07026;0,0703;0,07025;0,07025
18/08/2026 20:30:00;0,07025;0,07029;0,07024;0,07028
18/08/2026 20:35:00;0,07028;0,07029;0,07027;0,07029
18/08/2026 20:40:00;0,07029;0,0703;0,07028;0,0703
18/08/2026 20:45:00;0,0703;0,0703;0,07024;0,07027
18/08/2026 20:50:00;0,07027;0,07028;0,07025;0,07026
18/08/2026 20:55:00;0,07026;0,07026;0,07025;0,07026
18/08/2026 21:00:00;0,07026;0,07028;0,07018;0,07018
18/08/2026 21:05:00;0,07018;0,07024;0,07016;0,07021
18/08/2026 21:10:00;0,07021;0,07021;0,07015;0,07015
18/08/2026 21:15:00;0,07015;0,07015;0,07008;0,0701
18/08/2026 21:20:00;0,0701;0,07014;0,07008;0,0701
18/08/2026 21:25:00;0,0701;0,0701;0,07004;0,07004
18/08/2026 21:30:00;0,07004;0,07011;0,07004;0,07008
18/08/2026 21:35:00;0,07008;0,07011;0,07007;0,07011
18/08/2026 21:40:00;0,07011;0,07011;0,07002;0,07005
18/08/2026 21:45:00;0,07005;0,07006;0,07002;0,07005
18/08/2026 21:50:00;0,07005;0,07006;0,07001;0,07006
18/08/2026 21:55:00;0,07006;0,07006;0,06997;0,06998
18/08/2026 22:00:00;0,06998;0,07003;0,06998;0,07
18/08/2026 22:05:00;0,07;0,07013;0,07;0,07012
18/08/2026 22:10:00;0,07012;0,07012;0,07007;0,07008
18/08/2026 22:15:00;0,07008;0,07008;0,06999;0,07
18/08/2026 22:20:00;0,07;0,07005;0,06999;0,07
18/08/2026 22:25:00;0,07;0,07002;0,06992;0,07
18/08/2026 22:30:00;0,07;0,07;0,06995;0,06998
18/08/2026 22:35:00;0,06998;0,06998;0,06995;0,06996
18/08/2026 22:40:00;0,06996;0,06996;0,0699;0,06992
18/08/2026 22:45:00;0,06992;0,06996;0,06992;0,06994
18/08/2026 22:50:00;0,06994;0,07;0,06993;0,06999
18/08/2026 22:55:00;0,06999;0,07002;0,06997;0,06999
18/08/2026 23:00:00;0,06999;0,06999;0,06992;0,06993
18/08/2026 23:05:00;0,06993;0,06994;0,06989;0,06991
18/08/2026 23:10:00;0,06991;0,06995;0,0699;0,06992
18/08/2026 23:15:00;0,06992;0,06993;0,06988;0,06988
18/08/2026 23:20:00;0,06988;0,06997;0,06987;0,06997
18/08/2026 23:25:00;0,06997;0,06998;0,06994;0,06998
18/08/2026 23:30:00;0,06998;0,06998;0,06994;0,06995
18/08/2026 23:35:00;0,06995;0,06999;0,06994;0,06998
18/08/2026 23:40:00;0,06998;0,06998;0,06997;0,06998
18/08/2026 23:45:00;0,06998;0,07002;0,06994;0,06994
18/08/2026 23:50:00;0,06994;0,06994;0,0699;0,0699
18/08/2026 23:55:00;0,0699;0,06996;0,0699;0,06994
19/08/2026 00:00:00;0,06994;0,07;0,06994;0,06998
19/08/2026 00:05:00;0,06998;0,06998;0,06991;0,06993
19/08/2026 00:10:00;0,06993;0,07004;0,06992;0,07003
19/08/2026 00:15:00;0,07003;0,07012;0,07003;0,07012
19/08/2026 00:20:00;0,07012;0,07015;0,07006;0,07007
19/08/2026 00:25:00;0,07007;0,07009;0,07007;0,07007
19/08/2026 00:30:00;0,07007;0,07008;0,07005;0,07005
19/08/2026 00:35:00;0,07005;0,07006;0,07004;0,07005
19/08/2026 00:40:00;0,07005;0,07009;0,07005;0,07008
19/08/2026 00:45:00;0,07008;0,07011;0,07005;0,07011
19/08/2026 00:50:00;0,07011;0,07012;0,07009;0,07009
19/08/2026 00:55:00;0,07009;0,07012;0,07008;0,0701
19/08/2026 01:00:00;0,0701;0,07011;0,07006;0,07007
19/08/2026 01:05:00;0,07007;0,07008;0,07003;0,07004
19/08/2026 01:10:00;0,07004;0,07006;0,07002;0,07004
19/08/2026 01:15:00;0,07004;0,07006;0,07003;0,07006
19/08/2026 01:20:00;0,07006;0,07009;0,07006;0,07009
19/08/2026 01:25:00;0,07009;0,07009;0,07004;0,07005
19/08/2026 01:30:00;0,07005;0,07005;0,06999;0,07
19/08/2026 01:35:00;0,07;0,07003;0,06997;0,07
19/08/2026 01:40:00;0,07;0,07001;0,06997;0,07
19/08/2026 01:45:00;0,07;0,07001;0,06996;0,06996
19/08/2026 01:50:00;0,06996;0,06999;0,06993;0,06998
19/08/2026 01:55:00;0,06998;0,07;0,06994;0,06996
19/08/2026 02:00:00;0,06996;0,07005;0,06996;0,07005
19/08/2026 02:05:00;0,07005;0,07006;0,07;0,07005
19/08/2026 02:10:00;0,07005;0,07013;0,07005;0,07005
19/08/2026 02:15:00;0,07005;0,07006;0,07001;0,07002
19/08/2026 02:20:00;0,07002;0,07002;0,06997;0,07001
19/08/2026 02:25:00;0,07001;0,07007;0,07001;0,07005
19/08/2026 02:30:00;0,07005;0,07006;0,07003;0,07004
19/08/2026 02:35:00;0,07004;0,07004;0,07003;0,07003
19/08/2026 02:40:00;0,07003;0,07004;0,07;0,07001
19/08/2026 02:45:00;0,07001;0,07001;0,06997;0,06999
19/08/2026 02:50:00;0,06999;0,07;0,06996;0,06996
19/08/2026 02:55:00;0,06996;0,06998;0,06995;0,06997
19/08/2026 03:00:00;0,06997;0,06997;0,0699;0,06991
19/08/2026 03:05:00;0,06991;0,06993;0,06988;0,06988
19/08/2026 03:10:00;0,06988;0,0699;0,06988;0,06989
19/08/2026 03:15:00;0,06989;0,06999;0,06989;0,06999
19/08/2026 03:20:00;0,06999;0,07004;0,06999;0,07002
19/08/2026 03:25:00;0,07002;0,07002;0,06999;0,06999
19/08/2026 03:30:00;0,06999;0,07001;0,06992;0,06999
19/08/2026 03:35:00;0,06999;0,07009;0,06999;0,07009
19/08/2026 03:40:00;0,07009;0,0701;0,07005;0,0701
19/08/2026 03:45:00;0,0701;0,07023;0,07007;0,07007
19/08/2026 03:50:00;0,07007;0,07009;0,07004;0,07007
19/08/2026 03:55:00;0,07007;0,07011;0,07007;0,0701
19/08/2026 04:00:00;0,0701;0,07012;0,07005;0,07005
19/08/2026 04:05:00;0,07005;0,07009;0,07004;0,07006
19/08/2026 04:10:00;0,07006;0,07012;0,07004;0,0701
19/08/2026 04:15:00;0,0701;0,07011;0,07005;0,07006
19/08/2026 04:20:00;0,07006;0,0701;0,07006;0,07007
19/08/2026 04:25:00;0,07007;0,07009;0,07006;0,07007
19/08/2026 04:30:00;0,07007;0,07011;0,07006;0,07011
19/08/2026 04:35:00;0,07011;0,07011;0,07006;0,07006
19/08/2026 04:40:00;0,07006;0,07009;0,07003;0,07003
19/08/2026 04:45:00;0,07003;0,07009;0,07002;0,07009
19/08/2026 04:50:00;0,07009;0,07009;0,07002;0,07002
19/08/2026 04:55:00;0,07002;0,07003;0,06993;0,06994
19/08/2026 05:00:00;0,06994;0,06995;0,06989;0,06991
19/08/2026 05:05:00;0,06991;0,07001;0,06991;0,07001
19/08/2026 05:10:00;0,07001;0,07002;0,06995;0,06995
19/08/2026 05:15:00;0,06995;0,07005;0,06994;0,07004
19/08/2026 05:20:00;0,07004;0,07006;0,07003;0,07003
19/08/2026 05:25:00;0,07003;0,07011;0,07003;0,07009
19/08/2026 05:30:00;0,07009;0,07014;0,07006;0,07008
19/08/2026 05:35:00;0,07008;0,07025;0,07008;0,07017
19/08/2026 05:40:00;0,07017;0,07023;0,07015;0,07021
19/08/2026 05:45:00;0,07021;0,0703;0,07021;0,07024
19/08/2026 05:50:00;0,07024;0,07026;0,07018;0,07019
19/08/2026 05:55:00;0,07019;0,07021;0,07013;0,07014
19/08/2026 06:00:00;0,07014;0,07023;0,07014;0,07021
19/08/2026 06:05:00;0,07021;0,07022;0,07014;0,07014
19/08/2026 06:10:00;0,07014;0,07015;0,07011;0,07011
19/08/2026 06:15:00;0,07011;0,07016;0,07011;0,07016
19/08/2026 06:20:00;0,07016;0,07016;0,07012;0,07014
19/08/2026 06:25:00;0,07014;0,07015;0,07011;0,07012
19/08/2026 06:30:00;0,07012;0,07012;0,07006;0,07008
19/08/2026 06:35:00;0,07008;0,07009;0,07005;0,07006
19/08/2026 06:40:00;0,07006;0,07006;0,07003;0,07004
19/08/2026 06:45:00;0,07004;0,07006;0,07001;0,07003
19/08/2026 06:50:00;0,07003;0,07006;0,07002;0,07006
19/08/2026 06:55:00;0,07006;0,07007;0,07004;0,07005
19/08/2026 07:00:00;0,07005;0,07006;0,07001;0,07003
19/08/2026 07:05:00;0,07003;0,07003;0,07002;0,07002
19/08/2026 07:10:00;0,07002;0,07003;0,07001;0,07003
19/08/2026 07:15:00;0,07003;0,07003;0,07;0,07003
19/08/2026 07:20:00;0,07003;0,07005;0,07002;0,07003
19/08/2026 07:25:00;0,07003;0,07003;0,07001;0,07003
19/08/2026 07:30:00;0,07003;0,07004;0,07001;0,07003
19/08/2026 07:35:00;0,07003;0,07005;0,07003;0,07005
19/08/2026 07:40:00;0,07005;0,07005;0,07003;0,07004
19/08/2026 07:45:00;0,07004;0,07008;0,07004;0,07005
19/08/2026 07:50:00;0,07005;0,07007;0,07004;0,07005
19/08/2026 07:55:00;0,07005;0,07008;0,07005;0,07008
19/08/2026 08:00:00;0,07008;0,07015;0,07007;0,07013
19/08/2026 08:05:00;0,07013;0,0702;0,07013;0,07018
19/08/2026 08:10:00;0,07018;0,07022;0,07017;0,07018
19/08/2026 08:15:00;0,07018;0,07021;0,07016;0,07019
19/08/2026 08:20:00;0,07019;0,07021;0,07018;0,07019
19/08/2026 08:25:00;0,07019;0,07022;0,07019;0,0702
19/08/2026 08:30:00;0,0702;0,07022;0,07019;0,0702
19/08/2026 08:35:00;0,0702;0,07023;0,07019;0,07022
19/08/2026 08:40:00;0,07022;0,07022;0,07018;0,07018
19/08/2026 08:45:00;0,07018;0,07023;0,07018;0,07023
19/08/2026 08:50:00;0,07023;0,07025;0,0702;0,07022
19/08/2026 08:55:00;0,07022;0,07023;0,07021;0,07023
19/08/2026 09:00:00;0,07023;0,07026;0,07021;0,07022
19/08/2026 09:05:00;0,07022;0,07026;0,07022;0,07026
19/08/2026 09:10:00;0,07026;0,07031;0,07023;0,07024
19/08/2026 09:15:00;0,07023;0,07024;0,07021;0,07024
19/08/2026 09:20:00;0,07024;0,07028;0,07024;0,07027
19/08/2026 09:25:00;0,07027;0,07029;0,07026;0,07027
19/08/2026 09:30:00;0,07027;0,07038;0,07025;0,07037
19/08/2026 09:35:00;0,07037;0,07045;0,0703;0,07044
19/08/2026 09:40:00;0,07043;0,07052;0,07042;0,07049
19/08/2026 09:45:00;0,07049;0,07071;0,07048;0,0707
19/08/2026 09:50:00;0,0707;0,0708;0,07065;0,07067
19/08/2026 09:55:00;0,07067;0,07069;0,07061;0,07062
19/08/2026 10:00:00;0,07062;0,07065;0,07053;0,07058
19/08/2026 10:05:00;0,07058;0,07065;0,07057;0,07064
19/08/2026 10:10:00;0,07064;0,07072;0,07062;0,07065
19/08/2026 10:15:00;0,07065;0,07069;0,07065;0,07067
19/08/2026 10:20:00;0,07067;0,0707;0,07061;0,07065
19/08/2026 10:25:00;0,07065;0,07065;0,07059;0,07061
19/08/2026 10:30:00;0,07061;0,07068;0,07052;0,07059
19/08/2026 10:35:00;0,07059;0,07059;0,07044;0,07044
19/08/2026 10:40:00;0,07044;0,07059;0,07043;0,07054
19/08/2026 10:45:00;0,07054;0,07063;0,07052;0,07054
19/08/2026 10:50:00;0,07054;0,07059;0,07048;0,07053
19/08/2026 10:55:00;0,07053;0,07059;0,07053;0,07055
19/08/2026 11:00:00;0,07055;0,07059;0,07038;0,0705
19/08/2026 11:05:00;0,07051;0,07062;0,07051;0,07061
19/08/2026 11:10:00;0,07061;0,07064;0,07056;0,07058
19/08/2026 11:15:00;0,07058;0,07067;0,07056;0,07062
19/08/2026 11:20:00;0,07062;0,07065;0,07054;0,0706
19/08/2026 11:25:00;0,0706;0,07065;0,07055;0,07063
19/08/2026 11:30:00;0,07061;0,07065;0,07057;0,0706
19/08/2026 11:35:00;0,0706;0,07075;0,0706;0,07073
19/08/2026 11:40:00;0,07073;0,07074;0,0707;0,07072
19/08/2026 11:45:00;0,07072;0,07079;0,07072;0,07078
19/08/2026 11:50:00;0,07078;0,07123;0,07078;0,07123
19/08/2026 11:55:00;0,07123;0,07143;0,07117;0,07129
19/08/2026 12:00:00;0,07129;0,07165;0,07123;0,07163
20/08/2026 14:10:00;0,08294;0,08325;0,08254;0,08292
20/08/2026 14:15:00;0,08292;0,08328;0,08277;0,08296
20/08/2026 14:20:00;0,08296;0,08304;0,08256;0,08269
20/08/2026 14:25:00;0,08269;0,08289;0,08256;0,08285
20/08/2026 14:30:00;0,08285;0,08298;0,08267;0,08279
20/08/2026 14:35:00;0,08279;0,0832;0,08269;0,08314
20/08/2026 14:40:00;0,08314;0,08318;0,08272;0,08278
20/08/2026 14:45:00;0,08278;0,08298;0,08269;0,08294
20/08/2026 14:50:00;0,08294;0,08354;0,08277;0,08338
20/08/2026 14:55:00;0,08338;0,08339;0,08271;0,08281
20/08/2026 15:00:00;0,08281;0,08319;0,0824;0,08261
20/08/2026 15:05:00;0,08261;0,08271;0,08185;0,08198
20/08/2026 15:10:00;0,08198;0,082;0,08129;0,08151
20/08/2026 15:15:00;0,08151;0,08172;0,08128;0,08167
20/08/2026 15:20:00;0,08167;0,08176;0,08145;0,08147
20/08/2026 15:25:00;0,08147;0,08158;0,08073;0,08075
20/08/2026 15:30:00;0,08075;0,08088;0,08029;0,0804
20/08/2026 15:35:00;0,0804;0,08059;0,08024;0,08025
20/08/2026 15:40:00;0,08025;0,08067;0,08023;0,08054
20/08/2026 15:45:00;0,08054;0,08066;0,08048;0,08049
20/08/2026 15:50:00;0,08049;0,08059;0,08025;0,08029
20/08/2026 15:55:00;0,08029;0,08032;0,07966;0,07966
20/08/2026 16:00:00;0,07966;0,08003;0,07955;0,08
20/08/2026 16:05:00;0,08;0,08039;0,0799;0,08027
20/08/2026 16:10:00;0,08027;0,0803;0,07989;0,07997
20/08/2026 16:15:00;0,07997;0,08017;0,07996;0,08003
20/08/2026 16:20:00;0,08003;0,08025;0,07998;0,08024
20/08/2026 16:25:00;0,08024;0,0803;0,08002;0,08006
20/08/2026 16:30:00;0,08006;0,08009;0,07974;0,07978
20/08/2026 16:35:00;0,07978;0,08005;0,07972;0,07997
20/08/2026 16:40:00;0,07997;0,0801;0,07994;0,07996
20/08/2026 16:45:00;0,07996;0,08;0,07968;0,07974
20/08/2026 16:50:00;0,07974;0,07979;0,07963;0,07969
20/08/2026 16:55:00;0,07969;0,07972;0,07942;0,07967
20/08/2026 17:00:00;0,07967;0,07989;0,07963;0,07987
20/08/2026 17:05:00;0,07987;0,07991;0,07967;0,07982
20/08/2026 17:10:00;0,07982;0,0799;0,07972;0,07979
20/08/2026 17:15:00;0,07979;0,07987;0,07967;0,07985
20/08/2026 17:20:00;0,07985;0,07987;0,07972;0,07985
20/08/2026 17:25:00;0,07985;0,08006;0,07985;0,07996
20/08/2026 17:30:00;0,07996;0,08016;0,07996;0,08009
20/08/2026 17:35:00;0,08009;0,08013;0,07987;0,07989
20/08/2026 17:40:00;0,07989;0,08008;0,07986;0,08004
20/08/2026 17:45:00;0,08004;0,08006;0,07997;0,08003
20/08/2026 17:50:00;0,08003;0,08003;0,07988;0,07989
20/08/2026 17:55:00;0,07989;0,08012;0,07986;0,0801
20/08/2026 18:00:00;0,0801;0,08037;0,0801;0,08032
20/08/2026 18:05:00;0,08032;0,08032;0,08014;0,08032
20/08/2026 18:10:00;0,08032;0,08035;0,08024;0,08024
20/08/2026 18:15:00;0,08024;0,08041;0,0802;0,08021
20/08/2026 18:20:00;0,08021;0,08026;0,08018;0,0802
20/08/2026 18:25:00;0,0802;0,08033;0,08018;0,0803
20/08/2026 18:30:00;0,0803;0,08062;0,0803;0,08056
20/08/2026 18:35:00;0,08056;0,0806;0,08024;0,08028
20/08/2026 18:40:00;0,08028;0,08038;0,08021;0,08033
20/08/2026 18:45:00;0,08033;0,08042;0,08027;0,08035
20/08/2026 18:50:00;0,08035;0,08044;0,0802;0,0802
20/08/2026 18:55:00;0,0802;0,08025;0,0801;0,08021
20/08/2026 19:00:00;0,08021;0,08031;0,07978;0,07979
20/08/2026 19:05:00;0,07979;0,07995;0,07966;0,07966
20/08/2026 19:10:00;0,07966;0,07975;0,07951;0,07953
20/08/2026 19:15:00;0,07953;0,07955;0,07908;0,07918
20/08/2026 19:20:00;0,07918;0,07967;0,07917;0,07964
20/08/2026 19:25:00;0,07964;0,07971;0,0795;0,07955
20/08/2026 19:30:00;0,07955;0,07957;0,07934;0,07938
20/08/2026 19:35:00;0,07938;0,07946;0,07933;0,07942
20/08/2026 19:40:00;0,07942;0,07944;0,07925;0,07926
20/08/2026 19:45:00;0,07926;0,07943;0,07926;0,0794
20/08/2026 19:50:00;0,0794;0,07962;0,0794;0,07958
20/08/2026 19:55:00;0,07958;0,07959;0,07933;0,07937
20/08/2026 20:00:00;0,07937;0,07948;0,07937;0,07943
20/08/2026 20:05:00;0,07943;0,07958;0,07943;0,07954
20/08/2026 20:10:00;0,07954;0,07974;0,07954;0,07969
20/08/2026 20:15:00;0,07969;0,07989;0,07964;0,07987
20/08/2026 20:20:00;0,07987;0,08017;0,07987;0,08017
20/08/2026 20:25:00;0,08017;0,08065;0,08017;0,08058
20/08/2026 20:30:00;0,08058;0,08069;0,08043;0,08045
20/08/2026 20:35:00;0,08045;0,08055;0,08029;0,08037
20/08/2026 20:40:00;0,08037;0,08041;0,08022;0,08022
20/08/2026 20:45:00;0,08022;0,08039;0,08019;0,08039
20/08/2026 20:50:00;0,08039;0,0805;0,08031;0,0805
20/08/2026 20:55:00;0,0805;0,08055;0,08045;0,08047
20/08/2026 21:00:00;0,08047;0,08058;0,08031;0,08031
20/08/2026 21:05:00;0,08031;0,08059;0,0803;0,08055
20/08/2026 21:10:00;0,08055;0,08072;0,08053;0,08071
20/08/2026 21:15:00;0,08071;0,08153;0,08055;0,08137
20/08/2026 21:20:00;0,08137;0,0814;0,08105;0,08131
20/08/2026 21:25:00;0,08131;0,08132;0,08106;0,0811
20/08/2026 21:30:00;0,0811;0,08142;0,08107;0,08125
20/08/2026 21:35:00;0,08125;0,08126;0,08091;0,08117
20/08/2026 21:40:00;0,08117;0,08129;0,08097;0,08116
20/08/2026 21:45:00;0,08116;0,08134;0,08108;0,08128
20/08/2026 21:50:00;0,08128;0,08146;0,08121;0,08125
20/08/2026 21:55:00;0,08125;0,08131;0,08109;0,0813
20/08/2026 22:00:00;0,0813;0,08162;0,08119;0,08156
20/08/2026 22:05:00;0,08156;0,08181;0,08145;0,08176
20/08/2026 22:10:00;0,08176;0,08179;0,08168;0,08173
20/08/2026 22:15:00;0,08173;0,08223;0,08168;0,08192
20/08/2026 22:20:00;0,08192;0,08192;0,08141;0,08181
20/08/2026 22:25:00;0,08181;0,08205;0,08173;0,08197
20/08/2026 22:30:00;0,08197;0,08247;0,0819;0,08226
20/08/2026 22:35:00;0,08226;0,08228;0,08194;0,08208
20/08/2026 22:40:00;0,08208;0,08228;0,082;0,08228
20/08/2026 22:45:00;0,08228;0,08304;0,08228;0,08281
20/08/2026 22:50:00;0,08281;0,08282;0,08251;0,08251
20/08/2026 22:55:00;0,08251;0,08263;0,08232;0,08254
20/08/2026 23:00:00;0,08254;0,08256;0,08201;0,08241
20/08/2026 23:05:00;0,08241;0,08278;0,08232;0,08242
20/08/2026 23:10:00;0,08242;0,08243;0,08191;0,08228
20/08/2026 23:15:00;0,08228;0,08238;0,08193;0,08208
20/08/2026 23:20:00;0,08208;0,08211;0,08188;0,08196
20/08/2026 23:25:00;0,08196;0,08215;0,08191;0,0821
20/08/2026 23:30:00;0,0821;0,08215;0,08163;0,08187
20/08/2026 23:35:00;0,08187;0,082;0,0817;0,08189
20/08/2026 23:40:00;0,08189;0,08207;0,08189;0,08195
20/08/2026 23:45:00;0,08195;0,08198;0,08166;0,08174
20/08/2026 23:50:00;0,08174;0,08183;0,08159;0,08159
20/08/2026 23:55:00;0,08159;0,08163;0,08142;0,08144
21/08/2026 00:00:00;0,08144;0,08158;0,08136;0,08139
21/08/2026 00:05:00;0,08139;0,0815;0,08125;0,08141
21/08/2026 00:10:00;0,08141;0,08185;0,0814;0,08162
21/08/2026 00:15:00;0,08162;0,08166;0,08138;0,08159
21/08/2026 00:20:00;0,08159;0,08185;0,08153;0,08179
21/08/2026 00:25:00;0,08179;0,08199;0,08179;0,08194
21/08/2026 00:30:00;0,08194;0,08225;0,08192;0,08213
21/08/2026 00:35:00;0,08213;0,08232;0,08205;0,08227
21/08/2026 00:40:00;0,08227;0,08233;0,08207;0,08208
21/08/2026 00:45:00;0,08208;0,08237;0,08208;0,08219
21/08/2026 00:50:00;0,08219;0,08227;0,08211;0,08212
21/08/2026 00:55:00;0,08212;0,08217;0,08178;0,08179
21/08/2026 01:00:00;0,08179;0,08238;0,08179;0,08234
21/08/2026 01:05:00;0,08234;0,08246;0,0821;0,08218
21/08/2026 01:10:00;0,08218;0,08227;0,08202;0,08208
21/08/2026 01:15:00;0,08208;0,08238;0,08208;0,08228
21/08/2026 01:20:00;0,08228;0,08237;0,08223;0,08228
21/08/2026 01:25:00;0,08228;0,08228;0,08198;0,08206
21/08/2026 01:30:00;0,08206;0,08237;0,082;0,08226
21/08/2026 01:35:00;0,08226;0,08238;0,08213;0,08217
21/08/2026 01:40:00;0,08217;0,08218;0,08191;0,08215
21/08/2026 01:45:00;0,08215;0,08234;0,08204;0,08207
21/08/2026 01:50:00;0,08207;0,08245;0,08207;0,08241
21/08/2026 01:55:00;0,08241;0,08241;0,08227;0,08232
21/08/2026 02:00:00;0,08232;0,08238;0,08207;0,08212
21/08/2026 02:05:00;0,08212;0,08253;0,08212;0,08242
21/08/2026 02:10:00;0,08242;0,08258;0,0824;0,08252
21/08/2026 02:15:00;0,08252;0,08259;0,08243;0,08259
21/08/2026 02:20:00;0,08259;0,08279;0,08243;0,08243
21/08/2026 02:25:00;0,08243;0,08252;0,08213;0,08246
21/08/2026 02:30:00;0,08246;0,08279;0,08239;0,08274
21/08/2026 02:35:00;0,08274;0,08274;0,08256;0,0826
21/08/2026 02:40:00;0,0826;0,0826;0,08243;0,08249
21/08/2026 02:45:00;0,08249;0,08277;0,08247;0,08272
21/08/2026 02:50:00;0,08272;0,08282;0,08267;0,08271
21/08/2026 02:55:00;0,08271;0,08281;0,08259;0,08272
21/08/2026 03:00:00;0,08272;0,083;0,08263;0,08299
21/08/2026 03:05:00;0,08299;0,08324;0,08286;0,08321
21/08/2026 03:10:00;0,08321;0,08325;0,08293;0,08298
21/08/2026 03:15:00;0,08298;0,08354;0,08298;0,08354
21/08/2026 03:20:00;0,08354;0,08403;0,08313;0,08335
21/08/2026 03:25:00;0,08335;0,0837;0,08323;0,08338
21/08/2026 03:30:00;0,08338;0,08356;0,08334;0,08344
21/08/2026 03:35:00;0,08344;0,08368;0,08325;0,08358
21/08/2026 03:40:00;0,08358;0,08376;0,08334;0,08342
21/08/2026 03:45:00;0,08342;0,0835;0,08301;0,08346
21/08/2026 03:50:00;0,08346;0,08347;0,08323;0,08323
21/08/2026 03:55:00;0,08323;0,08333;0,0832;0,08324
21/08/2026 04:00:00;0,08324;0,0835;0,08319;0,0834
21/08/2026 04:05:00;0,0834;0,08344;0,08324;0,08327
21/08/2026 04:10:00;0,08327;0,08354;0,08322;0,08353
21/08/2026 04:15:00;0,08353;0,08401;0,08346;0,08374
21/08/2026 04:20:00;0,08374;0,08408;0,08369;0,08389
21/08/2026 04:25:00;0,08389;0,08408;0,08379;0,08388
21/08/2026 04:30:00;0,08388;0,08418;0,08381;0,08404
21/08/2026 04:35:00;0,08404;0,08447;0,08401;0,08444
21/08/2026 04:40:00;0,08444;0,08453;0,08432;0,08441
21/08/2026 04:45:00;0,08441;0,08444;0,08387;0,0839
21/08/2026 04:50:00;0,0839;0,08396;0,08319;0,08344
21/08/2026 04:55:00;0,08344;0,08362;0,08326;0,08347
21/08/2026 05:00:00;0,08347;0,08387;0,0834;0,08379
21/08/2026 05:05:00;0,08379;0,08423;0,08364;0,0842
21/08/2026 05:10:00;0,0842;0,08437;0,08411;0,08429
21/08/2026 05:15:00;0,08429;0,08443;0,08421;0,08429
21/08/2026 05:20:00;0,08429;0,08446;0,08411;0,08414
21/08/2026 05:25:00;0,08414;0,08454;0,08414;0,08448
21/08/2026 05:30:00;0,08448;0,08476;0,08439;0,08472
21/08/2026 05:35:00;0,08472;0,08472;0,08448;0,08468
21/08/2026 05:40:00;0,08468;0,08484;0,08463;0,08477
21/08/2026 05:45:00;0,08477;0,08521;0,08468;0,08497
21/08/2026 05:50:00;0,08497;0,08567;0,08497;0,08556
21/08/2026 05:55:00;0,08556;0,08576;0,08534;0,08566
21/08/2026 06:00:00;0,08566;0,08572;0,08355;0,0839
21/08/2026 06:05:00;0,0839;0,08414;0,08265;0,08369
21/08/2026 06:10:00;0,08369;0,08385;0,08336;0,08345
21/08/2026 06:15:00;0,08345;0,08345;0,08286;0,08304
21/08/2026 06:20:00;0,08304;0,0833;0,08297;0,08317
21/08/2026 06:25:00;0,08317;0,08357;0,08306;0,08349
21/08/2026 06:30:00;0,08349;0,08393;0,08336;0,0838
21/08/2026 06:35:00;0,0838;0,08395;0,0837;0,08393
21/08/2026 06:40:00;0,08393;0,08396;0,08375;0,08393
21/08/2026 06:45:00;0,08393;0,08449;0,08389;0,08446
21/08/2026 06:50:00;0,08446;0,08453;0,08421;0,08449
21/08/2026 06:55:00;0,08449;0,08462;0,08398;0,0845
21/08/2026 07:00:00;0,0845;0,08471;0,08424;0,08426
21/08/2026 07:05:00;0,08426;0,08433;0,08385;0,08403
21/08/2026 07:10:00;0,08403;0,08446;0,08403;0,08431
21/08/2026 07:15:00;0,08431;0,08462;0,08422;0,08457
21/08/2026 07:20:00;0,08457;0,08457;0,08417;0,08419
21/08/2026 07:25:00;0,08419;0,0842;0,08375;0,08388
21/08/2026 07:30:00;0,08388;0,08413;0,08352;0,08363
21/08/2026 07:35:00;0,08363;0,08386;0,08353;0,08378
21/08/2026 07:40:00;0,08378;0,08397;0,08375;0,08395
21/08/2026 07:45:00;0,08395;0,08416;0,08395;0,08403
21/08/2026 07:50:00;0,08403;0,08431;0,08396;0,0843
21/08/2026 07:55:00;0,0843;0,0847;0,08425;0,08452
21/08/2026 08:00:00;0,08452;0,0846;0,08412;0,08453
21/08/2026 08:05:00;0,08453;0,0847;0,08437;0,08437
21/08/2026 08:10:00;0,08437;0,08438;0,08373;0,0842
21/08/2026 08:15:00;0,0842;0,08423;0,08386;0,08393
21/08/2026 08:20:00;0,08393;0,08444;0,08393;0,08422
21/08/2026 08:25:00;0,08422;0,08427;0,08406;0,08411
21/08/2026 08:30:00;0,08411;0,08417;0,0827;0,0827
21/08/2026 08:35:00;0,0827;0,08332;0,0827;0,08325
21/08/2026 08:40:00;0,08325;0,08335;0,08308;0,08314
21/08/2026 08:45:00;0,08314;0,08325;0,08265;0,0829
21/08/2026 08:50:00;0,0829;0,08343;0,08275;0,08336
21/08/2026 08:55:00;0,08336;0,08337;0,08291;0,08302
21/08/2026 09:00:00;0,08302;0,08311;0,08266;0,08288
21/08/2026 09:05:00;0,08288;0,08329;0,08288;0,08322
21/08/2026 09:10:00;0,08322;0,08352;0,08305;0,08351
21/08/2026 09:15:00;0,08351;0,08351;0,0833;0,08339
21/08/2026 09:20:00;0,08339;0,08349;0,08305;0,08342
21/08/2026 09:25:00;0,08342;0,08342;0,0832;0,08323
21/08/2026 09:30:00;0,08323;0,08326;0,0831;0,08326
21/08/2026 09:35:00;0,08326;0,08402;0,08326;0,084
21/08/2026 09:40:00;0,084;0,08428;0,08396;0,08427
21/08/2026 09:45:00;0,08427;0,08428;0,08414;0,08424
21/08/2026 09:50:00;0,08424;0,08429;0,08391;0,08395
21/08/2026 09:55:00;0,08395;0,08408;0,08386;0,08395
21/08/2026 10:00:00;0,08395;0,08396;0,08372;0,08387
21/08/2026 10:05:00;0,08387;0,08394;0,08375;0,08384
21/08/2026 10:10:00;0,08384;0,08384;0,08363;0,0838
21/08/2026 10:15:00;0,0838;0,08381;0,08342;0,08357
21/08/2026 10:20:00;0,08357;0,08357;0,08329;0,08342
21/08/2026 10:25:00;0,08342;0,08365;0,08334;0,08351
21/08/2026 10:30:00;0,08351;0,08351;0,0827;0,08296
21/08/2026 10:35:00;0,08296;0,0836;0,08273;0,0836
21/08/2026 10:40:00;0,0836;0,0842;0,08358;0,08404
21/08/2026 10:45:00;0,08404;0,08423;0,0838;0,08423
21/08/2026 10:50:00;0,08423;0,08437;0,08381;0,08387
21/08/2026 10:55:00;0,08387;0,08411;0,08378;0,08399
21/08/2026 11:00:00;0,08399;0,08409;0,08345;0,08346
21/08/2026 11:05:00;0,08346;0,08406;0,08346;0,08374
21/08/2026 11:10:00;0,08374;0,08388;0,08329;0,08347
21/08/2026 11:15:00;0,08347;0,08368;0,083;0,083
21/08/2026 11:20:00;0,083;0,08361;0,08293;0,08352
21/08/2026 11:25:00;0,08352;0,08389;0,08349;0,08374
21/08/2026 11:30:00;0,08374;0,08397;0,08368;0,08394
21/08/2026 11:35:00;0,08394;0,08414;0,08354;0,08358
21/08/2026 11:40:00;0,08358;0,08399;0,08351;0,08399
21/08/2026 11:45:00;0,08399;0,0843;0,08395;0,08416
21/08/2026 11:50:00;0,08416;0,08433;0,08412;0,08419
21/08/2026 11:55:00;0,08419;0,08434;0,08412;0,08425
21/08/2026 12:00:00;0,08425;0,08453;0,08405;0,08448
21/08/2026 12:05:00;0,08448;0,08478;0,08437;0,0847
21/08/2026 12:10:00;0,0847;0,08479;0,08451;0,08464
21/08/2026 12:15:00;0,08464;0,08477;0,08431;0,08445
21/08/2026 12:20:00;0,08445;0,08465;0,08437;0,08456
21/08/2026 12:25:00;0,08456;0,0847;0,08435;0,0844
21/08/2026 12:30:00;0,0844;0,08451;0,0839;0,08393
21/08/2026 12:35:00;0,08393;0,08427;0,08385;0,08422
21/08/2026 12:40:00;0,08422;0,08432;0,08405;0,0841
21/08/2026 12:45:00;0,0841;0,08433;0,08407;0,08407
21/08/2026 12:50:00;0,08407;0,0843;0,08373;0,08375
21/08/2026 12:55:00;0,08375;0,08382;0,08362;0,0838
21/08/2026 13:00:00;0,0838;0,08414;0,08376;0,0839
21/08/2026 13:05:00;0,0839;0,084;0,08363;0,08372
21/08/2026 13:10:00;0,08372;0,08396;0,08357;0,08357
21/08/2026 13:15:00;0,08357;0,08399;0,08346;0,08394
21/08/2026 13:20:00;0,08394;0,08435;0,08386;0,0842
21/08/2026 13:25:00;0,0842;0,08451;0,08419;0,08449
21/08/2026 13:30:00;0,08449;0,08469;0,08439;0,08469
21/08/2026 13:35:00;0,08469;0,0847;0,08444;0,08466
21/08/2026 13:40:00;0,08466;0,0847;0,08435;0,08438
21/08/2026 13:45:00;0,08438;0,08467;0,0843;0,08463
21/08/2026 13:50:00;0,08463;0,08475;0,08455;0,0847
21/08/2026 13:55:00;0,0847;0,08482;0,08463;0,08471
21/08/2026 14:00:00;0,08471;0,08482;0,08455;0,08479
21/08/2026 14:05:00;0,08479;0,08522;0,08473;0,08489
21/08/2026 14:10:00;0,08489;0,08507;0,08482;0,08494
21/08/2026 14:15:00;0,08494;0,08494;0,0844;0,0844
21/08/2026 14:20:00;0,0844;0,0844;0,08395;0,08407
21/08/2026 14:25:00;0,08407;0,08475;0,08407;0,0847
21/08/2026 14:30:00;0,0847;0,08492;0,0846;0,08487
21/08/2026 14:35:00;0,08487;0,08487;0,08462;0,08477
21/08/2026 14:40:00;0,08477;0,08477;0,08442;0,08447
21/08/2026 14:45:00;0,08447;0,08462;0,08436;0,0846
21/08/2026 14:50:00;0,0846;0,0846;0,08437;0,08438
21/08/2026 14:55:00;0,08438;0,08459;0,08436;0,0844
21/08/2026 15:00:00;0,0844;0,08468;0,08437;0,08467
21/08/2026 15:05:00;0,08467;0,08481;0,08453;0,08456
21/08/2026 15:10:00;0,08456;0,08487;0,0845;0,08477
21/08/2026 15:15:00;0,08477;0,08491;0,0846;0,08482
21/08/2026 15:20:00;0,08482;0,08524;0,08481;0,08486
21/08/2026 15:25:00;0,08486;0,08513;0,08477;0,08499
21/08/2026 15:30:00;0,08499;0,08513;0,08483;0,08513
21/08/2026 15:35:00;0,08513;0,08513;0,08465;0,08478
21/08/2026 15:40:00;0,08478;0,0848;0,0841;0,08425
21/08/2026 15:45:00;0,08425;0,08425;0,08369;0,08382
21/08/2026 15:50:00;0,08382;0,08425;0,08382;0,08424
21/08/2026 15:55:00;0,08424;0,08438;0,08418;0,08433
21/08/2026 16:00:00;0,08433;0,08433;0,08366;0,08369
21/08/2026 16:05:00;0,08369;0,08424;0,08369;0,08424
21/08/2026 16:10:00;0,08424;0,08448;0,08407;0,08445
21/08/2026 16:15:00;0,08445;0,08453;0,08408;0,0842
21/08/2026 16:20:00;0,0842;0,08453;0,0841;0,0845
21/08/2026 16:25:00;0,0845;0,08491;0,0845;0,08488
21/08/2026 16:30:00;0,08488;0,08493;0,08468;0,08469
21/08/2026 16:35:00;0,08469;0,08481;0,08456;0,08474
21/08/2026 16:40:00;0,08474;0,08474;0,08442;0,08445
21/08/2026 16:45:00;0,08445;0,08474;0,08432;0,08474
21/08/2026 16:50:00;0,08474;0,08499;0,08454;0,08498
21/08/2026 16:55:00;0,08498;0,08513;0,08482;0,08493
21/08/2026 17:00:00;0,08493;0,08522;0,08473;0,08522
21/08/2026 17:05:00;0,08522;0,08522;0,08479;0,08487
21/08/2026 17:10:00;0,08487;0,08498;0,08479;0,08493
21/08/2026 17:15:00;0,08493;0,0854;0,08493;0,08539
21/08/2026 17:20:00;0,08539;0,08565;0,08531;0,08551
21/08/2026 17:25:00;0,08551;0,08552;0,08528;0,08543
21/08/2026 17:30:00;0,08543;0,08671;0,08539;0,08671
21/08/2026 17:35:00;0,08671;0,0872;0,08617;0,0863
21/08/2026 17:40:00;0,0863;0,08689;0,0863;0,0867
21/08/2026 17:45:00;0,0867;0,08675;0,0864;0,08655
21/08/2026 17:50:00;0,08655;0,0872;0,08655;0,08689
21/08/2026 17:55:00;0,08689;0,0874;0,08678;0,08737
21/08/2026 18:00:00;0,08737;0,08742;0,08704;0,08733
21/08/2026 18:05:00;0,08733;0,08754;0,08704;0,08712
21/08/2026 18:10:00;0,08712;0,08825;0,08711;0,08788
21/08/2026 18:15:00;0,08788;0,08854;0,0878;0,08847
21/08/2026 18:20:00;0,08847;0,08871;0,08813;0,08824
21/08/2026 18:25:00;0,08824;0,08836;0,08786;0,08797
21/08/2026 18:30:00;0,08797;0,0889;0,08796;0,08888
21/08/2026 18:35:00;0,08888;0,08957;0,08888;0,08922
21/08/2026 18:40:00;0,08922;0,09114;0,08921;0,09083
21/08/2026 18:45:00;0,09083;0,09136;0,09035;0,09108
21/08/2026 18:50:00;0,09108;0,09168;0,09098;0,09151
21/08/2026 18:55:00;0,09151;0,09179;0,09115;0,09169
21/08/2026 19:00:00;0,09169;0,09259;0,09131;0,09222
21/08/2026 19:05:00;0,09222;0,09297;0,0921;0,09283
21/08/2026 19:10:00;0,09283;0,09369;0,09258;0,09339
21/08/2026 19:15:00;0,09339;0,0934;0,09242;0,09277
21/08/2026 19:20:00;0,09277;0,09277;0,09183;0,0923
21/08/2026 19:25:00;0,0923;0,09327;0,0923;0,09326
21/08/2026 19:30:00;0,09326;0,09331;0,09224;0,09316
21/08/2026 19:35:00;0,09316;0,09424;0,09299;0,0939
21/08/2026 19:40:00;0,0939;0,09443;0,09373;0,09386
21/08/2026 19:45:00;0,09386;0,09404;0,09341;0,09368
21/08/2026 19:50:00;0,09368;0,0947;0,09368;0,09421
21/08/2026 19:55:00;0,09421;0,09437;0,09386;0,09417
21/08/2026 20:00:00;0,09417;0,09437;0,09362;0,09393
21/08/2026 20:05:00;0,09393;0,09393;0,09345;0,09364
21/08/2026 20:10:00;0,09364;0,09415;0,09362;0,09396
21/08/2026 20:15:00;0,09396;0,09434;0,09382;0,09418
21/08/2026 20:20:00;0,09418;0,09418;0,09366;0,0937
21/08/2026 20:25:00;0,0937;0,0937;0,09291;0,09293
21/08/2026 20:30:00;0,09293;0,09313;0,09225;0,09245
21/08/2026 20:35:00;0,09245;0,09246;0,09172;0,09172
21/08/2026 20:40:00;0,09172;0,09213;0,09158;0,09213
21/08/2026 20:45:00;0,09213;0,09223;0,09126;0,09155
21/08/2026 20:50:00;0,09155;0,0918;0,09104;0,09149
21/08/2026 20:55:00;0,09149;0,09185;0,09134;0,09155
21/08/2026 21:00:00;0,09155;0,09194;0,09097;0,09124
21/08/2026 21:05:00;0,09124;0,09128;0,09017;0,09054
21/08/2026 21:10:00;0,09054;0,0909;0,09048;0,09076
21/08/2026 21:15:00;0,09076;0,0913;0,09047;0,09129
21/08/2026 21:20:00;0,09129;0,09177;0,09123;0,0917
21/08/2026 21:25:00;0,0917;0,0918;0,09133;0,09137
21/08/2026 21:30:00;0,09137;0,09169;0,09113;0,09139
21/08/2026 21:35:00;0,09139;0,09143;0,09107;0,09127
21/08/2026 21:40:00;0,09127;0,09134;0,09082;0,09102
21/08/2026 21:45:00;0,09102;0,09119;0,09068;0,09118
21/08/2026 21:50:00;0,09118;0,0914;0,09113;0,09131
21/08/2026 21:55:00;0,09131;0,0918;0,09131;0,09178
21/08/2026 22:00:00;0,09178;0,09198;0,09147;0,09191
21/08/2026 22:05:00;0,09191;0,09205;0,0916;0,09166
21/08/2026 22:10:00;0,09166;0,09205;0,09165;0,09178
21/08/2026 22:15:00;0,09178;0,0921;0,09166;0,0919
21/08/2026 22:20:00;0,0919;0,09202;0,09169;0,09199
21/08/2026 22:25:00;0,09199;0,09238;0,0919;0,09215
21/08/2026 22:30:00;0,09215;0,09237;0,09196;0,09213
21/08/2026 22:35:00;0,09213;0,09224;0,09191;0,09197
21/08/2026 22:40:00;0,09197;0,09206;0,09171;0,09186
21/08/2026 22:45:00;0,09186;0,09198;0,09119;0,09121
21/08/2026 22:50:00;0,09121;0,0915;0,091;0,09149
21/08/2026 22:55:00;0,09149;0,09192;0,09145;0,09145
21/08/2026 23:00:00;0,09145;0,09196;0,09137;0,09193
21/08/2026 23:05:00;0,09193;0,09205;0,09179;0,09202
21/08/2026 23:10:00;0,09202;0,09229;0,09195;0,0922
21/08/2026 23:15:00;0,0922;0,0926;0,09214;0,09231
21/08/2026 23:20:00;0,09231;0,09307;0,09225;0,09299
21/08/2026 23:25:00;0,09299;0,09318;0,09296;0,09297
21/08/2026 23:30:00;0,09297;0,09327;0,09297;0,0931
21/08/2026 23:35:00;0,0931;0,0931;0,09253;0,0931
21/08/2026 23:40:00;0,0931;0,09365;0,0931;0,0935
21/08/2026 23:45:00;0,0935;0,09364;0,09335;0,09335
21/08/2026 23:50:00;0,09335;0,09392;0,09335;0,09381
21/08/2026 23:55:00;0,09381;0,09387;0,09359;0,09375
22/08/2026 00:00:00;0,09375;0,09377;0,09353;0,09356
22/08/2026 00:05:00;0,09356;0,09385;0,09345;0,09366
22/08/2026 00:10:00;0,09366;0,09376;0,0935;0,09363
22/08/2026 00:15:00;0,09363;0,095;0,09361;0,09493
22/08/2026 00:20:00;0,09493;0,09615;0,09493;0,09605
22/08/2026 00:25:00;0,09605;0,09715;0,09594;0,09669
22/08/2026 00:30:00;0,09669;0,09686;0,09597;0,0961
22/08/2026 00:35:00;0,0961;0,09615;0,0953;0,09544
22/08/2026 00:40:00;0,09544;0,09552;0,09469;0,09536
22/08/2026 00:45:00;0,09536;0,09586;0,09525;0,09579
22/08/2026 00:50:00;0,09579;0,09612;0,0956;0,09606
22/08/2026 00:55:00;0,09606;0,09631;0,09565;0,09568
22/08/2026 01:00:00;0,09568;0,09591;0,09489;0,09533
22/08/2026 01:05:00;0,09533;0,09569;0,09497;0,09527
22/08/2026 01:10:00;0,09527;0,09542;0,09523;0,09534
22/08/2026 01:15:00;0,09534;0,09563;0,09513;0,09518
22/08/2026 01:20:00;0,09518;0,09557;0,0951;0,09548
22/08/2026 01:25:00;0,09548;0,09645;0,09548;0,09621
22/08/2026 01:30:00;0,09621;0,0986;0,09612;0,09858
22/08/2026 01:35:00;0,09858;0,09884;0,09805;0,09833
22/08/2026 01:40:00;0,09833;0,10077;0,09833;0,10016
22/08/2026 01:45:00;0,10016;0,10036;0,09864;0,09872
22/08/2026 01:50:00;0,09872;0,09913;0,09816;0,09821
22/08/2026 01:55:00;0,09821;0,09887;0,09802;0,09853
22/08/2026 02:00:00;0,09853;0,09957;0,0985;0,09892
22/08/2026 02:05:00;0,09892;0,09931;0,09102;0,09102
22/08/2026 02:10:00;0,09102;0,09217;0,08377;0,09038
22/08/2026 02:15:00;0,09038;0,09283;0,08314;0,0897
22/08/2026 02:20:00;0,0897;0,09064;0,08789;0,09006
22/08/2026 02:25:00;0,09006;0,09149;0,09006;0,09108
22/08/2026 02:30:00;0,09108;0,09109;0,0893;0,09068
22/08/2026 02:35:00;0,09068;0,09127;0,09002;0,09004
22/08/2026 02:40:00;0,09004;0,09041;0,08942;0,09023
22/08/2026 02:45:00;0,09023;0,09172;0,09001;0,0915
22/08/2026 02:50:00;0,0915;0,09208;0,09088;0,09124
22/08/2026 02:55:00;0,09124;0,09202;0,09118;0,09183
22/08/2026 03:00:00;0,09183;0,09217;0,09166;0,09188
22/08/2026 03:05:00;0,09188;0,09188;0,09075;0,09168
22/08/2026 03:10:00;0,09168;0,09175;0,09091;0,09107
22/08/2026 03:15:00;0,09107;0,09213;0,09107;0,09184
22/08/2026 03:20:00;0,09184;0,09302;0,09184;0,09302
22/08/2026 03:25:00;0,09302;0,09302;0,09236;0,0924
22/08/2026 03:30:00;0,0924;0,09246;0,09146;0,09203
22/08/2026 03:35:00;0,09203;0,09301;0,09203;0,09301
22/08/2026 03:40:00;0,09301;0,09365;0,09275;0,09283
22/08/2026 03:45:00;0,09283;0,09302;0,09252;0,09258
22/08/2026 03:50:00;0,09258;0,09277;0,0923;0,09272
22/08/2026 03:55:00;0,09272;0,09285;0,09249;0,09269
22/08/2026 04:00:00;0,09269;0,09326;0,0925;0,0932
22/08/2026 04:05:00;0,09319;0,09339;0,09253;0,0926
22/08/2026 04:10:00;0,0926;0,09276;0,09204;0,09247
22/08/2026 04:15:00;0,09247;0,09253;0,09152;0,09172
22/08/2026 04:20:00;0,09172;0,0928;0,09172;0,09261
22/08/2026 04:25:00;0,09261;0,09319;0,09256;0,09317
22/08/2026 04:30:00;0,09317;0,0939;0,09297;0,09388
22/08/2026 04:35:00;0,09388;0,09392;0,0931;0,09311
22/08/2026 04:40:00;0,09311;0,09318;0,0926;0,09298
22/08/2026 04:45:00;0,09298;0,09318;0,09268;0,09287
22/08/2026 04:50:00;0,09287;0,09332;0,09261;0,09326
22/08/2026 04:55:00;0,09326;0,09326;0,0928;0,09305
22/08/2026 05:00:00;0,09305;0,09318;0,09257;0,09257
22/08/2026 05:05:00;0,09257;0,09307;0,09235;0,09283
22/08/2026 05:10:00;0,09283;0,09348;0,09282;0,09347
22/08/2026 05:15:00;0,09347;0,09347;0,09283;0,09287
22/08/2026 05:20:00;0,09287;0,09309;0,0926;0,09261
22/08/2026 05:25:00;0,09261;0,0927;0,09146;0,09172
22/08/2026 05:30:00;0,09172;0,0918;0,09073;0,09111
22/08/2026 05:35:00;0,09111;0,09131;0,09072;0,09097
22/08/2026 05:40:00;0,09097;0,09159;0,09051;0,09151
22/08/2026 05:45:00;0,09151;0,09151;0,0909;0,0913
22/08/2026 05:50:00;0,0913;0,09158;0,09126;0,09129
22/08/2026 05:55:00;0,09129;0,09153;0,09115;0,09148
22/08/2026 06:00:00;0,09148;0,09164;0,09011;0,09055
22/08/2026 06:05:00;0,09055;0,09146;0,09038;0,09144
22/08/2026 06:10:00;0,09144;0,09216;0,09116;0,09216
22/08/2026 06:15:00;0,09216;0,09236;0,09167;0,092
22/08/2026 06:20:00;0,092;0,09223;0,09172;0,09179
22/08/2026 06:25:00;0,09179;0,0919;0,09147;0,09161
22/08/2026 06:30:00;0,09161;0,09184;0,09147;0,09155
22/08/2026 06:35:00;0,09155;0,09167;0,09097;0,09105
22/08/2026 06:40:00;0,09105;0,09141;0,09105;0,09127
22/08/2026 06:45:00;0,09127;0,09133;0,09037;0,09047
22/08/2026 06:50:00;0,09047;0,09073;0,09031;0,09046
22/08/2026 06:55:00;0,09046;0,09077;0,09043;0,09074
22/08/2026 07:00:00;0,09074;0,09083;0,08946;0,08992
22/08/2026 07:05:00;0,08992;0,08992;0,08934;0,08945
22/08/2026 07:10:00;0,08945;0,08971;0,08903;0,08908
22/08/2026 07:15:00;0,08908;0,08937;0,08862;0,08866
22/08/2026 07:20:00;0,08866;0,08896;0,08769;0,0878
22/08/2026 07:25:00;0,0878;0,0893;0,0878;0,08927
22/08/2026 07:30:00;0,08927;0,08946;0,08895;0,08923
22/08/2026 07:35:00;0,08923;0,09006;0,08923;0,08991
22/08/2026 07:40:00;0,08991;0,09043;0,08991;0,0903
22/08/2026 07:45:00;0,0903;0,09041;0,08966;0,08988
22/08/2026 07:50:00;0,08988;0,09004;0,08971;0,08976
22/08/2026 07:55:00;0,08976;0,08988;0,08942;0,08968
22/08/2026 08:00:00;0,08968;0,08977;0,08909;0,08974
22/08/2026 08:05:00;0,08974;0,08995;0,08951;0,08952
22/08/2026 08:10:00;0,08952;0,08984;0,08951;0,08961
22/08/2026 08:15:00;0,08961;0,08981;0,08927;0,08933
22/08/2026 08:20:00;0,08933;0,08958;0,08932;0,08932
22/08/2026 08:25:00;0,08932;0,08968;0,08932;0,08967
22/08/2026 08:30:00;0,08967;0,09007;0,08949;0,09004
22/08/2026 08:35:00;0,09004;0,09029;0,08988;0,09002
22/08/2026 08:40:00;0,09002;0,09032;0,09002;0,09023
22/08/2026 08:45:00;0,09023;0,09029;0,08994;0,09006
22/08/2026 08:50:00;0,09006;0,09006;0,08973;0,08986
22/08/2026 08:55:00;0,08986;0,08997;0,08982;0,08988
22/08/2026 09:00:00;0,08988;0,09036;0,08957;0,08973
22/08/2026 09:05:00;0,08973;0,09057;0,08973;0,09055
22/08/2026 09:10:00;0,09055;0,09107;0,09037;0,09095
22/08/2026 09:15:00;0,09095;0,09102;0,09065;0,09093
22/08/2026 09:20:00;0,09093;0,09107;0,09091;0,09106
22/08/2026 09:25:00;0,09106;0,09132;0,09088;0,09102
22/08/2026 09:30:00;0,09102;0,09102;0,09073;0,09081
22/08/2026 09:35:00;0,09081;0,09108;0,09068;0,09096
22/08/2026 09:40:00;0,09096;0,09156;0,09096;0,09154
22/08/2026 09:45:00;0,09154;0,0921;0,09154;0,09188
22/08/2026 09:50:00;0,09188;0,09188;0,09143;0,09166
22/08/2026 09:55:00;0,09166;0,09175;0,09149;0,0915
22/08/2026 10:00:00;0,0915;0,09166;0,09119;0,09164
22/08/2026 10:05:00;0,09164;0,09193;0,09164;0,09193
22/08/2026 10:10:00;0,09194;0,09194;0,09129;0,09139
22/08/2026 10:15:00;0,09139;0,09176;0,0912;0,09127
22/08/2026 10:20:00;0,09127;0,09144;0,09105;0,09141
22/08/2026 10:25:00;0,09138;0,0917;0,09137;0,09137
22/08/2026 10:30:00;0,09137;0,09155;0,09103;0,09106
22/08/2026 10:35:00;0,09106;0,09125;0,09072;0,09089
22/08/2026 10:40:00;0,09089;0,09129;0,09083;0,09127
22/08/2026 10:45:00;0,09127;0,0916;0,0911;0,09142
22/08/2026 10:50:00;0,09142;0,09174;0,09141;0,09151
22/08/2026 10:55:00;0,09151;0,09154;0,09106;0,09122
22/08/2026 11:00:00;0,09122;0,09138;0,09075;0,09083
22/08/2026 11:05:00;0,09083;0,09085;0,09018;0,09061
22/08/2026 11:10:00;0,09061;0,09084;0,09049;0,09068
22/08/2026 11:15:00;0,09068;0,0908;0,09021;0,09061
22/08/2026 11:20:00;0,09061;0,09082;0,09046;0,09058
22/08/2026 11:25:00;0,09058;0,09086;0,09044;0,09077
22/08/2026 11:30:00;0,09077;0,09113;0,09054;0,09104
22/08/2026 11:35:00;0,09104;0,09114;0,0903;0,09039
22/08/2026 11:40:00;0,09039;0,0906;0,09012;0,09013
22/08/2026 11:45:00;0,09013;0,0903;0,08993;0,08998
22/08/2026 11:50:00;0,08998;0,09022;0,08986;0,08993
22/08/2026 11:55:00;0,08993;0,09029;0,08984;0,09021
22/08/2026 12:00:00;0,09021;0,09055;0,09001;0,09014
22/08/2026 12:05:00;0,09014;0,09025;0,08986;0,08989
22/08/2026 12:10:00;0,08989;0,09026;0,08967;0,08968
22/08/2026 12:15:00;0,08968;0,09001;0,08961;0,08979
22/08/2026 12:20:00;0,08979;0,09015;0,08956;0,09002
22/08/2026 12:25:00;0,09002;0,09033;0,08986;0,09023
22/08/2026 12:30:00;0,09023;0,09067;0,09014;0,09065
22/08/2026 12:35:00;0,09065;0,09066;0,09022;0,0903
22/08/2026 12:40:00;0,0903;0,09038;0,09003;0,09033
22/08/2026 12:45:00;0,09033;0,09048;0,09019;0,09025
22/08/2026 12:50:00;0,09025;0,09029;0,09004;0,09026
22/08/2026 12:55:00;0,09026;0,0905;0,09022;0,09032
22/08/2026 13:00:00;0,09032;0,09065;0,09029;0,09059
22/08/2026 13:05:00;0,09059;0,09087;0,09039;0,09039
22/08/2026 13:10:00;0,09039;0,0904;0,0898;0,09039
22/08/2026 13:15:00;0,09039;0,0914;0,09032;0,09128
22/08/2026 13:20:00;0,09128;0,09128;0,09106;0,09119
22/08/2026 13:25:00;0,09119;0,09123;0,09107;0,09112
22/08/2026 13:30:00;0,09112;0,09145;0,09112;0,09114
22/08/2026 13:35:00;0,09114;0,09154;0,09113;0,09148
22/08/2026 13:40:00;0,09148;0,09192;0,09147;0,09179
22/08/2026 13:45:00;0,09179;0,09222;0,09176;0,09185
22/08/2026 13:50:00;0,09185;0,0919;0,09163;0,09167
22/08/2026 13:55:00;0,09167;0,09181;0,09158;0,09168
22/08/2026 14:00:00;0,09168;0,09182;0,09153;0,09167
22/08/2026 14:05:00;0,09167;0,09185;0,09127;0,09178
22/08/2026 14:10:00;0,09178;0,09197;0,09164;0,09193
22/08/2026 14:15:00;0,09193;0,09312;0,09193;0,09312
22/08/2026 14:20:00;0,09312;0,09319;0,09253;0,09257
22/08/2026 14:25:00;0,09257;0,09271;0,09183;0,09198
22/08/2026 14:30:00;0,09198;0,09282;0,09194;0,09265
22/08/2026 14:35:00;0,09265;0,09285;0,09246;0,09252
22/08/2026 14:40:00;0,09252;0,09356;0,09252;0,09352
22/08/2026 14:45:00;0,09352;0,09355;0,09301;0,09314
22/08/2026 14:50:00;0,09314;0,09337;0,09306;0,09311
22/08/2026 14:55:00;0,09311;0,09327;0,09297;0,09318
22/08/2026 15:00:00;0,09318;0,09391;0,09309;0,09332
22/08/2026 15:05:00;0,09332;0,09334;0,09262;0,09263
22/08/2026 15:10:00;0,09263;0,09285;0,0926;0,09282
22/08/2026 15:15:00;0,09282;0,09332;0,09276;0,09312
22/08/2026 15:20:00;0,09312;0,09374;0,09309;0,09362
22/08/2026 15:25:00;0,09362;0,09384;0,09336;0,09359
22/08/2026 15:30:00;0,09359;0,09379;0,09337;0,09378
22/08/2026 15:35:00;0,09378;0,09378;0,09318;0,09325
22/08/2026 15:40:00;0,09325;0,09335;0,09298;0,09302
22/08/2026 15:45:00;0,09302;0,09317;0,09267;0,09277
22/08/2026 15:50:00;0,09276;0,09277;0,09224;0,09253
22/08/2026 15:55:00;0,09253;0,09288;0,09233;0,09286
22/08/2026 16:00:00;0,09286;0,0929;0,09254;0,09256
22/08/2026 16:05:00;0,09256;0,09271;0,09216;0,0924
22/08/2026 16:10:00;0,0924;0,09289;0,09234;0,09289
22/08/2026 16:15:00;0,09289;0,09308;0,09273;0,09276
22/08/2026 16:20:00;0,09276;0,09277;0,09251;0,09256
22/08/2026 16:25:00;0,09256;0,09283;0,09247;0,09283
22/08/2026 16:30:00;0,09283;0,09346;0,09281;0,09335
22/08/2026 16:35:00;0,09335;0,09337;0,09315;0,09323
22/08/2026 16:40:00;0,09323;0,09361;0,09316;0,09358
22/08/2026 16:45:00;0,09358;0,09364;0,09348;0,09358
22/08/2026 16:50:00;0,09358;0,0938;0,09356;0,09371
22/08/2026 16:55:00;0,09371;0,0938;0,09349;0,09352
22/08/2026 17:00:00;0,09352;0,09371;0,09339;0,09363
22/08/2026 17:05:00;0,09363;0,09417;0,09358;0,09409
22/08/2026 17:10:00;0,09409;0,0953;0,09409;0,09497
22/08/2026 17:15:00;0,09497;0,09522;0,09406;0,09406
22/08/2026 17:20:00;0,09406;0,09421;0,09376;0,09395
22/08/2026 17:25:00;0,09395;0,09439;0,09388;0,09418
22/08/2026 17:30:00;0,09418;0,09493;0,09418;0,09431
22/08/2026 17:35:00;0,09431;0,09473;0,09419;0,09468
22/08/2026 17:40:00;0,09468;0,095;0,09442;0,0945
22/08/2026 17:45:00;0,0945;0,09482;0,09448;0,09477
22/08/2026 17:50:00;0,09477;0,09489;0,0946;0,09473
22/08/2026 17:55:00;0,09473;0,09482;0,0942;0,09425
22/08/2026 18:00:00;0,09425;0,09433;0,09325;0,09353
22/08/2026 18:05:00;0,09353;0,09407;0,09353;0,09392
22/08/2026 18:10:00;0,09392;0,09397;0,09326;0,09331
22/08/2026 18:15:00;0,09331;0,09364;0,0933;0,09363
22/08/2026 18:20:00;0,09363;0,09382;0,09323;0,09328
22/08/2026 18:25:00;0,09328;0,09363;0,09312;0,0934
22/08/2026 18:30:00;0,0934;0,0934;0,09235;0,09271
22/08/2026 18:35:00;0,09271;0,09297;0,09236;0,09265
22/08/2026 18:40:00;0,09265;0,0928;0,09218;0,09272
22/08/2026 18:45:00;0,09272;0,09272;0,09136;0,09194
22/08/2026 18:50:00;0,09194;0,09205;0,09161;0,09193
22/08/2026 18:55:00;0,09193;0,09206;0,09164;0,09166
22/08/2026 19:00:00;0,09166;0,09225;0,09125;0,09174
22/08/2026 19:05:00;0,09174;0,09247;0,0917;0,09236
22/08/2026 19:10:00;0,09236;0,09258;0,09214;0,09246
22/08/2026 19:15:00;0,09246;0,09259;0,09193;0,09193
22/08/2026 19:20:00;0,09193;0,09234;0,09193;0,09233
22/08/2026 19:25:00;0,09233;0,09248;0,09222;0,0923
22/08/2026 19:30:00;0,0923;0,09231;0,09191;0,09212
22/08/2026 19:35:00;0,09212;0,09248;0,09212;0,09221
22/08/2026 19:40:00;0,09221;0,0923;0,09199;0,09199
22/08/2026 19:45:00;0,09199;0,09222;0,09187;0,09222
22/08/2026 19:50:00;0,09222;0,09235;0,09213;0,09224
22/08/2026 19:55:00;0,09224;0,09229;0,09179;0,09195
22/08/2026 20:00:00;0,09195;0,09201;0,09163;0,09199
22/08/2026 20:05:00;0,09199;0,09211;0,09185;0,09188
22/08/2026 20:10:00;0,09188;0,09194;0,09163;0,09176
22/08/2026 20:15:00;0,09176;0,09179;0,0916;0,09173
22/08/2026 20:20:00;0,09173;0,09185;0,09157;0,09171
22/08/2026 20:25:00;0,09171;0,0919;0,09167;0,0917
22/08/2026 20:30:00;0,0917;0,09173;0,09115;0,09116
22/08/2026 20:35:00;0,09116;0,09156;0,09116;0,09154
22/08/2026 20:40:00;0,09154;0,09167;0,09151;0,09158
22/08/2026 20:45:00;0,09158;0,09193;0,09155;0,09193
22/08/2026 20:50:00;0,09193;0,0921;0,09183;0,0921
22/08/2026 20:55:00;0,0921;0,0921;0,09186;0,09188
22/08/2026 21:00:00;0,09188;0,09231;0,09188;0,09231
22/08/2026 21:05:00;0,09223;0,0924;0,09205;0,09211
22/08/2026 21:10:00;0,09211;0,0922;0,09184;0,09205
22/08/2026 21:15:00;0,09205;0,09229;0,09198;0,0922
22/08/2026 21:20:00;0,0922;0,09235;0,09205;0,09231
22/08/2026 21:25:00;0,09231;0,0928;0,09231;0,09278
22/08/2026 21:30:00;0,09278;0,09319;0,09278;0,09301
22/08/2026 21:35:00;0,09301;0,09367;0,09287;0,09334
22/08/2026 21:40:00;0,09334;0,0938;0,09321;0,09353
22/08/2026 21:45:00;0,09353;0,09434;0,09346;0,09419
22/08/2026 21:50:00;0,09419;0,09422;0,09385;0,09399
22/08/2026 21:55:00;0,09399;0,09428;0,09391;0,09394
22/08/2026 22:00:00;0,09394;0,09394;0,09331;0,09336
22/08/2026 22:05:00;0,09336;0,09365;0,09314;0,09363
22/08/2026 22:10:00;0,09363;0,09404;0,09359;0,09403
22/08/2026 22:15:00;0,09403;0,09406;0,09346;0,09364
22/08/2026 22:20:00;0,09364;0,09385;0,09347;0,09357
22/08/2026 22:25:00;0,09357;0,09357;0,09328;0,09344
22/08/2026 22:30:00;0,09344;0,09379;0,09324;0,09331
22/08/2026 22:35:00;0,09331;0,09342;0,09314;0,09336
22/08/2026 22:40:00;0,09336;0,09344;0,09296;0,0934
22/08/2026 22:45:00;0,0934;0,09379;0,09328;0,0933
22/08/2026 22:50:00;0,0933;0,0935;0,09314;0,09335
22/08/2026 22:55:00;0,09335;0,09335;0,09286;0,09296
22/08/2026 23:00:00;0,09296;0,09311;0,09284;0,09284
22/08/2026 23:05:00;0,09284;0,09284;0,09209;0,09224
22/08/2026 23:10:00;0,09224;0,0923;0,09167;0,09169
22/08/2026 23:15:00;0,09169;0,09217;0,09169;0,09186
22/08/2026 23:20:00;0,09186;0,09191;0,09135;0,09142
22/08/2026 23:25:00;0,09142;0,09165;0,09136;0,09165
22/08/2026 23:30:00;0,09165;0,09218;0,09154;0,09213
22/08/2026 23:35:00;0,09213;0,09217;0,09191;0,092
22/08/2026 23:40:00;0,092;0,09227;0,092;0,09219
22/08/2026 23:45:00;0,09219;0,09241;0,09198;0,09229
22/08/2026 23:50:00;0,09229;0,09261;0,09201;0,0921
22/08/2026 23:55:00;0,0921;0,0921;0,09182;0,09185
23/08/2026 00:00:00;0,09185;0,09192;0,09163;0,0917
23/08/2026 00:05:00;0,0917;0,0917;0,09127;0,09128
23/08/2026 00:10:00;0,09128;0,09178;0,09121;0,0917
23/08/2026 00:15:00;0,0917;0,0921;0,09157;0,09167
23/08/2026 00:20:00;0,09167;0,09167;0,09116;0,09128
23/08/2026 00:25:00;0,09128;0,09149;0,09128;0,09134
23/08/2026 00:30:00;0,09134;0,09134;0,09077;0,09083
23/08/2026 00:35:00;0,09083;0,09104;0,09074;0,09084
23/08/2026 00:40:00;0,09084;0,09096;0,09059;0,09075
23/08/2026 00:45:00;0,09075;0,09133;0,09075;0,09131
23/08/2026 00:50:00;0,09131;0,09131;0,09111;0,09113
23/08/2026 00:55:00;0,09113;0,0912;0,09103;0,09111
23/08/2026 01:00:00;0,09111;0,09142;0,09085;0,09085
23/08/2026 01:05:00;0,09085;0,09123;0,09072;0,09086
23/08/2026 01:10:00;0,09086;0,09155;0,09084;0,09153
23/08/2026 01:15:00;0,09153;0,09176;0,091;0,091
23/08/2026 01:20:00;0,091;0,0911;0,09088;0,09104
23/08/2026 01:25:00;0,09104;0,0913;0,09104;0,0912
23/08/2026 01:30:00;0,0912;0,09122;0,09076;0,09081
23/08/2026 01:35:00;0,09081;0,09081;0,09047;0,09069
23/08/2026 01:40:00;0,09069;0,0908;0,09039;0,09045
23/08/2026 01:45:00;0,09045;0,09045;0,0893;0,08941
23/08/2026 01:50:00;0,08941;0,09002;0,08936;0,08999
23/08/2026 01:55:00;0,08999;0,09005;0,08949;0,08949
23/08/2026 02:00:00;0,08949;0,08989;0,0893;0,08964
23/08/2026 02:05:00;0,08964;0,08989;0,08939;0,08962
23/08/2026 02:10:00;0,08962;0,08997;0,08932;0,08932
23/08/2026 02:15:00;0,08932;0,08993;0,08875;0,08993
23/08/2026 02:20:00;0,08993;0,09058;0,08977;0,09056
23/08/2026 02:25:00;0,09056;0,09076;0,09029;0,09029
23/08/2026 02:30:00;0,09029;0,09067;0,09014;0,09022
23/08/2026 02:35:00;0,09022;0,09034;0,08978;0,08991
23/08/2026 02:40:00;0,08991;0,09004;0,08978;0,08989
23/08/2026 02:45:00;0,08989;0,08999;0,08976;0,08992
23/08/2026 02:50:00;0,08992;0,08996;0,08961;0,08978
23/08/2026 02:55:00;0,08978;0,08978;0,08949;0,08949
23/08/2026 03:00:00;0,08949;0,0896;0,0893;0,08954
23/08/2026 03:05:00;0,08954;0,08957;0,089;0,08902
23/08/2026 03:10:00;0,08902;0,08977;0,08896;0,08964
23/08/2026 03:15:00;0,08964;0,09011;0,08963;0,09011
23/08/2026 03:20:00;0,09011;0,09018;0,08986;0,08996
23/08/2026 03:25:00;0,08996;0,09003;0,08984;0,08997
23/08/2026 03:30:00;0,08997;0,09049;0,08997;0,09024
23/08/2026 03:35:00;0,09024;0,09024;0,08989;0,08999
23/08/2026 03:40:00;0,08999;0,09015;0,08993;0,09003
23/08/2026 03:45:00;0,09003;0,0901;0,08979;0,08982
23/08/2026 03:50:00;0,08982;0,08992;0,0897;0,08973
23/08/2026 03:55:00;0,08973;0,0898;0,08955;0,08977
23/08/2026 04:00:00;0,08977;0,08992;0,08962;0,08984
23/08/2026 04:05:00;0,08984;0,09018;0,08984;0,09015
23/08/2026 04:10:00;0,09015;0,09038;0,09009;0,09032
23/08/2026 04:15:00;0,09032;0,09069;0,09032;0,09057
23/08/2026 04:20:00;0,09057;0,09057;0,09026;0,09035
23/08/2026 04:25:00;0,09035;0,09049;0,09026;0,09031
23/08/2026 04:30:00;0,09031;0,09031;0,09002;0,09003
23/08/2026 04:35:00;0,09003;0,09024;0,08998;0,09022
23/08/2026 04:40:00;0,09022;0,09027;0,09;0,09015
23/08/2026 04:45:00;0,09015;0,09033;0,09;0,09026
23/08/2026 04:50:00;0,09026;0,09051;0,09026;0,09031
23/08/2026 04:55:00;0,09031;0,09031;0,09015;0,09029
23/08/2026 05:00:00;0,09029;0,0904;0,09017;0,0903
23/08/2026 05:05:00;0,09029;0,09082;0,09025;0,09073
23/08/2026 05:10:00;0,09073;0,09094;0,09062;0,09078
23/08/2026 05:15:00;0,09078;0,0911;0,09073;0,09096
23/08/2026 05:20:00;0,09096;0,09097;0,09081;0,09089
23/08/2026 05:25:00;0,09089;0,09098;0,09085;0,09091
23/08/2026 05:30:00;0,09091;0,09117;0,09087;0,09111
23/08/2026 05:35:00;0,09111;0,09133;0,0909;0,09123
23/08/2026 05:40:00;0,09123;0,09147;0,09118;0,09137
23/08/2026 05:45:00;0,09137;0,0914;0,09104;0,09105
23/08/2026 05:50:00;0,09105;0,09117;0,09094;0,09105
23/08/2026 05:55:00;0,09105;0,09111;0,09088;0,09094
23/08/2026 06:00:00;0,09094;0,09111;0,0908;0,091
23/08/2026 06:05:00;0,091;0,09108;0,09066;0,09072
23/08/2026 06:10:00;0,09072;0,0909;0,09067;0,09079
23/08/2026 06:15:00;0,09079;0,09096;0,09069;0,09081
23/08/2026 06:20:00;0,09081;0,09085;0,09068;0,0907
23/08/2026 06:25:00;0,0907;0,09099;0,0907;0,09086
23/08/2026 06:30:00;0,09086;0,09086;0,09053;0,09059
23/08/2026 06:35:00;0,09059;0,09114;0,09043;0,09111
23/08/2026 06:40:00;0,09111;0,09114;0,09095;0,09103
23/08/2026 06:45:00;0,09103;0,09113;0,09082;0,09113
23/08/2026 06:50:00;0,0911;0,09138;0,09105;0,09123
23/08/2026 06:55:00;0,09123;0,09129;0,09109;0,0911
23/08/2026 07:00:00;0,0911;0,09135;0,09105;0,09132
23/08/2026 07:05:00;0,09132;0,09161;0,09131;0,09136
23/08/2026 07:10:00;0,09136;0,09156;0,09123;0,09139
23/08/2026 07:15:00;0,09139;0,09162;0,09139;0,0916
23/08/2026 07:20:00;0,0916;0,09287;0,0916;0,09236
23/08/2026 07:25:00;0,09236;0,09242;0,09192;0,09195
23/08/2026 07:30:00;0,09195;0,09232;0,0919;0,09231
23/08/2026 07:35:00;0,09231;0,09237;0,0921;0,09217
23/08/2026 07:40:00;0,09217;0,09253;0,09209;0,09244
23/08/2026 07:45:00;0,09244;0,0925;0,09235;0,09237
23/08/2026 07:50:00;0,09237;0,09239;0,0922;0,09237
23/08/2026 07:55:00;0,09237;0,09239;0,0922;0,09222
23/08/2026 08:00:00;0,09222;0,0924;0,09195;0,09202
23/08/2026 08:05:00;0,09202;0,09231;0,092;0,09215
23/08/2026 08:10:00;0,09215;0,09232;0,09213;0,09218
23/08/2026 08:15:00;0,09218;0,09222;0,09205;0,09218
23/08/2026 08:20:00;0,09218;0,09306;0,09214;0,09302
23/08/2026 08:25:00;0,09302;0,09302;0,09257;0,09259
23/08/2026 08:30:00;0,09259;0,09288;0,09237;0,0927
23/08/2026 08:35:00;0,0927;0,0929;0,09262;0,0929
23/08/2026 08:40:00;0,0929;0,0929;0,09271;0,0928
23/08/2026 08:45:00;0,0928;0,09284;0,09258;0,09272
23/08/2026 08:50:00;0,09272;0,09303;0,09269;0,09289
23/08/2026 08:55:00;0,09289;0,09292;0,09271;0,09275
23/08/2026 09:00:00;0,09275;0,0928;0,0925;0,09252
23/08/2026 09:05:00;0,09252;0,09255;0,09209;0,0923
23/08/2026 09:10:00;0,0923;0,0923;0,0919;0,09216
23/08/2026 09:15:00;0,09216;0,09234;0,09208;0,09221
23/08/2026 09:20:00;0,09221;0,09252;0,0922;0,09239
23/08/2026 09:25:00;0,09239;0,09242;0,09216;0,09225
23/08/2026 09:30:00;0,09225;0,09238;0,09224;0,0923
23/08/2026 09:35:00;0,0923;0,0925;0,09217;0,0925
23/08/2026 09:40:00;0,0925;0,09255;0,09243;0,09251
23/08/2026 09:45:00;0,09251;0,09251;0,09215;0,09224
23/08/2026 09:50:00;0,09224;0,09227;0,09204;0,09208
23/08/2026 09:55:00;0,09208;0,09241;0,09208;0,09236
23/08/2026 10:00:00;0,09236;0,09242;0,09216;0,09221
23/08/2026 10:05:00;0,09221;0,09239;0,09218;0,09222
23/08/2026 10:10:00;0,09222;0,09244;0,0922;0,09244
23/08/2026 10:15:00;0,09244;0,09348;0,09241;0,09337
23/08/2026 10:20:00;0,09337;0,09371;0,09293;0,09345
23/08/2026 10:25:00;0,09345;0,09351;0,09324;0,09328
23/08/2026 10:30:00;0,09328;0,09348;0,09308;0,09314
23/08/2026 10:35:00;0,09314;0,09353;0,09306;0,09348
23/08/2026 10:40:00;0,09348;0,09352;0,09331;0,09345
23/08/2026 10:45:00;0,09345;0,09366;0,09323;0,09348
23/08/2026 10:50:00;0,09348;0,09388;0,09345;0,09387
23/08/2026 10:55:00;0,09387;0,09387;0,09363;0,09372
23/08/2026 11:00:00;0,09372;0,09434;0,0937;0,09428
23/08/2026 11:05:00;0,09428;0,09444;0,09377;0,09422
23/08/2026 11:10:00;0,09422;0,0945;0,09416;0,09437
23/08/2026 11:15:00;0,09437;0,0945;0,0942;0,09425
23/08/2026 11:20:00;0,09425;0,09451;0,09389;0,09395
23/08/2026 11:25:00;0,09395;0,09418;0,09388;0,09392
23/08/2026 11:30:00;0,09392;0,0943;0,09384;0,09387
23/08/2026 11:35:00;0,09387;0,09399;0,09365;0,09368
23/08/2026 11:40:00;0,09368;0,0938;0,09095;0,09221
23/08/2026 11:45:00;0,09221;0,09275;0,09221;0,0927
23/08/2026 11:50:00;0,0927;0,09297;0,0926;0,09294
23/08/2026 11:55:00;0,09294;0,09294;0,0926;0,09268
23/08/2026 12:00:00;0,09268;0,09293;0,09223;0,09292
23/08/2026 12:05:00;0,09292;0,09309;0,0929;0,09302
23/08/2026 12:10:00;0,09302;0,09303;0,09248;0,09253
23/08/2026 12:15:00;0,09253;0,09256;0,09172;0,09192
23/08/2026 12:20:00;0,09192;0,09255;0,09179;0,09244
23/08/2026 12:25:00;0,09244;0,09251;0,0923;0,0924
23/08/2026 12:30:00;0,0924;0,0926;0,09215;0,09223
23/08/2026 12:35:00;0,09223;0,09281;0,09223;0,09274
23/08/2026 12:40:00;0,09274;0,09292;0,09269;0,09288
23/08/2026 12:45:00;0,09288;0,09301;0,09267;0,09268
23/08/2026 12:50:00;0,09268;0,09285;0,09263;0,09264
23/08/2026 12:55:00;0,09264;0,09277;0,09239;0,09244
23/08/2026 13:00:00;0,09244;0,09275;0,09244;0,09262
23/08/2026 13:05:00;0,09262;0,09262;0,09219;0,09221
23/08/2026 13:10:00;0,09219;0,09248;0,09219;0,09246
23/08/2026 13:15:00;0,09246;0,09246;0,09205;0,09205
23/08/2026 13:20:00;0,09205;0,09228;0,09194;0,0922
23/08/2026 13:25:00;0,0922;0,09227;0,09204;0,09213
23/08/2026 13:30:00;0,09212;0,09271;0,09202;0,09269
23/08/2026 13:35:00;0,09269;0,09273;0,09245;0,09247
23/08/2026 13:40:00;0,09247;0,09248;0,09232;0,09239
23/08/2026 13:45:00;0,09239;0,09257;0,09219;0,09224
23/08/2026 13:50:00;0,09224;0,09251;0,09224;0,09238
23/08/2026 13:55:00;0,09238;0,0928;0,09229;0,0928
23/08/2026 14:00:00;0,0928;0,09286;0,09196;0,09217
23/08/2026 14:05:00;0,09217;0,09267;0,09217;0,09266
23/08/2026 14:10:00;0,09266;0,09266;0,0925;0,09257
23/08/2026 14:15:00;0,09257;0,09293;0,0922;0,0929
23/08/2026 14:20:00;0,0929;0,09314;0,09278;0,09282
23/08/2026 14:25:00;0,09282;0,09289;0,0927;0,09277
23/08/2026 14:30:00;0,09279;0,0928;0,09231;0,09269
23/08/2026 14:35:00;0,09269;0,0929;0,09268;0,0927
23/08/2026 14:40:00;0,0927;0,09285;0,09261;0,09265
23/08/2026 14:45:00;0,09265;0,09297;0,0925;0,09253
23/08/2026 14:50:00;0,09253;0,09279;0,0924;0,0926
23/08/2026 14:55:00;0,0926;0,09273;0,09257;0,0926
23/08/2026 15:00:00;0,0926;0,09276;0,09241;0,09275
23/08/2026 15:05:00;0,09275;0,09287;0,09262;0,0928
23/08/2026 15:10:00;0,09281;0,09319;0,09275;0,09318
23/08/2026 15:15:00;0,09318;0,09335;0,09294;0,09296
23/08/2026 15:20:00;0,09296;0,09307;0,09281;0,09294
23/08/2026 15:25:00;0,09294;0,09316;0,09291;0,09312
23/08/2026 15:30:00;0,09312;0,09321;0,09268;0,09268
23/08/2026 15:35:00;0,09268;0,09303;0,09268;0,09286
23/08/2026 15:40:00;0,09286;0,09312;0,09286;0,09299
23/08/2026 15:45:00;0,09299;0,09301;0,09279;0,09288
23/08/2026 15:50:00;0,09288;0,09291;0,09269;0,09279
23/08/2026 15:55:00;0,09279;0,09305;0,09279;0,093
23/08/2026 16:00:00;0,093;0,09306;0,09276;0,09279
23/08/2026 16:05:00;0,09279;0,09281;0,0925;0,0925
23/08/2026 16:10:00;0,0925;0,09252;0,0921;0,0924
23/08/2026 16:15:00;0,0924;0,09245;0,09226;0,0924
23/08/2026 16:20:00;0,0924;0,09254;0,09239;0,09246
23/08/2026 16:25:00;0,09246;0,09251;0,09229;0,09243
23/08/2026 16:30:00;0,09243;0,09246;0,092;0,09246
23/08/2026 16:35:00;0,09246;0,09279;0,09241;0,09278
23/08/2026 16:40:00;0,09278;0,09291;0,09269;0,0929
23/08/2026 16:45:00;0,0929;0,09304;0,09272;0,09275
23/08/2026 16:50:00;0,09275;0,09275;0,0925;0,09252
23/08/2026 16:55:00;0,09252;0,09254;0,09239;0,0924
23/08/2026 17:00:00;0,0924;0,09244;0,09201;0,09218
23/08/2026 17:05:00;0,09218;0,0925;0,09214;0,09248
23/08/2026 17:10:00;0,09248;0,09254;0,09244;0,0925
23/08/2026 17:15:00;0,0925;0,09267;0,09247;0,09266
23/08/2026 17:20:00;0,09266;0,09287;0,09266;0,09286
23/08/2026 17:25:00;0,09286;0,09295;0,09268;0,0927
23/08/2026 17:30:00;0,0927;0,0929;0,09269;0,09273
23/08/2026 17:35:00;0,09273;0,09284;0,09268;0,09284
23/08/2026 17:40:00;0,09284;0,09287;0,09273;0,09282
23/08/2026 17:45:00;0,09282;0,09286;0,09271;0,09275
23/08/2026 17:50:00;0,09275;0,09278;0,0927;0,09274
23/08/2026 17:55:00;0,09274;0,09285;0,09273;0,09284
23/08/2026 18:00:00;0,09284;0,0936;0,09282;0,09359
23/08/2026 18:05:00;0,09359;0,09384;0,09346;0,09379
23/08/2026 18:10:00;0,09379;0,09385;0,09365;0,09383
23/08/2026 18:15:00;0,09383;0,0942;0,09383;0,09416
23/08/2026 18:20:00;0,09416;0,09426;0,09411;0,09421
23/08/2026 18:25:00;0,09421;0,09444;0,09412;0,09439
23/08/2026 18:30:00;0,09439;0,0945;0,09407;0,09407
23/08/2026 18:35:00;0,09407;0,09407;0,0934;0,09358
23/08/2026 18:40:00;0,09358;0,09361;0,09333;0,09338
23/08/2026 18:45:00;0,09338;0,09364;0,09338;0,09355
23/08/2026 18:50:00;0,09355;0,09374;0,09349;0,09358
23/08/2026 18:55:00;0,09358;0,09363;0,09317;0,09332
23/08/2026 19:00:00;0,09332;0,09369;0,09267;0,09307
23/08/2026 19:05:00;0,09307;0,09323;0,09286;0,09292
23/08/2026 19:10:00;0,09292;0,0931;0,09278;0,09297
23/08/2026 19:15:00;0,09297;0,09319;0,09277;0,09298
23/08/2026 19:20:00;0,09298;0,09305;0,09289;0,09301
23/08/2026 19:25:00;0,09301;0,09334;0,09295;0,09305
23/08/2026 19:30:00;0,09301;0,09315;0,0928;0,093
23/08/2026 19:35:00;0,093;0,09323;0,09291;0,09319
23/08/2026 19:40:00;0,09319;0,09323;0,09296;0,09296
23/08/2026 19:45:00;0,09296;0,09312;0,0928;0,09311
23/08/2026 19:50:00;0,09311;0,09326;0,09306;0,09311
23/08/2026 19:55:00;0,09311;0,09315;0,09299;0,09311
23/08/2026 20:00:00;0,09311;0,09316;0,09289;0,09312
23/08/2026 20:05:00;0,09312;0,09321;0,09268;0,09311
23/08/2026 20:10:00;0,09311;0,09322;0,09268;0,09293
23/08/2026 20:15:00;0,09293;0,0934;0,09289;0,09334
23/08/2026 20:20:00;0,09334;0,09347;0,09297;0,09299
23/08/2026 20:25:00;0,09299;0,0934;0,09279;0,09334
23/08/2026 20:30:00;0,09334;0,09384;0,09331;0,09337
23/08/2026 20:35:00;0,09337;0,09343;0,09304;0,09315
23/08/2026 20:40:00;0,09315;0,09329;0,09284;0,09302
23/08/2026 20:45:00;0,09302;0,09342;0,09297;0,09332
23/08/2026 20:50:00;0,09332;0,09359;0,09325;0,09334
23/08/2026 20:55:00;0,09334;0,09355;0,09334;0,09342
23/08/2026 21:00:00;0,09342;0,09361;0,09311;0,09313
23/08/2026 21:05:00;0,09313;0,09335;0,09282;0,09333
23/08/2026 21:10:00;0,09333;0,09333;0,09293;0,09296
23/08/2026 21:15:00;0,09296;0,09298;0,09238;0,09239
23/08/2026 21:20:00;0,09239;0,09254;0,09228;0,09246
23/08/2026 21:25:00;0,09246;0,09246;0,09205;0,09235
23/08/2026 21:30:00;0,09235;0,09274;0,09223;0,09273
23/08/2026 21:35:00;0,09273;0,09287;0,09238;0,0924
23/08/2026 21:40:00;0,0924;0,09249;0,09176;0,09176
23/08/2026 21:45:00;0,09176;0,09224;0,09136;0,09198
23/08/2026 21:50:00;0,09198;0,09224;0,09198;0,09215
23/08/2026 21:55:00;0,09215;0,09275;0,09203;0,09275
23/08/2026 22:00:00;0,09275;0,09278;0,09226;0,09226
23/08/2026 22:05:00;0,09226;0,09239;0,09186;0,09188
23/08/2026 22:10:00;0,09188;0,09235;0,09188;0,09203
23/08/2026 22:15:00;0,09203;0,09213;0,09185;0,09196
23/08/2026 22:20:00;0,09196;0,09201;0,09168;0,09168
23/08/2026 22:25:00;0,09168;0,09202;0,09166;0,0917
23/08/2026 22:30:00;0,0917;0,09189;0,09157;0,09187
23/08/2026 22:35:00;0,09187;0,09187;0,09132;0,09154
23/08/2026 22:40:00;0,09154;0,09163;0,09135;0,09139
23/08/2026 22:45:00;0,09139;0,09142;0,09122;0,09132
23/08/2026 22:50:00;0,09132;0,09142;0,09124;0,09133
23/08/2026 22:55:00;0,09133;0,09133;0,09044;0,09071
23/08/2026 23:00:00;0,09071;0,09107;0,09066;0,09102
23/08/2026 23:05:00;0,09102;0,0911;0,09085;0,09105
23/08/2026 23:10:00;0,09105;0,09183;0,09097;0,09172
23/08/2026 23:15:00;0,09172;0,09202;0,09172;0,09199
23/08/2026 23:20:00;0,09199;0,09209;0,09194;0,09201
23/08/2026 23:25:00;0,09201;0,09214;0,09188;0,09201
23/08/2026 23:30:00;0,09201;0,09232;0,09193;0,09216
23/08/2026 23:35:00;0,09216;0,09225;0,09197;0,09204
23/08/2026 23:40:00;0,09204;0,09223;0,09197;0,09213
23/08/2026 23:45:00;0,09213;0,09213;0,091483;0,09181
23/08/2026 23:50:00;0,09181;0,09185;0,09156;0,09156
23/08/2026 23:55:00;0,09157;0,09187;0,09156;0,09175
24/08/2026 00:00:00;0,09175;0,09185;0,0915;0,09155
24/08/2026 00:05:00;0,09155;0,09167;0,09134;0,09145
24/08/2026 00:10:00;0,09145;0,09175;0,09141;0,09152
24/08/2026 00:15:00;0,09152;0,09153;0,09123;0,09135
24/08/2026 00:20:00;0,09135;0,09162;0,091185;0,091185
24/08/2026 00:25:00;0,091185;0,091907;0,091185;0,09132
24/08/2026 00:30:00;0,09132;0,09161;0,09095;0,09161
24/08/2026 00:35:00;0,09161;0,09174;0,09135;0,09155
24/08/2026 00:40:00;0,09155;0,09157;0,0914;0,09144
24/08/2026 00:45:00;0,09144;0,09172;0,0914;0,09156
24/08/2026 00:50:00;0,09156;0,09176;0,09142;0,09145
24/08/2026 00:55:00;0,09145;0,0915;0,09115;0,09122
24/08/2026 01:00:00;0,09122;0,09172;0,09122;0,09171
24/08/2026 01:05:00;0,09171;0,09189;0,09156;0,09159
24/08/2026 01:10:00;0,09156;0,09173;0,09156;0,09169
24/08/2026 01:15:00;0,09169;0,09207;0,09169;0,0919
24/08/2026 01:20:00;0,0919;0,09215;0,09189;0,09199
24/08/2026 01:25:00;0,09199;0,092051;0,09187;0,09202
24/08/2026 01:30:00;0,09202;0,09224;0,09202;0,09223
24/08/2026 01:35:00;0,09223;0,09224;0,09206;0,09218
24/08/2026 01:40:00;0,09218;0,09235;0,0921;0,09235
24/08/2026 01:45:00;0,09235;0,09243;0,09199;0,09199
24/08/2026 01:50:00;0,09199;0,09202;0,09151;0,09151
24/08/2026 01:55:00;0,09151;0,09213;0,091368;0,091368
24/08/2026 02:00:00;0,091368;0,09228;0,091368;0,09209
24/08/2026 02:05:00;0,09209;0,09235;0,0918;0,09221
24/08/2026 02:10:00;0,09221;0,09305;0,09215;0,09298
24/08/2026 02:15:00;0,09298;0,0931;0,0925;0,0925
24/08/2026 02:20:00;0,0925;0,09259;0,09217;0,09222
24/08/2026 02:25:00;0,09222;0,09233;0,09214;0,09214
24/08/2026 02:30:00;0,09214;0,09214;0,09154;0,09163
24/08/2026 02:35:00;0,09163;0,09198;0,09134;0,0918
24/08/2026 02:40:00;0,0918;0,09234;0,09173;0,09204
24/08/2026 02:45:00;0,09204;0,09218;0,09188;0,09189
24/08/2026 02:50:00;0,09189;0,09199;0,09175;0,09199
24/08/2026 02:55:00;0,09199;0,09206;0,09175;0,092
24/08/2026 03:00:00;0,092;0,0921;0,09156;0,09158
24/08/2026 03:05:00;0,09158;0,09181;0,09137;0,09173
24/08/2026 03:10:00;0,09173;0,09214;0,09157;0,09208
24/08/2026 03:15:00;0,09208;0,09222;0,0919;0,09192
24/08/2026 03:20:00;0,09192;0,09199;0,09173;0,09199
24/08/2026 03:25:00;0,09199;0,09199;0,0918;0,09182
24/08/2026 03:30:00;0,09182;0,09185;0,09157;0,09158
24/08/2026 03:35:00;0,09158;0,09167;0,09138;0,09139
24/08/2026 03:40:00;0,09139;0,09147;0,09127;0,09143
24/08/2026 03:45:00;0,09141;0,09202;0,09135;0,09195
24/08/2026 03:50:00;0,09195;0,09203;0,0917;0,0917
24/08/2026 03:55:00;0,0917;0,09176;0,09159;0,09166
24/08/2026 04:00:00;0,09166;0,09183;0,09155;0,09183
24/08/2026 04:05:00;0,09183;0,09199;0,09176;0,09194
24/08/2026 04:10:00;0,09194;0,09267;0,09194;0,0925
24/08/2026 04:15:00;0,0925;0,09262;0,09224;0,09231
24/08/2026 04:20:00;0,09231;0,09231;0,09193;0,09201
24/08/2026 04:25:00;0,09201;0,09214;0,09178;0,09195
24/08/2026 04:30:00;0,09195;0,09195;0,09161;0,0917
24/08/2026 04:35:00;0,0917;0,0917;0,09154;0,09164
24/08/2026 04:40:00;0,09164;0,09164;0,09136;0,09137
24/08/2026 04:45:00;0,09137;0,09172;0,09137;0,09156
24/08/2026 04:50:00;0,09156;0,09164;0,09137;0,09158
24/08/2026 04:55:00;0,09158;0,09158;0,09134;0,09139
24/08/2026 05:00:00;0,09139;0,09145;0,09101;0,09106
24/08/2026 05:05:00;0,09106;0,09143;0,09103;0,0912
24/08/2026 05:10:00;0,0912;0,0912;0,0909;0,09105
24/08/2026 05:15:00;0,09105;0,09105;0,0904;0,09062
24/08/2026 05:20:00;0,09062;0,09063;0,09037;0,09043
24/08/2026 05:25:00;0,09043;0,09047;0,09021;0,09031
24/08/2026 05:30:00;0,09031;0,09054;0,09024;0,09052
24/08/2026 05:35:00;0,09052;0,09088;0,09047;0,09084
24/08/2026 05:40:00;0,09084;0,09088;0,09066;0,09088
24/08/2026 05:45:00;0,09088;0,0909;0,09068;0,09081
24/08/2026 05:50:00;0,09081;0,09095;0,09075;0,09083
24/08/2026 05:55:00;0,09083;0,09087;0,09072;0,09078
24/08/2026 06:00:00;0,09078;0,09114;0,09072;0,09107
24/08/2026 06:05:00;0,09107;0,09131;0,09104;0,09123
24/08/2026 06:10:00;0,09123;0,09128;0,09111;0,09125
24/08/2026 06:15:00;0,09125;0,09138;0,09122;0,09131
24/08/2026 06:20:00;0,09131;0,09136;0,09121;0,09125
24/08/2026 06:25:00;0,09125;0,09144;0,0912;0,09137
24/08/2026 06:30:00;0,09137;0,09155;0,09131;0,09151
24/08/2026 06:35:00;0,09151;0,09151;0,09132;0,09144
24/08/2026 06:40:00;0,09144;0,09146;0,09125;0,09128
24/08/2026 06:45:00;0,09128;0,09134;0,09116;0,0913
24/08/2026 06:50:00;0,0913;0,09137;0,09121;0,09133
24/08/2026 06:55:00;0,09133;0,09133;0,09111;0,0912
24/08/2026 07:00:00;0,0912;0,09167;0,09111;0,09155
24/08/2026 07:05:00;0,09155;0,0916;0,09116;0,0914
24/08/2026 07:10:00;0,0914;0,0917;0,09137;0,09165
24/08/2026 07:15:00;0,09165;0,0917;0,09144;0,09168
24/08/2026 07:20:00;0,09168;0,0917;0,09147;0,09161
24/08/2026 07:25:00;0,09161;0,09172;0,09129;0,0913
24/08/2026 07:30:00;0,0913;0,09169;0,09129;0,09163
24/08/2026 07:35:00;0,09163;0,09168;0,09125;0,09127
24/08/2026 07:40:00;0,09127;0,09134;0,09097;0,09101
24/08/2026 07:45:00;0,09101;0,09128;0,09101;0,09117
24/08/2026 07:50:00;0,09117;0,09122;0,09081;0,09092
24/08/2026 07:55:00;0,09092;0,09097;0,09077;0,09094
24/08/2026 08:00:00;0,09094;0,09094;0,09032;0,09077
24/08/2026 08:05:00;0,09077;0,09081;0,09057;0,0908
24/08/2026 08:10:00;0,0908;0,09116;0,0908;0,09112
24/08/2026 08:15:00;0,09112;0,09115;0,09082;0,09113
24/08/2026 08:20:00;0,09113;0,09131;0,091;0,09126
24/08/2026 08:25:00;0,09126;0,0914;0,09124;0,09136
24/08/2026 08:30:00;0,09136;0,09196;0,0913;0,09196
24/08/2026 08:35:00;0,09196;0,09251;0,09194;0,09239
24/08/2026 08:40:00;0,09239;0,09271;0,09229;0,0927
24/08/2026 08:45:00;0,0927;0,09271;0,09194;0,092
24/08/2026 08:50:00;0,092;0,0921;0,09187;0,0921
24/08/2026 08:55:00;0,0921;0,09228;0,092;0,09223
24/08/2026 09:00:00;0,09223;0,09223;0,09185;0,09189
24/08/2026 09:05:00;0,09189;0,09189;0,0917;0,09185
24/08/2026 09:10:00;0,09185;0,09191;0,09164;0,09166
24/08/2026 09:15:00;0,09166;0,09183;0,09124;0,09173
24/08/2026 09:20:00;0,09173;0,09217;0,09167;0,09215
24/08/2026 09:25:00;0,09215;0,09247;0,09208;0,09244
24/08/2026 09:30:00;0,09244;0,09298;0,09223;0,09261
24/08/2026 09:35:00;0,09261;0,09284;0,09256;0,0928
24/08/2026 09:40:00;0,0928;0,09285;0,09256;0,09256
24/08/2026 09:45:00;0,09256;0,09298;0,09254;0,09297
24/08/2026 09:50:00;0,09297;0,09324;0,09289;0,09323
24/08/2026 09:55:00;0,09323;0,09338;0,09307;0,09324
24/08/2026 10:00:00;0,09324;0,09332;0,0927;0,09277
24/08/2026 10:05:00;0,09277;0,09302;0,09263;0,09294
24/08/2026 10:10:00;0,09294;0,09322;0,09286;0,093
24/08/2026 10:15:00;0,093;0,09301;0,09243;0,09268
24/08/2026 10:20:00;0,09268;0,09285;0,09257;0,09273
24/08/2026 10:25:00;0,09273;0,09276;0,09235;0,09245
24/08/2026 10:30:00;0,09245;0,09245;0,09125;0,09175
24/08/2026 10:35:00;0,09175;0,09189;0,09134;0,09143
24/08/2026 10:40:00;0,09143;0,09149;0,09066;0,09096
24/08/2026 10:45:00;0,09096;0,09096;0,09041;0,09076
24/08/2026 10:50:00;0,09076;0,091;0,09036;0,09055
24/08/2026 10:55:00;0,09055;0,091;0,09048;0,09089
24/08/2026 11:00:00;0,09089;0,09125;0,09078;0,09105
24/08/2026 11:05:00;0,09105;0,09138;0,09103;0,09136
24/08/2026 11:10:00;0,09136;0,09161;0,09136;0,09152
24/08/2026 11:15:00;0,09152;0,0917;0,0912;0,09137
24/08/2026 11:20:00;0,09137;0,09204;0,09096;0,09105
24/08/2026 11:25:00;0,09105;0,09167;0,09096;0,09163
24/08/2026 11:30:00;0,09163;0,09226;0,09157;0,0921
24/08/2026 11:35:00;0,0921;0,09226;0,09203;0,09221
24/08/2026 11:40:00;0,09221;0,09241;0,09191;0,09215
24/08/2026 11:45:00;0,09215;0,09228;0,09172;0,09181
24/08/2026 11:50:00;0,09181;0,09182;0,0914;0,09157
24/08/2026 11:55:00;0,09157;0,09204;0,09155;0,09194
24/08/2026 12:00:00;0,09194;0,09223;0,0917;0,09187
24/08/2026 12:05:00;0,09187;0,09214;0,09169;0,09191
24/08/2026 12:10:00;0,09191;0,09213;0,09182;0,09192
24/08/2026 12:15:00;0,09187;0,09227;0,09186;0,09223
24/08/2026 12:20:00;0,09223;0,0926;0,09208;0,0926
24/08/2026 12:25:00;0,0926;0,09283;0,09241;0,09258
24/08/2026 12:30:00;0,09258;0,09263;0,09213;0,09218
24/08/2026 12:35:00;0,09218;0,09251;0,0917;0,09193
24/08/2026 12:40:00;0,09193;0,09208;0,09091;0,09134
24/08/2026 12:45:00;0,09134;0,09179;0,091;0,09151
24/08/2026 12:50:00;0,09151;0,09157;0,09124;0,09136
24/08/2026 12:55:00;0,09136;0,09136;0,09093;0,09124
24/08/2026 13:00:00;0,09124;0,09177;0,09124;0,09161
24/08/2026 13:05:00;0,09161;0,09209;0,09157;0,09184
24/08/2026 13:10:00;0,09184;0,09187;0,09156;0,09173
24/08/2026 13:15:00;0,09173;0,09221;0,0917;0,09221
24/08/2026 13:20:00;0,09221;0,0923;0,09201;0,09202
24/08/2026 13:25:00;0,09202;0,09218;0,09189;0,09209
24/08/2026 13:30:00;0,09209;0,09224;0,09194;0,09203
24/08/2026 13:35:00;0,09203;0,09212;0,09174;0,09183
24/08/2026 13:40:00;0,09183;0,09197;0,09159;0,09171
24/08/2026 13:45:00;0,09171;0,09176;0,0914;0,09151
24/08/2026 13:50:00;0,09151;0,09159;0,09078;0,0909
24/08/2026 13:55:00;0,0909;0,09129;0,0908;0,09104
24/08/2026 14:00:00;0,09104;0,09104;0,09014;0,09055
24/08/2026 14:05:00;0,09055;0,0911;0,09053;0,09109
24/08/2026 14:10:00;0,09109;0,09109;0,09071;0,09077
24/08/2026 14:15:00;0,09077;0,09083;0,09019;0,09051
24/08/2026 14:20:00;0,09051;0,09051;0,08898;0,08919
24/08/2026 14:25:00;0,08919;0,08936;0,08806;0,08843
24/08/2026 14:30:00;0,08843;0,08879;0,0883;0,08832
24/08/2026 14:35:00;0,08832;0,08875;0,08832;0,08866
24/08/2026 14:40:00;0,08866;0,08884;0,08839;0,08839
24/08/2026 14:45:00;0,08839;0,08886;0,08836;0,08885
24/08/2026 14:50:00;0,08885;0,08897;0,08875;0,08883
24/08/2026 14:55:00;0,08883;0,08897;0,08868;0,08896
24/08/2026 15:00:00;0,08896;0,08946;0,08896;0,08941
24/08/2026 15:05:00;0,08941;0,08953;0,08912;0,08925
24/08/2026 15:10:00;0,08925;0,08943;0,08925;0,08943
24/08/2026 15:15:00;0,08943;0,08957;0,08935;0,0894
24/08/2026 15:20:00;0,0894;0,08948;0,08926;0,08926
24/08/2026 15:25:00;0,08926;0,08964;0,08926;0,08957
24/08/2026 15:30:00;0,08957;0,0897;0,08947;0,08947
24/08/2026 15:35:00;0,08947;0,08953;0,08896;0,08916
24/08/2026 15:40:00;0,08916;0,08948;0,08916;0,08948
24/08/2026 15:45:00;0,08948;0,08958;0,08935;0,08952
24/08/2026 15:50:00;0,08952;0,08956;0,08898;0,08922
24/08/2026 15:55:00;0,08921;0,0893;0,08912;0,08921
24/08/2026 16:00:00;0,08921;0,08937;0,08899;0,08899
24/08/2026 16:05:00;0,08899;0,08905;0,08867;0,08884
24/08/2026 16:10:00;0,08884;0,08931;0,08878;0,08925
24/08/2026 16:15:00;0,08925;0,08933;0,08882;0,08883
24/08/2026 16:20:00;0,08883;0,0891;0,08881;0,089
24/08/2026 16:25:00;0,089;0,08931;0,089;0,08917
24/08/2026 16:30:00;0,08917;0,08932;0,08909;0,0893
24/08/2026 16:35:00;0,0893;0,08944;0,08915;0,08944
24/08/2026 16:40:00;0,08944;0,08944;0,08903;0,08921
24/08/2026 16:45:00;0,08921;0,08928;0,08905;0,08921
24/08/2026 16:50:00;0,08921;0,08923;0,08888;0,08906
24/08/2026 16:55:00;0,08906;0,08912;0,08899;0,08905
24/08/2026 17:00:00;0,08905;0,08921;0,08864;0,08868
24/08/2026 17:05:00;0,08868;0,08912;0,088667;0,088667
24/08/2026 17:10:00;0,088667;0,089211;0,088667;0,08903
24/08/2026 17:15:00;0,08903;0,08903;0,08883;0,08902
24/08/2026 17:20:00;0,08902;0,08915;0,08895;0,089
24/08/2026 17:25:00;0,089;0,089;0,08866;0,08885
24/08/2026 17:30:00;0,08885;0,08911;0,08878;0,0891
24/08/2026 17:35:00;0,0891;0,08952;0,08909;0,08932
24/08/2026 17:40:00;0,08932;0,08939;0,08926;0,08933
24/08/2026 17:45:00;0,08933;0,08935;0,08922;0,08926
24/08/2026 17:50:00;0,08928;0,08935;0,08924;0,08933
24/08/2026 17:55:00;0,08933;0,08946;0,08933;0,08942
24/08/2026 18:00:00;0,08942;0,08983;0,08942;0,08982
24/08/2026 18:05:00;0,08982;0,08983;0,08962;0,08963
24/08/2026 18:10:00;0,08963;0,08991;0,08957;0,08983
24/08/2026 18:15:00;0,08983;0,08988;0,08955;0,08957
24/08/2026 18:20:00;0,08957;0,08977;0,08955;0,0897
24/08/2026 18:25:00;0,0897;0,08978;0,0897;0,08977
24/08/2026 18:30:00;0,08977;0,08986;0,0897;0,08972
24/08/2026 18:35:00;0,08972;0,08976;0,08963;0,08973
24/08/2026 18:40:00;0,08973;0,08984;0,08972;0,08975
24/08/2026 18:45:00;0,08975;0,08986;0,08968;0,08985
24/08/2026 18:50:00;0,08985;0,08986;0,08974;0,08986
24/08/2026 18:55:00;0,08986;0,09029;0,08983;0,09026
24/08/2026 19:00:00;0,09026;0,09026;0,08985;0,09004
24/08/2026 19:05:00;0,09004;0,09011;0,08992;0,08995
24/08/2026 19:10:00;0,08995;0,09002;0,08984;0,08995
24/08/2026 19:15:00;0,08995;0,09005;0,0899;0,08991
24/08/2026 19:20:00;0,08991;0,09002;0,08984;0,08987
24/08/2026 19:25:00;0,08987;0,08989;0,08973;0,08976
24/08/2026 19:30:00;0,08976;0,08993;0,08967;0,08991
24/08/2026 19:35:00;0,08991;0,09017;0,0899;0,09008
24/08/2026 19:40:00;0,09008;0,09008;0,0897;0,0897
24/08/2026 19:45:00;0,0897;0,08986;0,08969;0,08979
24/08/2026 19:50:00;0,08979;0,08981;0,08967;0,08976
24/08/2026 19:55:00;0,08976;0,08976;0,08939;0,08956
24/08/2026 20:00:00;0,08956;0,08964;0,08923;0,08934
24/08/2026 20:05:00;0,08934;0,08963;0,08932;0,08958
24/08/2026 20:10:00;0,08958;0,08967;0,08937;0,0894
24/08/2026 20:15:00;0,0894;0,08953;0,08937;0,08944
24/08/2026 20:20:00;0,08944;0,08987;0,08944;0,08981
24/08/2026 20:25:00;0,08981;0,08992;0,08973;0,08974
24/08/2026 20:30:00;0,08974;0,08989;0,08972;0,0898
24/08/2026 20:35:00;0,0898;0,08997;0,08976;0,08995
24/08/2026 20:40:00;0,08995;0,09008;0,08993;0,09002
24/08/2026 20:45:00;0,09002;0,09011;0,08983;0,08989
24/08/2026 20:50:00;0,08989;0,0899;0,08971;0,08983
24/08/2026 20:55:00;0,08983;0,09014;0,08976;0,09011
24/08/2026 21:00:00;0,09011;0,09015;0,08997;0,08998
24/08/2026 21:05:00;0,08998;0,09038;0,08984;0,09016
24/08/2026 21:10:00;0,09016;0,09044;0,09009;0,09027
24/08/2026 21:15:00;0,09027;0,09027;0,08972;0,08994
24/08/2026 21:20:00;0,08994;0,09023;0,08982;0,09012
24/08/2026 21:25:00;0,09012;0,09032;0,09001;0,09009
24/08/2026 21:30:00;0,09009;0,09022;0,08994;0,09016
24/08/2026 21:35:00;0,09016;0,09064;0,09016;0,09055
24/08/2026 21:40:00;0,09055;0,0911;0,09053;0,0911
24/08/2026 21:45:00;0,0911;0,09167;0,0911;0,09136
24/08/2026 21:50:00;0,09136;0,09175;0,09119;0,09175
24/08/2026 21:55:00;0,09175;0,09175;0,09139;0,09143
24/08/2026 22:00:00;0,09143;0,09164;0,09138;0,09159
24/08/2026 22:05:00;0,09159;0,09159;0,09119;0,09139
24/08/2026 22:10:00;0,09139;0,09139;0,09098;0,0911
24/08/2026 22:15:00;0,0911;0,09131;0,0908;0,09124
24/08/2026 22:20:00;0,09124;0,09128;0,09109;0,09117
24/08/2026 22:25:00;0,09117;0,09151;0,09113;0,09131
24/08/2026 22:30:00;0,09131;0,0914;0,09117;0,09117
24/08/2026 22:35:00;0,09117;0,09141;0,09109;0,09138
24/08/2026 22:40:00;0,09138;0,09149;0,09092;0,09098
24/08/2026 22:45:00;0,09098;0,09119;0,09098;0,09113
24/08/2026 22:50:00;0,09113;0,09113;0,09076;0,09095
24/08/2026 22:55:00;0,09097;0,09109;0,09096;0,09106
24/08/2026 23:00:00;0,09106;0,09117;0,09095;0,09102
24/08/2026 23:05:00;0,09102;0,09108;0,09083;0,09095
24/08/2026 23:10:00;0,09095;0,09106;0,09083;0,09094
24/08/2026 23:15:00;0,09094;0,09218;0,09086;0,09217
24/08/2026 23:20:00;0,09217;0,09247;0,09201;0,09238
24/08/2026 23:25:00;0,09238;0,09295;0,0923;0,09295
24/08/2026 23:30:00;0,09295;0,09295;0,0925;0,09285
24/08/2026 23:35:00;0,09285;0,09291;0,09252;0,09279
24/08/2026 23:40:00;0,09279;0,093;0,09256;0,09256
24/08/2026 23:45:00;0,09256;0,09256;0,09215;0,09217
24/08/2026 23:50:00;0,09217;0,09217;0,09183;0,09197
24/08/2026 23:55:00;0,09197;0,09218;0,09193;0,09202
25/08/2026 00:00:00;0,09202;0,0925;0,09197;0,09244
25/08/2026 00:05:00;0,09244;0,09281;0,09244;0,09274
25/08/2026 00:10:00;0,09274;0,09294;0,09263;0,09284
25/08/2026 00:15:00;0,09283;0,09295;0,09257;0,09288
25/08/2026 00:20:00;0,09288;0,09303;0,09252;0,09258
25/08/2026 00:25:00;0,09258;0,09267;0,09239;0,09261
25/08/2026 00:30:00;0,09261;0,09295;0,09253;0,09274
25/08/2026 00:35:00;0,09274;0,09283;0,09256;0,09276
25/08/2026 00:40:00;0,09276;0,09276;0,09233;0,09243
25/08/2026 00:45:00;0,09243;0,09248;0,09193;0,09209
25/08/2026 00:50:00;0,09209;0,09226;0,09196;0,092
25/08/2026 00:55:00;0,092;0,092;0,09159;0,09194
25/08/2026 01:00:00;0,09194;0,09217;0,09174;0,09187
25/08/2026 01:05:00;0,09187;0,09206;0,09159;0,09206
25/08/2026 01:10:00;0,09206;0,09221;0,09191;0,09214
25/08/2026 01:15:00;0,09214;0,09214;0,09173;0,09184
25/08/2026 01:20:00;0,09184;0,0922;0,09174;0,09219
25/08/2026 01:25:00;0,09219;0,09219;0,09189;0,0919
25/08/2026 01:30:00;0,0919;0,09209;0,09163;0,0919
25/08/2026 01:35:00;0,0919;0,09212;0,09187;0,09195
25/08/2026 01:40:00;0,09195;0,09203;0,09171;0,09178
25/08/2026 01:45:00;0,09178;0,09208;0,09173;0,09207
25/08/2026 01:50:00;0,09207;0,09218;0,09201;0,09201
25/08/2026 01:55:00;0,09201;0,09204;0,09185;0,09202
25/08/2026 02:00:00;0,09206;0,09234;0,09195;0,09232
25/08/2026 02:05:00;0,09232;0,09252;0,09231;0,09243
25/08/2026 02:10:00;0,09243;0,09262;0,09242;0,09255
25/08/2026 02:15:00;0,0925;0,09257;0,09242;0,09254
25/08/2026 02:20:00;0,09254;0,09267;0,09251;0,09263
25/08/2026 02:25:00;0,09263;0,09308;0,0926;0,09288
25/08/2026 02:30:00;0,09288;0,09306;0,09288;0,09304
25/08/2026 02:35:00;0,09304;0,09304;0,09284;0,09295
25/08/2026 02:40:00;0,09295;0,09302;0,09271;0,09272
25/08/2026 02:45:00;0,09272;0,09291;0,09269;0,0929
25/08/2026 02:50:00;0,0929;0,09295;0,0928;0,09281
25/08/2026 02:55:00;0,09281;0,09292;0,09267;0,09268
25/08/2026 03:00:00;0,09268;0,09281;0,09266;0,09271
25/08/2026 03:05:00;0,09272;0,09277;0,09266;0,09268
25/08/2026 03:10:00;0,09268;0,09278;0,0925;0,09276
25/08/2026 03:15:00;0,09276;0,09287;0,09269;0,09286
25/08/2026 03:20:00;0,09286;0,09298;0,09271;0,09282
25/08/2026 03:25:00;0,09283;0,09283;0,09267;0,09267
25/08/2026 03:30:00;0,09267;0,09267;0,09223;0,0924
25/08/2026 03:35:00;0,0924;0,0924;0,09206;0,09214
25/08/2026 03:40:00;0,09214;0,09219;0,09209;0,09213
25/08/2026 03:45:00;0,09213;0,09215;0,0919;0,09197
25/08/2026 03:50:00;0,09197;0,09198;0,09175;0,09181
25/08/2026 03:55:00;0,09181;0,09191;0,09163;0,09191
25/08/2026 04:00:00;0,09191;0,09238;0,09187;0,09235
25/08/2026 04:05:00;0,09235;0,09245;0,09228;0,09237
25/08/2026 04:10:00;0,09237;0,0925;0,09231;0,09243
25/08/2026 04:15:00;0,09243;0,0925;0,09231;0,09231
25/08/2026 04:20:00;0,09232;0,09245;0,09229;0,09236
25/08/2026 04:25:00;0,09236;0,0925;0,09233;0,09237
25/08/2026 04:30:00;0,09237;0,09237;0,09208;0,09213
25/08/2026 04:35:00;0,09213;0,09217;0,09198;0,09199
25/08/2026 04:40:00;0,09199;0,09214;0,09199;0,09212
25/08/2026 04:45:00;0,09212;0,0922;0,09073;0,09095
25/08/2026 04:50:00;0,09095;0,09106;0,09022;0,09096
25/08/2026 04:55:00;0,09096;0,091;0,09076;0,09082
25/08/2026 05:00:00;0,09082;0,09094;0,0905;0,09085
25/08/2026 05:05:00;0,09085;0,09086;0,09067;0,0908
25/08/2026 05:10:00;0,0908;0,09103;0,0908;0,09102
25/08/2026 05:15:00;0,09102;0,09128;0,09102;0,09122
25/08/2026 05:20:00;0,09122;0,09149;0,0912;0,09141
25/08/2026 05:25:00;0,09141;0,09157;0,0914;0,09141
25/08/2026 05:30:00;0,09141;0,09149;0,0913;0,09146
25/08/2026 05:35:00;0,09146;0,09153;0,09115;0,09115
25/08/2026 05:40:00;0,09115;0,09131;0,09108;0,0913
25/08/2026 05:45:00;0,0913;0,09132;0,09102;0,09102
25/08/2026 05:50:00;0,09102;0,09106;0,09087;0,09098
25/08/2026 05:55:00;0,09098;0,09106;0,09085;0,09105
25/08/2026 06:00:00;0,09105;0,09109;0,09073;0,09078
25/08/2026 06:05:00;0,09078;0,09099;0,0907;0,09099
25/08/2026 06:10:00;0,09099;0,09115;0,09083;0,09107
25/08/2026 06:15:00;0,09104;0,09118;0,09097;0,09113
25/08/2026 06:20:00;0,09113;0,09128;0,09109;0,09125
25/08/2026 06:25:00;0,09125;0,09125;0,09097;0,0911
25/08/2026 06:30:00;0,0911;0,0913;0,0911;0,09125
25/08/2026 06:35:00;0,09125;0,09129;0,09117;0,09125
25/08/2026 06:40:00;0,09125;0,09134;0,09124;0,09126
25/08/2026 06:45:00;0,09126;0,0913;0,09099;0,09103
25/08/2026 06:50:00;0,09098;0,09098;0,0898;0,09023
25/08/2026 06:55:00;0,09023;0,09046;0,09016;0,09045
25/08/2026 07:00:00;0,09045;0,09051;0,09022;0,09049
25/08/2026 07:05:00;0,09049;0,0906;0,09037;0,09053
25/08/2026 07:10:00;0,09053;0,09065;0,09051;0,0906
25/08/2026 07:15:00;0,0906;0,09074;0,09058;0,09065
25/08/2026 07:20:00;0,09065;0,09083;0,09062;0,09071
25/08/2026 07:25:00;0,09071;0,09073;0,09063;0,09067
25/08/2026 07:30:00;0,09067;0,09067;0,09041;0,09046
25/08/2026 07:35:00;0,09046;0,09049;0,09035;0,09045
25/08/2026 07:40:00;0,09045;0,0905;0,0904;0,09048
25/08/2026 07:45:00;0,09048;0,0908;0,09048;0,09064
25/08/2026 07:50:00;0,09064;0,09077;0,09056;0,09071
25/08/2026 07:55:00;0,09071;0,09078;0,09062;0,09062
25/08/2026 08:00:00;0,09062;0,09067;0,09049;0,0905
25/08/2026 08:05:00;0,0905;0,09086;0,09048;0,09067
25/08/2026 08:10:00;0,09067;0,09074;0,09035;0,0904
25/08/2026 08:15:00;0,0904;0,09064;0,09034;0,09048
25/08/2026 08:20:00;0,09043;0,09064;0,09043;0,09063
25/08/2026 08:25:00;0,09063;0,09063;0,09038;0,09056
25/08/2026 08:30:00;0,09056;0,09073;0,09054;0,09072
25/08/2026 08:35:00;0,09072;0,0908;0,09064;0,09064
25/08/2026 08:40:00;0,09064;0,09065;0,09044;0,09047
25/08/2026 08:45:00;0,09047;0,09058;0,09037;0,09039
25/08/2026 08:50:00;0,09039;0,09052;0,09022;0,09022
25/08/2026 08:55:00;0,09022;0,09032;0,09014;0,09016
25/08/2026 09:00:00;0,09016;0,09029;0,08992;0,09008
25/08/2026 09:05:00;0,09008;0,09008;0,08954;0,08976
25/08/2026 09:10:00;0,08976;0,09008;0,08976;0,09007
25/08/2026 09:15:00;0,09007;0,09007;0,08968;0,08968
25/08/2026 09:20:00;0,08968;0,08977;0,08931;0,08968
25/08/2026 09:25:00;0,08968;0,08973;0,08921;0,08957
25/08/2026 09:30:00;0,08959;0,08981;0,08946;0,08977
25/08/2026 09:35:00;0,08977;0,08979;0,08963;0,08964
25/08/2026 09:40:00;0,08964;0,08983;0,08942;0,08982
25/08/2026 09:45:00;0,08982;0,09008;0,08973;0,09003
25/08/2026 09:50:00;0,09003;0,09023;0,09003;0,09021
25/08/2026 09:55:00;0,09021;0,09026;0,09013;0,09014
25/08/2026 10:00:00;0,09014;0,09023;0,08998;0,09019
25/08/2026 10:05:00;0,09019;0,09019;0,08972;0,0898
25/08/2026 10:10:00;0,0898;0,08989;0,0895;0,0895
25/08/2026 10:15:00;0,0895;0,0895;0,08902;0,0891
25/08/2026 10:20:00;0,0891;0,08923;0,08873;0,08899
25/08/2026 10:25:00;0,08899;0,08913;0,08863;0,08868
25/08/2026 10:30:00;0,08868;0,08937;0,08863;0,08937
25/08/2026 10:35:00;0,08937;0,08961;0,08935;0,08941
25/08/2026 10:40:00;0,08941;0,08958;0,08901;0,08903
25/08/2026 10:45:00;0,08903;0,08903;0,08833;0,08849
25/08/2026 10:50:00;0,08849;0,08851;0,08701;0,08782
25/08/2026 10:55:00;0,08782;0,08836;0,08767;0,08827
25/08/2026 11:00:00;0,08827;0,08852;0,08805;0,08849
25/08/2026 11:05:00;0,08849;0,08868;0,08844;0,08867
25/08/2026 11:10:00;0,08867;0,08889;0,08866;0,0887
25/08/2026 11:15:00;0,0887;0,08881;0,08853;0,08856
25/08/2026 11:20:00;0,08856;0,08886;0,0885;0,08886
25/08/2026 11:25:00;0,08886;0,08921;0,08886;0,08908
25/08/2026 11:30:00;0,08908;0,08935;0,08881;0,08926
25/08/2026 11:35:00;0,08926;0,08938;0,08901;0,08904
25/08/2026 11:40:00;0,08904;0,08919;0,08896;0,08902
25/08/2026 11:45:00;0,08902;0,08931;0,08902;0,08916
25/08/2026 11:50:00;0,08916;0,08927;0,08909;0,08913
25/08/2026 11:55:00;0,08913;0,08928;0,08899;0,08907
25/08/2026 12:00:00;0,08907;0,08911;0,0887;0,08876
25/08/2026 12:05:00;0,08876;0,08902;0,08876;0,08894
25/08/2026 12:10:00;0,08894;0,08898;0,08861;0,08862
25/08/2026 12:15:00;0,08862;0,08911;0,08854;0,08907
25/08/2026 12:20:00;0,08907;0,08911;0,08885;0,08887
25/08/2026 12:25:00;0,08887;0,08894;0,08866;0,08894
25/08/2026 12:30:00;0,08894;0,08918;0,08893;0,08905
25/08/2026 12:35:00;0,08905;0,08933;0,08901;0,08904
25/08/2026 12:40:00;0,08904;0,08904;0,08888;0,08901
25/08/2026 12:45:00;0,08901;0,08903;0,0888;0,08886
25/08/2026 12:50:00;0,08886;0,08898;0,08879;0,08889
25/08/2026 12:55:00;0,08889;0,08925;0,08889;0,08921
25/08/2026 13:00:00;0,08921;0,0893;0,08907;0,08915
25/08/2026 13:05:00;0,08915;0,08917;0,089;0,089
25/08/2026 13:10:00;0,089;0,08903;0,0887;0,08884
25/08/2026 13:15:00;0,08884;0,08905;0,0888;0,08897
25/08/2026 13:20:00;0,08897;0,089;0,0888;0,08888
25/08/2026 13:25:00;0,08878;0,08897;0,0887;0,08896
25/08/2026 13:30:00;0,08896;0,08924;0,08892;0,08914
25/08/2026 13:35:00;0,08914;0,08923;0,08907;0,0892
25/08/2026 13:40:00;0,0892;0,08941;0,08914;0,0892
25/08/2026 13:45:00;0,0892;0,08934;0,08914;0,08923
25/08/2026 13:50:00;0,08923;0,08927;0,08907;0,08909
25/08/2026 13:55:00;0,08909;0,08909;0,08894;0,08903
25/08/2026 14:00:00;0,08903;0,08903;0,0887;0,08872
25/08/2026 14:05:00;0,08872;0,0888;0,08833;0,0885
25/08/2026 14:10:00;0,0885;0,08857;0,08837;0,08856
25/08/2026 14:15:00;0,08856;0,08874;0,08852;0,08872
25/08/2026 14:20:00;0,08872;0,08879;0,08837;0,08843
25/08/2026 14:25:00;0,08843;0,08844;0,08822;0,0883
25/08/2026 14:30:00;0,0883;0,08869;0,0883;0,08855
25/08/2026 14:35:00;0,08855;0,08857;0,08842;0,08843
25/08/2026 14:40:00;0,08843;0,0887;0,08843;0,0887
25/08/2026 14:45:00;0,0887;0,08889;0,08864;0,08885
25/08/2026 14:50:00;0,08883;0,08883;0,08866;0,08874
25/08/2026 14:55:00;0,08874;0,08888;0,08873;0,08886
25/08/2026 15:00:00;0,08886;0,08895;0,08871;0,08875
25/08/2026 15:05:00;0,08875;0,08882;0,08863;0,08881
25/08/2026 15:10:00;0,08881;0,08885;0,08863;0,08878
25/08/2026 15:15:00;0,08878;0,0889;0,08877;0,08887
25/08/2026 15:20:00;0,08887;0,08901;0,08879;0,08892
25/08/2026 15:25:00;0,08892;0,08892;0,08884;0,08891
25/08/2026 15:30:00;0,08891;0,08891;0,08872;0,08873
25/08/2026 15:35:00;0,08872;0,08885;0,08868;0,08884
25/08/2026 15:40:00;0,08884;0,08892;0,08876;0,0889
25/08/2026 15:45:00;0,0889;0,089;0,08886;0,0889
25/08/2026 15:50:00;0,0889;0,0889;0,0886;0,08863
25/08/2026 15:55:00;0,08863;0,0888;0,08857;0,08872
25/08/2026 16:00:00;0,08872;0,08885;0,08846;0,08846
25/08/2026 16:05:00;0,08846;0,08856;0,08834;0,08856
25/08/2026 16:10:00;0,08856;0,08868;0,08844;0,08852
25/08/2026 16:15:00;0,08852;0,08857;0,08839;0,08857
25/08/2026 16:20:00;0,08857;0,08858;0,08844;0,08851
25/08/2026 16:25:00;0,08851;0,08851;0,08815;0,08815
25/08/2026 16:30:00;0,08815;0,08823;0,08812;0,08823
25/08/2026 16:35:00;0,08823;0,0884;0,08815;0,08815
25/08/2026 16:40:00;0,08815;0,08815;0,08787;0,08789
25/08/2026 16:45:00;0,08789;0,08808;0,08789;0,08798
25/08/2026 16:50:00;0,08798;0,08818;0,08795;0,08804
25/08/2026 16:55:00;0,08804;0,08815;0,088;0,08808
25/08/2026 17:00:00;0,08808;0,08814;0,08731;0,08762
25/08/2026 17:05:00;0,08762;0,08788;0,08746;0,08782
25/08/2026 17:10:00;0,08782;0,08784;0,0876;0,08772
25/08/2026 17:15:00;0,08772;0,088;0,08763;0,08797
25/08/2026 17:20:00;0,08797;0,08797;0,08766;0,08796
25/08/2026 17:25:00;0,08791;0,08795;0,08757;0,08758
25/08/2026 17:30:00;0,08758;0,08761;0,08729;0,08746
25/08/2026 17:35:00;0,08746;0,08759;0,08706;0,08712
25/08/2026 17:40:00;0,08712;0,0872;0,086;0,08639
25/08/2026 17:45:00;0,08639;0,08658;0,08609;0,0862
25/08/2026 17:50:00;0,0862;0,08646;0,08619;0,0863
25/08/2026 17:55:00;0,0863;0,08633;0,08579;0,08579
25/08/2026 18:00:00;0,08579;0,08623;0,08578;0,086
25/08/2026 18:05:00;0,086;0,08619;0,08495;0,08524
25/08/2026 18:10:00;0,08524;0,08594;0,08517;0,08591
25/08/2026 18:15:00;0,08591;0,08609;0,08565;0,08608
25/08/2026 18:20:00;0,08608;0,08608;0,08563;0,08572
25/08/2026 18:25:00;0,08572;0,08619;0,08564;0,08617
25/08/2026 18:30:00;0,08617;0,08639;0,08616;0,08639
25/08/2026 18:35:00;0,08639;0,08661;0,08639;0,0866
25/08/2026 18:40:00;0,0866;0,08663;0,08646;0,08647
25/08/2026 18:45:00;0,08647;0,08648;0,08638;0,0864
25/08/2026 18:50:00;0,08639;0,08639;0,08626;0,086269
25/08/2026 18:55:00;0,086269;0,08649;0,086187;0,08637
25/08/2026 19:00:00;0,08636;0,08671;0,08636;0,08668
25/08/2026 19:05:00;0,08668;0,08691;0,08668;0,08679
25/08/2026 19:10:00;0,08679;0,08693;0,08677;0,08692
25/08/2026 19:15:00;0,08692;0,08701;0,08689;0,08701
25/08/2026 19:20:00;0,08701;0,08704;0,08677;0,08679
25/08/2026 19:25:00;0,08679;0,08679;0,08638;0,08651
25/08/2026 19:30:00;0,08651;0,08682;0,0864;0,0868
25/08/2026 19:35:00;0,08679;0,08682;0,08665;0,08667
25/08/2026 19:40:00;0,08666;0,08672;0,0866;0,08662
25/08/2026 19:45:00;0,08662;0,0868;0,08659;0,08679
25/08/2026 19:50:00;0,0868;0,08688;0,086765;0,08682
25/08/2026 19:55:00;0,08682;0,0869;0,08681;0,08682
25/08/2026 20:00:00;0,08682;0,08696;0,08679;0,08694
25/08/2026 20:05:00;0,08694;0,08698;0,08676;0,08679
25/08/2026 20:10:00;0,0868;0,08683;0,08657;0,08663
25/08/2026 20:15:00;0,08663;0,086775;0,08652;0,08654
25/08/2026 20:20:00;0,08656;0,08656;0,086382;0,08643
25/08/2026 20:25:00;0,08643;0,0866;0,0864;0,086499
25/08/2026 20:30:00;0,086499;0,086546;0,08635;0,08636
25/08/2026 20:35:00;0,08636;0,08637;0,08623;0,08623
25/08/2026 20:40:00;0,08623;0,08625;0,08591;0,08596
25/08/2026 20:45:00;0,08596;0,08602;0,0858;0,08593
25/08/2026 20:50:00;0,08593;0,08596;0,08561;0,08571
25/08/2026 20:55:00;0,08571;0,08578;0,08557;0,08569
25/08/2026 21:00:00;0,08569;0,0859;0,08547;0,08589
25/08/2026 21:05:00;0,08589;0,08589;0,08555;0,08558
25/08/2026 21:10:00;0,08558;0,08572;0,08545;0,08549
25/08/2026 21:15:00;0,08549;0,08575;0,08547;0,0857
25/08/2026 21:20:00;0,0857;0,0859;0,08559;0,0859
25/08/2026 21:25:00;0,0859;0,0861;0,08585;0,0861
25/08/2026 21:30:00;0,0861;0,08626;0,08602;0,08614
25/08/2026 21:35:00;0,08614;0,08617;0,08577;0,08584
25/08/2026 21:40:00;0,08584;0,08612;0,08577;0,08598
25/08/2026 21:45:00;0,08598;0,08619;0,0859;0,08612
25/08/2026 21:50:00;0,08612;0,08638;0,08612;0,08632
25/08/2026 21:55:00;0,08632;0,08633;0,08614;0,08615
25/08/2026 22:00:00;0,08615;0,08651;0,08609;0,08651
25/08/2026 22:05:00;0,08651;0,08667;0,08651;0,08657
25/08/2026 22:10:00;0,08657;0,08657;0,08635;0,08643
25/08/2026 22:15:00;0,08643;0,08656;0,08637;0,08648
25/08/2026 22:20:00;0,08648;0,0865;0,08636;0,08638
25/08/2026 22:25:00;0,08638;0,08638;0,0862;0,08624
25/08/2026 22:30:00;0,08632;0,08671;0,08632;0,08671
25/08/2026 22:35:00;0,08671;0,08676;0,08658;0,08658
25/08/2026 22:40:00;0,08658;0,08661;0,08651;0,08658
25/08/2026 22:45:00;0,08658;0,08658;0,08643;0,08648
25/08/2026 22:50:00;0,08648;0,08648;0,08637;0,08637
25/08/2026 22:55:00;0,08637;0,08649;0,08634;0,08649
25/08/2026 23:00:00;0,08649;0,08652;0,08631;0,08636
25/08/2026 23:05:00;0,08636;0,08639;0,08609;0,08611
25/08/2026 23:10:00;0,08611;0,0863;0,08609;0,08622
25/08/2026 23:15:00;0,08622;0,08659;0,08619;0,08645
25/08/2026 23:20:00;0,08645;0,08655;0,08642;0,08654
25/08/2026 23:25:00;0,08654;0,08696;0,08654;0,08694
25/08/2026 23:30:00;0,08694;0,08697;0,0868;0,0869
25/08/2026 23:35:00;0,0869;0,08694;0,08687;0,08694
25/08/2026 23:40:00;0,08694;0,086945;0,08686;0,08692
25/08/2026 23:45:00;0,08692;0,08694;0,08688;0,08688
25/08/2026 23:50:00;0,08688;0,08688;0,08674;0,08676
25/08/2026 23:55:00;0,08676;0,08688;0,08676;0,08681
26/08/2026 00:00:00;0,08681;0,0869;0,08672;0,08674
26/08/2026 00:05:00;0,08674;0,08679;0,08668;0,08668
26/08/2026 00:10:00;0,08668;0,08669;0,08662;0,08665
26/08/2026 00:15:00;0,08665;0,08676;0,08662;0,08666
26/08/2026 00:20:00;0,08666;0,08679;0,08663;0,08676
26/08/2026 00:25:00;0,08676;0,08681;0,08667;0,08669
26/08/2026 00:30:00;0,08669;0,08669;0,08647;0,08662
26/08/2026 00:35:00;0,08662;0,08684;0,086602;0,08665
26/08/2026 00:40:00;0,08665;0,086711;0,086558;0,086699
26/08/2026 00:45:00;0,086699;0,08675;0,0865;0,08653
26/08/2026 00:50:00;0,08653;0,08666;0,08647;0,08665
26/08/2026 00:55:00;0,08665;0,08679;0,08665;0,08666
26/08/2026 01:00:00;0,08666;0,08667;0,08641;0,08653
26/08/2026 01:05:00;0,08653;0,08683;0,08647;0,08683
26/08/2026 01:10:00;0,08683;0,08684;0,0865;0,08658
26/08/2026 01:15:00;0,08658;0,08683;0,08653;0,08683
26/08/2026 01:20:00;0,08683;0,08689;0,08672;0,08689
26/08/2026 01:25:00;0,08689;0,08689;0,08673;0,08677
26/08/2026 01:30:00;0,08677;0,08685;0,0866;0,0867
26/08/2026 01:35:00;0,0867;0,08696;0,08664;0,08676
26/08/2026 01:40:00;0,08676;0,08687;0,08674;0,08674
26/08/2026 01:45:00;0,08674;0,08674;0,08641;0,08656
26/08/2026 01:50:00;0,08656;0,08661;0,08648;0,08652
26/08/2026 01:55:00;0,08652;0,08652;0,08624;0,08631
26/08/2026 02:00:00;0,08631;0,086359;0,086154;0,086246
26/08/2026 02:05:00;0,086246;0,086258;0,08603;0,08623
26/08/2026 02:10:00;0,08623;0,08639;0,0862;0,08625
26/08/2026 02:15:00;0,08625;0,0863;0,08609;0,08612
26/08/2026 02:20:00;0,08612;0,08665;0,08609;0,08665
26/08/2026 02:25:00;0,08665;0,08667;0,08644;0,08666
26/08/2026 02:30:00;0,08666;0,08686;0,08658;0,0868
26/08/2026 02:35:00;0,0868;0,08687;0,08668;0,08682
26/08/2026 02:40:00;0,08682;0,0869;0,0868;0,08681
26/08/2026 02:45:00;0,08681;0,08684;0,08676;0,0868
26/08/2026 02:50:00;0,0868;0,08681;0,0867;0,08671
26/08/2026 02:55:00;0,08671;0,0868;0,08671;0,0868
26/08/2026 03:00:00;0,0868;0,08692;0,08676;0,08685
26/08/2026 03:05:00;0,08685;0,08706;0,08685;0,087
26/08/2026 03:10:00;0,087;0,087;0,08672;0,08673
26/08/2026 03:15:00;0,08673;0,0868;0,08652;0,08652
26/08/2026 03:20:00;0,08652;0,08664;0,08648;0,08648
26/08/2026 03:25:00;0,08648;0,08657;0,08638;0,08647
26/08/2026 03:30:00;0,08647;0,08658;0,08641;0,0865
26/08/2026 03:35:00;0,0865;0,08656;0,08629;0,08643
26/08/2026 03:40:00;0,08643;0,08665;0,08642;0,08662
26/08/2026 03:45:00;0,08662;0,08665;0,08643;0,08652
26/08/2026 03:50:00;0,08652;0,08674;0,0865;0,08672
26/08/2026 03:55:00;0,08672;0,08674;0,08665;0,0867
26/08/2026 04:00:00;0,0867;0,08685;0,08656;0,08684
26/08/2026 04:05:00;0,08684;0,08697;0,08664;0,08664
26/08/2026 04:10:00;0,08664;0,08679;0,08664;0,08677
26/08/2026 04:15:00;0,08677;0,08688;0,08676;0,08678
26/08/2026 04:20:00;0,08678;0,0869;0,08669;0,08679
26/08/2026 04:25:00;0,08679;0,08692;0,08674;0,08675
26/08/2026 04:30:00;0,08675;0,08675;0,08658;0,08675
26/08/2026 04:35:00;0,08675;0,08687;0,08669;0,08677
26/08/2026 04:40:00;0,08678;0,08681;0,0867;0,08678
26/08/2026 04:45:00;0,08678;0,08684;0,08669;0,08682
26/08/2026 04:50:00;0,08682;0,08689;0,08665;0,08666
26/08/2026 04:55:00;0,08666;0,08672;0,08655;0,08663
26/08/2026 05:00:00;0,08663;0,0867;0,08647;0,08659
26/08/2026 05:05:00;0,08659;0,08689;0,08652;0,08688
26/08/2026 05:10:00;0,08688;0,08696;0,08676;0,08681
26/08/2026 05:15:00;0,08681;0,08695;0,08673;0,08675
26/08/2026 05:20:00;0,08675;0,08678;0,08659;0,08668
26/08/2026 05:25:00;0,08668;0,0868;0,08668;0,08672
26/08/2026 05:30:00;0,08672;0,08682;0,08661;0,0867
26/08/2026 05:35:00;0,0867;0,08675;0,08668;0,08672
26/08/2026 05:40:00;0,08672;0,08681;0,08668;0,0868
26/08/2026 05:45:00;0,0868;0,0868;0,08668;0,0867
26/08/2026 05:50:00;0,0867;0,08676;0,08634;0,08634
26/08/2026 05:55:00;0,08634;0,08642;0,08623;0,08641
26/08/2026 06:00:00;0,08641;0,08655;0,08634;0,08647
26/08/2026 06:05:00;0,08647;0,08659;0,08644;0,08648
26/08/2026 06:10:00;0,08648;0,08659;0,08646;0,0865
26/08/2026 06:15:00;0,0865;0,0865;0,08604;0,08609
26/08/2026 06:20:00;0,08609;0,08621;0,08597;0,08598
26/08/2026 06:25:00;0,08598;0,08616;0,08598;0,08605
26/08/2026 06:30:00;0,08605;0,0862;0,08593;0,08617
26/08/2026 06:35:00;0,08614;0,08616;0,08593;0,08595
26/08/2026 06:40:00;0,0859;0,08592;0,08572;0,08572
26/08/2026 06:45:00;0,08572;0,0859;0,08552;0,085824
26/08/2026 06:50:00;0,085824;0,08605;0,085824;0,08588
26/08/2026 06:55:00;0,08588;0,086;0,08587;0,08595
26/08/2026 07:00:00;0,08595;0,08595;0,08579;0,08581
26/08/2026 07:05:00;0,08584;0,08599;0,08584;0,08596
26/08/2026 07:10:00;0,08596;0,08601;0,08588;0,086
26/08/2026 07:15:00;0,086;0,08629;0,08597;0,08628
26/08/2026 07:20:00;0,08628;0,08639;0,0862;0,08637
26/08/2026 07:25:00;0,08637;0,08652;0,08637;0,08652
26/08/2026 07:30:00;0,08652;0,08652;0,08636;0,08647
26/08/2026 07:35:00;0,08647;0,08689;0,0864;0,08676
26/08/2026 07:40:00;0,08676;0,08682;0,08666;0,08681
26/08/2026 07:45:00;0,08681;0,08698;0,08676;0,08698
26/08/2026 07:50:00;0,08698;0,08709;0,08694;0,08696
26/08/2026 07:55:00;0,08696;0,08699;0,08682;0,08683
26/08/2026 08:00:00;0,08683;0,08701;0,08677;0,08693
26/08/2026 08:05:00;0,08693;0,08696;0,08679;0,08684
26/08/2026 08:10:00;0,08684;0,08702;0,08684;0,08702
26/08/2026 08:15:00;0,08702;0,08709;0,08685;0,08685
26/08/2026 08:20:00;0,08685;0,08692;0,08676;0,08682
26/08/2026 08:25:00;0,08682;0,08683;0,08669;0,08674
26/08/2026 08:30:00;0,08674;0,08674;0,08657;0,08657
26/08/2026 08:35:00;0,08657;0,08665;0,08614;0,08629
26/08/2026 08:40:00;0,08629;0,08641;0,08618;0,08628
26/08/2026 08:45:00;0,08628;0,08631;0,08612;0,08613
26/08/2026 08:50:00;0,08613;0,08647;0,08612;0,08643
26/08/2026 08:55:00;0,08643;0,08648;0,08632;0,08635
26/08/2026 09:00:00;0,08635;0,08651;0,08633;0,08648
26/08/2026 09:05:00;0,08648;0,0865;0,08625;0,08631
26/08/2026 09:10:00;0,08631;0,08639;0,08623;0,08628
26/08/2026 09:15:00;0,08628;0,08647;0,08622;0,08643
26/08/2026 09:20:00;0,08643;0,08685;0,08643;0,08682
26/08/2026 09:25:00;0,08682;0,08698;0,0868;0,08695
26/08/2026 09:30:00;0,08695;0,08695;0,0857;0,08648
26/08/2026 09:35:00;0,08648;0,08662;0,08617;0,08626
26/08/2026 09:40:00;0,08626;0,08644;0,08617;0,08617
26/08/2026 09:45:00;0,08617;0,0864;0,08617;0,08632
26/08/2026 09:50:00;0,08632;0,08651;0,08626;0,08634
26/08/2026 09:55:00;0,08634;0,08654;0,08632;0,08635
26/08/2026 10:00:00;0,08635;0,08653;0,08623;0,08623
26/08/2026 10:05:00;0,08623;0,08623;0,08589;0,08595
26/08/2026 10:10:00;0,08595;0,08595;0,08572;0,08581
26/08/2026 10:15:00;0,08581;0,08587;0,0856;0,08576
26/08/2026 10:20:00;0,08576;0,08579;0,08544;0,08548
26/08/2026 10:25:00;0,08548;0,08553;0,08523;0,08539
26/08/2026 10:30:00;0,08539;0,08595;0,08539;0,08592
26/08/2026 10:35:00;0,08592;0,08611;0,08574;0,0859
26/08/2026 10:40:00;0,0859;0,08611;0,08582;0,08603
26/08/2026 10:45:00;0,08603;0,08618;0,08581;0,08581
26/08/2026 10:50:00;0,08581;0,08581;0,08549;0,08564
26/08/2026 10:55:00;0,08564;0,08595;0,0856;0,08595
26/08/2026 11:00:00;0,08595;0,08617;0,08568;0,08607
26/08/2026 11:05:00;0,08607;0,08612;0,08596;0,08603
26/08/2026 11:10:00;0,08603;0,0861;0,08582;0,08584
26/08/2026 11:15:00;0,08584;0,0861;0,08582;0,08601
26/08/2026 11:20:00;0,08601;0,08601;0,08559;0,08559
26/08/2026 11:25:00;0,08559;0,08562;0,0852;0,08526
26/08/2026 11:30:00;0,08526;0,08542;0,08493;0,08515
26/08/2026 11:35:00;0,08515;0,08531;0,08497;0,08506
26/08/2026 11:40:00;0,08506;0,08518;0,08474;0,08494
26/08/2026 11:45:00;0,08494;0,08499;0,08445;0,08472
26/08/2026 11:50:00;0,08472;0,08484;0,08438;0,08452
26/08/2026 11:55:00;0,08452;0,0846;0,08431;0,08442
26/08/2026 12:00:00;0,08442;0,08457;0,08388;0,08391
26/08/2026 12:05:00;0,08391;0,08462;0,0839;0,08451
26/08/2026 12:10:00;0,08451;0,08451;0,0841;0,08417
26/08/2026 12:15:00;0,08417;0,08426;0,08397;0,08411
26/08/2026 12:20:00;0,08411;0,08448;0,08407;0,08443
26/08/2026 12:25:00;0,08443;0,08475;0,08441;0,08472
26/08/2026 12:30:00;0,08472;0,08475;0,08443;0,08445
26/08/2026 12:35:00;0,08445;0,08451;0,08435;0,08447
26/08/2026 12:40:00;0,08447;0,08468;0,08447;0,08452
26/08/2026 12:45:00;0,08452;0,08475;0,08452;0,08475
26/08/2026 12:50:00;0,08475;0,08475;0,08446;0,08446
26/08/2026 12:55:00;0,08446;0,08462;0,08445;0,08452
26/08/2026 13:00:00;0,08452;0,08468;0,08435;0,08467
26/08/2026 13:05:00;0,08467;0,08474;0,08454;0,08459
26/08/2026 13:10:00;0,08459;0,08459;0,08429;0,08429
26/08/2026 13:15:00;0,08429;0,08439;0,08415;0,08421
26/08/2026 13:20:00;0,08421;0,08448;0,08409;0,08411
26/08/2026 13:25:00;0,08411;0,08421;0,08393;0,08413
26/08/2026 13:30:00;0,08413;0,08426;0,08397;0,08425
26/08/2026 13:35:00;0,08425;0,08445;0,08398;0,08399
26/08/2026 13:40:00;0,08399;0,08411;0,08387;0,08388
26/08/2026 13:45:00;0,08388;0,08437;0,08388;0,08428
26/08/2026 13:50:00;0,08428;0,08442;0,08412;0,08422
26/08/2026 13:55:00;0,08422;0,08439;0,08421;0,08431
26/08/2026 14:00:00;0,08431;0,08444;0,08427;0,08439
26/08/2026 14:05:00;0,08439;0,08454;0,08429;0,08446
26/08/2026 14:10:00;0,08446;0,08454;0,0844;0,08449
26/08/2026 14:15:00;0,08449;0,08478;0,08448;0,08476
26/08/2026 14:20:00;0,08476;0,08489;0,08467;0,08487
26/08/2026 14:25:00;0,08487;0,08527;0,08486;0,08521
26/08/2026 14:30:00;0,08521;0,0854;0,08519;0,0854
26/08/2026 14:35:00;0,0854;0,0854;0,08524;0,08534
26/08/2026 14:40:00;0,08534;0,08536;0,08509;0,08509
26/08/2026 14:45:00;0,08509;0,08511;0,08488;0,08493
26/08/2026 14:50:00;0,08493;0,085;0,08482;0,08495
26/08/2026 14:55:00;0,08495;0,08505;0,08492;0,08497
26/08/2026 15:00:00;0,08497;0,08497;0,08466;0,08474
26/08/2026 15:05:00;0,08474;0,08491;0,08467;0,08482
26/08/2026 15:10:00;0,08482;0,08503;0,08473;0,08476
26/08/2026 15:15:00;0,08476;0,08487;0,08465;0,08486
26/08/2026 15:20:00;0,08486;0,08506;0,08483;0,08493
26/08/2026 15:25:00;0,08493;0,085;0,08475;0,08485
26/08/2026 15:30:00;0,08485;0,08511;0,08485;0,085
26/08/2026 15:35:00;0,085;0,08511;0,08485;0,08486
26/08/2026 15:40:00;0,08486;0,08492;0,08474;0,0849
26/08/2026 15:45:00;0,0849;0,08507;0,08489;0,085
26/08/2026 15:50:00;0,085;0,08511;0,0849;0,0851
26/08/2026 15:55:00;0,0851;0,08525;0,08504;0,0851
26/08/2026 16:00:00;0,0851;0,08519;0,08498;0,085
26/08/2026 16:05:00;0,085;0,08506;0,08488;0,08495
26/08/2026 16:10:00;0,08495;0,08512;0,0849;0,08492
26/08/2026 16:15:00;0,08492;0,08507;0,08489;0,08504
26/08/2026 16:20:00;0,08504;0,08512;0,08497;0,08508
26/08/2026 16:25:00;0,08508;0,08542;0,08505;0,08534
26/08/2026 16:30:00;0,08534;0,08544;0,08524;0,08533
26/08/2026 16:35:00;0,08533;0,08536;0,08499;0,085
26/08/2026 16:40:00;0,085;0,08507;0,08495;0,08498
26/08/2026 16:45:00;0,08498;0,08504;0,08487;0,08503
26/08/2026 16:50:00;0,08503;0,08503;0,08492;0,08494
26/08/2026 16:55:00;0,08494;0,08499;0,08485;0,08489
26/08/2026 17:00:00;0,08489;0,085;0,08474;0,08495
26/08/2026 17:05:00;0,08495;0,08504;0,08491;0,08503
26/08/2026 17:10:00;0,08503;0,08507;0,08492;0,08493
26/08/2026 17:15:00;0,08493;0,08501;0,08478;0,08483
26/08/2026 17:20:00;0,08483;0,08483;0,08442;0,0847
26/08/2026 17:25:00;0,0847;0,08495;0,0847;0,08495
26/08/2026 17:30:00;0,08495;0,08495;0,08479;0,08485
26/08/2026 17:35:00;0,08485;0,08495;0,08476;0,08493
26/08/2026 17:40:00;0,08493;0,08507;0,08493;0,08501
26/08/2026 17:45:00;0,08501;0,08515;0,085;0,08514
26/08/2026 17:50:00;0,08514;0,08518;0,08508;0,08517
26/08/2026 17:55:00;0,08517;0,0853;0,08517;0,08529
26/08/2026 18:00:00;0,08529;0,08539;0,08526;0,08531
26/08/2026 18:05:00;0,08531;0,08578;0,08531;0,08574
26/08/2026 18:10:00;0,08574;0,08595;0,08562;0,08584
26/08/2026 18:15:00;0,08584;0,08618;0,08577;0,08605
26/08/2026 18:20:00;0,08605;0,08621;0,08597;0,08605
26/08/2026 18:25:00;0,08605;0,08621;0,08593;0,08615
26/08/2026 18:30:00;0,08615;0,08615;0,08592;0,08607
26/08/2026 18:35:00;0,08607;0,08622;0,08607;0,08619
26/08/2026 18:40:00;0,08619;0,08619;0,08604;0,08605
26/08/2026 18:45:00;0,08605;0,08609;0,08595;0,08603
26/08/2026 18:50:00;0,08603;0,08639;0,08603;0,08632
26/08/2026 18:55:00;0,08631;0,08639;0,08624;0,08629
26/08/2026 19:00:00;0,08629;0,08658;0,08613;0,08656
26/08/2026 19:05:00;0,08656;0,08656;0,08638;0,08641
26/08/2026 19:10:00;0,08641;0,08653;0,08637;0,08647
26/08/2026 19:15:00;0,08647;0,08689;0,08644;0,08684
26/08/2026 19:20:00;0,08684;0,08712;0,08683;0,08694
26/08/2026 19:25:00;0,08696;0,08711;0,0869;0,08695
26/08/2026 19:30:00;0,08695;0,08704;0,08678;0,08684
26/08/2026 19:35:00;0,08684;0,08686;0,0865;0,08651
26/08/2026 19:40:00;0,08651;0,08676;0,08649;0,08672
26/08/2026 19:45:00;0,08672;0,08672;0,08649;0,08652
26/08/2026 19:50:00;0,08652;0,08654;0,08638;0,0865
26/08/2026 19:55:00;0,0865;0,08661;0,08643;0,08654
26/08/2026 20:00:00;0,08654;0,08666;0,08645;0,08666
26/08/2026 20:05:00;0,08666;0,08666;0,0864;0,08643
26/08/2026 20:10:00;0,08643;0,08655;0,08642;0,0865
26/08/2026 20:15:00;0,0865;0,08672;0,08646;0,08672
26/08/2026 20:20:00;0,08672;0,08703;0,08668;0,08695
26/08/2026 20:25:00;0,08695;0,08727;0,08689;0,08708
26/08/2026 20:30:00;0,08708;0,08726;0,08708;0,08713
26/08/2026 20:35:00;0,08717;0,08745;0,08717;0,08742
26/08/2026 20:40:00;0,08742;0,08752;0,08733;0,087382
26/08/2026 20:45:00;0,087382;0,08773;0,087376;0,0876
26/08/2026 20:50:00;0,0876;0,08777;0,08755;0,08766
26/08/2026 20:55:00;0,08766;0,08783;0,08757;0,0877
26/08/2026 21:00:00;0,0877;0,0877;0,08727;0,08727
26/08/2026 21:05:00;0,08727;0,08748;0,08724;0,08743
26/08/2026 21:10:00;0,08743;0,08743;0,08717;0,08721
26/08/2026 21:15:00;0,08721;0,08732;0,08707;0,08731
26/08/2026 21:20:00;0,08731;0,08736;0,08717;0,08717
26/08/2026 21:25:00;0,08717;0,08718;0,08701;0,08709
26/08/2026 21:30:00;0,08709;0,0871;0,08692;0,08697
26/08/2026 21:35:00;0,08697;0,086993;0,08684;0,08689
26/08/2026 21:40:00;0,08689;0,08695;0,08681;0,08687
26/08/2026 21:45:00;0,08687;0,08688;0,08672;0,08681
26/08/2026 21:50:00;0,08681;0,08691;0,08665;0,08667
26/08/2026 21:55:00;0,08667;0,08671;0,08654;0,08654
26/08/2026 22:00:00;0,08654;0,08661;0,0864;0,08661
26/08/2026 22:05:00;0,08661;0,08663;0,0863;0,08634
26/08/2026 22:10:00;0,08634;0,08641;0,08628;0,08632
26/08/2026 22:15:00;0,08632;0,08646;0,08626;0,08644
26/08/2026 22:20:00;0,08644;0,08667;0,08644;0,08667
26/08/2026 22:25:00;0,08667;0,0875;0,08667;0,08726
26/08/2026 22:30:00;0,08726;0,08732;0,08693;0,08715
26/08/2026 22:35:00;0,08715;0,08734;0,08703;0,08717
26/08/2026 22:40:00;0,08717;0,08717;0,08682;0,08683
26/08/2026 22:45:00;0,08683;0,08724;0,08682;0,08724
26/08/2026 22:50:00;0,08726;0,08741;0,0872;0,08723
26/08/2026 22:55:00;0,08723;0,08732;0,08704;0,08706
26/08/2026 23:00:00;0,08706;0,08727;0,08704;0,08724
26/08/2026 23:05:00;0,08726;0,0874;0,08725;0,08739
26/08/2026 23:10:00;0,08738;0,087453;0,08716;0,08723
26/08/2026 23:15:00;0,08723;0,08723;0,08711;0,08716
26/08/2026 23:20:00;0,08716;0,08725;0,08697;0,08699
26/08/2026 23:25:00;0,08699;0,087;0,08689;0,0869
26/08/2026 23:30:00;0,0869;0,08707;0,08688;0,08704
26/08/2026 23:35:00;0,08704;0,08704;0,08686;0,08688
26/08/2026 23:40:00;0,08688;0,08688;0,08672;0,08674
26/08/2026 23:45:00;0,08674;0,08689;0,08672;0,08685
26/08/2026 23:50:00;0,08685;0,08694;0,08681;0,08687
26/08/2026 23:55:00;0,08687;0,0869;0,08682;0,08686
27/08/2026 00:00:00;0,08686;0,08696;0,08685;0,08695
27/08/2026 00:05:00;0,08695;0,08705;0,08692;0,08695
27/08/2026 00:10:00;0,08695;0,08703;0,08668;0,0867
27/08/2026 00:15:00;0,0867;0,08692;0,08665;0,08692
27/08/2026 00:20:00;0,08692;0,0872;0,08687;0,08712
27/08/2026 00:25:00;0,08712;0,08712;0,08699;0,08706
27/08/2026 00:30:00;0,08706;0,08707;0,08688;0,08694
27/08/2026 00:35:00;0,08694;0,08701;0,0869;0,08692
27/08/2026 00:40:00;0,08692;0,08694;0,08687;0,08688
27/08/2026 00:45:00;0,08688;0,08696;0,08679;0,0868
27/08/2026 00:50:00;0,0868;0,08682;0,08671;0,08678
27/08/2026 00:55:00;0,08678;0,08683;0,08672;0,08681
27/08/2026 01:00:00;0,08681;0,08699;0,08681;0,08692
27/08/2026 01:05:00;0,08692;0,08701;0,08678;0,087
27/08/2026 01:10:00;0,087;0,087;0,08692;0,08694
27/08/2026 01:15:00;0,08694;0,0871;0,08694;0,08705
27/08/2026 01:20:00;0,08705;0,08705;0,08695;0,08701
27/08/2026 01:25:00;0,08701;0,08701;0,08689;0,08689
27/08/2026 01:30:00;0,08689;0,08689;0,08671;0,08673
27/08/2026 01:35:00;0,08672;0,08676;0,08653;0,08672
27/08/2026 01:40:00;0,08672;0,08686;0,08667;0,08683
27/08/2026 01:45:00;0,08683;0,08686;0,08663;0,0867
27/08/2026 01:50:00;0,0867;0,0867;0,08653;0,08668
27/08/2026 01:55:00;0,08668;0,0867;0,08661;0,0867
27/08/2026 02:00:00;0,0867;0,08676;0,08657;0,08657
27/08/2026 02:05:00;0,08657;0,08671;0,08643;0,08668
27/08/2026 02:10:00;0,08668;0,0867;0,08656;0,08657
27/08/2026 02:15:00;0,08657;0,0866;0,08637;0,0864
27/08/2026 02:20:00;0,08641;0,0867;0,08641;0,08669
27/08/2026 02:25:00;0,08669;0,08676;0,08647;0,08651
27/08/2026 02:30:00;0,08651;0,08655;0,08626;0,08635
27/08/2026 02:35:00;0,08635;0,0866;0,08626;0,08657
27/08/2026 02:40:00;0,08657;0,08676;0,08649;0,0866
27/08/2026 02:45:00;0,08655;0,08697;0,08654;0,08697
27/08/2026 02:50:00;0,08697;0,08714;0,08693;0,08702
27/08/2026 02:55:00;0,08702;0,08709;0,08687;0,08702
27/08/2026 03:00:00;0,08702;0,08702;0,08679;0,0868
27/08/2026 03:05:00;0,0868;0,08685;0,08666;0,08667
27/08/2026 03:10:00;0,08669;0,08669;0,08644;0,08657
27/08/2026 03:15:00;0,08657;0,0866;0,08647;0,0866
27/08/2026 03:20:00;0,0866;0,08675;0,0866;0,08663
27/08/2026 03:25:00;0,08663;0,0868;0,08663;0,08673
27/08/2026 03:30:00;0,08673;0,08687;0,08672;0,08687
27/08/2026 03:35:00;0,08687;0,08699;0,08683;0,08685
27/08/2026 03:40:00;0,08685;0,0869;0,08682;0,0869
27/08/2026 03:45:00;0,0869;0,08702;0,08688;0,08702
27/08/2026 03:50:00;0,08702;0,08705;0,08696;0,08697
27/08/2026 03:55:00;0,08697;0,08705;0,08697;0,08701
27/08/2026 04:00:00;0,08701;0,08701;0,08693;0,08696
27/08/2026 04:05:00;0,08696;0,08698;0,08691;0,08693
27/08/2026 04:10:00;0,08693;0,08708;0,08691;0,08702
27/08/2026 04:15:00;0,08702;0,08703;0,08694;0,08699
27/08/2026 04:20:00;0,08699;0,08702;0,08692;0,08692
27/08/2026 04:25:00;0,08692;0,08698;0,08686;0,08694
27/08/2026 04:30:00;0,08694;0,08704;0,08691;0,08697
27/08/2026 04:35:00;0,08697;0,08703;0,0869;0,08703
27/08/2026 04:40:00;0,08703;0,08703;0,08687;0,08696
27/08/2026 04:45:00;0,08696;0,08704;0,08696;0,08702
27/08/2026 04:50:00;0,08702;0,08716;0,08699;0,08713
27/08/2026 04:55:00;0,08713;0,0872;0,0871;0,08715
27/08/2026 05:00:00;0,08715;0,08801;0,08712;0,08787
27/08/2026 05:05:00;0,08787;0,08875;0,08767;0,08875
27/08/2026 05:10:00;0,08875;0,08878;0,08821;0,08828
27/08/2026 05:15:00;0,08828;0,08832;0,08796;0,08803
27/08/2026 05:20:00;0,08803;0,08829;0,088;0,08824
27/08/2026 05:25:00;0,08824;0,08877;0,08824;0,08877
27/08/2026 05:30:00;0,08876;0,089;0,08875;0,08883
27/08/2026 05:35:00;0,08883;0,08883;0,0885;0,0886
27/08/2026 05:40:00;0,0886;0,089;0,08856;0,08898
27/08/2026 05:45:00;0,08898;0,0896;0,08887;0,08947
27/08/2026 05:50:00;0,08947;0,08976;0,08928;0,08928
27/08/2026 05:55:00;0,08928;0,08936;0,0891;0,08919
27/08/2026 06:00:00;0,08919;0,08919;0,08886;0,08903
27/08/2026 06:05:00;0,08903;0,08925;0,08891;0,08915
27/08/2026 06:10:00;0,08915;0,08948;0,08914;0,08945
27/08/2026 06:15:00;0,08945;0,08945;0,08917;0,08924
27/08/2026 06:20:00;0,08924;0,08954;0,08924;0,08951
27/08/2026 06:25:00;0,08951;0,09;0,08951;0,08968
27/08/2026 06:30:00;0,08968;0,0897;0,08939;0,08941
27/08/2026 06:35:00;0,08941;0,08942;0,08915;0,08925
27/08/2026 06:40:00;0,08925;0,08931;0,08902;0,08922
27/08/2026 06:45:00;0,08922;0,08934;0,08918;0,08925
27/08/2026 06:50:00;0,08925;0,08925;0,0889;0,08897
27/08/2026 06:55:00;0,08897;0,08898;0,08873;0,08887
27/08/2026 07:00:00;0,08887;0,08891;0,08873;0,08891
27/08/2026 07:05:00;0,08891;0,08922;0,08891;0,08919
27/08/2026 07:10:00;0,08919;0,0892;0,08841;0,08861
27/08/2026 07:15:00;0,08861;0,08879;0,08848;0,0887
27/08/2026 07:20:00;0,0887;0,0888;0,08841;0,08845
27/08/2026 07:25:00;0,08845;0,08846;0,08763;0,08815
27/08/2026 07:30:00;0,08815;0,08819;0,08791;0,08807
27/08/2026 07:35:00;0,08807;0,08819;0,08771;0,08781
27/08/2026 07:40:00;0,08781;0,08819;0,08781;0,0881
27/08/2026 07:45:00;0,0881;0,08818;0,08798;0,08805
27/08/2026 07:50:00;0,08805;0,08818;0,08799;0,08818
27/08/2026 07:55:00;0,08818;0,08832;0,08816;0,0883
27/08/2026 08:00:00;0,0883;0,08868;0,0882;0,08865
27/08/2026 08:05:00;0,08865;0,08869;0,08852;0,08862
27/08/2026 08:10:00;0,08862;0,08867;0,08857;0,08867
27/08/2026 08:15:00;0,08867;0,0887;0,08847;0,08865
27/08/2026 08:20:00;0,08865;0,08876;0,08858;0,08864
27/08/2026 08:25:00;0,08864;0,08866;0,08821;0,08825
27/08/2026 08:30:00;0,08825;0,08854;0,08811;0,08843
27/08/2026 08:35:00;0,08843;0,08843;0,08817;0,0882
27/08/2026 08:40:00;0,0882;0,08839;0,0882;0,08839
27/08/2026 08:45:00;0,08839;0,08839;0,08815;0,08815
27/08/2026 08:50:00;0,08815;0,08832;0,0879;0,08831
27/08/2026 08:55:00;0,08831;0,08837;0,08824;0,08831
27/08/2026 09:00:00;0,08831;0,08851;0,08831;0,08844
27/08/2026 09:05:00;0,08844;0,08852;0,08833;0,08838
27/08/2026 09:10:00;0,08838;0,08858;0,08838;0,08853
27/08/2026 09:15:00;0,08853;0,08859;0,08838;0,08841
27/08/2026 09:20:00;0,08841;0,08859;0,08841;0,08855
27/08/2026 09:25:00;0,08855;0,08865;0,08852;0,08855
27/08/2026 09:30:00;0,08855;0,08867;0,08836;0,08836
27/08/2026 09:35:00;0,08836;0,08836;0,08725;0,08757
27/08/2026 09:40:00;0,08757;0,0877;0,08752;0,08752
27/08/2026 09:45:00;0,08752;0,08776;0,08752;0,08773
27/08/2026 09:50:00;0,08773;0,08786;0,08764;0,08771
27/08/2026 09:55:00;0,08771;0,08782;0,0876;0,08763
27/08/2026 10:00:00;0,08763;0,08782;0,08762;0,08777
27/08/2026 10:05:00;0,08777;0,08794;0,08773;0,08782
27/08/2026 10:10:00;0,08782;0,08789;0,08775;0,08782
27/08/2026 10:15:00;0,08782;0,08801;0,0878;0,08783
27/08/2026 10:20:00;0,08783;0,08803;0,08782;0,08802
27/08/2026 10:25:00;0,08802;0,08812;0,08799;0,08805
27/08/2026 10:30:00;0,08805;0,08809;0,0875;0,08754
27/08/2026 10:35:00;0,08754;0,08779;0,08751;0,08778
27/08/2026 10:40:00;0,08778;0,08787;0,08758;0,08769
27/08/2026 10:45:00;0,08769;0,08785;0,08722;0,08739
27/08/2026 10:50:00;0,08739;0,08787;0,08739;0,08779
27/08/2026 10:55:00;0,08779;0,08815;0,08779;0,08813
27/08/2026 11:00:00;0,08813;0,08852;0,08803;0,0885
27/08/2026 11:05:00;0,0885;0,08864;0,08805;0,08813
27/08/2026 11:10:00;0,08813;0,08823;0,08789;0,08803
27/08/2026 11:15:00;0,08803;0,08853;0,0879;0,08851
27/08/2026 11:20:00;0,08851;0,08879;0,08837;0,08871
27/08/2026 11:25:00;0,08871;0,08872;0,08857;0,08868
27/08/2026 11:30:00;0,08868;0,08871;0,08849;0,08867
27/08/2026 11:35:00;0,08867;0,08912;0,08867;0,08903
27/08/2026 11:40:00;0,08903;0,08942;0,089;0,08935
27/08/2026 11:45:00;0,08935;0,08935;0,08893;0,08897
27/08/2026 11:50:00;0,08897;0,08912;0,08876;0,08883
27/08/2026 11:55:00;0,08883;0,08901;0,08882;0,089
27/08/2026 12:00:00;0,089;0,08935;0,08884;0,08911
27/08/2026 12:05:00;0,08911;0,0894;0,08902;0,08925
27/08/2026 12:10:00;0,08925;0,08973;0,08913;0,08949
27/08/2026 12:15:00;0,08949;0,08949;0,08921;0,08944
27/08/2026 12:20:00;0,08944;0,08944;0,08907;0,08923
27/08/2026 12:25:00;0,08923;0,08942;0,08912;0,08926
27/08/2026 12:30:00;0,08926;0,08927;0,0887;0,08876
27/08/2026 12:35:00;0,08876;0,08928;0,08874;0,08919
27/08/2026 12:40:00;0,08919;0,08928;0,08896;0,0891
27/08/2026 12:45:00;0,0891;0,08911;0,08881;0,08891
27/08/2026 12:50:00;0,08891;0,08903;0,08876;0,08896
27/08/2026 12:55:00;0,08896;0,08902;0,08868;0,0887
27/08/2026 13:00:00;0,0887;0,08902;0,08866;0,089
27/08/2026 13:05:00;0,089;0,08911;0,08869;0,08891
27/08/2026 13:10:00;0,08891;0,0892;0,08885;0,08903
27/08/2026 13:15:00;0,08903;0,08936;0,08898;0,08925
27/08/2026 13:20:00;0,08925;0,08942;0,08918;0,08941
27/08/2026 13:25:00;0,08941;0,08957;0,08923;0,08925
27/08/2026 13:30:00;0,08925;0,0894;0,08908;0,08928
27/08/2026 13:35:00;0,08928;0,08951;0,08905;0,08949
27/08/2026 13:40:00;0,08949;0,08976;0,08944;0,08971
27/08/2026 13:45:00;0,08971;0,08973;0,08948;0,08958
27/08/2026 13:50:00;0,08958;0,08967;0,08946;0,08954
27/08/2026 13:55:00;0,08954;0,08954;0,08924;0,08927
27/08/2026 14:00:00;0,08927;0,08933;0,08897;0,0893
27/08/2026 14:05:00;0,0893;0,08958;0,08919;0,08954
27/08/2026 14:10:00;0,08954;0,08985;0,08947;0,08977
27/08/2026 14:15:00;0,08977;0,08998;0,08973;0,08993
27/08/2026 14:20:00;0,08993;0,08994;0,08967;0,08979
27/08/2026 14:25:00;0,08979;0,08981;0,08949;0,08953
27/08/2026 14:30:00;0,08953;0,08958;0,08936;0,08938
27/08/2026 14:35:00;0,08938;0,08952;0,0893;0,08938
27/08/2026 14:40:00;0,08938;0,08939;0,08901;0,08902
27/08/2026 14:45:00;0,08902;0,08915;0,08892;0,08913
27/08/2026 14:50:00;0,08913;0,0892;0,08906;0,08909
27/08/2026 14:55:00;0,08909;0,08927;0,08909;0,08911
27/08/2026 15:00:00;0,08911;0,08915;0,08892;0,089
27/08/2026 15:05:00;0,089;0,089;0,08886;0,08893
27/08/2026 15:10:00;0,08893;0,08895;0,08826;0,08843
27/08/2026 15:15:00;0,08843;0,08864;0,08813;0,08815
27/08/2026 15:20:00;0,08815;0,08832;0,08795;0,08822
27/08/2026 15:25:00;0,08822;0,08833;0,08805;0,08806
27/08/2026 15:30:00;0,08806;0,08827;0,08803;0,08813
27/08/2026 15:35:00;0,08813;0,08839;0,08813;0,08834
27/08/2026 15:40:00;0,08834;0,08839;0,08817;0,08834
27/08/2026 15:45:00;0,08834;0,08845;0,08825;0,08835
27/08/2026 15:50:00;0,08835;0,08847;0,08825;0,08845
27/08/2026 15:55:00;0,08845;0,08876;0,08845;0,08876
27/08/2026 16:00:00;0,08876;0,08891;0,08871;0,08886
27/08/2026 16:05:00;0,08886;0,08899;0,08886;0,08889
27/08/2026 16:10:00;0,08889;0,08893;0,0888;0,08885
27/08/2026 16:15:00;0,08885;0,0889;0,08875;0,08878
27/08/2026 16:20:00;0,08878;0,08883;0,08858;0,08865
27/08/2026 16:25:00;0,08865;0,08877;0,08857;0,08876
27/08/2026 16:30:00;0,08876;0,0889;0,08866;0,08866
27/08/2026 16:35:00;0,08866;0,08866;0,08851;0,0886
27/08/2026 16:40:00;0,0886;0,08861;0,08848;0,08851
27/08/2026 16:45:00;0,08851;0,08869;0,08847;0,08852
27/08/2026 16:50:00;0,08852;0,08876;0,08845;0,08876
27/08/2026 16:55:00;0,08876;0,08876;0,08851;0,08866
27/08/2026 17:00:00;0,08866;0,08867;0,08838;0,08839
27/08/2026 17:05:00;0,08839;0,08861;0,08831;0,08846
27/08/2026 17:10:00;0,08846;0,08849;0,08836;0,08838
27/08/2026 17:15:00;0,08838;0,0886;0,08838;0,08855
27/08/2026 17:20:00;0,08855;0,0888;0,08855;0,08869
27/08/2026 17:25:00;0,08869;0,08876;0,0885;0,08851
27/08/2026 17:30:00;0,08851;0,08857;0,08844;0,08852
27/08/2026 17:35:00;0,08852;0,08858;0,08849;0,08858
27/08/2026 17:40:00;0,08858;0,08865;0,08857;0,0886
27/08/2026 17:45:00;0,0886;0,08879;0,08857;0,08861
27/08/2026 17:50:00;0,08861;0,08863;0,08838;0,08845
27/08/2026 17:55:00;0,08845;0,08875;0,08844;0,08874
27/08/2026 18:00:00;0,08874;0,0888;0,08859;0,08874
27/08/2026 18:05:00;0,08874;0,08877;0,08866;0,08874
27/08/2026 18:10:00;0,08874;0,0889;0,08871;0,08871
27/08/2026 18:15:00;0,08871;0,08879;0,08854;0,08854
27/08/2026 18:20:00;0,08859;0,08879;0,08851;0,08851
27/08/2026 18:25:00;0,08851;0,08868;0,08848;0,08868
27/08/2026 18:30:00;0,08868;0,08868;0,08852;0,08858
27/08/2026 18:35:00;0,08858;0,08858;0,08838;0,08838
27/08/2026 18:40:00;0,08838;0,08841;0,08826;0,0884
27/08/2026 18:45:00;0,0884;0,08866;0,08838;0,08866
27/08/2026 18:50:00;0,08866;0,0887;0,0886;0,08869
27/08/2026 18:55:00;0,08869;0,08879;0,08866;0,08877
27/08/2026 19:00:00;0,08877;0,08909;0,08875;0,08909
27/08/2026 19:05:00;0,08909;0,08919;0,08889;0,08889
27/08/2026 19:10:00;0,08889;0,08909;0,08888;0,08909
27/08/2026 19:15:00;0,08909;0,08945;0,08909;0,0893
27/08/2026 19:20:00;0,0893;0,08939;0,08906;0,08907
27/08/2026 19:25:00;0,08907;0,08908;0,0889;0,08903
27/08/2026 19:30:00;0,08903;0,08914;0,08897;0,0891
27/08/2026 19:35:00;0,0891;0,08913;0,08901;0,08913
27/08/2026 19:40:00;0,08913;0,08914;0,08905;0,0891
27/08/2026 19:45:00;0,0891;0,0891;0,08896;0,08897
27/08/2026 19:50:00;0,08897;0,08906;0,08897;0,08901
27/08/2026 19:55:00;0,08901;0,0891;0,089;0,0891
27/08/2026 20:00:00;0,0891;0,0891;0,08891;0,08897
27/08/2026 20:05:00;0,08897;0,08915;0,08897;0,08903
27/08/2026 20:10:00;0,08903;0,08904;0,08888;0,08889
27/08/2026 20:15:00;0,08889;0,08909;0,08883;0,08909
27/08/2026 20:20:00;0,08909;0,08922;0,08907;0,08917
27/08/2026 20:25:00;0,08917;0,08932;0,08914;0,08931
27/08/2026 20:30:00;0,08931;0,08932;0,08912;0,08914
27/08/2026 20:35:00;0,08914;0,08924;0,08912;0,08923
27/08/2026 20:40:00;0,08923;0,08927;0,08911;0,08911
27/08/2026 20:45:00;0,08911;0,08914;0,08905;0,08913
27/08/2026 20:50:00;0,08913;0,08926;0,08913;0,08919
27/08/2026 20:55:00;0,08919;0,08919;0,08907;0,08914
27/08/2026 21:00:00;0,08914;0,08916;0,08891;0,08891
27/08/2026 21:05:00;0,08891;0,08891;0,0886;0,08863
27/08/2026 21:10:00;0,08863;0,08874;0,08854;0,08855
27/08/2026 21:15:00;0,08855;0,08896;0,08855;0,08891
27/08/2026 21:20:00;0,08891;0,08891;0,08877;0,08877
27/08/2026 21:25:00;0,08877;0,08904;0,0887;0,08904
27/08/2026 21:30:00;0,08904;0,08924;0,08893;0,08907
27/08/2026 21:35:00;0,08907;0,08928;0,08904;0,08928
27/08/2026 21:40:00;0,08928;0,08928;0,08907;0,08913
27/08/2026 21:45:00;0,08913;0,08917;0,08904;0,08911
27/08/2026 21:50:00;0,08911;0,08918;0,089;0,08906
27/08/2026 21:55:00;0,08906;0,08925;0,08901;0,08902
27/08/2026 22:00:00;0,08902;0,08941;0,08902;0,08937
27/08/2026 22:05:00;0,08937;0,08937;0,08914;0,08932
27/08/2026 22:10:00;0,08932;0,08943;0,08929;0,08933
27/08/2026 22:15:00;0,08933;0,08974;0,08928;0,08969
27/08/2026 22:20:00;0,08969;0,08999;0,08969;0,08988
27/08/2026 22:25:00;0,08988;0,09;0,08982;0,08995
27/08/2026 22:30:00;0,08995;0,09032;0,08988;0,09002
27/08/2026 22:35:00;0,09002;0,09004;0,08943;0,08954
27/08/2026 22:40:00;0,08954;0,08974;0,08947;0,08951
27/08/2026 22:45:00;0,08951;0,08953;0,08917;0,0892
27/08/2026 22:50:00;0,0892;0,08933;0,08908;0,08928
27/08/2026 22:55:00;0,08928;0,08936;0,08899;0,08912
27/08/2026 23:00:00;0,08912;0,08912;0,08896;0,0891
27/08/2026 23:05:00;0,0891;0,08912;0,08884;0,08894
27/08/2026 23:10:00;0,08894;0,08899;0,08855;0,08855
27/08/2026 23:15:00;0,08855;0,08872;0,08836;0,08848
27/08/2026 23:20:00;0,08848;0,08848;0,08804;0,08817
27/08/2026 23:25:00;0,08817;0,08838;0,08802;0,08805
27/08/2026 23:30:00;0,08805;0,08809;0,08761;0,08808
27/08/2026 23:35:00;0,08808;0,08824;0,08808;0,08817
27/08/2026 23:40:00;0,08817;0,08819;0,08801;0,08807
27/08/2026 23:45:00;0,08807;0,08807;0,08761;0,0878
27/08/2026 23:50:00;0,0878;0,08783;0,08746;0,08783
27/08/2026 23:55:00;0,08783;0,08794;0,08774;0,08788
28/08/2026 00:00:00;0,08788;0,08788;0,08766;0,08775
28/08/2026 00:05:00;0,08775;0,08787;0,08739;0,08741
28/08/2026 00:10:00;0,08741;0,08771;0,08733;0,08756
28/08/2026 00:15:00;0,08756;0,08789;0,08756;0,08789
28/08/2026 00:20:00;0,08789;0,08808;0,08788;0,08804
28/08/2026 00:25:00;0,08804;0,08807;0,08792;0,08793
28/08/2026 00:30:00;0,08793;0,08804;0,08787;0,08789
28/08/2026 00:35:00;0,08789;0,08789;0,08773;0,08781
28/08/2026 00:40:00;0,08781;0,08782;0,08773;0,08774
28/08/2026 00:45:00;0,08774;0,08785;0,08768;0,08781
28/08/2026 00:50:00;0,08781;0,08787;0,08774;0,08779
28/08/2026 00:55:00;0,08779;0,08781;0,08769;0,08776
28/08/2026 01:00:00;0,08776;0,08786;0,08761;0,08764
28/08/2026 01:05:00;0,08764;0,08769;0,08727;0,0873
28/08/2026 01:10:00;0,0873;0,08792;0,08727;0,08791
28/08/2026 01:15:00;0,08791;0,08823;0,08791;0,08802
28/08/2026 01:20:00;0,08802;0,08806;0,08786;0,08793
28/08/2026 01:25:00;0,08793;0,08797;0,0879;0,0879
28/08/2026 01:30:00;0,0879;0,08796;0,08759;0,08762
28/08/2026 01:35:00;0,08762;0,08767;0,08745;0,08749
28/08/2026 01:40:00;0,08749;0,08775;0,08749;0,08756
28/08/2026 01:45:00;0,08758;0,08762;0,08748;0,08757
28/08/2026 01:50:00;0,08757;0,08776;0,08757;0,08768
28/08/2026 01:55:00;0,08768;0,08772;0,08755;0,08763
28/08/2026 02:00:00;0,08763;0,08772;0,0875;0,08771
28/08/2026 02:05:00;0,08771;0,08772;0,08749;0,08772
28/08/2026 02:10:00;0,08772;0,08772;0,08746;0,08761
28/08/2026 02:15:00;0,08761;0,08764;0,08746;0,08746
28/08/2026 02:20:00;0,08746;0,08753;0,08739;0,08753
28/08/2026 02:25:00;0,08753;0,08765;0,0875;0,08763
28/08/2026 02:30:00;0,08763;0,08798;0,08763;0,08793
28/08/2026 02:35:00;0,08793;0,08795;0,08777;0,0878
28/08/2026 02:40:00;0,0878;0,08785;0,08779;0,08784
28/08/2026 02:45:00;0,08784;0,08796;0,08779;0,08795
28/08/2026 02:50:00;0,08795;0,08799;0,08782;0,08782
28/08/2026 02:55:00;0,08782;0,08782;0,08769;0,08775
28/08/2026 03:00:00;0,08775;0,08796;0,08775;0,08793
28/08/2026 03:05:00;0,08793;0,08809;0,0879;0,08805
28/08/2026 03:10:00;0,08805;0,08817;0,08797;0,08813
28/08/2026 03:15:00;0,08813;0,08814;0,08804;0,08811
28/08/2026 03:20:00;0,08811;0,08815;0,08805;0,08812
28/08/2026 03:25:00;0,08812;0,08816;0,08803;0,08804
28/08/2026 03:30:00;0,08804;0,08827;0,08801;0,08823
28/08/2026 03:35:00;0,08823;0,08828;0,08808;0,08815
28/08/2026 03:40:00;0,08815;0,08815;0,08802;0,08814
28/08/2026 03:45:00;0,08814;0,08824;0,08813;0,08813
28/08/2026 03:50:00;0,08813;0,08834;0,08813;0,08822
28/08/2026 03:55:00;0,08822;0,08831;0,0882;0,08821
28/08/2026 04:00:00;0,08821;0,08824;0,08802;0,08803
28/08/2026 04:05:00;0,08803;0,08803;0,08751;0,08759
28/08/2026 04:10:00;0,08759;0,08771;0,08758;0,08762
28/08/2026 04:15:00;0,08762;0,08781;0,08762;0,08775
28/08/2026 04:20:00;0,08775;0,08778;0,08767;0,08772
28/08/2026 04:25:00;0,08772;0,08777;0,08766;0,08767
28/08/2026 04:30:00;0,08767;0,08769;0,0876;0,0876
28/08/2026 04:35:00;0,0876;0,08765;0,08755;0,08755
28/08/2026 04:40:00;0,08755;0,08761;0,08751;0,08751
28/08/2026 04:45:00;0,08751;0,08765;0,08751;0,08763
28/08/2026 04:50:00;0,08763;0,08764;0,08753;0,08753
28/08/2026 04:55:00;0,08753;0,08755;0,08749;0,08751
28/08/2026 05:00:00;0,08751;0,08777;0,08751;0,08764
28/08/2026 05:05:00;0,08764;0,08764;0,08753;0,0876
28/08/2026 05:10:00;0,0876;0,08766;0,08756;0,08757
28/08/2026 05:15:00;0,08757;0,0878;0,08757;0,08779
28/08/2026 05:20:00;0,08779;0,08779;0,08764;0,08772
28/08/2026 05:25:00;0,08772;0,08772;0,0876;0,08766
28/08/2026 05:30:00;0,08764;0,08771;0,08762;0,08771
28/08/2026 05:35:00;0,08771;0,08773;0,08765;0,0877
28/08/2026 05:40:00;0,0877;0,08778;0,08764;0,08764
28/08/2026 05:45:00;0,08764;0,08768;0,08734;0,08739
28/08/2026 05:50:00;0,08739;0,08754;0,08729;0,08752
28/08/2026 05:55:00;0,08752;0,08752;0,08694;0,08716
28/08/2026 06:00:00;0,08716;0,08719;0,08684;0,08694
28/08/2026 06:05:00;0,08694;0,08729;0,08694;0,08719
28/08/2026 06:10:00;0,08719;0,08727;0,08698;0,08701
28/08/2026 06:15:00;0,08701;0,08718;0,08701;0,08716
28/08/2026 06:20:00;0,08716;0,08716;0,08702;0,08712
28/08/2026 06:25:00;0,08712;0,08715;0,087;0,08705
28/08/2026 06:30:00;0,08705;0,08707;0,08685;0,08695
28/08/2026 06:35:00;0,08695;0,08696;0,08659;0,08682
28/08/2026 06:40:00;0,08682;0,08685;0,08646;0,08649
28/08/2026 06:45:00;0,08649;0,08664;0,08646;0,08647
28/08/2026 06:50:00;0,08648;0,08662;0,08646;0,08649
28/08/2026 06:55:00;0,08649;0,08652;0,08637;0,08638
28/08/2026 07:00:00;0,08638;0,08644;0,08603;0,08607
28/08/2026 07:05:00;0,08607;0,0862;0,08564;0,08584
28/08/2026 07:10:00;0,08584;0,08622;0,08584;0,08611
28/08/2026 07:15:00;0,08611;0,08622;0,08609;0,08619
28/08/2026 07:20:00;0,08619;0,08621;0,08608;0,08617
28/08/2026 07:25:00;0,08617;0,08641;0,08616;0,0864
28/08/2026 07:30:00;0,0864;0,08656;0,0864;0,08652
28/08/2026 07:35:00;0,08651;0,08662;0,08646;0,08661
28/08/2026 07:40:00;0,08662;0,08666;0,08656;0,08656
28/08/2026 07:45:00;0,08656;0,08667;0,08655;0,08667
28/08/2026 07:50:00;0,08667;0,08678;0,08661;0,08677
28/08/2026 07:55:00;0,08677;0,08712;0,08675;0,08712
28/08/2026 08:00:00;0,08712;0,08736;0,08711;0,0873
28/08/2026 08:05:00;0,0873;0,0873;0,08713;0,08715
28/08/2026 08:10:00;0,08715;0,0873;0,08714;0,08725
28/08/2026 08:15:00;0,08725;0,08738;0,08725;0,08738
28/08/2026 08:20:00;0,08738;0,08738;0,08718;0,08725
28/08/2026 08:25:00;0,08725;0,08725;0,08711;0,08713
28/08/2026 08:30:00;0,08713;0,08725;0,08713;0,08718
28/08/2026 08:35:00;0,08718;0,08718;0,08688;0,0869
28/08/2026 08:40:00;0,0869;0,08702;0,0869;0,087
28/08/2026 08:45:00;0,087;0,08703;0,08696;0,08698
28/08/2026 08:50:00;0,08698;0,08704;0,08691;0,08701
28/08/2026 08:55:00;0,08701;0,08703;0,08696;0,08701
28/08/2026 09:00:00;0,08701;0,08705;0,08694;0,08703
28/08/2026 09:05:00;0,08703;0,0871;0,08694;0,08698
28/08/2026 09:10:00;0,08698;0,08698;0,08685;0,08687
28/08/2026 09:15:00;0,08687;0,08714;0,08687;0,08696
28/08/2026 09:20:00;0,08696;0,08706;0,08691;0,08692
28/08/2026 09:25:00;0,08692;0,08695;0,08685;0,08688
28/08/2026 09:30:00;0,08688;0,08688;0,08677;0,08677
28/08/2026 09:35:00;0,08677;0,08681;0,08672;0,08677
28/08/2026 09:40:00;0,08677;0,08685;0,08664;0,08684
28/08/2026 09:45:00;0,08684;0,08688;0,08671;0,08675
28/08/2026 09:50:00;0,08675;0,08683;0,08668;0,08681
28/08/2026 09:55:00;0,08681;0,08688;0,08678;0,08687
28/08/2026 10:00:00;0,08687;0,08712;0,08685;0,08712
28/08/2026 10:05:00;0,08712;0,08716;0,08687;0,0869
28/08/2026 10:10:00;0,0869;0,08694;0,08689;0,08693
28/08/2026 10:15:00;0,08693;0,08693;0,08678;0,08691
28/08/2026 10:20:00;0,08691;0,08691;0,08671;0,08673
28/08/2026 10:25:00;0,08673;0,08686;0,0866;0,08667
28/08/2026 10:30:00;0,08667;0,08694;0,08666;0,08676
28/08/2026 10:35:00;0,08676;0,08683;0,08669;0,0867
28/08/2026 10:40:00;0,0867;0,0867;0,08656;0,08662
28/08/2026 10:45:00;0,08662;0,08691;0,08657;0,0867
28/08/2026 10:50:00;0,0867;0,08711;0,08669;0,08703
28/08/2026 10:55:00;0,08703;0,08715;0,08691;0,08691
28/08/2026 11:00:00;0,08691;0,0876;0,08602;0,08606
28/08/2026 11:05:00;0,08606;0,0864;0,08582;0,08606
28/08/2026 11:10:00;0,08606;0,08623;0,0856;0,08598
28/08/2026 11:15:00;0,08598;0,08646;0,0858;0,08645
28/08/2026 11:20:00;0,08645;0,08666;0,08631;0,08651
28/08/2026 11:25:00;0,08651;0,08669;0,0862;0,08666
28/08/2026 11:30:00;0,08666;0,08724;0,08644;0,08723
28/08/2026 11:35:00;0,08723;0,08794;0,08718;0,08746
28/08/2026 11:40:00;0,08746;0,08787;0,08746;0,08765
28/08/2026 11:45:00;0,08765;0,08773;0,0872;0,0873
28/08/2026 11:50:00;0,0873;0,08774;0,08729;0,08774
28/08/2026 11:55:00;0,08774;0,08793;0,08764;0,08772
28/08/2026 12:00:00;0,08772;0,08801;0,0873;0,08735
28/08/2026 12:05:00;0,08735;0,08736;0,08686;0,08692
28/08/2026 12:10:00;0,08692;0,08708;0,08685;0,08697
28/08/2026 12:15:00;0,08697;0,08736;0,08691;0,0873
28/08/2026 12:20:00;0,0873;0,08741;0,08711;0,08741
28/08/2026 12:25:00;0,08741;0,08757;0,08717;0,08726
28/08/2026 12:30:00;0,08726;0,08731;0,08698;0,08708
28/08/2026 12:35:00;0,08708;0,08716;0,08699;0,08702
28/08/2026 12:40:00;0,08702;0,08705;0,08631;0,08637
28/08/2026 12:45:00;0,08637;0,08659;0,08621;0,08622
28/08/2026 12:50:00;0,08622;0,08628;0,08601;0,08624
28/08/2026 12:55:00;0,08624;0,08627;0,08584;0,08589
28/08/2026 13:00:00;0,08589;0,08597;0,08529;0,08543
28/08/2026 13:05:00;0,08543;0,08604;0,08543;0,08575
28/08/2026 13:10:00;0,08575;0,08575;0,08511;0,08515
28/08/2026 13:15:00;0,0852;0,08532;0,08497;0,08523
28/08/2026 13:20:00;0,08523;0,0855;0,08451;0,08457
28/08/2026 13:25:00;0,08457;0,08497;0,08401;0,08491
28/08/2026 13:30:00;0,08491;0,08541;0,08491;0,0851
28/08/2026 13:35:00;0,0851;0,08559;0,0851;0,08558
28/08/2026 13:40:00;0,08558;0,08565;0,08537;0,08537
28/08/2026 13:45:00;0,08537;0,08573;0,08537;0,08562
28/08/2026 13:50:00;0,08562;0,08562;0,08538;0,0854
28/08/2026 13:55:00;0,0854;0,0855;0,08536;0,08541
28/08/2026 14:00:00;0,08541;0,08544;0,0851;0,08522
28/08/2026 14:05:00;0,08522;0,08542;0,08517;0,08533
28/08/2026 14:10:00;0,08533;0,08552;0,08521;0,08552
28/08/2026 14:15:00;0,08552;0,08561;0,08537;0,08557
28/08/2026 14:20:00;0,08557;0,08563;0,08536;0,08541
28/08/2026 14:25:00;0,08541;0,08551;0,08528;0,08542
28/08/2026 14:30:00;0,08542;0,08551;0,08526;0,08535
28/08/2026 14:35:00;0,08535;0,08535;0,08503;0,08506
28/08/2026 14:40:00;0,08506;0,08517;0,08501;0,08503
28/08/2026 14:45:00;0,08503;0,08529;0,08503;0,08527
28/08/2026 14:50:00;0,08527;0,08528;0,08509;0,08509
28/08/2026 14:55:00;0,08509;0,08521;0,08502;0,08505
28/08/2026 15:00:00;0,08505;0,08513;0,08497;0,08497
28/08/2026 15:05:00;0,08497;0,08502;0,08488;0,08494
28/08/2026 15:10:00;0,08494;0,08497;0,08483;0,08485
28/08/2026 15:15:00;0,08485;0,08497;0,08475;0,08479
28/08/2026 15:20:00;0,08479;0,0848;0,08454;0,08458
28/08/2026 15:25:00;0,08458;0,08482;0,08456;0,08469
28/08/2026 15:30:00;0,08469;0,08475;0,08454;0,08462
28/08/2026 15:35:00;0,08462;0,08462;0,08413;0,08417
28/08/2026 15:40:00;0,08417;0,08427;0,08409;0,08416
28/08/2026 15:45:00;0,08416;0,08421;0,08383;0,08388
28/08/2026 15:50:00;0,08388;0,08425;0,08386;0,08424
28/08/2026 15:55:00;0,08424;0,08439;0,08413;0,08438
28/08/2026 16:00:00;0,08438;0,08457;0,08435;0,08444
28/08/2026 16:05:00;0,08444;0,08471;0,08442;0,08469
28/08/2026 16:10:00;0,08469;0,08477;0,08464;0,0847
28/08/2026 16:15:00;0,0847;0,0847;0,08458;0,08464
28/08/2026 16:20:00;0,08464;0,08479;0,0846;0,08467
28/08/2026 16:25:00;0,08467;0,08478;0,08467;0,08469
28/08/2026 16:30:00;0,08469;0,08469;0,08459;0,08464
28/08/2026 16:35:00;0,08464;0,08481;0,08464;0,08475
28/08/2026 16:40:00;0,08475;0,08479;0,08467;0,08467
28/08/2026 16:45:00;0,08467;0,08472;0,08448;0,08456
28/08/2026 16:50:00;0,08456;0,08468;0,08454;0,08459
28/08/2026 16:55:00;0,08459;0,08471;0,08459;0,08467
28/08/2026 17:00:00;0,08467;0,08481;0,08449;0,08456
28/08/2026 17:05:00;0,08456;0,08471;0,08446;0,0847
28/08/2026 17:10:00;0,0847;0,08485;0,08469;0,0848
28/08/2026 17:15:00;0,0848;0,0848;0,08464;0,08464
28/08/2026 17:20:00;0,08464;0,08482;0,08462;0,08479
28/08/2026 17:25:00;0,08479;0,08482;0,08475;0,08478
28/08/2026 17:30:00;0,08478;0,08478;0,08462;0,08464
28/08/2026 17:35:00;0,08464;0,08477;0,08463;0,08476
28/08/2026 17:40:00;0,08476;0,08486;0,08474;0,0848
28/08/2026 17:45:00;0,0848;0,08491;0,08477;0,08484
28/08/2026 17:50:00;0,08484;0,08486;0,08466;0,08475
28/08/2026 17:55:00;0,08475;0,0848;0,08471;0,0848
28/08/2026 18:00:00;0,0848;0,08496;0,0848;0,0848
28/08/2026 18:05:00;0,0848;0,08492;0,0848;0,08482
28/08/2026 18:10:00;0,08482;0,08498;0,08478;0,08494
28/08/2026 18:15:00;0,08494;0,08496;0,08483;0,08488
28/08/2026 18:20:00;0,08488;0,08488;0,08466;0,08474
28/08/2026 18:25:00;0,08474;0,08498;0,08474;0,08492
28/08/2026 18:30:00;0,08492;0,08506;0,08492;0,08501
28/08/2026 18:35:00;0,08501;0,08504;0,08495;0,085
28/08/2026 18:40:00;0,085;0,085;0,08479;0,08484
28/08/2026 18:45:00;0,08484;0,08485;0,08452;0,08458
28/08/2026 18:50:00;0,08458;0,08461;0,08445;0,08454
28/08/2026 18:55:00;0,08454;0,08458;0,08444;0,08455
28/08/2026 19:00:00;0,08455;0,08465;0,08448;0,08451
28/08/2026 19:05:00;0,08451;0,08474;0,08451;0,0847
28/08/2026 19:10:00;0,0847;0,08485;0,0847;0,08484
28/08/2026 19:15:00;0,08484;0,08488;0,08475;0,08479
28/08/2026 19:20:00;0,08479;0,08488;0,08476;0,08488
28/08/2026 19:25:00;0,08488;0,08501;0,08488;0,08498
28/08/2026 19:30:00;0,08498;0,08502;0,08494;0,08501
28/08/2026 19:35:00;0,08501;0,08513;0,08499;0,08512
28/08/2026 19:40:00;0,08512;0,08518;0,08511;0,08513
28/08/2026 19:45:00;0,08513;0,08519;0,08511;0,08514
28/08/2026 19:50:00;0,08514;0,08528;0,08511;0,08527
28/08/2026 19:55:00;0,08527;0,08527;0,08512;0,08516
28/08/2026 20:00:00;0,08516;0,08522;0,08508;0,08511
28/08/2026 20:05:00;0,08511;0,08514;0,085051;0,0851
28/08/2026 20:10:00;0,0851;0,08528;0,0851;0,08526
28/08/2026 20:15:00;0,08526;0,08526;0,08513;0,08518
28/08/2026 20:20:00;0,08518;0,085189;0,08506;0,08512
28/08/2026 20:25:00;0,08512;0,08516;0,08509;0,08509
28/08/2026 20:30:00;0,08509;0,08516;0,085074;0,08515
28/08/2026 20:35:00;0,08515;0,08515;0,08506;0,0851
28/08/2026 20:40:00;0,0851;0,08515;0,08508;0,08514
28/08/2026 20:45:00;0,08514;0,08516;0,08509;0,08516
28/08/2026 20:50:00;0,08516;0,08521;0,08515;0,08521
28/08/2026 20:55:00;0,08521;0,085259;0,08521;0,08524
28/08/2026 21:00:00;0,08524;0,08532;0,08519;0,0853
28/08/2026 21:05:00;0,0853;0,08536;0,08527;0,08533
28/08/2026 21:10:00;0,08533;0,08536;0,08524;0,08527
28/08/2026 21:15:00;0,08527;0,08534;0,08526;0,08533
28/08/2026 21:20:00;0,08533;0,08541;0,08528;0,08531
28/08/2026 21:25:00;0,08531;0,08537;0,08527;0,08527
28/08/2026 21:30:00;0,08527;0,08528;0,08513;0,08517
28/08/2026 21:35:00;0,08517;0,08525;0,08516;0,08516
28/08/2026 21:40:00;0,08516;0,08523;0,08516;0,0852
28/08/2026 21:45:00;0,0852;0,0852;0,08512;0,08515
28/08/2026 21:50:00;0,08515;0,08519;0,08512;0,08519
28/08/2026 21:55:00;0,08519;0,08521;0,08515;0,08518
28/08/2026 22:00:00;0,08518;0,08519;0,08512;0,08514
28/08/2026 22:05:00;0,08514;0,08514;0,085038;0,085038
28/08/2026 22:10:00;0,085038;0,08512;0,085038;0,08506
28/08/2026 22:15:00;0,08506;0,08508;0,08503;0,08507
28/08/2026 22:20:00;0,08507;0,08515;0,08507;0,08514
28/08/2026 22:25:00;0,08514;0,08525;0,08514;0,08525
28/08/2026 22:30:00;0,08525;0,08538;0,08517;0,08529
28/08/2026 22:35:00;0,08529;0,08541;0,08529;0,08531
28/08/2026 22:40:00;0,08531;0,08538;0,08529;0,08536
28/08/2026 22:45:00;0,08536;0,08536;0,08516;0,08528
28/08/2026 22:50:00;0,08528;0,08542;0,08527;0,08535
28/08/2026 22:55:00;0,08535;0,08535;0,08522;0,08532
28/08/2026 23:00:00;0,08532;0,08536;0,08524;0,08526
28/08/2026 23:05:00;0,08526;0,08532;0,0852;0,08531
28/08/2026 23:10:00;0,08531;0,08531;0,08522;0,08522
28/08/2026 23:15:00;0,08521;0,08523;0,08511;0,08512
28/08/2026 23:20:00;0,08512;0,08513;0,08502;0,08504
28/08/2026 23:25:00;0,08504;0,08504;0,08491;0,08497
28/08/2026 23:30:00;0,08497;0,085067;0,08494;0,08496
28/08/2026 23:35:00;0,08496;0,0851;0,08494;0,0851
28/08/2026 23:40:00;0,0851;0,08512;0,08505;0,085094
28/08/2026 23:45:00;0,085094;0,085094;0,08501;0,08505
28/08/2026 23:50:00;0,08505;0,08513;0,08503;0,08513
28/08/2026 23:55:00;0,08513;0,08514;0,08502;0,08502
29/08/2026 00:00:00;0,08502;0,08511;0,085;0,085
29/08/2026 00:05:00;0,085;0,08504;0,08499;0,08499
29/08/2026 00:10:00;0,08499;0,08512;0,08499;0,08503
29/08/2026 00:15:00;0,08503;0,08507;0,08496;0,085
29/08/2026 00:20:00;0,085;0,08511;0,085;0,08508
29/08/2026 00:25:00;0,08508;0,0851;0,08501;0,08507
29/08/2026 00:30:00;0,08507;0,08514;0,08502;0,08503
29/08/2026 00:35:00;0,08503;0,08503;0,08489;0,08493
29/08/2026 00:40:00;0,08493;0,08508;0,08493;0,08497
29/08/2026 00:45:00;0,08497;0,08501;0,08491;0,08492
29/08/2026 00:50:00;0,08492;0,08492;0,08486;0,08487
29/08/2026 00:55:00;0,08487;0,08487;0,0848;0,08484
29/08/2026 01:00:00;0,08484;0,08489;0,0848;0,08489
29/08/2026 01:05:00;0,08489;0,08492;0,08484;0,08489
29/08/2026 01:10:00;0,08489;0,08502;0,08489;0,08502
29/08/2026 01:15:00;0,08502;0,08511;0,08498;0,08511
29/08/2026 01:20:00;0,08511;0,08511;0,08499;0,08503
29/08/2026 01:25:00;0,08503;0,08507;0,08502;0,08504
29/08/2026 01:30:00;0,08504;0,08508;0,08502;0,08505
29/08/2026 01:35:00;0,08505;0,08508;0,08496;0,08507
29/08/2026 01:40:00;0,08507;0,08511;0,08499;0,08503
29/08/2026 01:45:00;0,08503;0,08509;0,08499;0,08508
29/08/2026 01:50:00;0,08508;0,08517;0,08506;0,08514
29/08/2026 01:55:00;0,08514;0,08519;0,08512;0,08517
29/08/2026 02:00:00;0,08517;0,08531;0,08515;0,08521
29/08/2026 02:05:00;0,08521;0,08525;0,0852;0,08523
29/08/2026 02:10:00;0,08523;0,08528;0,08521;0,08524
29/08/2026 02:15:00;0,08524;0,08528;0,08522;0,08522
29/08/2026 02:20:00;0,08522;0,08522;0,08514;0,08519
29/08/2026 02:25:00;0,08519;0,08526;0,08518;0,08518
29/08/2026 02:30:00;0,08518;0,08519;0,08508;0,08508
29/08/2026 02:35:00;0,08508;0,08525;0,08507;0,08507
29/08/2026 02:40:00;0,08507;0,08522;0,08507;0,08516
29/08/2026 02:45:00;0,08516;0,08517;0,0851;0,08511
29/08/2026 02:50:00;0,08511;0,08511;0,08501;0,08501
29/08/2026 02:55:00;0,08501;0,08509;0,085;0,08508
29/08/2026 03:00:00;0,08508;0,08509;0,08492;0,08493
29/08/2026 03:05:00;0,08493;0,08494;0,08479;0,08484
29/08/2026 03:10:00;0,08484;0,08484;0,08458;0,08458
29/08/2026 03:15:00;0,08458;0,08464;0,08453;0,08454
29/08/2026 03:20:00;0,08454;0,08454;0,08428;0,0844
29/08/2026 03:25:00;0,0844;0,08441;0,08428;0,0843
29/08/2026 03:30:00;0,0843;0,08442;0,0843;0,08442
29/08/2026 03:35:00;0,08442;0,08443;0,08432;0,08434
29/08/2026 03:40:00;0,08434;0,08445;0,08434;0,08442
29/08/2026 03:45:00;0,08442;0,08449;0,08441;0,08445
29/08/2026 03:50:00;0,08445;0,08448;0,08441;0,08442
29/08/2026 03:55:00;0,08442;0,08447;0,08438;0,08444
29/08/2026 04:00:00;0,08444;0,08465;0,08444;0,08465
29/08/2026 04:05:00;0,08465;0,08471;0,08443;0,08444
29/08/2026 04:10:00;0,08444;0,08449;0,08435;0,08435
29/08/2026 04:15:00;0,08435;0,08446;0,08429;0,08444
29/08/2026 04:20:00;0,08444;0,0845;0,0844;0,08443
29/08/2026 04:25:00;0,08443;0,08447;0,08442;0,08442
29/08/2026 04:30:00;0,08442;0,08449;0,0844;0,08443
29/08/2026 04:35:00;0,08443;0,08456;0,08442;0,08455
29/08/2026 04:40:00;0,08455;0,08455;0,08441;0,08445
29/08/2026 04:45:00;0,08445;0,08455;0,08442;0,08443
29/08/2026 04:50:00;0,08443;0,08445;0,08436;0,08438
29/08/2026 04:55:00;0,08438;0,08447;0,08438;0,08444
29/08/2026 05:00:00;0,08444;0,08444;0,08422;0,08424
29/08/2026 05:05:00;0,08424;0,08433;0,08424;0,08431
29/08/2026 05:10:00;0,08431;0,08441;0,08428;0,08432
29/08/2026 05:15:00;0,08432;0,08442;0,08429;0,08441
29/08/2026 05:20:00;0,08441;0,08448;0,08435;0,08448
29/08/2026 05:25:00;0,08448;0,08455;0,08447;0,08452
29/08/2026 05:30:00;0,08452;0,08452;0,08438;0,08446
29/08/2026 05:35:00;0,08446;0,08446;0,08438;0,08442
29/08/2026 05:40:00;0,08442;0,08448;0,08436;0,08439
29/08/2026 05:45:00;0,08439;0,08446;0,0843;0,08435
29/08/2026 05:50:00;0,08435;0,08443;0,0843;0,0843
29/08/2026 05:55:00;0,0843;0,08436;0,0843;0,08435
29/08/2026 06:00:00;0,08435;0,08438;0,08424;0,08431
29/08/2026 06:05:00;0,08431;0,0844;0,08429;0,08435
29/08/2026 06:10:00;0,08435;0,08443;0,08434;0,08442
29/08/2026 06:15:00;0,08442;0,08447;0,0844;0,08446
29/08/2026 06:20:00;0,08446;0,08446;0,08438;0,08438
29/08/2026 06:25:00;0,08438;0,08447;0,08438;0,08446
29/08/2026 06:30:00;0,08446;0,08453;0,08442;0,08453
29/08/2026 06:35:00;0,08453;0,08455;0,08449;0,08452
29/08/2026 06:40:00;0,08452;0,08456;0,08432;0,08432
29/08/2026 06:45:00;0,08432;0,08435;0,08427;0,08428
29/08/2026 06:50:00;0,08428;0,08446;0,08428;0,08445
29/08/2026 06:55:00;0,08445;0,08457;0,08445;0,08446
29/08/2026 07:00:00;0,08446;0,08446;0,0843;0,08431
29/08/2026 07:05:00;0,08431;0,08435;0,08418;0,08435
29/08/2026 07:10:00;0,08435;0,08448;0,08434;0,08446
29/08/2026 07:15:00;0,08446;0,08465;0,08446;0,08462
29/08/2026 07:20:00;0,08462;0,0847;0,08459;0,08464
29/08/2026 07:25:00;0,08464;0,08467;0,0846;0,0846
29/08/2026 07:30:00;0,0846;0,08461;0,08455;0,08455
29/08/2026 07:35:00;0,08455;0,08464;0,08453;0,08454
29/08/2026 07:40:00;0,08454;0,08456;0,08451;0,08453
29/08/2026 07:45:00;0,08453;0,08455;0,08452;0,08455
29/08/2026 07:50:00;0,08455;0,0846;0,08454;0,08456
29/08/2026 07:55:00;0,08456;0,08458;0,08445;0,08445
29/08/2026 08:00:00;0,08445;0,0845;0,08443;0,08449
29/08/2026 08:05:00;0,08449;0,08449;0,08441;0,08442
29/08/2026 08:10:00;0,08442;0,08456;0,08442;0,08451
29/08/2026 08:15:00;0,08451;0,08455;0,08446;0,08446
29/08/2026 08:20:00;0,08446;0,08448;0,08444;0,08445
29/08/2026 08:25:00;0,08445;0,08457;0,08445;0,08456
29/08/2026 08:30:00;0,08456;0,08459;0,08453;0,08455
29/08/2026 08:35:00;0,08455;0,08456;0,08446;0,0845
29/08/2026 08:40:00;0,0845;0,08453;0,08442;0,08443
29/08/2026 08:45:00;0,08443;0,0845;0,08442;0,0845
29/08/2026 08:50:00;0,0845;0,08454;0,08448;0,0845
29/08/2026 08:55:00;0,0845;0,08453;0,08446;0,08449
29/08/2026 09:00:00;0,08449;0,08455;0,08448;0,08455
29/08/2026 09:05:00;0,08455;0,08455;0,08446;0,08447
29/08/2026 09:10:00;0,08447;0,08459;0,08446;0,08459
29/08/2026 09:15:00;0,08459;0,08478;0,08459;0,08476
29/08/2026 09:20:00;0,08476;0,08498;0,08476;0,08476
29/08/2026 09:25:00;0,08476;0,08477;0,08469;0,08477
29/08/2026 09:30:00;0,08477;0,0848;0,08469;0,08471
29/08/2026 09:35:00;0,08471;0,08479;0,08469;0,08477
29/08/2026 09:40:00;0,08477;0,08483;0,08477;0,0848
29/08/2026 09:45:00;0,0848;0,08483;0,08476;0,08483
29/08/2026 09:50:00;0,08483;0,08483;0,084759;0,08477
29/08/2026 09:55:00;0,08477;0,08482;0,08476;0,08481
29/08/2026 10:00:00;0,08481;0,08482;0,0847;0,08471
29/08/2026 10:05:00;0,08471;0,08475;0,0847;0,0847
29/08/2026 10:10:00;0,0847;0,08475;0,08468;0,08475
29/08/2026 10:15:00;0,08475;0,08486;0,08473;0,08482
29/08/2026 10:20:00;0,08482;0,08493;0,0848;0,08492
29/08/2026 10:25:00;0,08492;0,08495;0,08486;0,08487
29/08/2026 10:30:00;0,08487;0,08488;0,08478;0,0848
29/08/2026 10:35:00;0,0848;0,08494;0,0848;0,08483
29/08/2026 10:40:00;0,08483;0,08484;0,08478;0,08479
29/08/2026 10:45:00;0,08479;0,08494;0,08478;0,08492
29/08/2026 10:50:00;0,08492;0,08497;0,0849;0,08496
29/08/2026 10:55:00;0,08496;0,085;0,08493;0,08494
29/08/2026 11:00:00;0,08494;0,08496;0,08487;0,0849
29/08/2026 11:05:00;0,0849;0,08502;0,08489;0,08497
29/08/2026 11:10:00;0,08497;0,08502;0,08491;0,085
29/08/2026 11:15:00;0,085;0,08511;0,08495;0,08495
29/08/2026 11:20:00;0,08495;0,08517;0,08495;0,08516
29/08/2026 11:25:00;0,08516;0,08518;0,08505;0,08507
29/08/2026 11:30:00;0,08507;0,08514;0,08507;0,08511
29/08/2026 11:35:00;0,08511;0,08516;0,08507;0,08513
29/08/2026 11:40:00;0,08513;0,08545;0,08513;0,08536
29/08/2026 11:45:00;0,08536;0,08567;0,08536;0,08564
29/08/2026 11:50:00;0,08564;0,08564;0,08551;0,08552
29/08/2026 11:55:00;0,08552;0,08571;0,08552;0,08561
29/08/2026 12:00:00;0,08561;0,08565;0,08531;0,08536
29/08/2026 12:05:00;0,08536;0,08546;0,08527;0,085303
29/08/2026 12:10:00;0,085303;0,08536;0,08527;0,08535
29/08/2026 12:15:00;0,08535;0,08537;0,08517;0,08526
29/08/2026 12:20:00;0,08526;0,08543;0,08526;0,0854
29/08/2026 12:25:00;0,0854;0,08541;0,08525;0,08526
29/08/2026 12:30:00;0,08526;0,08526;0,08508;0,08517
29/08/2026 12:35:00;0,08517;0,08524;0,08513;0,08518
29/08/2026 12:40:00;0,08518;0,08524;0,08512;0,08512
29/08/2026 12:45:00;0,08512;0,08531;0,0851;0,0853
29/08/2026 12:50:00;0,0853;0,0853;0,085167;0,08521
29/08/2026 12:55:00;0,08521;0,08521;0,08507;0,08517
29/08/2026 13:00:00;0,08517;0,08531;0,08517;0,08523
29/08/2026 13:05:00;0,08523;0,08536;0,08519;0,08536
29/08/2026 13:10:00;0,08536;0,08541;0,0853;0,08538
29/08/2026 13:15:00;0,08538;0,08555;0,08526;0,08528
29/08/2026 13:20:00;0,08528;0,0853;0,08512;0,08518
29/08/2026 13:25:00;0,08513;0,08526;0,0851;0,08525
29/08/2026 13:30:00;0,08525;0,08542;0,08513;0,08532
29/08/2026 13:35:00;0,08532;0,08536;0,08522;0,08526
29/08/2026 13:40:00;0,08526;0,08535;0,08516;0,08525
29/08/2026 13:45:00;0,08525;0,08538;0,08521;0,08538
29/08/2026 13:50:00;0,08538;0,08546;0,08529;0,08529
29/08/2026 13:55:00;0,08529;0,08533;0,08523;0,08526
29/08/2026 14:00:00;0,08526;0,08532;0,08525;0,0853
29/08/2026 14:05:00;0,0853;0,08531;0,08526;0,08529
29/08/2026 14:10:00;0,08529;0,08537;0,08527;0,08531
29/08/2026 14:15:00;0,08531;0,08537;0,08526;0,08529
29/08/2026 14:20:00;0,08529;0,0853;0,08501;0,08509
29/08/2026 14:25:00;0,08509;0,08509;0,08484;0,08484
29/08/2026 14:30:00;0,08484;0,08496;0,08481;0,08485
29/08/2026 14:35:00;0,08485;0,08495;0,08478;0,08491
29/08/2026 14:40:00;0,08491;0,08504;0,08489;0,08495
29/08/2026 14:45:00;0,08495;0,08506;0,08495;0,08506
29/08/2026 14:50:00;0,08506;0,085069;0,08495;0,08499
29/08/2026 14:55:00;0,08499;0,08512;0,08497;0,08511
29/08/2026 15:00:00;0,08511;0,0852;0,08505;0,08505
29/08/2026 15:05:00;0,08505;0,08511;0,08504;0,08509
29/08/2026 15:10:00;0,08509;0,08513;0,08508;0,08513
29/08/2026 15:15:00;0,08513;0,08517;0,08504;0,08511
29/08/2026 15:20:00;0,08511;0,08529;0,08509;0,08525
29/08/2026 15:25:00;0,08525;0,08525;0,08517;0,08517
29/08/2026 15:30:00;0,08517;0,08522;0,08506;0,08516
29/08/2026 15:35:00;0,08516;0,08535;0,08516;0,08534
29/08/2026 15:40:00;0,08534;0,08542;0,08529;0,08533
29/08/2026 15:45:00;0,08533;0,08553;0,08531;0,08553
29/08/2026 15:50:00;0,08553;0,08553;0,08536;0,08537
29/08/2026 15:55:00;0,08537;0,08537;0,08526;0,08526
29/08/2026 16:00:00;0,08526;0,0854;0,08526;0,08537
29/08/2026 16:05:00;0,08537;0,08546;0,08536;0,08546
29/08/2026 16:10:00;0,08546;0,08546;0,08537;0,08544
29/08/2026 16:15:00;0,08544;0,08552;0,0854;0,08543
29/08/2026 16:20:00;0,08543;0,08544;0,08531;0,08537
29/08/2026 16:25:00;0,08537;0,0854;0,08535;0,08539
29/08/2026 16:30:00;0,08539;0,08547;0,08532;0,08535
29/08/2026 16:35:00;0,08535;0,08541;0,08527;0,08527
29/08/2026 16:40:00;0,08527;0,08537;0,08521;0,0853
29/08/2026 16:45:00;0,0853;0,08531;0,08527;0,08528
29/08/2026 16:50:00;0,08528;0,08529;0,08524;0,08524
29/08/2026 16:55:00;0,08524;0,08525;0,08517;0,08525
29/08/2026 17:00:00;0,08525;0,08537;0,08523;0,08532
29/08/2026 17:05:00;0,08532;0,08539;0,08532;0,08535
29/08/2026 17:10:00;0,08535;0,08538;0,08531;0,08537
29/08/2026 17:15:00;0,08537;0,08546;0,08536;0,08546
29/08/2026 17:20:00;0,08546;0,08549;0,08532;0,08532
29/08/2026 17:25:00;0,08532;0,08533;0,08527;0,08529
29/08/2026 17:30:00;0,08529;0,08529;0,08515;0,08516
29/08/2026 17:35:00;0,08516;0,08529;0,08514;0,08514
29/08/2026 17:40:00;0,08514;0,08528;0,08514;0,08528
29/08/2026 17:45:00;0,08528;0,085286;0,08521;0,08525
29/08/2026 17:50:00;0,08524;0,08528;0,08522;0,08527
29/08/2026 17:55:00;0,08527;0,08529;0,08523;0,08523
29/08/2026 18:00:00;0,08523;0,08525;0,0851;0,08512
29/08/2026 18:05:00;0,08512;0,08527;0,08511;0,08524
29/08/2026 18:10:00;0,08524;0,08531;0,08521;0,08523
29/08/2026 18:15:00;0,08523;0,0853;0,08521;0,08529
29/08/2026 18:20:00;0,08529;0,08529;0,08521;0,08521
29/08/2026 18:25:00;0,08521;0,08521;0,08513;0,08513
29/08/2026 18:30:00;0,08513;0,08519;0,08512;0,08515
29/08/2026 18:35:00;0,08515;0,08519;0,08512;0,08518
29/08/2026 18:40:00;0,08518;0,08518;0,08511;0,08516
29/08/2026 18:45:00;0,08516;0,08519;0,08514;0,08517
29/08/2026 18:50:00;0,08517;0,0852;0,08508;0,08517
29/08/2026 18:55:00;0,08517;0,0852;0,08508;0,08511
29/08/2026 19:00:00;0,08511;0,08514;0,08501;0,08507
29/08/2026 19:05:00;0,08507;0,08514;0,08506;0,08513
29/08/2026 19:10:00;0,08513;0,08516;0,085;0,08504
29/08/2026 19:15:00;0,08504;0,08511;0,08502;0,08503
29/08/2026 19:20:00;0,08503;0,08507;0,08502;0,08506
29/08/2026 19:25:00;0,08506;0,0851;0,085;0,08507
29/08/2026 19:30:00;0,08507;0,08512;0,08507;0,08509
29/08/2026 19:35:00;0,08509;0,08512;0,08508;0,08511
29/08/2026 19:40:00;0,08511;0,08514;0,0851;0,08513
29/08/2026 19:45:00;0,08513;0,08518;0,08513;0,08513
29/08/2026 19:50:00;0,08513;0,08518;0,08512;0,08518
29/08/2026 19:55:00;0,08518;0,08519;0,08515;0,08516
29/08/2026 20:00:00;0,08516;0,08519;0,08513;0,08514
29/08/2026 20:05:00;0,08514;0,08533;0,08508;0,08516
29/08/2026 20:10:00;0,08516;0,08525;0,08516;0,08523
29/08/2026 20:15:00;0,08523;0,08529;0,0852;0,08523
29/08/2026 20:20:00;0,08523;0,08524;0,08511;0,08511
29/08/2026 20:25:00;0,08511;0,0852;0,08502;0,08519
29/08/2026 20:30:00;0,08519;0,08524;0,08513;0,08513
29/08/2026 20:35:00;0,08513;0,08523;0,08513;0,08522
29/08/2026 20:40:00;0,08522;0,08524;0,08518;0,0852
29/08/2026 20:45:00;0,08518;0,08528;0,08518;0,08528
29/08/2026 20:50:00;0,08528;0,08532;0,08525;0,08528
29/08/2026 20:55:00;0,08528;0,08532;0,08526;0,08529
29/08/2026 21:00:00;0,08529;0,08529;0,08522;0,08523
29/08/2026 21:05:00;0,08523;0,08527;0,08519;0,08519
29/08/2026 21:10:00;0,08519;0,08521;0,08514;0,08521
29/08/2026 21:15:00;0,08522;0,08551;0,08522;0,08541
29/08/2026 21:20:00;0,08541;0,08541;0,08524;0,08525
29/08/2026 21:25:00;0,08525;0,08526;0,08523;0,08524
29/08/2026 21:30:00;0,08524;0,08528;0,08517;0,08517
29/08/2026 21:35:00;0,08517;0,0854;0,08517;0,08526
29/08/2026 21:40:00;0,08526;0,08533;0,08518;0,08529
29/08/2026 21:45:00;0,08527;0,08538;0,08524;0,08538
29/08/2026 21:50:00;0,08538;0,0854;0,08527;0,08528
29/08/2026 21:55:00;0,08528;0,08528;0,08515;0,08517
29/08/2026 22:00:00;0,08517;0,08519;0,0851;0,085186
29/08/2026 22:05:00;0,085186;0,085186;0,08506;0,08508
29/08/2026 22:10:00;0,08507;0,08509;0,084993;0,085005
29/08/2026 22:15:00;0,085005;0,08505;0,0849;0,08501
29/08/2026 22:20:00;0,08501;0,08507;0,08497;0,08499
29/08/2026 22:25:00;0,08499;0,08499;0,08493;0,08493
29/08/2026 22:30:00;0,08493;0,08497;0,08486;0,08494
29/08/2026 22:35:00;0,08494;0,08503;0,08493;0,085
29/08/2026 22:40:00;0,085;0,08501;0,08488;0,08488
29/08/2026 22:45:00;0,08488;0,085;0,08488;0,085
29/08/2026 22:50:00;0,085;0,08503;0,08488;0,08491
29/08/2026 22:55:00;0,08491;0,08493;0,0848;0,08491
29/08/2026 23:00:00;0,08491;0,08502;0,08487;0,08501
29/08/2026 23:05:00;0,08501;0,08504;0,08489;0,08497
29/08/2026 23:10:00;0,08497;0,08505;0,08487;0,08505
29/08/2026 23:15:00;0,08505;0,08505;0,08488;0,08495
29/08/2026 23:20:00;0,08495;0,085;0,08492;0,08493
29/08/2026 23:25:00;0,08493;0,08503;0,08489;0,08499
29/08/2026 23:30:00;0,08499;0,08499;0,08489;0,08496
29/08/2026 23:35:00;0,08498;0,08505;0,08493;0,08505
29/08/2026 23:40:00;0,08505;0,0851;0,08501;0,08506
29/08/2026 23:45:00;0,08506;0,08506;0,08496;0,08501
29/08/2026 23:50:00;0,08501;0,08518;0,08501;0,08516
29/08/2026 23:55:00;0,08514;0,085166;0,08504;0,08505
30/08/2026 00:00:00;0,08505;0,08511;0,08497;0,08499
30/08/2026 00:05:00;0,08499;0,08501;0,08488;0,08501
30/08/2026 00:10:00;0,08501;0,08502;0,08499;0,08501
30/08/2026 00:15:00;0,08501;0,08503;0,08487;0,084962
30/08/2026 00:20:00;0,084962;0,08502;0,08492;0,08502
30/08/2026 00:25:00;0,08502;0,0851;0,08501;0,0851
30/08/2026 00:30:00;0,0851;0,08518;0,08504;0,08518
30/08/2026 00:35:00;0,08518;0,08519;0,08509;0,0851
30/08/2026 00:40:00;0,0851;0,08519;0,08507;0,08512
30/08/2026 00:45:00;0,08512;0,08512;0,08504;0,08506
30/08/2026 00:50:00;0,08506;0,08508;0,08503;0,08507
30/08/2026 00:55:00;0,08507;0,08508;0,08501;0,08503
30/08/2026 01:00:00;0,08503;0,08509;0,08501;0,08508
30/08/2026 01:05:00;0,08508;0,08508;0,08496;0,085
30/08/2026 01:10:00;0,085;0,08503;0,08498;0,08503
30/08/2026 01:15:00;0,08503;0,08508;0,08501;0,08504
30/08/2026 01:20:00;0,08505;0,08507;0,08497;0,08497
30/08/2026 01:25:00;0,08497;0,0851;0,08497;0,08506
30/08/2026 01:30:00;0,08506;0,08506;0,08496;0,08496
30/08/2026 01:35:00;0,08496;0,08496;0,08484;0,08487
30/08/2026 01:40:00;0,08487;0,08492;0,08474;0,0848
30/08/2026 01:45:00;0,0848;0,0848;0,08458;0,08463
30/08/2026 01:50:00;0,08463;0,08474;0,08462;0,08473
30/08/2026 01:55:00;0,08473;0,08488;0,08472;0,08488
30/08/2026 02:00:00;0,08488;0,085132;0,08487;0,085132
30/08/2026 02:05:00;0,085132;0,08521;0,08505;0,08507
30/08/2026 02:10:00;0,08507;0,085108;0,085;0,085108
30/08/2026 02:15:00;0,085108;0,085108;0,08499;0,08499
30/08/2026 02:20:00;0,085;0,085;0,08499;0,085
30/08/2026 02:25:00;0,08499;0,085;0,08496;0,085
30/08/2026 02:30:00;0,085;0,08502;0,08497;0,08498
30/08/2026 02:35:00;0,08498;0,08501;0,08495;0,08501
30/08/2026 02:40:00;0,08501;0,08504;0,08498;0,08499
30/08/2026 02:45:00;0,08499;0,08506;0,08498;0,08506
30/08/2026 02:50:00;0,08506;0,08507;0,085;0,08505
30/08/2026 02:55:00;0,08505;0,0851;0,08505;0,08509
30/08/2026 03:00:00;0,0851;0,0851;0,08501;0,08504
30/08/2026 03:05:00;0,08505;0,08505;0,08493;0,08494
30/08/2026 03:10:00;0,08494;0,08496;0,08491;0,08496
30/08/2026 03:15:00;0,08496;0,08499;0,08494;0,08497
30/08/2026 03:20:00;0,08497;0,08508;0,08497;0,08508
30/08/2026 03:25:00;0,08508;0,0851;0,08504;0,08505
30/08/2026 03:30:00;0,08505;0,08506;0,08503;0,08505
30/08/2026 03:35:00;0,08505;0,08514;0,08505;0,08511
30/08/2026 03:40:00;0,08511;0,08521;0,08508;0,0851
30/08/2026 03:45:00;0,0851;0,08515;0,08503;0,08511
30/08/2026 03:50:00;0,08511;0,08511;0,08504;0,0851
30/08/2026 03:55:00;0,0851;0,08519;0,08507;0,08518
30/08/2026 04:00:00;0,08518;0,0852;0,08502;0,08502
30/08/2026 04:05:00;0,08503;0,08505;0,08495;0,08496
30/08/2026 04:10:00;0,08496;0,08497;0,0849;0,08492
30/08/2026 04:15:00;0,08492;0,08494;0,08482;0,08483
30/08/2026 04:20:00;0,08483;0,08486;0,08479;0,08481
30/08/2026 04:25:00;0,08481;0,08483;0,08478;0,08483
30/08/2026 04:30:00;0,08483;0,08487;0,08475;0,08476
30/08/2026 04:35:00;0,08476;0,08479;0,08469;0,08474
30/08/2026 04:40:00;0,08474;0,08478;0,08467;0,0847
30/08/2026 04:45:00;0,0847;0,0847;0,08458;0,08465
30/08/2026 04:50:00;0,08465;0,08477;0,08465;0,08477
30/08/2026 04:55:00;0,08477;0,08477;0,08463;0,08464
30/08/2026 05:00:00;0,08463;0,08473;0,0846;0,08471
30/08/2026 05:05:00;0,08471;0,08476;0,08467;0,08474
30/08/2026 05:10:00;0,08474;0,08476;0,08464;0,08472
30/08/2026 05:15:00;0,08472;0,08477;0,08469;0,08477
30/08/2026 05:20:00;0,08477;0,08479;0,08469;0,08472
30/08/2026 05:25:00;0,08472;0,08474;0,08465;0,08472
30/08/2026 05:30:00;0,08472;0,08473;0,08468;0,08469
30/08/2026 05:35:00;0,08469;0,08469;0,08454;0,08454
30/08/2026 05:40:00;0,08454;0,08458;0,08451;0,08456
30/08/2026 05:45:00;0,08456;0,08457;0,08449;0,08453
30/08/2026 05:50:00;0,08453;0,08459;0,0845;0,08457
30/08/2026 05:55:00;0,08457;0,08463;0,08457;0,08462
30/08/2026 06:00:00;0,08462;0,08468;0,08458;0,08468
30/08/2026 06:05:00;0,08468;0,08469;0,08464;0,08467
30/08/2026 06:10:00;0,08467;0,08471;0,08466;0,0847
30/08/2026 06:15:00;0,0847;0,0847;0,08462;0,08462
30/08/2026 06:20:00;0,08462;0,0847;0,08454;0,08457
30/08/2026 06:25:00;0,08457;0,08458;0,08443;0,08443
30/08/2026 06:30:00;0,08443;0,08466;0,08443;0,08458
30/08/2026 06:35:00;0,08458;0,08459;0,08447;0,08447
30/08/2026 06:40:00;0,08447;0,08458;0,08437;0,08454
30/08/2026 06:45:00;0,08454;0,0846;0,08446;0,08446
30/08/2026 06:50:00;0,08446;0,08454;0,08445;0,08453
30/08/2026 06:55:00;0,08453;0,08464;0,08453;0,0846
30/08/2026 07:00:00;0,0846;0,0846;0,08449;0,08449
30/08/2026 07:05:00;0,08449;0,08468;0,08449;0,08467
30/08/2026 07:10:00;0,08467;0,08473;0,0846;0,0846
30/08/2026 07:15:00;0,08461;0,08464;0,08454;0,08464
30/08/2026 07:20:00;0,08464;0,08475;0,08464;0,08475
30/08/2026 07:25:00;0,08475;0,08483;0,08469;0,08473
30/08/2026 07:30:00;0,08473;0,08484;0,08472;0,08479
30/08/2026 07:35:00;0,08479;0,08492;0,08479;0,08488
30/08/2026 07:40:00;0,08488;0,085;0,08487;0,08499
30/08/2026 07:45:00;0,08499;0,08502;0,08499;0,085
30/08/2026 07:50:00;0,085;0,085;0,08487;0,08488
30/08/2026 07:55:00;0,08488;0,08492;0,08488;0,08488
30/08/2026 08:00:00;0,08488;0,08502;0,08488;0,08495
30/08/2026 08:05:00;0,08495;0,08508;0,08494;0,08507
30/08/2026 08:10:00;0,08507;0,0851;0,08496;0,08504
30/08/2026 08:15:00;0,08504;0,08507;0,08499;0,08504
30/08/2026 08:20:00;0,08504;0,08507;0,08499;0,085
30/08/2026 08:25:00;0,08502;0,08507;0,085;0,08507
30/08/2026 08:30:00;0,08507;0,08507;0,0849;0,0849
30/08/2026 08:35:00;0,0849;0,08492;0,08481;0,08489
30/08/2026 08:40:00;0,08489;0,08503;0,08489;0,08497
30/08/2026 08:45:00;0,08497;0,08502;0,08491;0,08491
30/08/2026 08:50:00;0,08491;0,08491;0,08481;0,08489
30/08/2026 08:55:00;0,0849;0,08498;0,08487;0,08497
30/08/2026 09:00:00;0,08497;0,08507;0,08489;0,08506
30/08/2026 09:05:00;0,08506;0,08538;0,08506;0,08537
30/08/2026 09:10:00;0,08537;0,08544;0,08533;0,08536
30/08/2026 09:15:00;0,08536;0,08536;0,08519;0,08521
30/08/2026 09:20:00;0,08521;0,08527;0,08514;0,08517
30/08/2026 09:25:00;0,08518;0,0853;0,08513;0,0853
30/08/2026 09:30:00;0,0853;0,0854;0,0851;0,08513
30/08/2026 09:35:00;0,08513;0,08518;0,08504;0,08515
30/08/2026 09:40:00;0,08515;0,08531;0,08511;0,08523
30/08/2026 09:45:00;0,08523;0,08525;0,08509;0,08511
30/08/2026 09:50:00;0,08511;0,08522;0,08502;0,08518
30/08/2026 09:55:00;0,08518;0,08546;0,08516;0,085231
30/08/2026 10:00:00;0,085231;0,0854;0,085205;0,08538
30/08/2026 10:05:00;0,08538;0,08538;0,08526;0,08528
30/08/2026 10:10:00;0,08528;0,08536;0,08522;0,08529
30/08/2026 10:15:00;0,08529;0,08535;0,0852;0,08532
30/08/2026 10:20:00;0,08533;0,0854;0,08528;0,08539
30/08/2026 10:25:00;0,08539;0,08541;0,08537;0,08537
30/08/2026 10:30:00;0,08537;0,08543;0,08533;0,08536
30/08/2026 10:35:00;0,08536;0,08544;0,08533;0,08541
30/08/2026 10:40:00;0,08541;0,0855;0,08539;0,08549
30/08/2026 10:45:00;0,08549;0,08574;0,08549;0,08571
30/08/2026 10:50:00;0,08571;0,08571;0,08557;0,08565
30/08/2026 10:55:00;0,08565;0,08582;0,08563;0,08581
30/08/2026 11:00:00;0,08581;0,08581;0,08553;0,08553
30/08/2026 11:05:00;0,08553;0,08554;0,08535;0,08553
30/08/2026 11:10:00;0,08553;0,0857;0,08553;0,08564
30/08/2026 11:15:00;0,08566;0,08568;0,08551;0,08553
30/08/2026 11:20:00;0,08553;0,08558;0,0855;0,08558
30/08/2026 11:25:00;0,08558;0,08563;0,08556;0,08561
30/08/2026 11:30:00;0,08561;0,08567;0,08555;0,08556
30/08/2026 11:35:00;0,08556;0,08556;0,08541;0,08546
30/08/2026 11:40:00;0,08546;0,08556;0,08546;0,08548
30/08/2026 11:45:00;0,08548;0,0855;0,0854;0,08545
30/08/2026 11:50:00;0,08544;0,08553;0,08544;0,08552
30/08/2026 11:55:00;0,08552;0,08556;0,08543;0,08543
30/08/2026 12:00:00;0,08543;0,08551;0,08528;0,08528
30/08/2026 12:05:00;0,08528;0,08555;0,08528;0,08541
30/08/2026 12:10:00;0,08541;0,08541;0,08512;0,08514
30/08/2026 12:15:00;0,08514;0,08528;0,08502;0,08517
30/08/2026 12:20:00;0,08517;0,08537;0,08517;0,08536
30/08/2026 12:25:00;0,08536;0,08542;0,08524;0,0853
30/08/2026 12:30:00;0,0853;0,08547;0,0853;0,08541
30/08/2026 12:35:00;0,08541;0,08548;0,08534;0,0854
30/08/2026 12:40:00;0,0854;0,08541;0,08534;0,0854
30/08/2026 12:45:00;0,0854;0,08544;0,08531;0,08532
30/08/2026 12:50:00;0,08532;0,08541;0,08527;0,08541
30/08/2026 12:55:00;0,08541;0,08541;0,08526;0,08526
30/08/2026 13:00:00;0,08526;0,08552;0,08526;0,08552
30/08/2026 13:05:00;0,08552;0,08564;0,08546;0,08554
30/08/2026 13:10:00;0,08554;0,08592;0,08532;0,08588
30/08/2026 13:15:00;0,08588;0,08603;0,08579;0,08598
30/08/2026 13:20:00;0,08598;0,08598;0,08577;0,0859
30/08/2026 13:25:00;0,0859;0,08593;0,08566;0,08572
30/08/2026 13:30:00;0,08572;0,08592;0,08572;0,08588
30/08/2026 13:35:00;0,08588;0,08602;0,08582;0,08587
30/08/2026 13:40:00;0,08587;0,08606;0,08584;0,08593
30/08/2026 13:45:00;0,08596;0,08608;0,08591;0,08602
30/08/2026 13:50:00;0,08602;0,08614;0,08598;0,08613
30/08/2026 13:55:00;0,08613;0,08647;0,08612;0,08635
30/08/2026 14:00:00;0,08635;0,08635;0,08613;0,08622
30/08/2026 14:05:00;0,08622;0,08633;0,08608;0,08631
30/08/2026 14:10:00;0,08632;0,08641;0,08624;0,08625
30/08/2026 14:15:00;0,08625;0,08625;0,08588;0,08595
30/08/2026 14:20:00;0,08595;0,08595;0,08548;0,08553
30/08/2026 14:25:00;0,08553;0,08563;0,08534;0,08563
30/08/2026 14:30:00;0,08563;0,08587;0,08548;0,08586
30/08/2026 14:35:00;0,08586;0,08593;0,08578;0,08592
30/08/2026 14:40:00;0,08592;0,08594;0,08579;0,08593
30/08/2026 14:45:00;0,08593;0,08598;0,08581;0,08582
30/08/2026 14:50:00;0,08583;0,08587;0,08574;0,08586
30/08/2026 14:55:00;0,08586;0,08596;0,08573;0,08595
30/08/2026 15:00:00;0,08595;0,08602;0,08588;0,08597
30/08/2026 15:05:00;0,08597;0,08597;0,08569;0,08569
30/08/2026 15:10:00;0,08569;0,08575;0,08558;0,08574
30/08/2026 15:15:00;0,08574;0,08593;0,08574;0,08593
30/08/2026 15:20:00;0,08593;0,08597;0,08587;0,08592
30/08/2026 15:25:00;0,08592;0,0862;0,08591;0,08616
30/08/2026 15:30:00;0,08616;0,08648;0,08616;0,08646
30/08/2026 15:35:00;0,08646;0,08648;0,08637;0,0864
30/08/2026 15:40:00;0,0864;0,08645;0,08631;0,0864
30/08/2026 15:45:00;0,0864;0,08648;0,08635;0,08644
30/08/2026 15:50:00;0,08644;0,08648;0,08628;0,08633
30/08/2026 15:55:00;0,08633;0,08644;0,08632;0,08637
30/08/2026 16:00:00;0,08637;0,08637;0,08611;0,08612
30/08/2026 16:05:00;0,08612;0,08619;0,08599;0,08611
30/08/2026 16:10:00;0,08611;0,08635;0,08611;0,08634
30/08/2026 16:15:00;0,08634;0,08636;0,08616;0,08618
30/08/2026 16:20:00;0,08618;0,08618;0,08596;0,086
30/08/2026 16:25:00;0,086;0,08606;0,08594;0,08596
30/08/2026 16:30:00;0,08596;0,08606;0,08584;0,08589
30/08/2026 16:35:00;0,08589;0,08589;0,08572;0,08572
30/08/2026 16:40:00;0,08572;0,08582;0,08567;0,08568
30/08/2026 16:45:00;0,08568;0,08577;0,08553;0,08569
30/08/2026 16:50:00;0,08568;0,08575;0,08567;0,08571
30/08/2026 16:55:00;0,08571;0,08584;0,0857;0,08582
30/08/2026 17:00:00;0,08582;0,08592;0,08577;0,08577
30/08/2026 17:05:00;0,08577;0,08589;0,08576;0,08588
30/08/2026 17:10:00;0,08588;0,08595;0,08581;0,08582
30/08/2026 17:15:00;0,08582;0,08589;0,08566;0,08577
30/08/2026 17:20:00;0,08577;0,08588;0,08572;0,08587
30/08/2026 17:25:00;0,08587;0,0859;0,08558;0,0856
30/08/2026 17:30:00;0,0856;0,0856;0,08529;0,08544
30/08/2026 17:35:00;0,08544;0,08566;0,08534;0,08536
30/08/2026 17:40:00;0,08536;0,08536;0,08476;0,08484
30/08/2026 17:45:00;0,08484;0,08528;0,08484;0,08527
30/08/2026 17:50:00;0,08527;0,08544;0,08527;0,0853
30/08/2026 17:55:00;0,0853;0,08532;0,08512;0,08514
30/08/2026 18:00:00;0,08514;0,08514;0,08405;0,08459
30/08/2026 18:05:00;0,08459;0,08472;0,08449;0,0847
30/08/2026 18:10:00;0,0847;0,08479;0,08449;0,08461
30/08/2026 18:15:00;0,08461;0,08472;0,08452;0,08462
30/08/2026 18:20:00;0,08462;0,08468;0,08434;0,08452
30/08/2026 18:25:00;0,08452;0,08474;0,08449;0,08469
30/08/2026 18:30:00;0,08469;0,08495;0,08468;0,08493
30/08/2026 18:35:00;0,08493;0,08496;0,08468;0,08474
30/08/2026 18:40:00;0,08474;0,08474;0,08448;0,08451
30/08/2026 18:45:00;0,08451;0,08452;0,08425;0,08439
30/08/2026 18:50:00;0,08439;0,08445;0,08435;0,08437
30/08/2026 18:55:00;0,08437;0,0846;0,084369;0,0846
30/08/2026 19:00:00;0,0846;0,08501;0,08432;0,08478
30/08/2026 19:05:00;0,08478;0,08483;0,0845;0,08453
30/08/2026 19:10:00;0,08453;0,08453;0,08426;0,08432
30/08/2026 19:15:00;0,08432;0,08435;0,08405;0,08427
30/08/2026 19:20:00;0,08427;0,08431;0,08363;0,08379
30/08/2026 19:25:00;0,08379;0,0838;0,08343;0,08373
30/08/2026 19:30:00;0,08375;0,08379;0,08327;0,08365
30/08/2026 19:35:00;0,08365;0,08377;0,08351;0,08375
30/08/2026 19:40:00;0,08375;0,08389;0,0837;0,083725
30/08/2026 19:45:00;0,083725;0,08377;0,08357;0,08357
30/08/2026 19:50:00;0,08357;0,08366;0,08353;0,0836
30/08/2026 19:55:00;0,0836;0,08377;0,08353;0,08367
30/08/2026 20:00:00;0,08367;0,08367;0,08337;0,08338
30/08/2026 20:05:00;0,08338;0,08356;0,08336;0,08338
30/08/2026 20:10:00;0,08338;0,0835;0,0832;0,08335
30/08/2026 20:15:00;0,08335;0,08343;0,08274;0,08321
30/08/2026 20:20:00;0,08321;0,08326;0,08233;0,08256
30/08/2026 20:25:00;0,08256;0,08269;0,08157;0,08179
30/08/2026 20:30:00;0,08179;0,08218;0,08159;0,08207
30/08/2026 20:35:00;0,08207;0,08207;0,08158;0,08161
30/08/2026 20:40:00;0,08161;0,08182;0,08141;0,08165
30/08/2026 20:45:00;0,08165;0,08171;0,08084;0,0814
30/08/2026 20:50:00;0,0814;0,08191;0,0814;0,08184
30/08/2026 20:55:00;0,08184;0,08223;0,08183;0,08205
30/08/2026 21:00:00;0,08205;0,08216;0,08181;0,08215
30/08/2026 21:05:00;0,08215;0,08215;0,08164;0,08166
30/08/2026 21:10:00;0,08166;0,08208;0,08166;0,08204
30/08/2026 21:15:00;0,08204;0,08231;0,08197;0,08223
30/08/2026 21:20:00;0,08223;0,08244;0,08222;0,08241
30/08/2026 21:25:00;0,08241;0,08241;0,08229;0,08233
30/08/2026 21:30:00;0,08233;0,082532;0,08231;0,082532
30/08/2026 21:35:00;0,082532;0,08274;0,08248;0,08251
30/08/2026 21:40:00;0,08251;0,08261;0,0825;0,08252
30/08/2026 21:45:00;0,08252;0,08252;0,08241;0,08248
30/08/2026 21:50:00;0,08246;0,08255;0,08246;0,08253
30/08/2026 21:55:00;0,08253;0,08256;0,08237;0,08241
30/08/2026 22:00:00;0,08241;0,08248;0,08222;0,082239
30/08/2026 22:05:00;0,082239;0,082239;0,08175;0,08182
30/08/2026 22:10:00;0,08182;0,08202;0,08177;0,08181
30/08/2026 22:15:00;0,08181;0,082025;0,081767;0,082025
30/08/2026 22:20:00;0,082025;0,08224;0,08199;0,08208
30/08/2026 22:25:00;0,08208;0,08221;0,082066;0,0821
30/08/2026 22:30:00;0,0821;0,08214;0,08179;0,08187
30/08/2026 22:35:00;0,08187;0,08224;0,08181;0,08204
30/08/2026 22:40:00;0,08204;0,08205;0,08174;0,08182
30/08/2026 22:45:00;0,08179;0,08194;0,08176;0,08177
30/08/2026 22:50:00;0,08177;0,0819;0,08166;0,08167
30/08/2026 22:55:00;0,08167;0,08179;0,08153;0,0816
30/08/2026 23:00:00;0,0816;0,08168;0,08142;0,08168
30/08/2026 23:05:00;0,08168;0,08191;0,08167;0,0819
30/08/2026 23:10:00;0,0819;0,08234;0,0819;0,08228
30/08/2026 23:15:00;0,08222;0,082423;0,08212;0,08214
30/08/2026 23:20:00;0,08214;0,08219;0,0821;0,08211
30/08/2026 23:25:00;0,08211;0,0822;0,08203;0,08212
30/08/2026 23:30:00;0,08212;0,08223;0,08204;0,08204
30/08/2026 23:35:00;0,08204;0,0821;0,08194;0,08206
30/08/2026 23:40:00;0,08206;0,08208;0,08197;0,08198
30/08/2026 23:45:00;0,08198;0,08203;0,08182;0,08183
30/08/2026 23:50:00;0,08183;0,08186;0,08161;0,08166
30/08/2026 23:55:00;0,08165;0,08182;0,08158;0,0818
31/08/2026 00:00:00;0,0818;0,08207;0,08174;0,082
31/08/2026 00:05:00;0,08199;0,08213;0,08194;0,08213
31/08/2026 00:10:00;0,08213;0,08216;0,08205;0,08205
31/08/2026 00:15:00;0,08205;0,08217;0,08198;0,08199
31/08/2026 00:20:00;0,08199;0,08219;0,08199;0,08219
31/08/2026 00:25:00;0,08219;0,082204;0,08215;0,082204
31/08/2026 00:30:00;0,082204;0,082204;0,08211;0,08211
31/08/2026 00:35:00;0,08211;0,082303;0,08211;0,08224
31/08/2026 00:40:00;0,08224;0,08244;0,08223;0,08241
31/08/2026 00:45:00;0,08241;0,08255;0,08241;0,08252
31/08/2026 00:50:00;0,08251;0,08252;0,08245;0,08248
31/08/2026 00:55:00;0,08248;0,08265;0,08229;0,08265
31/08/2026 01:00:00;0,08265;0,08265;0,08203;0,08207
31/08/2026 01:05:00;0,08207;0,08224;0,08201;0,08206
31/08/2026 01:10:00;0,08206;0,08218;0,08201;0,08207
31/08/2026 01:15:00;0,08207;0,08208;0,08202;0,08204
31/08/2026 01:20:00;0,08204;0,08208;0,0819;0,08196
31/08/2026 01:25:00;0,08196;0,08204;0,08193;0,08196
31/08/2026 01:30:00;0,08196;0,082;0,0819;0,08199
31/08/2026 01:35:00;0,08199;0,0821;0,08194;0,0821
31/08/2026 01:40:00;0,0821;0,08214;0,08202;0,08205
31/08/2026 01:45:00;0,08205;0,08208;0,08192;0,08192
31/08/2026 01:50:00;0,08192;0,08217;0,08192;0,08216
31/08/2026 01:55:00;0,08216;0,08222;0,08209;0,08213
31/08/2026 02:00:00;0,08213;0,08223;0,08201;0,08223
31/08/2026 02:05:00;0,08223;0,08234;0,08218;0,08224
31/08/2026 02:10:00;0,08224;0,08234;0,08218;0,08226
31/08/2026 02:15:00;0,08226;0,08273;0,08226;0,08273
31/08/2026 02:20:00;0,08274;0,08295;0,08263;0,08294
31/08/2026 02:25:00;0,08294;0,08305;0,08281;0,08292
31/08/2026 02:30:00;0,08292;0,08295;0,08279;0,08288
31/08/2026 02:35:00;0,08288;0,08288;0,08263;0,08268
31/08/2026 02:40:00;0,08268;0,08284;0,08267;0,08282
31/08/2026 02:45:00;0,08283;0,08289;0,08281;0,08289
31/08/2026 02:50:00;0,08289;0,08293;0,08283;0,08288
31/08/2026 02:55:00;0,08288;0,0829;0,08277;0,0828
31/08/2026 03:00:00;0,0828;0,08294;0,08276;0,08286
31/08/2026 03:05:00;0,08286;0,08286;0,08261;0,08278
31/08/2026 03:10:00;0,08278;0,08285;0,08273;0,08277
31/08/2026 03:15:00;0,08278;0,08295;0,08278;0,08287
31/08/2026 03:20:00;0,08287;0,08287;0,08265;0,08271
31/08/2026 03:25:00;0,08271;0,08292;0,0827;0,08275
31/08/2026 03:30:00;0,08275;0,08278;0,08261;0,08266
31/08/2026 03:35:00;0,08265;0,0828;0,08261;0,08276
31/08/2026 03:40:00;0,08276;0,08278;0,08272;0,08274
31/08/2026 03:45:00;0,08274;0,0828;0,08269;0,08277
31/08/2026 03:50:00;0,08277;0,0828;0,08269;0,08279
31/08/2026 03:55:00;0,08278;0,08282;0,08271;0,08274
31/08/2026 04:00:00;0,08274;0,08282;0,08264;0,08268
31/08/2026 04:05:00;0,08268;0,08272;0,08262;0,08269
31/08/2026 04:10:00;0,08269;0,08284;0,08269;0,08274
31/08/2026 04:15:00;0,08274;0,08284;0,08274;0,08275
31/08/2026 04:20:00;0,08275;0,08287;0,08273;0,08287
31/08/2026 04:25:00;0,08287;0,08293;0,08274;0,08277
31/08/2026 04:30:00;0,08277;0,08277;0,08255;0,08267
31/08/2026 04:35:00;0,08267;0,0827;0,08262;0,08269
31/08/2026 04:40:00;0,08269;0,08274;0,08262;0,08269
31/08/2026 04:45:00;0,08269;0,0827;0,08259;0,0826
31/08/2026 04:50:00;0,0826;0,08265;0,0826;0,08265
31/08/2026 04:55:00;0,08265;0,08276;0,08265;0,08273
31/08/2026 05:00:00;0,08273;0,0828;0,08262;0,08262
31/08/2026 05:05:00;0,08262;0,08266;0,08249;0,08265
31/08/2026 05:10:00;0,08265;0,08286;0,08263;0,0827
31/08/2026 05:15:00;0,0827;0,0827;0,08253;0,08253
31/08/2026 05:20:00;0,08253;0,08257;0,08242;0,0825
31/08/2026 05:25:00;0,0825;0,08255;0,08242;0,08254
31/08/2026 05:30:00;0,08254;0,08263;0,0825;0,08257
31/08/2026 05:35:00;0,08257;0,08263;0,08251;0,08262
31/08/2026 05:40:00;0,08262;0,08298;0,08257;0,08274
31/08/2026 05:45:00;0,08274;0,08283;0,08268;0,08278
31/08/2026 05:50:00;0,08278;0,08288;0,08274;0,08279
31/08/2026 05:55:00;0,0828;0,08284;0,08278;0,0828
31/08/2026 06:00:00;0,0828;0,08281;0,08269;0,08272
31/08/2026 06:05:00;0,08272;0,08314;0,0827;0,08307
31/08/2026 06:10:00;0,08307;0,08307;0,08282;0,08283
31/08/2026 06:15:00;0,08283;0,08298;0,08277;0,08297
31/08/2026 06:20:00;0,08296;0,0831;0,08292;0,08306
31/08/2026 06:25:00;0,08306;0,08314;0,0829;0,08291
31/08/2026 06:30:00;0,08291;0,08303;0,0829;0,08297
31/08/2026 06:35:00;0,08297;0,083;0,08291;0,08297
31/08/2026 06:40:00;0,08297;0,08306;0,08293;0,08301
31/08/2026 06:45:00;0,08301;0,08318;0,083;0,08302
31/08/2026 06:50:00;0,08302;0,08302;0,08285;0,0829
31/08/2026 06:55:00;0,0829;0,0829;0,08282;0,08286
31/08/2026 07:00:00;0,08286;0,08288;0,08265;0,0827
31/08/2026 07:05:00;0,0827;0,08275;0,08257;0,08267
31/08/2026 07:10:00;0,08267;0,08296;0,08264;0,08294
31/08/2026 07:15:00;0,08294;0,08294;0,0827;0,08273
31/08/2026 07:20:00;0,08273;0,08281;0,08271;0,08273
31/08/2026 07:25:00;0,08273;0,08281;0,08271;0,08278
31/08/2026 07:30:00;0,08278;0,08281;0,08269;0,0828
31/08/2026 07:35:00;0,0828;0,08289;0,08277;0,08286
31/08/2026 07:40:00;0,08286;0,08294;0,08279;0,08293
31/08/2026 07:45:00;0,08293;0,08303;0,0829;0,08302
31/08/2026 07:50:00;0,08302;0,08327;0,08295;0,08315
31/08/2026 07:55:00;0,08315;0,08317;0,08303;0,08308
31/08/2026 08:00:00;0,08308;0,08308;0,08292;0,08295
31/08/2026 08:05:00;0,08295;0,08309;0,08286;0,08298
31/08/2026 08:10:00;0,08298;0,08313;0,08298;0,08305
31/08/2026 08:15:00;0,08305;0,08314;0,08297;0,0831
31/08/2026 08:20:00;0,0831;0,08311;0,08298;0,08299
31/08/2026 08:25:00;0,08299;0,083;0,0829;0,08291
31/08/2026 08:30:00;0,08291;0,08291;0,08286;0,08286
31/08/2026 08:35:00;0,08286;0,08291;0,08283;0,08284
31/08/2026 08:40:00;0,08284;0,08288;0,08274;0,08279
31/08/2026 08:45:00;0,08279;0,08283;0,0827;0,0827
31/08/2026 08:50:00;0,0827;0,08271;0,0826;0,08266
31/08/2026 08:55:00;0,08266;0,08271;0,08261;0,08267
31/08/2026 09:00:00;0,08265;0,08293;0,08258;0,08291
31/08/2026 09:05:00;0,08291;0,08298;0,08282;0,08291
31/08/2026 09:10:00;0,08291;0,08302;0,08287;0,08288
31/08/2026 09:15:00;0,08288;0,08306;0,08275;0,08304
31/08/2026 09:20:00;0,08304;0,08304;0,08279;0,0828
31/08/2026 09:25:00;0,0828;0,08287;0,08258;0,08278
31/08/2026 09:30:00;0,08278;0,08289;0,08264;0,08287
31/08/2026 09:35:00;0,08287;0,08292;0,08259;0,0826
31/08/2026 09:40:00;0,0826;0,08261;0,08232;0,0825
31/08/2026 09:45:00;0,0825;0,08252;0,08233;0,0824
31/08/2026 09:50:00;0,0824;0,08255;0,0824;0,08246
31/08/2026 09:55:00;0,08246;0,08266;0,08243;0,08266
31/08/2026 10:00:00;0,08266;0,08295;0,08264;0,08274
31/08/2026 10:05:00;0,08274;0,08281;0,0827;0,08273
31/08/2026 10:10:00;0,08273;0,08274;0,08268;0,08271
31/08/2026 10:15:00;0,08271;0,08281;0,08259;0,0826
31/08/2026 10:20:00;0,0826;0,08275;0,0826;0,08268
31/08/2026 10:25:00;0,08268;0,08268;0,0825;0,08265
31/08/2026 10:30:00;0,08265;0,08286;0,08247;0,08261
31/08/2026 10:35:00;0,08261;0,08271;0,08245;0,08266
31/08/2026 10:40:00;0,08266;0,08278;0,08248;0,08249
31/08/2026 10:45:00;0,08249;0,0825;0,08217;0,08225
31/08/2026 10:50:00;0,08225;0,08232;0,08203;0,08221
31/08/2026 10:55:00;0,08221;0,08234;0,08213;0,08216
31/08/2026 11:00:00;0,08216;0,0824;0,08211;0,08232
31/08/2026 11:05:00;0,08232;0,08244;0,08211;0,08237
31/08/2026 11:10:00;0,08237;0,08241;0,08217;0,0822
31/08/2026 11:15:00;0,0822;0,08242;0,08208;0,08242
31/08/2026 11:20:00;0,08242;0,08252;0,08214;0,08214
31/08/2026 11:25:00;0,08214;0,08239;0,08207;0,08237
31/08/2026 11:30:00;0,08237;0,08253;0,08232;0,08233
31/08/2026 11:35:00;0,08233;0,08269;0,08233;0,08262
31/08/2026 11:40:00;0,08262;0,08325;0,0826;0,08306
31/08/2026 11:45:00;0,08306;0,08327;0,083;0,08302
31/08/2026 11:50:00;0,08302;0,08309;0,08292;0,08301
31/08/2026 11:55:00;0,08301;0,08317;0,0829;0,08301
31/08/2026 12:00:00;0,08301;0,08313;0,08291;0,08293
31/08/2026 12:05:00;0,08293;0,08309;0,08286;0,08298
31/08/2026 12:10:00;0,08298;0,08298;0,08269;0,08269
31/08/2026 12:15:00;0,08269;0,08284;0,08256;0,08263
31/08/2026 12:20:00;0,08263;0,08279;0,08257;0,08278
31/08/2026 12:25:00;0,08278;0,08303;0,08268;0,08293
31/08/2026 12:30:00;0,08293;0,08308;0,08281;0,08299
31/08/2026 12:35:00;0,08299;0,08305;0,08288;0,08296
31/08/2026 12:40:00;0,08296;0,0833;0,08294;0,08322
31/08/2026 12:45:00;0,08322;0,08326;0,083;0,08304
31/08/2026 12:50:00;0,08304;0,0831;0,08291;0,08296
31/08/2026 12:55:00;0,08296;0,08301;0,08279;0,08283
31/08/2026 13:00:00;0,08283;0,08297;0,08273;0,08285
31/08/2026 13:05:00;0,08285;0,083;0,08274;0,0828
31/08/2026 13:10:00;0,0828;0,08302;0,08277;0,08285
31/08/2026 13:15:00;0,08285;0,08303;0,08267;0,08291
31/08/2026 13:20:00;0,08295;0,08295;0,08274;0,08275
31/08/2026 13:25:00;0,08275;0,0829;0,08267;0,08287
31/08/2026 13:30:00;0,08287;0,08302;0,08284;0,08295
31/08/2026 13:35:00;0,08295;0,0831;0,08295;0,083
31/08/2026 13:40:00;0,083;0,08327;0,08297;0,08313
31/08/2026 13:45:00;0,08313;0,08318;0,08295;0,08306
31/08/2026 13:50:00;0,08306;0,08312;0,083;0,08305
31/08/2026 13:55:00;0,08305;0,08323;0,08291;0,08291
31/08/2026 14:00:00;0,08291;0,08303;0,08287;0,08295
31/08/2026 14:05:00;0,08295;0,083;0,08292;0,083
31/08/2026 14:10:00;0,083;0,08318;0,08298;0,08312
31/08/2026 14:15:00;0,08312;0,08315;0,08293;0,08304
31/08/2026 14:20:00;0,08304;0,0833;0,08304;0,08308
31/08/2026 14:25:00;0,08308;0,08309;0,08278;0,08289
31/08/2026 14:30:00;0,08289;0,08312;0,08289;0,08302
31/08/2026 14:35:00;0,08302;0,08325;0,08297;0,08325
31/08/2026 14:40:00;0,08325;0,08347;0,08325;0,08327
31/08/2026 14:45:00;0,08327;0,08338;0,08321;0,08327
31/08/2026 14:50:00;0,08327;0,08342;0,08327;0,08339
31/08/2026 14:55:00;0,0834;0,0834;0,08332;0,08333
31/08/2026 15:00:00;0,08333;0,08333;0,08323;0,08325
31/08/2026 15:05:00;0,08325;0,08329;0,0832;0,08328
31/08/2026 15:10:00;0,08328;0,08329;0,08319;0,08329
31/08/2026 15:15:00;0,08329;0,08352;0,08326;0,08347
31/08/2026 15:20:00;0,08347;0,08347;0,08316;0,08317
31/08/2026 15:25:00;0,08317;0,08327;0,08309;0,08321
31/08/2026 15:30:00;0,08321;0,08336;0,08316;0,08332
31/08/2026 15:35:00;0,08332;0,08353;0,08331;0,08344
31/08/2026 15:40:00;0,08344;0,08398;0,0834;0,08392
31/08/2026 15:45:00;0,08392;0,08392;0,08357;0,08359
31/08/2026 15:50:00;0,08359;0,0836;0,08345;0,08346
31/08/2026 15:55:00;0,08346;0,08357;0,08343;0,08345
31/08/2026 16:00:00;0,08345;0,0836;0,08345;0,08356
31/08/2026 16:05:00;0,08356;0,08368;0,08352;0,08362
31/08/2026 16:10:00;0,08362;0,08372;0,08355;0,08356
31/08/2026 16:15:00;0,08356;0,08356;0,08335;0,08337
31/08/2026 16:20:00;0,08337;0,08341;0,08329;0,08341
31/08/2026 16:25:00;0,08341;0,08341;0,08328;0,08336
31/08/2026 16:30:00;0,08334;0,08334;0,08315;0,08324
31/08/2026 16:35:00;0,08324;0,08332;0,08319;0,0832
31/08/2026 16:40:00;0,0832;0,08322;0,08308;0,08318
31/08/2026 16:45:00;0,08318;0,08337;0,08314;0,08337
31/08/2026 16:50:00;0,08337;0,08343;0,08326;0,08327
31/08/2026 16:55:00;0,08327;0,0833;0,08318;0,08324
31/08/2026 17:00:00;0,08324;0,08334;0,08322;0,08328
31/08/2026 17:05:00;0,08328;0,08331;0,08322;0,08325
31/08/2026 17:10:00;0,08325;0,08332;0,08321;0,08332
31/08/2026 17:15:00;0,08332;0,08349;0,08331;0,08347
31/08/2026 17:20:00;0,08347;0,08355;0,08337;0,08339
31/08/2026 17:25:00;0,08339;0,08339;0,0832;0,08321
31/08/2026 17:30:00;0,08321;0,08332;0,08318;0,08318
31/08/2026 17:35:00;0,08318;0,0832;0,08315;0,08316
31/08/2026 17:40:00;0,08316;0,08335;0,08316;0,08326
31/08/2026 17:45:00;0,08326;0,08333;0,08319;0,08319
31/08/2026 17:50:00;0,08319;0,08331;0,08316;0,08331
31/08/2026 17:55:00;0,08331;0,08335;0,08319;0,08327
31/08/2026 18:00:00;0,08327;0,08327;0,08307;0,08319
31/08/2026 18:05:00;0,0832;0,08326;0,08308;0,08326
31/08/2026 18:10:00;0,08326;0,08326;0,08307;0,08307
31/08/2026 18:15:00;0,08308;0,08308;0,08293;0,08293
31/08/2026 18:20:00;0,08293;0,08309;0,0829;0,08308
31/08/2026 18:25:00;0,08308;0,08324;0,08305;0,08324
31/08/2026 18:30:00;0,08324;0,08342;0,08321;0,08329
31/08/2026 18:35:00;0,08329;0,08336;0,08327;0,08329
31/08/2026 18:40:00;0,08329;0,08334;0,08326;0,08334
31/08/2026 18:45:00;0,08334;0,08348;0,08334;0,08345
31/08/2026 18:50:00;0,08345;0,08345;0,08332;0,08333
31/08/2026 18:55:00;0,08333;0,0834;0,08326;0,08336
31/08/2026 19:00:00;0,08336;0,08344;0,08316;0,08317
31/08/2026 19:05:00;0,08317;0,0833;0,08316;0,08329
31/08/2026 19:10:00;0,08329;0,08329;0,08316;0,08316
31/08/2026 19:15:00;0,08316;0,08316;0,083027;0,08304
31/08/2026 19:20:00;0,08304;0,08306;0,08301;0,08304
31/08/2026 19:25:00;0,08304;0,08307;0,08302;0,08302
31/08/2026 19:30:00;0,08302;0,08308;0,08302;0,08307
31/08/2026 19:35:00;0,08306;0,08306;0,08302;0,08306
31/08/2026 19:40:00;0,08306;0,08306;0,08294;0,083
31/08/2026 19:45:00;0,083;0,08302;0,08288;0,08299
31/08/2026 19:50:00;0,08299;0,08306;0,08298;0,08305
31/08/2026 19:55:00;0,08305;0,08309;0,08301;0,08305
31/08/2026 20:00:00;0,08305;0,08305;0,08266;0,08269
31/08/2026 20:05:00;0,08269;0,08291;0,08269;0,08291
31/08/2026 20:10:00;0,08291;0,08291;0,08285;0,08287
31/08/2026 20:15:00;0,08287;0,08293;0,08285;0,08293
31/08/2026 20:20:00;0,08293;0,08293;0,08289;0,08291
31/08/2026 20:25:00;0,08291;0,08295;0,0829;0,08295
31/08/2026 20:30:00;0,08295;0,08295;0,08287;0,08288
31/08/2026 20:35:00;0,08288;0,08288;0,0828;0,08283
31/08/2026 20:40:00;0,08285;0,08286;0,08277;0,08277
31/08/2026 20:45:00;0,08277;0,08281;0,08275;0,0828
31/08/2026 20:50:00;0,0828;0,08286;0,08279;0,08282
31/08/2026 20:55:00;0,08282;0,08287;0,08281;0,08285
31/08/2026 21:00:00;0,08285;0,08285;0,08279;0,08281
31/08/2026 21:05:00;0,08281;0,08287;0,08276;0,08287
31/08/2026 21:10:00;0,08287;0,08299;0,08277;0,08296
31/08/2026 21:15:00;0,08296;0,08315;0,08295;0,0831
31/08/2026 21:20:00;0,0831;0,08317;0,08309;0,08314
31/08/2026 21:25:00;0,08314;0,08317;0,0831;0,08313
31/08/2026 21:30:00;0,08314;0,08314;0,08296;0,08312
31/08/2026 21:35:00;0,08312;0,08327;0,08312;0,08313
31/08/2026 21:40:00;0,08313;0,08314;0,08299;0,08307
31/08/2026 21:45:00;0,08307;0,08328;0,08307;0,08326
31/08/2026 21:50:00;0,08326;0,08329;0,08306;0,08306
31/08/2026 21:55:00;0,08305;0,08308;0,08296;0,08307
31/08/2026 22:00:00;0,08307;0,08317;0,083;0,08315
31/08/2026 22:05:00;0,08315;0,08326;0,08305;0,08308
31/08/2026 22:10:00;0,08308;0,08308;0,08285;0,0829
31/08/2026 22:15:00;0,0829;0,08296;0,08281;0,08293
31/08/2026 22:20:00;0,08293;0,08293;0,08281;0,08286
31/08/2026 22:25:00;0,08286;0,08286;0,08256;0,08269
31/08/2026 22:30:00;0,08269;0,08276;0,08262;0,08276
31/08/2026 22:35:00;0,08276;0,08287;0,08276;0,08286
31/08/2026 22:40:00;0,08286;0,08293;0,08286;0,08291
31/08/2026 22:45:00;0,08291;0,08294;0,08282;0,08288
31/08/2026 22:50:00;0,08288;0,08294;0,08286;0,08286
31/08/2026 22:55:00;0,08286;0,08288;0,08273;0,08281
31/08/2026 23:00:00;0,08281;0,08281;0,08265;0,08275
31/08/2026 23:05:00;0,08275;0,08285;0,08266;0,08266
31/08/2026 23:10:00;0,08266;0,08275;0,08255;0,08275
31/08/2026 23:15:00;0,08275;0,08278;0,0827;0,08278
31/08/2026 23:20:00;0,08278;0,08291;0,08277;0,08291
31/08/2026 23:25:00;0,08291;0,083;0,08279;0,08279
31/08/2026 23:30:00;0,08279;0,08296;0,08279;0,08292
31/08/2026 23:35:00;0,08289;0,0829;0,08277;0,08277
31/08/2026 23:40:00;0,08277;0,08284;0,08272;0,08275
31/08/2026 23:45:00;0,08275;0,08287;0,08268;0,08281
31/08/2026 23:50:00;0,08281;0,08288;0,0828;0,08283
31/08/2026 23:55:00;0,08283;0,08287;0,08283;0,08286
01/09/2026 00:00:00;0,08288;0,08288;0,08281;0,08286
01/09/2026 00:05:00;0,08286;0,08292;0,08283;0,08287
01/09/2026 00:10:00;0,08287;0,08295;0,08284;0,0829
01/09/2026 00:15:00;0,0829;0,08302;0,08286;0,08301
01/09/2026 00:20:00;0,08301;0,08304;0,08292;0,08292
01/09/2026 00:25:00;0,08292;0,08302;0,08285;0,08301
01/09/2026 00:30:00;0,08301;0,08328;0,08301;0,08328
01/09/2026 00:35:00;0,08328;0,08346;0,08327;0,08335
01/09/2026 00:40:00;0,08335;0,08344;0,08332;0,08339
01/09/2026 00:45:00;0,08339;0,08339;0,08319;0,0832
01/09/2026 00:50:00;0,0832;0,08325;0,08318;0,08319
01/09/2026 00:55:00;0,08319;0,08321;0,08316;0,08321
01/09/2026 01:00:00;0,08321;0,08334;0,08321;0,08324
01/09/2026 01:05:00;0,08324;0,08329;0,08318;0,08329
01/09/2026 01:10:00;0,08329;0,08332;0,08316;0,08323
01/09/2026 01:15:00;0,08323;0,08337;0,08323;0,08333
01/09/2026 01:20:00;0,08333;0,08339;0,08332;0,08335
01/09/2026 01:25:00;0,08335;0,08346;0,08335;0,08336
01/09/2026 01:30:00;0,08336;0,08344;0,08331;0,08333
01/09/2026 01:35:00;0,08333;0,08333;0,08327;0,08328
01/09/2026 01:40:00;0,08328;0,08333;0,08326;0,08327
01/09/2026 01:45:00;0,08327;0,08329;0,0832;0,08326
01/09/2026 01:50:00;0,08326;0,08331;0,08318;0,08319
01/09/2026 01:55:00;0,08319;0,08322;0,08311;0,08319
01/09/2026 02:00:00;0,08319;0,08338;0,08315;0,08338
01/09/2026 02:05:00;0,08338;0,08349;0,08335;0,08342
01/09/2026 02:10:00;0,08342;0,08342;0,08328;0,08328
01/09/2026 02:15:00;0,08328;0,08338;0,08328;0,08329
01/09/2026 02:20:00;0,08329;0,08329;0,0832;0,08323
01/09/2026 02:25:00;0,08323;0,08341;0,0832;0,0834
01/09/2026 02:30:00;0,0834;0,08362;0,08339;0,08361
01/09/2026 02:35:00;0,08361;0,08369;0,08359;0,08361
01/09/2026 02:40:00;0,08361;0,08382;0,08359;0,08382
01/09/2026 02:45:00;0,08382;0,08393;0,08375;0,08393
01/09/2026 02:50:00;0,08388;0,08403;0,08382;0,08391
01/09/2026 02:55:00;0,08391;0,08393;0,08381;0,08387
01/09/2026 03:00:00;0,08387;0,08387;0,08375;0,08379
01/09/2026 03:05:00;0,08379;0,08381;0,08361;0,08361
01/09/2026 03:10:00;0,08361;0,08374;0,08357;0,08374
01/09/2026 03:15:00;0,08374;0,08379;0,08358;0,08359
01/09/2026 03:20:00;0,08359;0,08359;0,08343;0,08344
01/09/2026 03:25:00;0,08344;0,08362;0,08342;0,08359
01/09/2026 03:30:00;0,08359;0,08374;0,08358;0,0837
01/09/2026 03:35:00;0,0837;0,08372;0,08354;0,08364
01/09/2026 03:40:00;0,08364;0,08367;0,08353;0,08356
01/09/2026 03:45:00;0,08356;0,08358;0,0834;0,08348
01/09/2026 03:50:00;0,08348;0,08351;0,08341;0,08347
01/09/2026 03:55:00;0,08347;0,08348;0,08341;0,08342
01/09/2026 04:00:00;0,08342;0,08355;0,08339;0,08353
01/09/2026 04:05:00;0,08353;0,08359;0,08345;0,08354
01/09/2026 04:10:00;0,08354;0,08354;0,08348;0,08354
01/09/2026 04:15:00;0,08354;0,08365;0,08354;0,08365
01/09/2026 04:20:00;0,08365;0,0837;0,08359;0,08367
01/09/2026 04:25:00;0,08367;0,08375;0,0835;0,08357
01/09/2026 04:30:00;0,08357;0,08358;0,08345;0,08345
01/09/2026 04:35:00;0,08345;0,08345;0,08314;0,08324
01/09/2026 04:40:00;0,08324;0,08327;0,08316;0,08324
01/09/2026 04:45:00;0,08324;0,08332;0,08317;0,08332
01/09/2026 04:50:00;0,08332;0,08344;0,08332;0,08341
01/09/2026 04:55:00;0,08341;0,08343;0,08333;0,08337
01/09/2026 05:00:00;0,08337;0,08341;0,08324;0,08329
01/09/2026 05:05:00;0,08329;0,08337;0,08281;0,08283
01/09/2026 05:10:00;0,08283;0,08293;0,0828;0,08288
01/09/2026 05:15:00;0,08288;0,08297;0,08264;0,08284
01/09/2026 05:20:00;0,08284;0,0829;0,08261;0,08265
01/09/2026 05:25:00;0,08265;0,08269;0,08243;0,08244
01/09/2026 05:30:00;0,08244;0,08266;0,08239;0,08265
01/09/2026 05:35:00;0,08265;0,08283;0,08262;0,08264
01/09/2026 05:40:00;0,08264;0,08264;0,08237;0,08261
01/09/2026 05:45:00;0,08261;0,08272;0,08242;0,0825
01/09/2026 05:50:00;0,0825;0,08252;0,08235;0,0824
01/09/2026 05:55:00;0,0824;0,08246;0,08227;0,08229
01/09/2026 06:00:00;0,08229;0,08239;0,08213;0,08223
01/09/2026 06:05:00;0,08223;0,08233;0,08215;0,08229
01/09/2026 06:10:00;0,08229;0,08234;0,08221;0,08221
01/09/2026 06:15:00;0,08221;0,0823;0,08221;0,0823
01/09/2026 06:20:00;0,0823;0,08252;0,0823;0,08251
01/09/2026 06:25:00;0,08251;0,08251;0,08239;0,0824
01/09/2026 06:30:00;0,0824;0,08246;0,08236;0,08246
01/09/2026 06:35:00;0,08246;0,08246;0,08233;0,08235
01/09/2026 06:40:00;0,08235;0,08247;0,08233;0,08247
01/09/2026 06:45:00;0,08247;0,08249;0,08235;0,08235
01/09/2026 06:50:00;0,08235;0,08245;0,08235;0,08241
01/09/2026 06:55:00;0,08241;0,08248;0,0824;0,08242
01/09/2026 07:00:00;0,08242;0,08251;0,08237;0,08237
01/09/2026 07:05:00;0,08237;0,08246;0,08235;0,08243
01/09/2026 07:10:00;0,08243;0,08261;0,08237;0,08245
01/09/2026 07:15:00;0,08245;0,08256;0,08237;0,08256
01/09/2026 07:20:00;0,08256;0,0828;0,08256;0,0828
01/09/2026 07:25:00;0,0828;0,08284;0,08268;0,08279
01/09/2026 07:30:00;0,08279;0,08303;0,08279;0,0829
01/09/2026 07:35:00;0,0829;0,08306;0,08287;0,08306
01/09/2026 07:40:00;0,08306;0,08306;0,08291;0,08292
01/09/2026 07:45:00;0,08292;0,08299;0,08287;0,08288
01/09/2026 07:50:00;0,08288;0,08294;0,08282;0,08283
01/09/2026 07:55:00;0,08283;0,0829;0,08281;0,08286
01/09/2026 08:00:00;0,08286;0,08289;0,08274;0,08287
01/09/2026 08:05:00;0,08287;0,08287;0,08271;0,08278
01/09/2026 08:10:00;0,08278;0,08281;0,08274;0,08274
01/09/2026 08:15:00;0,08274;0,08281;0,08274;0,08278
01/09/2026 08:20:00;0,08278;0,08288;0,08272;0,08285
01/09/2026 08:25:00;0,08285;0,0829;0,08279;0,0829
01/09/2026 08:30:00;0,0829;0,08302;0,08278;0,08296
01/09/2026 08:35:00;0,08296;0,08314;0,08296;0,08312
01/09/2026 08:40:00;0,08312;0,0833;0,08312;0,08317
01/09/2026 08:45:00;0,08317;0,08323;0,08305;0,08305
01/09/2026 08:50:00;0,08305;0,08337;0,08305;0,08328
01/09/2026 08:55:00;0,08328;0,08333;0,08308;0,08319
01/09/2026 09:00:00;0,08319;0,08322;0,08298;0,08315
01/09/2026 09:05:00;0,08315;0,08321;0,083;0,08302
01/09/2026 09:10:00;0,08302;0,08312;0,08292;0,08296
01/09/2026 09:15:00;0,08296;0,08308;0,08283;0,08283
01/09/2026 09:20:00;0,08283;0,08288;0,08276;0,08282
01/09/2026 09:25:00;0,08282;0,08297;0,08282;0,08286
01/09/2026 09:30:00;0,08286;0,08288;0,0827;0,08273
01/09/2026 09:35:00;0,08273;0,08273;0,0824;0,08249
01/09/2026 09:40:00;0,08249;0,08268;0,0824;0,08266
01/09/2026 09:45:00;0,08266;0,08284;0,08264;0,08268
01/09/2026 09:50:00;0,08268;0,08275;0,08264;0,08271
01/09/2026 09:55:00;0,08271;0,08281;0,08257;0,08257
01/09/2026 10:00:00;0,08257;0,08261;0,08227;0,0823
01/09/2026 10:05:00;0,0823;0,08251;0,08186;0,08232
01/09/2026 10:10:00;0,08232;0,08258;0,08232;0,08244
01/09/2026 10:15:00;0,08244;0,08254;0,08233;0,08241
01/09/2026 10:20:00;0,08241;0,08248;0,08238;0,08247
01/09/2026 10:25:00;0,08247;0,08255;0,0824;0,08249
01/09/2026 10:30:00;0,08249;0,08278;0,08248;0,08256
01/09/2026 10:35:00;0,08256;0,08265;0,08219;0,0823
01/09/2026 10:40:00;0,0823;0,08259;0,08205;0,08248
01/09/2026 10:45:00;0,08248;0,0828;0,08242;0,08271
01/09/2026 10:50:00;0,08271;0,08286;0,08267;0,08276
01/09/2026 10:55:00;0,08276;0,08276;0,08262;0,08274
01/09/2026 11:00:00;0,08274;0,08306;0,08266;0,08283
01/09/2026 11:05:00;0,08283;0,08314;0,0828;0,08303
01/09/2026 11:10:00;0,08303;0,08305;0,08287;0,08291
01/09/2026 11:15:00;0,08291;0,08299;0,08269;0,08276
01/09/2026 11:20:00;0,08276;0,08283;0,08271;0,08283
01/09/2026 11:25:00;0,08283;0,083;0,08273;0,08273
01/09/2026 11:30:00;0,08273;0,08292;0,08265;0,08292
01/09/2026 11:35:00;0,08292;0,083;0,08288;0,08293
01/09/2026 11:40:00;0,08293;0,08308;0,08287;0,08308
01/09/2026 11:45:00;0,08308;0,08313;0,083;0,083
01/09/2026 11:50:00;0,083;0,08303;0,08283;0,08286
01/09/2026 11:55:00;0,08286;0,08287;0,08272;0,08277
01/09/2026 12:00:00;0,08277;0,08278;0,08228;0,08231
01/09/2026 12:05:00;0,08231;0,08239;0,082;0,0821
01/09/2026 12:10:00;0,0821;0,0823;0,08204;0,08226
01/09/2026 12:15:00;0,08226;0,08235;0,08218;0,08225
01/09/2026 12:20:00;0,08225;0,08239;0,08225;0,08232
01/09/2026 12:25:00;0,08232;0,08244;0,08229;0,08241
01/09/2026 12:30:00;0,08241;0,08262;0,08233;0,08257
01/09/2026 12:35:00;0,08257;0,08265;0,08252;0,08257
01/09/2026 12:40:00;0,08257;0,08268;0,08253;0,08268
01/09/2026 12:45:00;0,08268;0,08287;0,08268;0,08286
01/09/2026 12:50:00;0,08286;0,08296;0,08276;0,08278
01/09/2026 12:55:00;0,08278;0,08283;0,08272;0,08272
01/09/2026 13:00:00;0,08272;0,08274;0,08245;0,08257
01/09/2026 13:05:00;0,08257;0,08265;0,0824;0,0824
01/09/2026 13:10:00;0,0824;0,08244;0,08222;0,08222
01/09/2026 13:15:00;0,08222;0,08236;0,08216;0,08216
01/09/2026 13:20:00;0,08216;0,08217;0,08201;0,08209
01/09/2026 13:25:00;0,08209;0,08237;0,08208;0,08226
01/09/2026 13:30:00;0,08226;0,08226;0,08206;0,08209
01/09/2026 13:35:00;0,08209;0,08226;0,08182;0,08226
01/09/2026 13:40:00;0,08226;0,08237;0,08204;0,08209
01/09/2026 13:45:00;0,08209;0,08225;0,08209;0,08221
01/09/2026 13:50:00;0,08221;0,08232;0,08216;0,08232
01/09/2026 13:55:00;0,08232;0,08232;0,08212;0,08216
01/09/2026 14:00:00;0,08216;0,08226;0,08212;0,08212
01/09/2026 14:05:00;0,08212;0,08217;0,08208;0,08212
01/09/2026 14:10:00;0,08212;0,08218;0,08208;0,08217
01/09/2026 14:15:00;0,08217;0,08227;0,08205;0,08226
01/09/2026 14:20:00;0,08226;0,08249;0,08226;0,0824
01/09/2026 14:25:00;0,0824;0,08246;0,08229;0,08236
01/09/2026 14:30:00;0,08236;0,08258;0,08235;0,08253
01/09/2026 14:35:00;0,08253;0,08259;0,08242;0,0825
01/09/2026 14:40:00;0,0825;0,08256;0,08238;0,08238
01/09/2026 14:45:00;0,08238;0,08243;0,08218;0,08229
01/09/2026 14:50:00;0,08229;0,08237;0,08212;0,08212
01/09/2026 14:55:00;0,08212;0,08212;0,08198;0,08204
01/09/2026 15:00:00;0,08204;0,08216;0,08193;0,08195
01/09/2026 15:05:00;0,08195;0,08197;0,0816;0,08169
01/09/2026 15:10:00;0,08169;0,0819;0,08166;0,08185
01/09/2026 15:15:00;0,08185;0,08185;0,08159;0,08165
01/09/2026 15:20:00;0,08165;0,0817;0,08161;0,08166
01/09/2026 15:25:00;0,08166;0,08166;0,08117;0,08156
01/09/2026 15:30:00;0,08156;0,08165;0,08133;0,08139
01/09/2026 15:35:00;0,08139;0,0814;0,0809;0,08106
01/09/2026 15:40:00;0,08106;0,08124;0,08096;0,08096
01/09/2026 15:45:00;0,08096;0,08132;0,08076;0,08132
01/09/2026 15:50:00;0,08132;0,08168;0,08132;0,08155
01/09/2026 15:55:00;0,08155;0,08171;0,08152;0,08171
01/09/2026 16:00:00;0,08171;0,08202;0,08168;0,08202
01/09/2026 16:05:00;0,08202;0,08202;0,0818;0,08185
01/09/2026 16:10:00;0,08185;0,08193;0,08181;0,08182
01/09/2026 16:15:00;0,08182;0,08201;0,08177;0,08192
01/09/2026 16:20:00;0,08192;0,08216;0,08191;0,08197
01/09/2026 16:25:00;0,08197;0,08217;0,08197;0,08215
01/09/2026 16:30:00;0,08215;0,08221;0,08201;0,08201
01/09/2026 16:35:00;0,08201;0,08209;0,08196;0,08196
01/09/2026 16:40:00;0,08196;0,08205;0,08196;0,082
01/09/2026 16:45:00;0,082;0,08205;0,08195;0,08198
01/09/2026 16:50:00;0,08198;0,08201;0,08186;0,08187
01/09/2026 16:55:00;0,08187;0,08198;0,08187;0,08195
01/09/2026 17:00:00;0,08195;0,08202;0,08169;0,08174
01/09/2026 17:05:00;0,08174;0,08192;0,08174;0,08175
01/09/2026 17:10:00;0,08175;0,08197;0,08175;0,08197
01/09/2026 17:15:00;0,08197;0,0821;0,08188;0,0821
01/09/2026 17:20:00;0,0821;0,08214;0,08189;0,0819
01/09/2026 17:25:00;0,0819;0,08192;0,08171;0,08191
01/09/2026 17:30:00;0,08191;0,08196;0,08184;0,08194
01/09/2026 17:35:00;0,08194;0,08203;0,0819;0,08195
01/09/2026 17:40:00;0,08195;0,08195;0,08172;0,08173
01/09/2026 17:45:00;0,08173;0,08174;0,08155;0,081565
01/09/2026 17:50:00;0,081565;0,08184;0,081565;0,08184
01/09/2026 17:55:00;0,08184;0,082008;0,08183;0,08199
01/09/2026 18:00:00;0,08199;0,08199;0,08177;0,08181
01/09/2026 18:05:00;0,08181;0,08181;0,08148;0,08148
01/09/2026 18:10:00;0,08148;0,08149;0,08124;0,08131
01/09/2026 18:15:00;0,08131;0,08136;0,08101;0,08124
01/09/2026 18:20:00;0,08124;0,08157;0,08124;0,08153
01/09/2026 18:25:00;0,08153;0,08166;0,08147;0,08152
01/09/2026 18:30:00;0,08152;0,08154;0,08133;0,08133
01/09/2026 18:35:00;0,08133;0,08146;0,08131;0,08146
01/09/2026 18:40:00;0,08146;0,08159;0,08142;0,08156
01/09/2026 18:45:00;0,08156;0,08167;0,08153;0,08158
01/09/2026 18:50:00;0,08158;0,08165;0,08153;0,08158
01/09/2026 18:55:00;0,08158;0,08165;0,08148;0,0815
01/09/2026 19:00:00;0,0815;0,08176;0,0814;0,08163
01/09/2026 19:05:00;0,08163;0,08163;0,08144;0,08161
01/09/2026 19:10:00;0,08161;0,08165;0,08156;0,08159
01/09/2026 19:15:00;0,08159;0,08159;0,08145;0,08153
01/09/2026 19:20:00;0,08153;0,08153;0,08131;0,08141
01/09/2026 19:25:00;0,08141;0,08143;0,08131;0,08131
01/09/2026 19:30:00;0,08131;0,08143;0,08129;0,08138
01/09/2026 19:35:00;0,08138;0,08145;0,08136;0,08136
01/09/2026 19:40:00;0,08136;0,08138;0,08123;0,08132
01/09/2026 19:45:00;0,08132;0,08155;0,08132;0,08155
01/09/2026 19:50:00;0,08159;0,081613;0,08152;0,08153
01/09/2026 19:55:00;0,08153;0,08156;0,08147;0,08152
01/09/2026 20:00:00;0,08152;0,08155;0,08141;0,08143
01/09/2026 20:05:00;0,08143;0,08158;0,08141;0,08158
01/09/2026 20:10:00;0,08158;0,08158;0,08142;0,08143
01/09/2026 20:15:00;0,08143;0,08152;0,08143;0,08152
01/09/2026 20:20:00;0,08152;0,08168;0,08144;0,08147
01/09/2026 20:25:00;0,08147;0,08153;0,0814;0,08153
01/09/2026 20:30:00;0,08153;0,08176;0,08153;0,08166
01/09/2026 20:35:00;0,08166;0,08185;0,08166;0,08182
01/09/2026 20:40:00;0,08182;0,08187;0,08178;0,08181
01/09/2026 20:45:00;0,08181;0,08186;0,08175;0,0818
01/09/2026 20:50:00;0,08179;0,08179;0,08163;0,0817
01/09/2026 20:55:00;0,08171;0,08171;0,08167;0,08167
01/09/2026 21:00:00;0,08167;0,081687;0,0816;0,08164
01/09/2026 21:05:00;0,08164;0,081712;0,08164;0,08167
01/09/2026 21:10:00;0,08167;0,08173;0,08165;0,08172
01/09/2026 21:15:00;0,08172;0,08174;0,08164;0,08165
01/09/2026 21:20:00;0,08165;0,08173;0,08157;0,08161
01/09/2026 21:25:00;0,08161;0,08162;0,0814;0,08141
01/09/2026 21:30:00;0,08141;0,08156;0,08133;0,08143
01/09/2026 21:35:00;0,08143;0,08151;0,08134;0,08138
01/09/2026 21:40:00;0,08138;0,08138;0,08127;0,0813
01/09/2026 21:45:00;0,0813;0,08137;0,0813;0,08137
01/09/2026 21:50:00;0,08137;0,08137;0,08124;0,08124
01/09/2026 21:55:00;0,08124;0,08134;0,08115;0,08116
01/09/2026 22:00:00;0,08116;0,08124;0,08112;0,08115
01/09/2026 22:05:00;0,08115;0,081248;0,08111;0,08124
01/09/2026 22:10:00;0,08124;0,08137;0,08124;0,08129
01/09/2026 22:15:00;0,08129;0,08135;0,08117;0,08131
01/09/2026 22:20:00;0,08131;0,0814;0,08124;0,08139
01/09/2026 22:25:00;0,08139;0,08139;0,08106;0,08107
01/09/2026 22:30:00;0,08107;0,08122;0,08106;0,08108
01/09/2026 22:35:00;0,08108;0,08108;0,08087;0,08087
01/09/2026 22:40:00;0,08087;0,08091;0,08043;0,08073
01/09/2026 22:45:00;0,08073;0,08082;0,08054;0,08054
01/09/2026 22:50:00;0,08054;0,08059;0,08029;0,08052
01/09/2026 22:55:00;0,08052;0,08075;0,08052;0,08072
01/09/2026 23:00:00;0,08072;0,08076;0,08059;0,080637
01/09/2026 23:05:00;0,080637;0,08102;0,0806;0,08082
01/09/2026 23:10:00;0,08082;0,08102;0,08079;0,08091
01/09/2026 23:15:00;0,08091;0,08105;0,08089;0,08105
01/09/2026 23:20:00;0,08105;0,08119;0,081;0,08119
01/09/2026 23:25:00;0,08119;0,08126;0,08107;0,0812
01/09/2026 23:30:00;0,0812;0,0812;0,081;0,0812
01/09/2026 23:35:00;0,0812;0,08133;0,08117;0,08122
01/09/2026 23:40:00;0,08122;0,08128;0,08106;0,08114
01/09/2026 23:45:00;0,08114;0,08116;0,08109;0,08111
01/09/2026 23:50:00;0,08111;0,08115;0,08106;0,08109
01/09/2026 23:55:00;0,08109;0,08116;0,08106;0,08116
02/09/2026 00:00:00;0,08116;0,08134;0,0811;0,08131
02/09/2026 00:05:00;0,08131;0,08133;0,08122;0,08125
02/09/2026 00:10:00;0,08125;0,08149;0,08125;0,08141
02/09/2026 00:15:00;0,08141;0,0815;0,08131;0,0814
02/09/2026 00:20:00;0,0814;0,08149;0,0814;0,08149
02/09/2026 00:25:00;0,08149;0,08176;0,08149;0,08161
02/09/2026 00:30:00;0,08159;0,08159;0,08144;0,08145
02/09/2026 00:35:00;0,08145;0,08161;0,0814;0,08161
02/09/2026 00:40:00;0,08161;0,08161;0,08142;0,08149
02/09/2026 00:45:00;0,08149;0,081584;0,08149;0,081557
02/09/2026 00:50:00;0,081557;0,081572;0,0814;0,08142
02/09/2026 00:55:00;0,08142;0,08156;0,08133;0,08153
02/09/2026 01:00:00;0,08153;0,08159;0,08147;0,08158
02/09/2026 01:05:00;0,08157;0,08159;0,08129;0,0813
02/09/2026 01:10:00;0,0813;0,08133;0,08115;0,0813
02/09/2026 01:15:00;0,0813;0,08138;0,08119;0,08137
02/09/2026 01:20:00;0,08137;0,0815;0,08135;0,0814
02/09/2026 01:25:00;0,0814;0,0814;0,08129;0,08137
02/09/2026 01:30:00;0,08137;0,08158;0,08137;0,08157
02/09/2026 01:35:00;0,08157;0,08164;0,08152;0,08164
02/09/2026 01:40:00;0,08164;0,08177;0,08157;0,08174
02/09/2026 01:45:00;0,08174;0,08183;0,0817;0,0818
02/09/2026 01:50:00;0,0818;0,08184;0,08175;0,08182
02/09/2026 01:55:00;0,08182;0,08182;0,08167;0,08175
02/09/2026 02:00:00;0,08175;0,08175;0,08156;0,08157
02/09/2026 02:05:00;0,08156;0,08162;0,08153;0,0816
02/09/2026 02:10:00;0,0816;0,08177;0,08159;0,08177
02/09/2026 02:15:00;0,08177;0,08197;0,08177;0,08188
02/09/2026 02:20:00;0,08188;0,08192;0,08182;0,08192
02/09/2026 02:25:00;0,08192;0,082;0,08188;0,08199
02/09/2026 02:30:00;0,08199;0,082;0,08188;0,08188
02/09/2026 02:35:00;0,08188;0,08194;0,08188;0,0819
02/09/2026 02:40:00;0,0819;0,08196;0,08189;0,0819
02/09/2026 02:45:00;0,08191;0,08203;0,08191;0,08201
02/09/2026 02:50:00;0,08201;0,08203;0,08196;0,08202
02/09/2026 02:55:00;0,08202;0,08202;0,0819;0,08201
02/09/2026 03:00:00;0,08201;0,0821;0,08193;0,08194
02/09/2026 03:05:00;0,08194;0,08196;0,08184;0,08194
02/09/2026 03:10:00;0,08194;0,08198;0,08178;0,0818
02/09/2026 03:15:00;0,0818;0,08188;0,0817;0,0817
02/09/2026 03:20:00;0,0817;0,08184;0,0817;0,08181
02/09/2026 03:25:00;0,08181;0,08194;0,08171;0,08172
02/09/2026 03:30:00;0,08172;0,08172;0,08155;0,08158
02/09/2026 03:35:00;0,08168;0,08183;0,08168;0,08183
02/09/2026 03:40:00;0,08183;0,08198;0,08183;0,08185
02/09/2026 03:45:00;0,08185;0,08189;0,08181;0,08183
02/09/2026 03:50:00;0,0818;0,08181;0,08172;0,08173
02/09/2026 03:55:00;0,08173;0,0818;0,0817;0,08179
02/09/2026 04:00:00;0,08179;0,0819;0,08177;0,08186
02/09/2026 04:05:00;0,08186;0,08192;0,08182;0,08186
02/09/2026 04:10:00;0,08186;0,08199;0,08186;0,08192
02/09/2026 04:15:00;0,08192;0,08192;0,08179;0,08179
02/09/2026 04:20:00;0,08179;0,08187;0,08175;0,08179
02/09/2026 04:25:00;0,08179;0,08179;0,0817;0,08172
02/09/2026 04:30:00;0,08172;0,08184;0,08172;0,0818
02/09/2026 04:35:00;0,0818;0,08186;0,08178;0,08185
02/09/2026 04:40:00;0,08185;0,08187;0,08178;0,08178
02/09/2026 04:45:00;0,08178;0,08188;0,08174;0,08177
02/09/2026 04:50:00;0,08177;0,0818;0,08168;0,08168
02/09/2026 04:55:00;0,08168;0,08173;0,08164;0,08166
02/09/2026 05:00:00;0,08166;0,08171;0,08154;0,08166
02/09/2026 05:05:00;0,08166;0,08175;0,08165;0,0817
02/09/2026 05:10:00;0,0817;0,08171;0,08162;0,08163
02/09/2026 05:15:00;0,08163;0,08171;0,08162;0,08162
02/09/2026 05:20:00;0,08162;0,08162;0,0815;0,08155
02/09/2026 05:25:00;0,08155;0,08161;0,08152;0,08152
02/09/2026 05:30:00;0,08152;0,08152;0,08125;0,08128
02/09/2026 05:35:00;0,08128;0,08135;0,08121;0,08122
02/09/2026 05:40:00;0,08122;0,08122;0,08098;0,08103
02/09/2026 05:45:00;0,08103;0,08115;0,08091;0,08096
02/09/2026 05:50:00;0,08096;0,08099;0,08083;0,08085
02/09/2026 05:55:00;0,08086;0,081;0,08079;0,08099
02/09/2026 06:00:00;0,08099;0,08124;0,08099;0,08121
02/09/2026 06:05:00;0,08121;0,08128;0,08115;0,08123
02/09/2026 06:10:00;0,08123;0,08123;0,08113;0,08114
02/09/2026 06:15:00;0,08114;0,08117;0,08103;0,08106
02/09/2026 06:20:00;0,08106;0,08116;0,0808;0,08098
02/09/2026 06:25:00;0,08098;0,08112;0,08089;0,08108
02/09/2026 06:30:00;0,08108;0,0811;0,08082;0,08091
02/09/2026 06:35:00;0,08091;0,08091;0,08064;0,08073
02/09/2026 06:40:00;0,08073;0,08079;0,08064;0,08071
02/09/2026 06:45:00;0,08071;0,08094;0,080597;0,08088
02/09/2026 06:50:00;0,08093;0,08096;0,08088;0,08088
02/09/2026 06:55:00;0,08088;0,08095;0,08086;0,08091
02/09/2026 07:00:00;0,08091;0,08093;0,08067;0,08072
02/09/2026 07:05:00;0,08072;0,08078;0,08059;0,08069
02/09/2026 07:10:00;0,08069;0,08077;0,08063;0,08075
02/09/2026 07:15:00;0,08075;0,08085;0,08074;0,08085
02/09/2026 07:20:00;0,08085;0,08085;0,08074;0,08076
02/09/2026 07:25:00;0,08075;0,08085;0,08075;0,08079
02/09/2026 07:30:00;0,08079;0,08083;0,08062;0,0807
02/09/2026 07:35:00;0,0807;0,08085;0,08068;0,08068
02/09/2026 07:40:00;0,08068;0,08076;0,08066;0,08076
02/09/2026 07:45:00;0,08076;0,08076;0,08044;0,08045
02/09/2026 07:50:00;0,08045;0,08048;0,08015;0,08047
02/09/2026 07:55:00;0,08047;0,08083;0,08043;0,08081
02/09/2026 08:00:00;0,08081;0,08088;0,08057;0,08059
02/09/2026 08:05:00;0,08059;0,08092;0,08054;0,08089
02/09/2026 08:10:00;0,08089;0,08093;0,08072;0,0809
02/09/2026 08:15:00;0,0809;0,08094;0,08072;0,08072
02/09/2026 08:20:00;0,08072;0,08074;0,0806;0,08068
02/09/2026 08:25:00;0,08068;0,08081;0,08062;0,0808
02/09/2026 08:30:00;0,0808;0,08101;0,08076;0,08101
02/09/2026 08:35:00;0,08101;0,08124;0,08101;0,08121
02/09/2026 08:40:00;0,08121;0,08121;0,08106;0,08109
02/09/2026 08:45:00;0,08109;0,08114;0,08103;0,0811
02/09/2026 08:50:00;0,0811;0,08119;0,08106;0,08114
02/09/2026 08:55:00;0,08114;0,08127;0,08114;0,08124
02/09/2026 09:00:00;0,08124;0,08125;0,08112;0,08115
02/09/2026 09:05:00;0,08115;0,08122;0,08105;0,08114
02/09/2026 09:10:00;0,08114;0,08123;0,0811;0,08119
02/09/2026 09:15:00;0,08119;0,08127;0,08105;0,08115
02/09/2026 09:20:00;0,08115;0,08136;0,08111;0,08128
02/09/2026 09:25:00;0,08128;0,08143;0,08125;0,08139
02/09/2026 09:30:00;0,08139;0,08141;0,08126;0,08127
02/09/2026 09:35:00;0,08127;0,0813;0,08115;0,0812
02/09/2026 09:40:00;0,0812;0,08123;0,08116;0,0812
02/09/2026 09:45:00;0,0812;0,0812;0,08097;0,08101
02/09/2026 09:50:00;0,08101;0,08105;0,08086;0,08086
02/09/2026 09:55:00;0,08086;0,08087;0,08078;0,08083
02/09/2026 10:00:00;0,08083;0,08113;0,08083;0,08107
02/09/2026 10:05:00;0,08107;0,08116;0,081;0,08103
02/09/2026 10:10:00;0,08103;0,08105;0,08092;0,08092
02/09/2026 10:15:00;0,08091;0,08106;0,0809;0,08105
02/09/2026 10:20:00;0,08102;0,08105;0,08093;0,08101
02/09/2026 10:25:00;0,08101;0,08115;0,08088;0,08103
02/09/2026 10:30:00;0,08103;0,08104;0,08092;0,08101
02/09/2026 10:35:00;0,08101;0,08102;0,08074;0,08086
02/09/2026 10:40:00;0,08086;0,08202;0,08083;0,08202
02/09/2026 10:45:00;0,08202;0,08206;0,08153;0,08156
02/09/2026 10:50:00;0,08156;0,0819;0,0815;0,08159
02/09/2026 10:55:00;0,08159;0,08172;0,08149;0,08172
02/09/2026 11:00:00;0,08172;0,08181;0,08159;0,08177
02/09/2026 11:05:00;0,08177;0,08195;0,0817;0,08176
02/09/2026 11:10:00;0,08176;0,08185;0,08162;0,08175
02/09/2026 11:15:00;0,08175;0,08188;0,08168;0,08175
02/09/2026 11:20:00;0,08175;0,08196;0,08168;0,08172
02/09/2026 11:25:00;0,08172;0,08178;0,08165;0,08175
02/09/2026 11:30:00;0,08175;0,08175;0,0815;0,0817
02/09/2026 11:35:00;0,0817;0,0817;0,08161;0,08165
02/09/2026 11:40:00;0,08165;0,08191;0,08165;0,08186
02/09/2026 11:45:00;0,08186;0,0819;0,08173;0,08179
02/09/2026 11:50:00;0,08179;0,08185;0,08163;0,08168
02/09/2026 11:55:00;0,08168;0,08182;0,0815;0,08151
02/09/2026 12:00:00;0,08151;0,08155;0,0811;0,08143
02/09/2026 12:05:00;0,08143;0,08154;0,08109;0,0812
02/09/2026 12:10:00;0,0812;0,0812;0,0807;0,08088
02/09/2026 12:15:00;0,08088;0,08145;0,08088;0,08141
02/09/2026 12:20:00;0,08141;0,08141;0,08104;0,0811
02/09/2026 12:25:00;0,0811;0,08137;0,08106;0,08127
02/09/2026 12:30:00;0,08127;0,08166;0,08114;0,08163
02/09/2026 12:35:00;0,08163;0,08174;0,0815;0,0815
02/09/2026 12:40:00;0,0815;0,0818;0,08145;0,08175
02/09/2026 12:45:00;0,08175;0,08175;0,0814;0,08145
02/09/2026 12:50:00;0,08145;0,08157;0,08139;0,08155
02/09/2026 12:55:00;0,08156;0,08168;0,08153;0,08167
02/09/2026 13:00:00;0,08167;0,0817;0,08149;0,0817
02/09/2026 13:05:00;0,0817;0,08188;0,08162;0,08171
02/09/2026 13:10:00;0,08171;0,08186;0,08169;0,08178
02/09/2026 13:15:00;0,08178;0,08183;0,08166;0,08178
02/09/2026 13:20:00;0,08178;0,0819;0,08175;0,08187
02/09/2026 13:25:00;0,08187;0,08189;0,08172;0,08174
02/09/2026 13:30:00;0,08174;0,08189;0,08174;0,08177
02/09/2026 13:35:00;0,08177;0,08182;0,08161;0,08169
02/09/2026 13:40:00;0,08169;0,08169;0,08146;0,08146
02/09/2026 13:45:00;0,08146;0,08158;0,08144;0,08154
02/09/2026 13:50:00;0,08154;0,08155;0,08149;0,0815
02/09/2026 13:55:00;0,0815;0,08154;0,08139;0,08139
02/09/2026 14:00:00;0,08139;0,08148;0,08124;0,08129
02/09/2026 14:05:00;0,08129;0,08129;0,08105;0,08114
02/09/2026 14:10:00;0,08114;0,08135;0,08112;0,08122
02/09/2026 14:15:00;0,08122;0,08125;0,0809;0,081
02/09/2026 14:20:00;0,081;0,08106;0,08085;0,08102
02/09/2026 14:25:00;0,08102;0,08112;0,08099;0,08112
02/09/2026 14:30:00;0,08112;0,08132;0,08109;0,08129
02/09/2026 14:35:00;0,08129;0,08129;0,08117;0,0812
02/09/2026 14:40:00;0,0812;0,08134;0,08113;0,08134
02/09/2026 14:45:00;0,08139;0,08156;0,08138;0,08148
02/09/2026 14:50:00;0,08148;0,08152;0,08142;0,08143
02/09/2026 14:55:00;0,08143;0,08149;0,0814;0,08146
02/09/2026 15:00:00;0,08146;0,08151;0,0814;0,08143
02/09/2026 15:05:00;0,08143;0,08152;0,08136;0,08151
02/09/2026 15:10:00;0,08151;0,08162;0,08147;0,08161
02/09/2026 15:15:00;0,08161;0,08172;0,08148;0,08154
02/09/2026 15:20:00;0,08154;0,08159;0,0814;0,08159
02/09/2026 15:25:00;0,08159;0,08175;0,08154;0,08156
02/09/2026 15:30:00;0,08156;0,08157;0,08149;0,0815
02/09/2026 15:35:00;0,0815;0,08153;0,08134;0,08135
02/09/2026 15:40:00;0,08135;0,08143;0,08129;0,08135
02/09/2026 15:45:00;0,08135;0,08151;0,08131;0,08146
02/09/2026 15:50:00;0,08146;0,0815;0,08142;0,08148
02/09/2026 15:55:00;0,08148;0,08151;0,08143;0,08147
02/09/2026 16:00:00;0,08147;0,08147;0,08135;0,08139
02/09/2026 16:05:00;0,08139;0,08149;0,08136;0,08146
02/09/2026 16:10:00;0,08146;0,08151;0,0814;0,08149
02/09/2026 16:15:00;0,08149;0,08154;0,08136;0,0814
02/09/2026 16:20:00;0,08141;0,08148;0,08134;0,08137
02/09/2026 16:25:00;0,08134;0,08134;0,08117;0,08117
02/09/2026 16:30:00;0,08117;0,08122;0,08111;0,08113
02/09/2026 16:35:00;0,08113;0,08114;0,081;0,08111
02/09/2026 16:40:00;0,08111;0,08118;0,08107;0,08114
02/09/2026 16:45:00;0,08114;0,0812;0,08112;0,08114
02/09/2026 16:50:00;0,08114;0,08126;0,08113;0,08114
02/09/2026 16:55:00;0,08114;0,08132;0,08109;0,0813
02/09/2026 17:00:00;0,0813;0,08169;0,08128;0,08162
02/09/2026 17:05:00;0,08162;0,08175;0,08159;0,0816
02/09/2026 17:10:00;0,0816;0,0816;0,08148;0,08159
02/09/2026 17:15:00;0,08159;0,08159;0,08128;0,08136
02/09/2026 17:20:00;0,0814;0,08183;0,0814;0,08176
02/09/2026 17:25:00;0,08176;0,08176;0,08157;0,08157
02/09/2026 17:30:00;0,08157;0,08171;0,08155;0,08166
02/09/2026 17:35:00;0,08166;0,08182;0,08165;0,08174
02/09/2026 17:40:00;0,08174;0,08174;0,08155;0,08164
02/09/2026 17:45:00;0,08164;0,08173;0,08148;0,08167
02/09/2026 17:50:00;0,08167;0,08192;0,08167;0,08172
02/09/2026 17:55:00;0,08172;0,08177;0,08168;0,08169
02/09/2026 18:00:00;0,08169;0,08173;0,08166;0,08166
02/09/2026 18:05:00;0,08166;0,08166;0,08159;0,08159
02/09/2026 18:10:00;0,08159;0,08164;0,08158;0,08158
02/09/2026 18:15:00;0,08158;0,08162;0,08152;0,08156
02/09/2026 18:20:00;0,08156;0,08166;0,08154;0,08166
02/09/2026 18:25:00;0,08166;0,08168;0,08156;0,08156
02/09/2026 18:30:00;0,08156;0,0816;0,0815;0,08151
02/09/2026 18:35:00;0,08151;0,08177;0,08151;0,08177
02/09/2026 18:40:00;0,08177;0,08187;0,08175;0,08186
02/09/2026 18:45:00;0,08186;0,08186;0,08167;0,08172
02/09/2026 18:50:00;0,08172;0,08179;0,08167;0,0817
02/09/2026 18:55:00;0,08175;0,08183;0,08168;0,08168
02/09/2026 19:00:00;0,08168;0,08168;0,08152;0,08152
02/09/2026 19:05:00;0,08152;0,08152;0,08116;0,08116
02/09/2026 19:10:00;0,08116;0,08121;0,08113;0,08116
02/09/2026 19:15:00;0,08116;0,0813;0,08111;0,08113
02/09/2026 19:20:00;0,08113;0,08113;0,08101;0,08102
02/09/2026 19:25:00;0,08102;0,08103;0,08088;0,08093
02/09/2026 19:30:00;0,08093;0,0811;0,08093;0,08109
02/09/2026 19:35:00;0,08109;0,08122;0,08107;0,08115
02/09/2026 19:40:00;0,08115;0,08123;0,08115;0,08118
02/09/2026 19:45:00;0,08118;0,08118;0,08103;0,08107
02/09/2026 19:50:00;0,08107;0,08112;0,08103;0,08107
02/09/2026 19:55:00;0,08107;0,08107;0,081;0,08105
02/09/2026 20:00:00;0,08105;0,08122;0,08095;0,08122
02/09/2026 20:05:00;0,08122;0,08146;0,08122;0,08145
02/09/2026 20:10:00;0,08144;0,0815;0,08138;0,08149
02/09/2026 20:15:00;0,08149;0,08149;0,08128;0,08132
02/09/2026 20:20:00;0,08131;0,08134;0,08125;0,0813
02/09/2026 20:25:00;0,0813;0,08138;0,08127;0,08138
02/09/2026 20:30:00;0,08138;0,08147;0,08132;0,08134
02/09/2026 20:35:00;0,08134;0,0814;0,08134;0,08139
02/09/2026 20:40:00;0,08139;0,08143;0,08134;0,08142
02/09/2026 20:45:00;0,08142;0,08153;0,08139;0,08152
02/09/2026 20:50:00;0,08152;0,08166;0,0815;0,08163
02/09/2026 20:55:00;0,08163;0,08181;0,08163;0,08176
02/09/2026 21:00:00;0,08176;0,08195;0,08173;0,08187
02/09/2026 21:05:00;0,08187;0,0819;0,0816;0,0816
02/09/2026 21:10:00;0,0816;0,08173;0,08156;0,08162
02/09/2026 21:15:00;0,08162;0,08162;0,08155;0,0816
02/09/2026 21:20:00;0,0816;0,0816;0,08138;0,0815
02/09/2026 21:25:00;0,0815;0,0815;0,08134;0,08134
02/09/2026 21:30:00;0,08134;0,08141;0,08125;0,08127
02/09/2026 21:35:00;0,08126;0,08152;0,08124;0,08149
02/09/2026 21:40:00;0,08149;0,08158;0,08142;0,08144
02/09/2026 21:45:00;0,08144;0,0815;0,08139;0,08144
02/09/2026 21:50:00;0,08141;0,08148;0,08137;0,08142
02/09/2026 21:55:00;0,08144;0,08154;0,08137;0,08142
02/09/2026 22:00:00;0,08142;0,08147;0,08117;0,08143
02/09/2026 22:05:00;0,08143;0,08191;0,08143;0,08183
02/09/2026 22:10:00;0,08183;0,08209;0,08172;0,08208
02/09/2026 22:15:00;0,08208;0,08225;0,081944;0,08216
02/09/2026 22:20:00;0,08216;0,082226;0,08208;0,082196
02/09/2026 22:25:00;0,082196;0,08246;0,082196;0,08246
02/09/2026 22:30:00;0,08246;0,08262;0,08242;0,08259
02/09/2026 22:35:00;0,08259;0,08261;0,08221;0,08244
02/09/2026 22:40:00;0,08244;0,08262;0,08233;0,08233
02/09/2026 22:45:00;0,08233;0,08236;0,08217;0,08221
02/09/2026 22:50:00;0,08221;0,08244;0,08199;0,08235
02/09/2026 22:55:00;0,08236;0,08243;0,0822;0,0822
02/09/2026 23:00:00;0,0822;0,08232;0,08212;0,08212
02/09/2026 23:05:00;0,08212;0,08227;0,08206;0,08214
02/09/2026 23:10:00;0,08214;0,08245;0,08214;0,08244
02/09/2026 23:15:00;0,08244;0,08253;0,08236;0,0824
02/09/2026 23:20:00;0,0824;0,08255;0,08237;0,08252
02/09/2026 23:25:00;0,08252;0,08286;0,08247;0,08277
02/09/2026 23:30:00;0,08277;0,0832;0,08267;0,0832
02/09/2026 23:35:00;0,0832;0,08322;0,08293;0,08301
02/09/2026 23:40:00;0,08301;0,08318;0,083;0,0831
02/09/2026 23:45:00;0,0831;0,08318;0,08301;0,08316
02/09/2026 23:50:00;0,08316;0,08328;0,08307;0,08322
02/09/2026 23:55:00;0,08322;0,08329;0,08313;0,08319
03/09/2026 00:00:00;0,08319;0,08319;0,08297;0,08303
03/09/2026 00:05:00;0,08303;0,08305;0,08295;0,08298
03/09/2026 00:10:00;0,08298;0,08311;0,08289;0,08305
03/09/2026 00:15:00;0,08305;0,08313;0,0829;0,08313
03/09/2026 00:20:00;0,08313;0,08313;0,08286;0,08288
03/09/2026 00:25:00;0,08288;0,08298;0,08287;0,0829
03/09/2026 00:30:00;0,0829;0,08296;0,08278;0,08278
03/09/2026 00:35:00;0,08278;0,08278;0,08266;0,08271
03/09/2026 00:40:00;0,08271;0,08273;0,0826;0,08265
03/09/2026 00:45:00;0,08265;0,08277;0,08262;0,08274
03/09/2026 00:50:00;0,08274;0,08283;0,08274;0,08282
03/09/2026 00:55:00;0,08282;0,08283;0,08276;0,08279
03/09/2026 01:00:00;0,08279;0,082872;0,08279;0,08283
03/09/2026 01:05:00;0,08283;0,08291;0,08276;0,0829
03/09/2026 01:10:00;0,0829;0,083;0,08281;0,08284
03/09/2026 01:15:00;0,08284;0,08284;0,0826;0,08261
03/09/2026 01:20:00;0,08261;0,08269;0,08253;0,08266
03/09/2026 01:25:00;0,08266;0,08267;0,08257;0,0826
03/09/2026 01:30:00;0,0826;0,08268;0,08257;0,08257
03/09/2026 01:35:00;0,08257;0,08257;0,08252;0,08254
03/09/2026 01:40:00;0,08254;0,08254;0,08245;0,08245
03/09/2026 01:45:00;0,08245;0,08265;0,08245;0,08261
03/09/2026 01:50:00;0,08261;0,08295;0,08261;0,08294
03/09/2026 01:55:00;0,08294;0,08299;0,08284;0,08299
03/09/2026 02:00:00;0,08299;0,08309;0,08296;0,08297
03/09/2026 02:05:00;0,08297;0,08299;0,0828;0,0828
03/09/2026 02:10:00;0,0828;0,0829;0,08269;0,08277
03/09/2026 02:15:00;0,08277;0,0828;0,08259;0,0826
03/09/2026 02:20:00;0,0826;0,08261;0,08212;0,08232
03/09/2026 02:25:00;0,08232;0,08232;0,08208;0,08223
03/09/2026 02:30:00;0,08223;0,08252;0,0822;0,08248
03/09/2026 02:35:00;0,08248;0,08272;0,08248;0,08268
03/09/2026 02:40:00;0,08268;0,08281;0,08261;0,08275
03/09/2026 02:45:00;0,08275;0,08291;0,08267;0,08291
03/09/2026 02:50:00;0,08291;0,08306;0,08283;0,08292
03/09/2026 02:55:00;0,08292;0,08307;0,08292;0,083
03/09/2026 03:00:00;0,083;0,083;0,08274;0,08276
03/09/2026 03:05:00;0,08276;0,08292;0,08276;0,08284
03/09/2026 03:10:00;0,08284;0,08297;0,08282;0,08286
03/09/2026 03:15:00;0,08286;0,08295;0,08281;0,08294
03/09/2026 03:20:00;0,08294;0,08297;0,08286;0,08289
03/09/2026 03:25:00;0,08289;0,08295;0,08284;0,08291
03/09/2026 03:30:00;0,08291;0,08293;0,08284;0,0829
03/09/2026 03:35:00;0,0829;0,08306;0,08288;0,08301
03/09/2026 03:40:00;0,08301;0,08307;0,08299;0,08306
03/09/2026 03:45:00;0,08306;0,08311;0,08301;0,08304
03/09/2026 03:50:00;0,08304;0,08307;0,08297;0,08299
03/09/2026 03:55:00;0,08299;0,08304;0,08295;0,083
03/09/2026 04:00:00;0,083;0,08359;0,08295;0,08359
03/09/2026 04:05:00;0,08359;0,08369;0,0834;0,08345
03/09/2026 04:10:00;0,08345;0,08362;0,08337;0,0835
03/09/2026 04:15:00;0,0835;0,08353;0,08333;0,08348
03/09/2026 04:20:00;0,08348;0,08362;0,08329;0,0833
03/09/2026 04:25:00;0,0833;0,0833;0,08301;0,08316
03/09/2026 04:30:00;0,08316;0,08319;0,08297;0,08305
03/09/2026 04:35:00;0,08305;0,08322;0,08303;0,08322
03/09/2026 04:40:00;0,08322;0,08344;0,08315;0,08315
03/09/2026 04:45:00;0,08315;0,08323;0,08279;0,0828
03/09/2026 04:50:00;0,0828;0,08283;0,08271;0,08274
03/09/2026 04:55:00;0,08274;0,08292;0,08267;0,0829
03/09/2026 05:00:00;0,0829;0,0834;0,0829;0,08334
03/09/2026 05:05:00;0,08334;0,08363;0,08334;0,08339
03/09/2026 05:10:00;0,08339;0,0835;0,08315;0,08324
03/09/2026 05:15:00;0,08324;0,08328;0,08319;0,08327
03/09/2026 05:20:00;0,08327;0,08335;0,08311;0,08322
03/09/2026 05:25:00;0,08322;0,08337;0,08316;0,08333
03/09/2026 05:30:00;0,08333;0,08339;0,08328;0,08332
03/09/2026 05:35:00;0,08332;0,08335;0,08322;0,08322
03/09/2026 05:40:00;0,08322;0,0833;0,08321;0,08324
03/09/2026 05:45:00;0,08324;0,08334;0,08318;0,0832
03/09/2026 05:50:00;0,0832;0,08325;0,08311;0,0832
03/09/2026 05:55:00;0,0832;0,08325;0,08316;0,08317
03/09/2026 06:00:00;0,08317;0,0832;0,08303;0,08308
03/09/2026 06:05:00;0,08308;0,08325;0,083;0,08321
03/09/2026 06:10:00;0,08321;0,08333;0,08312;0,08317
03/09/2026 06:15:00;0,08317;0,08326;0,08302;0,08303
03/09/2026 06:20:00;0,08303;0,08312;0,08298;0,08305
03/09/2026 06:25:00;0,08305;0,08306;0,08293;0,08293
03/09/2026 06:30:00;0,08293;0,08304;0,08288;0,08293
03/09/2026 06:35:00;0,08293;0,082983;0,08288;0,08291
03/09/2026 06:40:00;0,08291;0,083;0,082795;0,08292
03/09/2026 06:45:00;0,08292;0,08302;0,08278;0,08279
03/09/2026 06:50:00;0,08279;0,0829;0,08278;0,08287
03/09/2026 06:55:00;0,08287;0,08289;0,08281;0,08281
03/09/2026 07:00:00;0,08281;0,08286;0,0827;0,08286
03/09/2026 07:05:00;0,08286;0,08298;0,0827;0,08282
03/09/2026 07:10:00;0,08282;0,08286;0,0827;0,08282
03/09/2026 07:15:00;0,08282;0,08299;0,08277;0,08295
03/09/2026 07:20:00;0,08295;0,08311;0,08291;0,08291
03/09/2026 07:25:00;0,08291;0,08293;0,08286;0,08289
03/09/2026 07:30:00;0,08289;0,08293;0,08271;0,08272
03/09/2026 07:35:00;0,08272;0,08277;0,08262;0,08272
03/09/2026 07:40:00;0,08272;0,08272;0,08254;0,08259
03/09/2026 07:45:00;0,08259;0,08269;0,08257;0,08262
03/09/2026 07:50:00;0,08262;0,08294;0,08261;0,08287
03/09/2026 07:55:00;0,08287;0,08301;0,08287;0,08297
03/09/2026 08:00:00;0,08297;0,08306;0,08287;0,08298
03/09/2026 08:05:00;0,08298;0,08308;0,08288;0,08308
03/09/2026 08:10:00;0,08308;0,08308;0,08294;0,08295
03/09/2026 08:15:00;0,08295;0,08318;0,08295;0,08317
03/09/2026 08:20:00;0,08317;0,08318;0,08303;0,08311
03/09/2026 08:25:00;0,08311;0,08328;0,08309;0,08325
03/09/2026 08:30:00;0,08325;0,0834;0,08312;0,08328
03/09/2026 08:35:00;0,08328;0,08328;0,08314;0,08319
03/09/2026 08:40:00;0,08319;0,08328;0,08315;0,08319
03/09/2026 08:45:00;0,08319;0,08331;0,08313;0,08319
03/09/2026 08:50:00;0,08319;0,08326;0,08313;0,08313
03/09/2026 08:55:00;0,08313;0,08332;0,08313;0,08328
03/09/2026 09:00:00;0,08328;0,08332;0,08321;0,08327
03/09/2026 09:05:00;0,08327;0,0833;0,08315;0,08323
03/09/2026 09:10:00;0,08323;0,08334;0,08321;0,08331
03/09/2026 09:15:00;0,08331;0,08335;0,08315;0,08318
03/09/2026 09:20:00;0,08318;0,08322;0,08311;0,08316
03/09/2026 09:25:00;0,08316;0,08321;0,08315;0,08319
03/09/2026 09:30:00;0,08319;0,08365;0,08319;0,08342
03/09/2026 09:35:00;0,08342;0,08348;0,0833;0,08341
03/09/2026 09:40:00;0,08341;0,0835;0,08323;0,08326
03/09/2026 09:45:00;0,08326;0,08347;0,08322;0,08346
03/09/2026 09:50:00;0,08346;0,08362;0,08339;0,0836
03/09/2026 09:55:00;0,0836;0,08377;0,08356;0,08368
03/09/2026 10:00:00;0,08368;0,0837;0,0834;0,08348
03/09/2026 10:05:00;0,08348;0,08348;0,08333;0,0834
03/09/2026 10:10:00;0,0834;0,08354;0,08336;0,08351
03/09/2026 10:15:00;0,08351;0,08355;0,08341;0,08344
03/09/2026 10:20:00;0,08344;0,08354;0,08337;0,08347
03/09/2026 10:25:00;0,08347;0,08347;0,08336;0,0834
03/09/2026 10:30:00;0,0834;0,08365;0,08338;0,08357
03/09/2026 10:35:00;0,08357;0,0836;0,08327;0,08354
03/09/2026 10:40:00;0,08354;0,08372;0,0835;0,08367
03/09/2026 10:45:00;0,08367;0,08373;0,08347;0,08353
03/09/2026 10:50:00;0,08353;0,08369;0,08345;0,08347
03/09/2026 10:55:00;0,08347;0,08356;0,08341;0,08352
03/09/2026 11:00:00;0,08352;0,08352;0,08331;0,08344
03/09/2026 11:05:00;0,08344;0,08358;0,08342;0,0835
03/09/2026 11:10:00;0,0835;0,08371;0,0834;0,08371
03/09/2026 11:15:00;0,08371;0,0839;0,08371;0,0838
03/09/2026 11:20:00;0,0838;0,08452;0,0838;0,08448
03/09/2026 11:25:00;0,08448;0,08461;0,08434;0,08458
03/09/2026 11:30:00;0,08458;0,08506;0,08448;0,08483
03/09/2026 11:35:00;0,08483;0,08553;0,08477;0,08528
03/09/2026 11:40:00;0,08528;0,08604;0,08522;0,08574
03/09/2026 11:45:00;0,08574;0,08673;0,08567;0,08655
03/09/2026 11:50:00;0,08655;0,08681;0,08644;0,08669
03/09/2026 11:55:00;0,08669;0,08794;0,0865;0,08791
03/09/2026 12:00:00;0,08791;0,0885;0,08772;0,08802
03/09/2026 12:05:00;0,08802;0,08814;0,08739;0,08739
03/09/2026 12:10:00;0,08739;0,08761;0,08683;0,0875
03/09/2026 12:15:00;0,0875;0,08777;0,08715;0,08736
03/09/2026 12:20:00;0,08736;0,0876;0,08702;0,08755
03/09/2026 12:25:00;0,08755;0,0876;0,0873;0,08745
03/09/2026 12:30:00;0,08745;0,0879;0,08743;0,08772
03/09/2026 12:35:00;0,08772;0,08807;0,08771;0,088
03/09/2026 12:40:00;0,088;0,08809;0,08782;0,08784
03/09/2026 12:45:00;0,08784;0,08791;0,08745;0,08773
03/09/2026 12:50:00;0,08773;0,089;0,08773;0,089
03/09/2026 12:55:00;0,089;0,0894;0,08885;0,0892
03/09/2026 13:00:00;0,0892;0,08944;0,08828;0,08828
03/09/2026 13:05:00;0,08828;0,08892;0,08809;0,08879
03/09/2026 13:10:00;0,08879;0,08908;0,08878;0,08888
03/09/2026 13:15:00;0,08888;0,08891;0,08843;0,0886
03/09/2026 13:20:00;0,0886;0,08911;0,08854;0,08891
03/09/2026 13:25:00;0,08891;0,08927;0,08864;0,08923
03/09/2026 13:30:00;0,08923;0,08989;0,08922;0,08989
03/09/2026 13:35:00;0,08989;0,08989;0,0892;0,0892
03/09/2026 13:40:00;0,0892;0,08939;0,08907;0,08923
03/09/2026 13:45:00;0,08923;0,08953;0,08918;0,08952
03/09/2026 13:50:00;0,08952;0,08996;0,0895;0,0899
03/09/2026 13:55:00;0,0899;0,08998;0,08945;0,08947
03/09/2026 14:00:00;0,08947;0,089566;0,0893;0,08953
03/09/2026 14:05:00;0,08953;0,08974;0,08923;0,08938
03/09/2026 14:10:00;0,08938;0,08958;0,08936;0,08957
03/09/2026 14:15:00;0,08957;0,08966;0,0892;0,08921
03/09/2026 14:20:00;0,08921;0,08927;0,08904;0,08919
03/09/2026 14:25:00;0,08919;0,08919;0,08885;0,08906
03/09/2026 14:30:00;0,08906;0,08977;0,08906;0,08968
03/09/2026 14:35:00;0,08968;0,0898;0,08947;0,08975
03/09/2026 14:40:00;0,08975;0,08975;0,08945;0,08949
03/09/2026 14:45:00;0,08949;0,08961;0,08944;0,08951
03/09/2026 14:50:00;0,08951;0,08956;0,08923;0,08929
03/09/2026 14:55:00;0,08929;0,08947;0,08924;0,08939
03/09/2026 15:00:00;0,08939;0,08961;0,08928;0,08952
03/09/2026 15:05:00;0,08952;0,08967;0,08945;0,08965
03/09/2026 15:10:00;0,08965;0,08965;0,08933;0,08957
03/09/2026 15:15:00;0,08957;0,08962;0,08945;0,08945
03/09/2026 15:20:00;0,08945;0,08956;0,08935;0,08953
03/09/2026 15:25:00;0,08953;0,08953;0,08933;0,08936
03/09/2026 15:30:00;0,08936;0,08956;0,0892;0,08922
03/09/2026 15:35:00;0,08922;0,08925;0,08912;0,08915
03/09/2026 15:40:00;0,08915;0,08918;0,08896;0,08905
03/09/2026 15:45:00;0,08905;0,08931;0,08904;0,08929
03/09/2026 15:50:00;0,08929;0,08959;0,08928;0,0895
03/09/2026 15:55:00;0,0895;0,08958;0,08946;0,08958
03/09/2026 16:00:00;0,08958;0,08972;0,08946;0,08972
03/09/2026 16:05:00;0,08972;0,08991;0,089267;0,08939
03/09/2026 16:10:00;0,08939;0,08951;0,08922;0,08925
03/09/2026 16:15:00;0,08925;0,08944;0,08916;0,08944
03/09/2026 16:20:00;0,08944;0,08964;0,08942;0,08958
03/09/2026 16:25:00;0,08958;0,08959;0,08945;0,08955
03/09/2026 16:30:00;0,08955;0,08957;0,08932;0,08943
03/09/2026 16:35:00;0,08943;0,08945;0,08928;0,08942
03/09/2026 16:40:00;0,08942;0,08946;0,08933;0,08937
03/09/2026 16:45:00;0,08937;0,08941;0,08904;0,08909
03/09/2026 16:50:00;0,08909;0,08924;0,08905;0,08918
03/09/2026 16:55:00;0,08918;0,08938;0,08915;0,08933
03/09/2026 17:00:00;0,08933;0,08933;0,08885;0,08923
03/09/2026 17:05:00;0,08923;0,08935;0,08913;0,08931
03/09/2026 17:10:00;0,08931;0,08931;0,08888;0,08888
03/09/2026 17:15:00;0,08888;0,08906;0,08886;0,0889
03/09/2026 17:20:00;0,0889;0,08895;0,0886;0,08866
03/09/2026 17:25:00;0,08866;0,08899;0,08865;0,0889
03/09/2026 17:30:00;0,0889;0,08896;0,08867;0,0887
03/09/2026 17:35:00;0,0887;0,08888;0,08851;0,08882
03/09/2026 17:40:00;0,08882;0,08882;0,08868;0,08871
03/09/2026 17:45:00;0,08871;0,08888;0,08866;0,08883
03/09/2026 17:50:00;0,08883;0,08886;0,08869;0,0887
03/09/2026 17:55:00;0,0887;0,08877;0,08862;0,08864
03/09/2026 18:00:00;0,08864;0,08876;0,08855;0,08864
03/09/2026 18:05:00;0,08864;0,08872;0,08858;0,08868
03/09/2026 18:10:00;0,08868;0,08896;0,08866;0,08895
03/09/2026 18:15:00;0,08895;0,089;0,08881;0,08887
03/09/2026 18:20:00;0,08887;0,08899;0,0887;0,08874
03/09/2026 18:25:00;0,08874;0,08886;0,08863;0,08885
03/09/2026 18:30:00;0,08885;0,08939;0,08885;0,08919
03/09/2026 18:35:00;0,08919;0,08919;0,08864;0,08866
03/09/2026 18:40:00;0,08866;0,08874;0,08845;0,08849
03/09/2026 18:45:00;0,08849;0,08867;0,0884;0,08863
03/09/2026 18:50:00;0,08863;0,08868;0,08856;0,0886
03/09/2026 18:55:00;0,08854;0,0886;0,08828;0,08829
03/09/2026 19:00:00;0,08829;0,08837;0,08787;0,08815
03/09/2026 19:05:00;0,08815;0,08816;0,087938;0,08798
03/09/2026 19:10:00;0,08798;0,08798;0,08775;0,08784
03/09/2026 19:15:00;0,08784;0,08805;0,08781;0,08781
03/09/2026 19:20:00;0,08781;0,08796;0,08778;0,08778
03/09/2026 19:25:00;0,08778;0,08778;0,08745;0,08751
03/09/2026 19:30:00;0,08751;0,08758;0,08714;0,08736
03/09/2026 19:35:00;0,08736;0,0876;0,08732;0,08741
03/09/2026 19:40:00;0,08741;0,08751;0,08738;0,0874
03/09/2026 19:45:00;0,0874;0,08757;0,0874;0,08748
03/09/2026 19:50:00;0,08748;0,08751;0,0874;0,0874
03/09/2026 19:55:00;0,0874;0,08752;0,08739;0,08746
03/09/2026 20:00:00;0,08746;0,08755;0,08742;0,08755
03/09/2026 20:05:00;0,08755;0,08772;0,08755;0,0876
03/09/2026 20:10:00;0,0876;0,08763;0,08749;0,08759
03/09/2026 20:15:00;0,08759;0,08772;0,08756;0,08769
03/09/2026 20:20:00;0,08769;0,0877;0,08749;0,08759
03/09/2026 20:25:00;0,08759;0,08782;0,08751;0,08781
03/09/2026 20:30:00;0,08781;0,08783;0,0877;0,08779
03/09/2026 20:35:00;0,08779;0,08796;0,08776;0,08795
03/09/2026 20:40:00;0,08795;0,08795;0,08773;0,08773
03/09/2026 20:45:00;0,08773;0,08786;0,08773;0,0878
03/09/2026 20:50:00;0,0878;0,08785;0,08775;0,08779
03/09/2026 20:55:00;0,08779;0,08784;0,08766;0,08781
03/09/2026 21:00:00;0,08781;0,0879;0,08759;0,08762
03/09/2026 21:05:00;0,08762;0,08771;0,08751;0,0877
03/09/2026 21:10:00;0,0877;0,08779;0,08766;0,08776
03/09/2026 21:15:00;0,08783;0,08796;0,08759;0,08762
03/09/2026 21:20:00;0,08762;0,08774;0,08752;0,08752
03/09/2026 21:25:00;0,08752;0,08752;0,08736;0,08737
03/09/2026 21:30:00;0,08737;0,08783;0,08733;0,0878
03/09/2026 21:35:00;0,08784;0,0881;0,087789;0,08807
03/09/2026 21:40:00;0,08807;0,0881;0,08752;0,08764
03/09/2026 21:45:00;0,08764;0,08765;0,08734;0,08734
03/09/2026 21:50:00;0,08734;0,0875;0,08721;0,0873
03/09/2026 21:55:00;0,0873;0,0873;0,08703;0,08706
03/09/2026 22:00:00;0,08706;0,08745;0,087;0,087
03/09/2026 22:05:00;0,087;0,08734;0,08692;0,08729
03/09/2026 22:10:00;0,08729;0,08742;0,08717;0,08717
03/09/2026 22:15:00;0,08717;0,08721;0,08709;0,08709
03/09/2026 22:20:00;0,08709;0,08727;0,08695;0,08697
03/09/2026 22:25:00;0,08697;0,08708;0,08688;0,08695
03/09/2026 22:30:00;0,08695;0,08713;0,0868;0,08683
03/09/2026 22:35:00;0,08683;0,08701;0,08682;0,08692
03/09/2026 22:40:00;0,08692;0,08695;0,08681;0,08692
03/09/2026 22:45:00;0,08692;0,08707;0,08688;0,08699
03/09/2026 22:50:00;0,08699;0,08717;0,08699;0,08717
03/09/2026 22:55:00;0,08717;0,08726;0,08713;0,08715
03/09/2026 23:00:00;0,08715;0,08717;0,08691;0,08691
03/09/2026 23:05:00;0,08691;0,08702;0,08681;0,08686
03/09/2026 23:10:00;0,08686;0,08698;0,08682;0,08698
03/09/2026 23:15:00;0,08698;0,08711;0,08687;0,08692
03/09/2026 23:20:00;0,08692;0,08692;0,08662;0,08664
03/09/2026 23:25:00;0,08664;0,08675;0,08664;0,08669
03/09/2026 23:30:00;0,08669;0,08691;0,08669;0,08685
03/09/2026 23:35:00;0,08685;0,087;0,08676;0,087
03/09/2026 23:40:00;0,087;0,087;0,08691;0,08691
03/09/2026 23:45:00;0,08691;0,08698;0,08685;0,08696
03/09/2026 23:50:00;0,08696;0,08718;0,08695;0,08717
03/09/2026 23:55:00;0,08717;0,08729;0,08715;0,08728
04/09/2026 00:00:00;0,08728;0,0874;0,08727;0,08732
04/09/2026 00:05:00;0,08732;0,0875;0,08732;0,08744
04/09/2026 00:10:00;0,08744;0,08745;0,08727;0,08738
04/09/2026 00:15:00;0,08738;0,08738;0,08727;0,08728
04/09/2026 00:20:00;0,08728;0,08737;0,08728;0,08733
04/09/2026 00:25:00;0,08733;0,08733;0,08719;0,08721
04/09/2026 00:30:00;0,08721;0,08731;0,08719;0,08721
04/09/2026 00:35:00;0,08721;0,08733;0,0872;0,087276
04/09/2026 00:40:00;0,087276;0,08731;0,08723;0,08731
04/09/2026 00:45:00;0,08731;0,08732;0,08722;0,08728
04/09/2026 00:50:00;0,08728;0,0873;0,08723;0,08727
04/09/2026 00:55:00;0,08728;0,08729;0,08716;0,08716
04/09/2026 01:00:00;0,08716;0,0872;0,0871;0,08713
04/09/2026 01:05:00;0,08713;0,08716;0,08706;0,0871
04/09/2026 01:10:00;0,0871;0,08722;0,08704;0,08721
04/09/2026 01:15:00;0,08721;0,08738;0,08721;0,08732
04/09/2026 01:20:00;0,08732;0,08741;0,0873;0,08738
04/09/2026 01:25:00;0,08738;0,08755;0,08726;0,08755
04/09/2026 01:30:00;0,08755;0,08759;0,08743;0,08756
04/09/2026 01:35:00;0,08754;0,08754;0,08733;0,08736
04/09/2026 01:40:00;0,08736;0,08736;0,08716;0,08718
04/09/2026 01:45:00;0,08718;0,08723;0,08716;0,08719
04/09/2026 01:50:00;0,08719;0,08725;0,08714;0,08723
04/09/2026 01:55:00;0,08723;0,08729;0,08723;0,08728
04/09/2026 02:00:00;0,08728;0,08728;0,08706;0,08707
04/09/2026 02:05:00;0,08707;0,08729;0,08705;0,08723
04/09/2026 02:10:00;0,08723;0,08731;0,08708;0,08709
04/09/2026 02:15:00;0,08709;0,08731;0,08705;0,08727
04/09/2026 02:20:00;0,08727;0,08734;0,08717;0,08732
04/09/2026 02:25:00;0,08733;0,08739;0,08701;0,08703
04/09/2026 02:30:00;0,08703;0,08703;0,08682;0,086897
04/09/2026 02:35:00;0,086897;0,08705;0,08686;0,08688
04/09/2026 02:40:00;0,08688;0,0871;0,08687;0,0871
04/09/2026 02:45:00;0,0871;0,08721;0,08667;0,08668
04/09/2026 02:50:00;0,08668;0,08675;0,08663;0,08675
04/09/2026 02:55:00;0,08675;0,08705;0,08674;0,08696
04/09/2026 03:00:00;0,08696;0,08696;0,08686;0,08689
04/09/2026 03:05:00;0,08689;0,08704;0,08685;0,08704
04/09/2026 03:10:00;0,08704;0,0872;0,08704;0,08709
04/09/2026 03:15:00;0,08709;0,08709;0,08697;0,08699
04/09/2026 03:20:00;0,087;0,087;0,08679;0,08679
04/09/2026 03:25:00;0,08679;0,08683;0,08666;0,08669
04/09/2026 03:30:00;0,08669;0,08672;0,08655;0,08665
04/09/2026 03:35:00;0,08665;0,08692;0,08657;0,08688
04/09/2026 03:40:00;0,08688;0,08701;0,08688;0,08697
04/09/2026 03:45:00;0,08697;0,08699;0,08692;0,08694
04/09/2026 03:50:00;0,08694;0,08697;0,08685;0,08697
04/09/2026 03:55:00;0,08697;0,08709;0,08694;0,08708
04/09/2026 04:00:00;0,08708;0,08735;0,08707;0,08734
04/09/2026 04:05:00;0,08734;0,08736;0,08723;0,08727
04/09/2026 04:10:00;0,08727;0,08751;0,08727;0,08745
04/09/2026 04:15:00;0,08745;0,08745;0,08721;0,08734
04/09/2026 04:20:00;0,08734;0,08738;0,0872;0,08725
04/09/2026 04:25:00;0,08725;0,08726;0,08718;0,08723
04/09/2026 04:30:00;0,08723;0,08735;0,08717;0,08731
04/09/2026 04:35:00;0,08731;0,08731;0,0871;0,0872
04/09/2026 04:40:00;0,0872;0,08731;0,08719;0,0873
04/09/2026 04:45:00;0,0873;0,08733;0,0871;0,08714
04/09/2026 04:50:00;0,08714;0,0872;0,08704;0,08705
04/09/2026 04:55:00;0,08705;0,08716;0,087;0,08703
04/09/2026 05:00:00;0,08703;0,08709;0,08691;0,08694
04/09/2026 05:05:00;0,08694;0,08716;0,08677;0,08705
04/09/2026 05:10:00;0,08705;0,08717;0,08703;0,08717
04/09/2026 05:15:00;0,08717;0,08726;0,0871;0,08715
04/09/2026 05:20:00;0,08715;0,08715;0,08706;0,08711
04/09/2026 05:25:00;0,08711;0,08724;0,08708;0,08722
04/09/2026 05:30:00;0,08722;0,08724;0,08707;0,0872
04/09/2026 05:35:00;0,0872;0,08727;0,08717;0,08721
04/09/2026 05:40:00;0,08721;0,08728;0,08714;0,08714
04/09/2026 05:45:00;0,08714;0,08739;0,08704;0,08734
04/09/2026 05:50:00;0,08734;0,08764;0,08733;0,08756
04/09/2026 05:55:00;0,08756;0,08769;0,08747;0,08765
04/09/2026 06:00:00;0,08765;0,08786;0,08755;0,0878
04/09/2026 06:05:00;0,0878;0,08785;0,08765;0,08767
04/09/2026 06:10:00;0,08767;0,08787;0,08767;0,08774
04/09/2026 06:15:00;0,08774;0,08834;0,08774;0,08815
04/09/2026 06:20:00;0,08815;0,08821;0,08757;0,08757
04/09/2026 06:25:00;0,08757;0,08767;0,08747;0,08758
04/09/2026 06:30:00;0,08758;0,08795;0,08749;0,08785
04/09/2026 06:35:00;0,08785;0,08822;0,08777;0,08799
04/09/2026 06:40:00;0,08799;0,08805;0,08781;0,08783
04/09/2026 06:45:00;0,08783;0,08792;0,0877;0,08779
04/09/2026 06:50:00;0,08779;0,08788;0,08758;0,08787
04/09/2026 06:55:00;0,08787;0,088;0,08769;0,08769
04/09/2026 07:00:00;0,08769;0,08777;0,08753;0,08777
04/09/2026 07:05:00;0,08777;0,08777;0,08743;0,08745
04/09/2026 07:10:00;0,08745;0,08758;0,08735;0,08749
04/09/2026 07:15:00;0,08749;0,0875;0,08724;0,08729
04/09/2026 07:20:00;0,08729;0,08738;0,08729;0,08735
04/09/2026 07:25:00;0,08735;0,08748;0,08729;0,08746
04/09/2026 07:30:00;0,08746;0,08761;0,08741;0,08755
04/09/2026 07:35:00;0,08755;0,0877;0,08751;0,0877
04/09/2026 07:40:00;0,0877;0,08775;0,08754;0,08762
04/09/2026 07:45:00;0,08762;0,08771;0,08758;0,08767
04/09/2026 07:50:00;0,08767;0,0877;0,08756;0,08768
04/09/2026 07:55:00;0,08768;0,08772;0,08767;0,08771
04/09/2026 08:00:00;0,08771;0,08771;0,08757;0,0877
04/09/2026 08:05:00;0,0877;0,08789;0,0877;0,08778
04/09/2026 08:10:00;0,08778;0,08784;0,08772;0,08779
04/09/2026 08:15:00;0,08779;0,08793;0,08774;0,08788
04/09/2026 08:20:00;0,08788;0,08795;0,08776;0,0879
04/09/2026 08:25:00;0,0879;0,08801;0,08787;0,08795
04/09/2026 08:30:00;0,08795;0,08795;0,08785;0,08785
04/09/2026 08:35:00;0,08785;0,08799;0,08785;0,08793
04/09/2026 08:40:00;0,08793;0,08793;0,08779;0,08782
04/09/2026 08:45:00;0,08782;0,0879;0,08776;0,0879
04/09/2026 08:50:00;0,0879;0,08791;0,08774;0,08781
04/09/2026 08:55:00;0,08781;0,08785;0,0877;0,08777
04/09/2026 09:00:00;0,08777;0,087895;0,08762;0,08763
04/09/2026 09:05:00;0,08763;0,088;0,08763;0,08795
04/09/2026 09:10:00;0,08795;0,08796;0,08781;0,0879
04/09/2026 09:15:00;0,0879;0,0879;0,08763;0,08771
04/09/2026 09:20:00;0,08771;0,08777;0,08762;0,08772
04/09/2026 09:25:00;0,08772;0,08805;0,08772;0,08802
04/09/2026 09:30:00;0,08802;0,08802;0,08433;0,08519
04/09/2026 09:35:00;0,08519;0,08563;0,08476;0,08562
04/09/2026 09:40:00;0,08562;0,08584;0,08516;0,08516
04/09/2026 09:45:00;0,08516;0,08518;0,0843;0,085
04/09/2026 09:50:00;0,085;0,08533;0,08478;0,08529
04/09/2026 09:55:00;0,08529;0,08529;0,08487;0,08502
04/09/2026 10:00:00;0,08502;0,08519;0,08487;0,085
04/09/2026 10:05:00;0,085;0,08509;0,08473;0,08487
04/09/2026 10:10:00;0,08487;0,08492;0,08467;0,08473
04/09/2026 10:15:00;0,08473;0,08509;0,08472;0,08503
04/09/2026 10:20:00;0,08503;0,08522;0,08503;0,08518
04/09/2026 10:25:00;0,08518;0,08525;0,085;0,08508
04/09/2026 10:30:00;0,08508;0,08542;0,08508;0,08511
04/09/2026 10:35:00;0,08511;0,08529;0,08481;0,08518
04/09/2026 10:40:00;0,08518;0,08527;0,08504;0,08519
04/09/2026 10:45:00;0,08519;0,08576;0,08513;0,08568
04/09/2026 10:50:00;0,08568;0,08568;0,08513;0,08516
04/09/2026 10:55:00;0,08516;0,08545;0,08516;0,08524
04/09/2026 11:00:00;0,08524;0,08543;0,08519;0,08532
04/09/2026 11:05:00;0,08532;0,08536;0,08504;0,08506
04/09/2026 11:10:00;0,08506;0,08511;0,084898;0,08509
04/09/2026 11:15:00;0,08509;0,0852;0,08487;0,08487
04/09/2026 11:20:00;0,08475;0,08499;0,084676;0,08494
04/09/2026 11:25:00;0,08494;0,08516;0,08494;0,08506
04/09/2026 11:30:00;0,08506;0,08506;0,08471;0,08477
04/09/2026 11:35:00;0,08477;0,08498;0,08449;0,08467
04/09/2026 11:40:00;0,08467;0,08473;0,08414;0,08436
04/09/2026 11:45:00;0,08436;0,08453;0,08385;0,08386
04/09/2026 11:50:00;0,08386;0,08418;0,083837;0,08411
04/09/2026 11:55:00;0,08411;0,0843;0,08411;0,08419
04/09/2026 12:00:00;0,08419;0,08436;0,084;0,08434
04/09/2026 12:05:00;0,08434;0,08445;0,08424;0,08445
04/09/2026 12:10:00;0,08445;0,08445;0,0843;0,08442
04/09/2026 12:15:00;0,08442;0,08449;0,08439;0,08439
04/09/2026 12:20:00;0,08439;0,08454;0,08439;0,08454
04/09/2026 12:25:00;0,08454;0,08467;0,08445;0,08452
04/09/2026 12:30:00;0,08452;0,08455;0,08435;0,08438
04/09/2026 12:35:00;0,08438;0,08457;0,08435;0,08456
04/09/2026 12:40:00;0,08456;0,08464;0,08456;0,08463
04/09/2026 12:45:00;0,08463;0,08465;0,08439;0,08439
04/09/2026 12:50:00;0,08439;0,08448;0,08434;0,08444
04/09/2026 12:55:00;0,08444;0,0845;0,08437;0,0844
04/09/2026 13:00:00;0,0844;0,08444;0,08431;0,08432
04/09/2026 13:05:00;0,08432;0,08459;0,08432;0,08455
04/09/2026 13:10:00;0,08455;0,08463;0,08452;0,08454
04/09/2026 13:15:00;0,08454;0,08466;0,08452;0,08455
04/09/2026 13:20:00;0,08455;0,08458;0,08451;0,08454
04/09/2026 13:25:00;0,08454;0,08462;0,08453;0,0846
04/09/2026 13:30:00;0,08454;0,08488;0,08453;0,08471
04/09/2026 13:35:00;0,08471;0,08479;0,08467;0,08469
04/09/2026 13:40:00;0,08469;0,08476;0,08467;0,08476
04/09/2026 13:45:00;0,08476;0,08482;0,08467;0,08475
04/09/2026 13:50:00;0,08475;0,08488;0,08473;0,08474
04/09/2026 13:55:00;0,08474;0,08476;0,08464;0,08464
04/09/2026 14:00:00;0,08464;0,08467;0,08444;0,08456
04/09/2026 14:05:00;0,08456;0,08464;0,08451;0,0846
04/09/2026 14:10:00;0,0846;0,08461;0,08441;0,08441
04/09/2026 14:15:00;0,08441;0,08446;0,08432;0,0844
04/09/2026 14:20:00;0,0844;0,08447;0,08436;0,08444
04/09/2026 14:25:00;0,08444;0,08448;0,08434;0,08434
04/09/2026 14:30:00;0,08434;0,08444;0,08434;0,08441
04/09/2026 14:35:00;0,08441;0,08441;0,08423;0,08428
04/09/2026 14:40:00;0,08428;0,08428;0,0841;0,0842
04/09/2026 14:45:00;0,0842;0,08422;0,08411;0,08417
04/09/2026 14:50:00;0,08417;0,08417;0,08402;0,08415
04/09/2026 14:55:00;0,08415;0,08418;0,08409;0,08413
04/09/2026 15:00:00;0,08413;0,08435;0,08412;0,08431
04/09/2026 15:05:00;0,08431;0,08442;0,08425;0,08432
04/09/2026 15:10:00;0,08432;0,08432;0,08423;0,08425
04/09/2026 15:15:00;0,08425;0,08436;0,08425;0,08436
04/09/2026 15:20:00;0,08436;0,08442;0,08436;0,08439
04/09/2026 15:25:00;0,08439;0,08443;0,08431;0,08434
04/09/2026 15:30:00;0,08434;0,08452;0,08434;0,08452
04/09/2026 15:35:00;0,08452;0,08453;0,08446;0,08453
04/09/2026 15:40:00;0,08453;0,08466;0,08453;0,08465
04/09/2026 15:45:00;0,08465;0,08465;0,08458;0,0846
04/09/2026 15:50:00;0,0846;0,08468;0,08458;0,08468
04/09/2026 15:55:00;0,08468;0,08474;0,08464;0,0847
04/09/2026 16:00:00;0,0847;0,08477;0,0847;0,08473
04/09/2026 16:05:00;0,08473;0,08478;0,08472;0,08476
04/09/2026 16:10:00;0,08476;0,08476;0,08466;0,08476
04/09/2026 16:15:00;0,08476;0,08492;0,08472;0,08491
04/09/2026 16:20:00;0,08491;0,08503;0,08488;0,08503
04/09/2026 16:25:00;0,08503;0,08505;0,0849;0,08494
04/09/2026 16:30:00;0,08488;0,084905;0,08476;0,08482
04/09/2026 16:35:00;0,08482;0,08482;0,08445;0,08454
04/09/2026 16:40:00;0,08454;0,08466;0,08454;0,08464
04/09/2026 16:45:00;0,08464;0,0848;0,08459;0,08477
04/09/2026 16:50:00;0,08477;0,08483;0,08468;0,08474
04/09/2026 16:55:00;0,08474;0,0848;0,08468;0,08474
04/09/2026 17:00:00;0,08474;0,08482;0,08471;0,08476
04/09/2026 17:05:00;0,08476;0,08477;0,08466;0,08473
04/09/2026 17:10:00;0,08473;0,08479;0,08466;0,08468
04/09/2026 17:15:00;0,08468;0,08475;0,08462;0,08475
04/09/2026 17:20:00;0,08475;0,08477;0,08466;0,08466
04/09/2026 17:25:00;0,08466;0,08474;0,08463;0,08471
04/09/2026 17:30:00;0,08471;0,08475;0,08467;0,0847
04/09/2026 17:35:00;0,0847;0,08484;0,08469;0,08471
04/09/2026 17:40:00;0,08471;0,08478;0,08464;0,08477
04/09/2026 17:45:00;0,08477;0,08485;0,08474;0,0848
04/09/2026 17:50:00;0,0848;0,0848;0,08469;0,08474
04/09/2026 17:55:00;0,08474;0,08477;0,08472;0,08474
04/09/2026 18:00:00;0,08474;0,08476;0,08469;0,08474
04/09/2026 18:05:00;0,08474;0,08483;0,08472;0,08476
04/09/2026 18:10:00;0,08476;0,08489;0,08476;0,08483
04/09/2026 18:15:00;0,08483;0,08493;0,08483;0,08492
04/09/2026 18:20:00;0,08492;0,08497;0,08487;0,08487
04/09/2026 18:25:00;0,08487;0,0849;0,08475;0,08485
04/09/2026 18:30:00;0,08485;0,08493;0,08477;0,08482
04/09/2026 18:35:00;0,08482;0,08486;0,08482;0,08483
04/09/2026 18:40:00;0,08483;0,0849;0,08477;0,08485
04/09/2026 18:45:00;0,08485;0,084919;0,08473;0,08474
04/09/2026 18:50:00;0,08474;0,08476;0,08453;0,0846
04/09/2026 18:55:00;0,0846;0,0846;0,08446;0,08446
04/09/2026 19:00:00;0,08446;0,08459;0,08445;0,08453
04/09/2026 19:05:00;0,08453;0,08461;0,08452;0,08459
04/09/2026 19:10:00;0,08459;0,08463;0,08453;0,08461
04/09/2026 19:15:00;0,08461;0,08464;0,08453;0,08462
04/09/2026 19:20:00;0,08462;0,08462;0,08455;0,08458
04/09/2026 19:25:00;0,08458;0,08461;0,084524;0,08459
04/09/2026 19:30:00;0,08459;0,08461;0,08456;0,08459
04/09/2026 19:35:00;0,08459;0,08464;0,08458;0,08464
04/09/2026 19:40:00;0,08464;0,08466;0,08454;0,08455
04/09/2026 19:45:00;0,08455;0,08455;0,08449;0,08451
04/09/2026 19:50:00;0,08451;0,08459;0,0845;0,0845
04/09/2026 19:55:00;0,0845;0,08454;0,08449;0,08453
04/09/2026 20:00:00;0,08453;0,08458;0,08443;0,08458
04/09/2026 20:05:00;0,08458;0,08466;0,08458;0,08465
04/09/2026 20:10:00;0,08465;0,08467;0,08459;0,08461
04/09/2026 20:15:00;0,08461;0,08466;0,08461;0,08465
04/09/2026 20:20:00;0,08465;0,08475;0,08465;0,08473
04/09/2026 20:25:00;0,08473;0,08479;0,08472;0,08476
04/09/2026 20:30:00;0,08476;0,08476;0,08471;0,08473
04/09/2026 20:35:00;0,08473;0,0848;0,08472;0,08479
04/09/2026 20:40:00;0,08479;0,08481;0,08472;0,08475
04/09/2026 20:45:00;0,08475;0,08483;0,08474;0,08477
04/09/2026 20:50:00;0,08477;0,08481;0,08477;0,0848
04/09/2026 20:55:00;0,0848;0,08481;0,08477;0,08477
04/09/2026 21:00:00;0,08477;0,08477;0,08468;0,08469
04/09/2026 21:05:00;0,08469;0,08474;0,08466;0,08474
04/09/2026 21:10:00;0,08474;0,08479;0,0847;0,08471
04/09/2026 21:15:00;0,08471;0,08475;0,08467;0,08471
04/09/2026 21:20:00;0,08471;0,08475;0,0847;0,0847
04/09/2026 21:25:00;0,0847;0,08476;0,08469;0,08472
04/09/2026 21:30:00;0,08472;0,08475;0,0846;0,08466
04/09/2026 21:35:00;0,08464;0,08486;0,084639;0,08473
04/09/2026 21:40:00;0,08473;0,08483;0,08472;0,08476
04/09/2026 21:45:00;0,08476;0,08476;0,08457;0,08471
04/09/2026 21:50:00;0,08471;0,08484;0,0847;0,08483
04/09/2026 21:55:00;0,08483;0,08484;0,08464;0,08464
04/09/2026 22:00:00;0,08464;0,08473;0,08454;0,08472
04/09/2026 22:05:00;0,08472;0,08489;0,08472;0,08489
04/09/2026 22:10:00;0,08489;0,08492;0,08473;0,08473
04/09/2026 22:15:00;0,08473;0,08481;0,08473;0,08478
04/09/2026 22:20:00;0,08478;0,08478;0,08472;0,08475
04/09/2026 22:25:00;0,08475;0,08493;0,08465;0,08489
04/09/2026 22:30:00;0,08489;0,08492;0,08485;0,0849
04/09/2026 22:35:00;0,0849;0,08495;0,08485;0,08488
04/09/2026 22:40:00;0,08488;0,08494;0,08488;0,08492
04/09/2026 22:45:00;0,08492;0,08493;0,08465;0,08465
04/09/2026 22:50:00;0,08459;0,08476;0,08459;0,08468
04/09/2026 22:55:00;0,08468;0,0847;0,08461;0,08463
04/09/2026 23:00:00;0,08463;0,08466;0,0845;0,0846
04/09/2026 23:05:00;0,0846;0,08467;0,08459;0,08467
04/09/2026 23:10:00;0,08467;0,08467;0,08461;0,08465
04/09/2026 23:15:00;0,08465;0,0847;0,08465;0,08468
04/09/2026 23:20:00;0,08468;0,08478;0,08464;0,08478
04/09/2026 23:25:00;0,08478;0,08487;0,08462;0,08467
04/09/2026 23:30:00;0,08467;0,08472;0,08457;0,08468
04/09/2026 23:35:00;0,08468;0,08472;0,08465;0,08472
04/09/2026 23:40:00;0,08472;0,08477;0,08472;0,08473
04/09/2026 23:45:00;0,08473;0,08474;0,08467;0,08472
04/09/2026 23:50:00;0,08472;0,08472;0,08442;0,08453
04/09/2026 23:55:00;0,08453;0,08465;0,08451;0,0846
05/09/2026 00:00:00;0,0846;0,08467;0,08459;0,0846
05/09/2026 00:05:00;0,0846;0,08463;0,08454;0,08454
05/09/2026 00:10:00;0,08454;0,08464;0,08454;0,08463
05/09/2026 00:15:00;0,08463;0,08474;0,08463;0,08466
05/09/2026 00:20:00;0,08466;0,08469;0,08458;0,08466
05/09/2026 00:25:00;0,08466;0,08472;0,08462;0,08471
05/09/2026 00:30:00;0,08471;0,08473;0,08465;0,08465
05/09/2026 00:35:00;0,08465;0,08475;0,08464;0,08466
05/09/2026 00:40:00;0,08466;0,09469;0,084651;0,08466
05/09/2026 00:45:00;0,08466;0,08473;0,08466;0,08472
05/09/2026 00:50:00;0,08472;0,08475;0,08463;0,08463
05/09/2026 00:55:00;0,08463;0,08465;0,08458;0,0846
05/09/2026 01:00:00;0,0846;0,08462;0,08453;0,08461
05/09/2026 01:05:00;0,0846;0,08466;0,08452;0,08452
05/09/2026 01:10:00;0,08452;0,08453;0,08449;0,0845
05/09/2026 01:15:00;0,0845;0,08463;0,08448;0,08459
05/09/2026 01:20:00;0,0846;0,08463;0,0846;0,08462
05/09/2026 01:25:00;0,08462;0,08469;0,08462;0,08466
05/09/2026 01:30:00;0,08466;0,08471;0,08466;0,08466
05/09/2026 01:35:00;0,08466;0,08468;0,08464;0,08466
05/09/2026 01:40:00;0,08466;0,08473;0,08464;0,08472
05/09/2026 01:45:00;0,08472;0,08477;0,08459;0,08464
05/09/2026 01:50:00;0,08464;0,08477;0,08461;0,08477
05/09/2026 01:55:00;0,08477;0,08478;0,08465;0,08465
05/09/2026 02:00:00;0,08465;0,08467;0,08452;0,08454
05/09/2026 02:05:00;0,08453;0,08465;0,08452;0,08463
05/09/2026 02:10:00;0,08463;0,08475;0,08463;0,08472
05/09/2026 02:15:00;0,08472;0,0848;0,08466;0,08466
05/09/2026 02:20:00;0,08466;0,08468;0,0846;0,08462
05/09/2026 02:25:00;0,08462;0,08466;0,08457;0,08466
05/09/2026 02:30:00;0,08466;0,08468;0,08465;0,08466
05/09/2026 02:35:00;0,08466;0,08468;0,08462;0,08465
05/09/2026 02:40:00;0,08466;0,08472;0,08461;0,08461
05/09/2026 02:45:00;0,08459;0,0846;0,08454;0,08454
05/09/2026 02:50:00;0,08454;0,08471;0,08454;0,08469
05/09/2026 02:55:00;0,08469;0,08478;0,08466;0,08467
05/09/2026 03:00:00;0,08467;0,08473;0,08465;0,08471
05/09/2026 03:05:00;0,08471;0,08471;0,08466;0,08466
05/09/2026 03:10:00;0,08466;0,08485;0,08465;0,08481
05/09/2026 03:15:00;0,08481;0,08498;0,08478;0,08494
05/09/2026 03:20:00;0,08493;0,08493;0,08486;0,08487
05/09/2026 03:25:00;0,08486;0,08495;0,08483;0,08488
05/09/2026 03:30:00;0,08488;0,08508;0,08488;0,08508
05/09/2026 03:35:00;0,08508;0,0856;0,08502;0,08555
05/09/2026 03:40:00;0,08555;0,08555;0,08537;0,08545
05/09/2026 03:45:00;0,08545;0,08563;0,08543;0,08558
05/09/2026 03:50:00;0,08558;0,08558;0,08546;0,0855
05/09/2026 03:55:00;0,08552;0,08565;0,08551;0,08555
05/09/2026 04:00:00;0,08555;0,08578;0,08551;0,08577
05/09/2026 04:05:00;0,08577;0,0858;0,08558;0,08558
05/09/2026 04:10:00;0,08558;0,08575;0,08558;0,08574
05/09/2026 04:15:00;0,08574;0,085757;0,08559;0,0856
05/09/2026 04:20:00;0,0856;0,08564;0,08558;0,0856
05/09/2026 04:25:00;0,0856;0,08574;0,0856;0,08571
05/09/2026 04:30:00;0,08571;0,08575;0,08564;0,08575
05/09/2026 04:35:00;0,08575;0,08575;0,08563;0,08567
05/09/2026 04:40:00;0,08567;0,08574;0,08561;0,08572
05/09/2026 04:45:00;0,08572;0,08572;0,08554;0,08555
05/09/2026 04:50:00;0,08555;0,08563;0,08553;0,08554
05/09/2026 04:55:00;0,08555;0,08584;0,0855;0,08578
05/09/2026 05:00:00;0,08578;0,08579;0,0855;0,08554
05/09/2026 05:05:00;0,08554;0,08563;0,08552;0,08556
05/09/2026 05:10:00;0,08556;0,08567;0,0855;0,08556
05/09/2026 05:15:00;0,08556;0,08596;0,08556;0,08575
05/09/2026 05:20:00;0,08575;0,08575;0,08551;0,08551
05/09/2026 05:25:00;0,08551;0,08574;0,08549;0,08574
05/09/2026 05:30:00;0,08574;0,08574;0,08555;0,08556
05/09/2026 05:35:00;0,08556;0,08565;0,08554;0,08558
05/09/2026 05:40:00;0,08559;0,08565;0,08556;0,08561
05/09/2026 05:45:00;0,08561;0,08565;0,08557;0,08558
05/09/2026 05:50:00;0,08558;0,08573;0,08558;0,08572
05/09/2026 05:55:00;0,08572;0,08582;0,08569;0,08581
05/09/2026 06:00:00;0,08581;0,08595;0,08581;0,08593
05/09/2026 06:05:00;0,08593;0,08607;0,08593;0,08605
05/09/2026 06:10:00;0,08605;0,08633;0,08602;0,08622
05/09/2026 06:15:00;0,08622;0,08714;0,08608;0,08634
05/09/2026 06:20:00;0,08634;0,08634;0,08603;0,08608
05/09/2026 06:25:00;0,08608;0,08608;0,08596;0,08596
05/09/2026 06:30:00;0,08596;0,08612;0,08596;0,08604
05/09/2026 06:35:00;0,08604;0,0861;0,086;0,0861
05/09/2026 06:40:00;0,0861;0,0861;0,08597;0,08604
05/09/2026 06:45:00;0,08604;0,08604;0,08596;0,08601
05/09/2026 06:50:00;0,08601;0,08604;0,086;0,08601
05/09/2026 06:55:00;0,08601;0,0861;0,08601;0,08608
05/09/2026 07:00:00;0,08608;0,0861;0,08601;0,08602
05/09/2026 07:05:00;0,08602;0,08603;0,08595;0,08602
05/09/2026 07:10:00;0,08605;0,08614;0,08596;0,08597
05/09/2026 07:15:00;0,08597;0,08604;0,08594;0,08599
05/09/2026 07:20:00;0,08599;0,08605;0,0859;0,086
05/09/2026 07:25:00;0,086;0,08607;0,08595;0,08603
05/09/2026 07:30:00;0,08603;0,08624;0,08603;0,08623
05/09/2026 07:35:00;0,08623;0,08623;0,08591;0,08598
05/09/2026 07:40:00;0,08598;0,08602;0,08596;0,08598
05/09/2026 07:45:00;0,08598;0,08603;0,08593;0,08594
05/09/2026 07:50:00;0,08594;0,08599;0,08588;0,08593
05/09/2026 07:55:00;0,08593;0,08602;0,08584;0,08585
05/09/2026 08:00:00;0,08585;0,08598;0,08585;0,0859
05/09/2026 08:05:00;0,0859;0,08611;0,08586;0,08606
05/09/2026 08:10:00;0,08606;0,08614;0,08599;0,08609
05/09/2026 08:15:00;0,08609;0,08609;0,08594;0,086
05/09/2026 08:20:00;0,08599;0,08602;0,08597;0,08599
05/09/2026 08:25:00;0,08599;0,08604;0,08597;0,08601
05/09/2026 08:30:00;0,08601;0,08603;0,08594;0,08597
05/09/2026 08:35:00;0,08597;0,08605;0,08595;0,08601
05/09/2026 08:40:00;0,08601;0,08602;0,08586;0,08592
05/09/2026 08:45:00;0,08592;0,08605;0,08591;0,08605
05/09/2026 08:50:00;0,08605;0,08625;0,08605;0,08612
05/09/2026 08:55:00;0,08612;0,08617;0,08609;0,08611
05/09/2026 09:00:00;0,08612;0,08631;0,08611;0,0863
05/09/2026 09:05:00;0,0863;0,08638;0,0863;0,08636
05/09/2026 09:10:00;0,08636;0,08636;0,08628;0,08628
05/09/2026 09:15:00;0,08628;0,08628;0,08613;0,08613
05/09/2026 09:20:00;0,08613;0,08629;0,08613;0,08629
05/09/2026 09:25:00;0,0863;0,08641;0,08626;0,08635
05/09/2026 09:30:00;0,08635;0,0868;0,0862;0,0868
05/09/2026 09:35:00;0,0868;0,08744;0,08678;0,08727
05/09/2026 09:40:00;0,08727;0,08758;0,08727;0,08735
05/09/2026 09:45:00;0,08735;0,0874;0,08703;0,08716
05/09/2026 09:50:00;0,08716;0,08732;0,08713;0,0873
05/09/2026 09:55:00;0,0873;0,08747;0,08725;0,08732
05/09/2026 10:00:00;0,08732;0,08745;0,08729;0,08744
05/09/2026 10:05:00;0,08744;0,08747;0,0873;0,08731
05/09/2026 10:10:00;0,08731;0,08739;0,08719;0,08736
05/09/2026 10:15:00;0,08736;0,08742;0,08711;0,08732
05/09/2026 10:20:00;0,08731;0,08772;0,08728;0,08759
05/09/2026 10:25:00;0,08759;0,08783;0,08753;0,0876
05/09/2026 10:30:00;0,0876;0,08797;0,08757;0,08795
05/09/2026 10:35:00;0,08785;0,08813;0,0875;0,08752
05/09/2026 10:40:00;0,08752;0,08811;0,08724;0,08743
05/09/2026 10:45:00;0,08743;0,08755;0,08741;0,08752
05/09/2026 10:50:00;0,08752;0,08752;0,08703;0,08727
05/09/2026 10:55:00;0,08727;0,0873;0,08716;0,08723
05/09/2026 11:00:00;0,08723;0,08741;0,08715;0,08715
05/09/2026 11:05:00;0,08715;0,08744;0,08715;0,08737
05/09/2026 11:10:00;0,08737;0,08746;0,08732;0,08742
05/09/2026 11:15:00;0,08742;0,08765;0,08742;0,08765
05/09/2026 11:20:00;0,08765;0,08784;0,08765;0,08775
05/09/2026 11:25:00;0,08775;0,08784;0,08768;0,08773
05/09/2026 11:30:00;0,08773;0,08794;0,08768;0,08788
05/09/2026 11:35:00;0,08788;0,0881;0,08775;0,08801
05/09/2026 11:40:00;0,08799;0,08813;0,08777;0,08778
05/09/2026 11:45:00;0,08778;0,08789;0,08761;0,08771
05/09/2026 11:50:00;0,08771;0,08783;0,0876;0,0878
05/09/2026 11:55:00;0,0878;0,08792;0,08773;0,08776
05/09/2026 12:00:00;0,08776;0,08777;0,08758;0,08759
05/09/2026 12:05:00;0,08759;0,08766;0,08746;0,0875
05/09/2026 12:10:00;0,08753;0,08769;0,08749;0,08753
05/09/2026 12:15:00;0,08753;0,08758;0,08737;0,08739
05/09/2026 12:20:00;0,08739;0,08768;0,08739;0,08765
05/09/2026 12:25:00;0,08765;0,088;0,08765;0,08768
05/09/2026 12:30:00;0,08768;0,08775;0,08749;0,08757
05/09/2026 12:35:00;0,08757;0,0879;0,08755;0,08783
05/09/2026 12:40:00;0,08783;0,08788;0,08766;0,08777
05/09/2026 12:45:00;0,08777;0,08781;0,08764;0,08779
05/09/2026 12:50:00;0,08776;0,08778;0,08746;0,08757
05/09/2026 12:55:00;0,08757;0,08765;0,08757;0,0876
05/09/2026 13:00:00;0,0876;0,08764;0,08756;0,0876
05/09/2026 13:05:00;0,0876;0,08767;0,08749;0,08751
05/09/2026 13:10:00;0,08751;0,08753;0,0874;0,08742
05/09/2026 13:15:00;0,08742;0,08753;0,08742;0,08749
05/09/2026 13:20:00;0,08748;0,08757;0,08747;0,08755
05/09/2026 13:25:00;0,08755;0,08762;0,0875;0,08756
05/09/2026 13:30:00;0,08756;0,0877;0,0875;0,08758
05/09/2026 13:35:00;0,08758;0,08758;0,08734;0,08735
05/09/2026 13:40:00;0,08735;0,08746;0,08733;0,0874
05/09/2026 13:45:00;0,0874;0,08772;0,08736;0,08767
05/09/2026 13:50:00;0,08767;0,08786;0,0876;0,08782
05/09/2026 13:55:00;0,08782;0,08856;0,08781;0,08802
05/09/2026 14:00:00;0,08802;0,0882;0,08784;0,08811
05/09/2026 14:05:00;0,08811;0,08898;0,08811;0,08898
05/09/2026 14:10:00;0,08898;0,0895;0,08877;0,08947
05/09/2026 14:15:00;0,08947;0,08962;0,08891;0,08913
05/09/2026 14:20:00;0,08907;0,08919;0,08883;0,08907
05/09/2026 14:25:00;0,08907;0,08921;0,08899;0,08906
05/09/2026 14:30:00;0,08906;0,08942;0,08903;0,08922
05/09/2026 14:35:00;0,08922;0,08932;0,08898;0,08905
05/09/2026 14:40:00;0,08905;0,08935;0,08905;0,08924
05/09/2026 14:45:00;0,08924;0,08954;0,08912;0,08951
05/09/2026 14:50:00;0,08944;0,09097;0,089359;0,09097
05/09/2026 14:55:00;0,09097;0,09485;0,0908;0,094697
05/09/2026 15:00:00;0,094697;0,094939;0,09304;0,09311
05/09/2026 15:05:00;0,09311;0,09429;0,09271;0,09289
05/09/2026 15:10:00;0,09289;0,09344;0,09289;0,09314
05/09/2026 15:15:00;0,09314;0,09346;0,09265;0,09297
05/09/2026 15:20:00;0,09294;0,09297;0,09227;0,09263
05/09/2026 15:25:00;0,09263;0,09268;0,09209;0,09209
05/09/2026 15:30:00;0,09209;0,09272;0,09209;0,0925
05/09/2026 15:35:00;0,0925;0,09274;0,09229;0,09235
05/09/2026 15:40:00;0,09235;0,09235;0,09172;0,09189
05/09/2026 15:45:00;0,09189;0,09214;0,09186;0,09191
05/09/2026 15:50:00;0,09191;0,09194;0,0917;0,09175
05/09/2026 15:55:00;0,09179;0,09203;0,09179;0,09181
05/09/2026 16:00:00;0,09181;0,09187;0,09129;0,09133
05/09/2026 16:05:00;0,09133;0,09157;0,09133;0,09142
05/09/2026 16:10:00;0,09142;0,09181;0,0914;0,09147
05/09/2026 16:15:00;0,09147;0,09147;0,09123;0,09128
05/09/2026 16:20:00;0,09128;0,09132;0,09088;0,09112
05/09/2026 16:25:00;0,09112;0,09125;0,09108;0,09113
05/09/2026 16:30:00;0,09113;0,09126;0,09078;0,09078
05/09/2026 16:35:00;0,09078;0,0909;0,09061;0,09063
05/09/2026 16:40:00;0,09063;0,09097;0,09063;0,09097
05/09/2026 16:45:00;0,09097;0,09097;0,0904;0,09055
05/09/2026 16:50:00;0,09055;0,09083;0,09047;0,09073
05/09/2026 16:55:00;0,09073;0,09093;0,09068;0,09081
05/09/2026 17:00:00;0,09079;0,0911;0,09067;0,09069
05/09/2026 17:05:00;0,09068;0,0911;0,09065;0,091
05/09/2026 17:10:00;0,091;0,09131;0,09091;0,09111
05/09/2026 17:15:00;0,09111;0,09111;0,09052;0,09054
05/09/2026 17:20:00;0,09054;0,09087;0,09054;0,09079
05/09/2026 17:25:00;0,09079;0,09107;0,09068;0,09078
05/09/2026 17:30:00;0,09078;0,09079;0,09041;0,09047
05/09/2026 17:35:00;0,09047;0,09077;0,09043;0,0906
05/09/2026 17:40:00;0,0906;0,09094;0,0906;0,09094
05/09/2026 17:45:00;0,09086;0,09095;0,09081;0,0909
05/09/2026 17:50:00;0,0909;0,09101;0,0906;0,09073
05/09/2026 17:55:00;0,09073;0,09076;0,09065;0,09069
05/09/2026 18:00:00;0,09077;0,09087;0,090739;0,09079
05/09/2026 18:05:00;0,09079;0,09096;0,09066;0,09091
05/09/2026 18:10:00;0,09091;0,09108;0,09089;0,091
05/09/2026 18:15:00;0,091;0,09104;0,09087;0,09101
05/09/2026 18:20:00;0,09101;0,09125;0,09101;0,09122
05/09/2026 18:25:00;0,09122;0,09137;0,09108;0,0913
05/09/2026 18:30:00;0,0913;0,09133;0,09109;0,09112
05/09/2026 18:35:00;0,09112;0,0912;0,09102;0,09117
05/09/2026 18:40:00;0,09117;0,09129;0,09097;0,09119
05/09/2026 18:45:00;0,09129;0,09129;0,09008;0,09055
05/09/2026 18:50:00;0,09055;0,09073;0,09046;0,09055
05/09/2026 18:55:00;0,09055;0,09065;0,09053;0,0906
05/09/2026 19:00:00;0,0906;0,09108;0,09057;0,09085
05/09/2026 19:05:00;0,09085;0,09103;0,09073;0,09076
05/09/2026 19:10:00;0,09076;0,0909;0,09076;0,09083
05/09/2026 19:15:00;0,09083;0,09094;0,09059;0,09059
05/09/2026 19:20:00;0,09059;0,09069;0,09052;0,09057
05/09/2026 19:25:00;0,09057;0,09057;0,09024;0,09033
05/09/2026 19:30:00;0,09033;0,09045;0,09028;0,09028
05/09/2026 19:35:00;0,09028;0,09028;0,09014;0,09015
05/09/2026 19:40:00;0,09015;0,09018;0,09001;0,09008
05/09/2026 19:45:00;0,09008;0,09009;0,08994;0,08997
05/09/2026 19:50:00;0,08997;0,09012;0,08996;0,09007
05/09/2026 19:55:00;0,09007;0,09011;0,08997;0,09011
05/09/2026 20:00:00;0,09011;0,09011;0,08991;0,08993
05/09/2026 20:05:00;0,08993;0,09009;0,08993;0,09001
05/09/2026 20:10:00;0,09001;0,09001;0,0899;0,08991
05/09/2026 20:15:00;0,08995;0,09008;0,08993;0,09008
05/09/2026 20:20:00;0,09008;0,09011;0,08978;0,08979
05/09/2026 20:25:00;0,08979;0,08994;0,08974;0,08988
05/09/2026 20:30:00;0,08988;0,09002;0,08988;0,08999
05/09/2026 20:35:00;0,08999;0,09004;0,08939;0,08966
05/09/2026 20:40:00;0,08966;0,0897;0,08955;0,08958
05/09/2026 20:45:00;0,08958;0,09002;0,08957;0,08988
05/09/2026 20:50:00;0,08988;0,08995;0,08976;0,08985
05/09/2026 20:55:00;0,08985;0,08985;0,08956;0,08969
05/09/2026 21:00:00;0,08969;0,08987;0,08968;0,08985
05/09/2026 21:05:00;0,08985;0,08996;0,08985;0,08996
05/09/2026 21:10:00;0,08996;0,08996;0,08991;0,08992
05/09/2026 21:15:00;0,08992;0,09005;0,08987;0,09002
05/09/2026 21:20:00;0,09002;0,09015;0,09001;0,09014
05/09/2026 21:25:00;0,09014;0,0903;0,09014;0,09019
05/09/2026 21:30:00;0,09019;0,09034;0,09019;0,09029
05/09/2026 21:35:00;0,09029;0,09035;0,09011;0,09022
05/09/2026 21:40:00;0,09022;0,09042;0,0902;0,09025
05/09/2026 21:45:00;0,09025;0,09026;0,09016;0,09019
05/09/2026 21:50:00;0,09019;0,0903;0,09011;0,09023
05/09/2026 21:55:00;0,09023;0,09044;0,09021;0,09023
05/09/2026 22:00:00;0,09023;0,09046;0,09012;0,09023
05/09/2026 22:05:00;0,09023;0,09047;0,09015;0,09047
05/09/2026 22:10:00;0,09047;0,09063;0,09039;0,09048
05/09/2026 22:15:00;0,09048;0,09052;0,09037;0,09037
05/09/2026 22:20:00;0,09037;0,09052;0,09021;0,09052
05/09/2026 22:25:00;0,09051;0,09052;0,09038;0,09044
05/09/2026 22:30:00;0,09044;0,09062;0,09041;0,09062
05/09/2026 22:35:00;0,09062;0,09083;0,09058;0,09081
05/09/2026 22:40:00;0,09081;0,09086;0,09057;0,09058
05/09/2026 22:45:00;0,09058;0,09079;0,09047;0,0907
05/09/2026 22:50:00;0,0907;0,09092;0,09068;0,09081
05/09/2026 22:55:00;0,09081;0,09096;0,09067;0,09078
05/09/2026 23:00:00;0,09078;0,09096;0,09069;0,09072
05/09/2026 23:05:00;0,09072;0,09098;0,09072;0,09095
05/09/2026 23:10:00;0,09095;0,09096;0,0908;0,09081
05/09/2026 23:15:00;0,09081;0,09085;0,0907;0,09072
05/09/2026 23:20:00;0,09072;0,09079;0,09063;0,09078
05/09/2026 23:25:00;0,09078;0,0908;0,09072;0,09078
05/09/2026 23:30:00;0,09078;0,09104;0,09078;0,09104
05/09/2026 23:35:00;0,09104;0,09104;0,0908;0,09095
05/09/2026 23:40:00;0,09095;0,09103;0,09085;0,090858
05/09/2026 23:45:00;0,090858;0,09092;0,09075;0,09091
05/09/2026 23:50:00;0,09091;0,09102;0,0909;0,09093
05/09/2026 23:55:00;0,09092;0,09103;0,09091;0,09095
06/09/2026 00:00:00;0,09095;0,09098;0,09086;0,0909
06/09/2026 00:05:00;0,0909;0,0909;0,09077;0,09081
06/09/2026 00:10:00;0,09081;0,09094;0,09081;0,09092
06/09/2026 00:15:00;0,09092;0,09101;0,09086;0,09094
06/09/2026 00:20:00;0,09094;0,09095;0,09085;0,09095
06/09/2026 00:25:00;0,09095;0,09097;0,09071;0,09097
06/09/2026 00:30:00;0,09097;0,091045;0,09088;0,091045
06/09/2026 00:35:00;0,091045;0,09149;0,09101;0,091458
06/09/2026 00:40:00;0,091458;0,09172;0,091444;0,09172
06/09/2026 00:45:00;0,09172;0,09172;0,09132;0,09133
06/09/2026 00:50:00;0,09133;0,09143;0,09129;0,09133
06/09/2026 00:55:00;0,09133;0,09137;0,09129;0,09132
06/09/2026 01:00:00;0,09131;0,09132;0,09105;0,09113
06/09/2026 01:05:00;0,09113;0,09116;0,09089;0,09091
06/09/2026 01:10:00;0,09091;0,09117;0,09091;0,09107
06/09/2026 01:15:00;0,09107;0,09118;0,09081;0,09082
06/09/2026 01:20:00;0,09082;0,09082;0,0904;0,09055
06/09/2026 01:25:00;0,09055;0,09065;0,090521;0,09061
06/09/2026 01:30:00;0,09061;0,09065;0,09031;0,09037
06/09/2026 01:35:00;0,09037;0,09057;0,09037;0,09051
06/09/2026 01:40:00;0,09051;0,0907;0,09051;0,09068
06/09/2026 01:45:00;0,09066;0,09072;0,09059;0,09067
06/09/2026 01:50:00;0,09067;0,0907;0,09051;0,09056
06/09/2026 01:55:00;0,09056;0,09059;0,09051;0,09053
06/09/2026 02:00:00;0,09053;0,0906;0,09047;0,09054
06/09/2026 02:05:00;0,09054;0,09063;0,09051;0,09055
06/09/2026 02:10:00;0,09055;0,09056;0,09037;0,09044
06/09/2026 02:15:00;0,09044;0,09075;0,09044;0,0907
06/09/2026 02:20:00;0,0907;0,09093;0,09068;0,09091
06/09/2026 02:25:00;0,09091;0,09097;0,09083;0,09085
06/09/2026 02:30:00;0,09085;0,09113;0,09081;0,09105
06/09/2026 02:35:00;0,09105;0,09151;0,09105;0,0915
06/09/2026 02:40:00;0,0915;0,09169;0,09129;0,0914
06/09/2026 02:45:00;0,0914;0,09186;0,09136;0,09151
06/09/2026 02:50:00;0,09151;0,09156;0,09146;0,09151
06/09/2026 02:55:00;0,09151;0,09152;0,09139;0,09151
06/09/2026 03:00:00;0,09151;0,09163;0,09146;0,09161
06/09/2026 03:05:00;0,09161;0,09167;0,09159;0,09165
06/09/2026 03:10:00;0,09165;0,09203;0,09164;0,09188
06/09/2026 03:15:00;0,09188;0,09189;0,0916;0,09171
06/09/2026 03:20:00;0,09171;0,09171;0,09121;0,09128
06/09/2026 03:25:00;0,09128;0,0914;0,09128;0,09128
06/09/2026 03:30:00;0,09128;0,09142;0,09125;0,09126
06/09/2026 03:35:00;0,09126;0,09153;0,09126;0,0915
06/09/2026 03:40:00;0,0915;0,09158;0,09147;0,09153
06/09/2026 03:45:00;0,09153;0,09153;0,09125;0,09125
06/09/2026 03:50:00;0,09125;0,09135;0,0912;0,09123
06/09/2026 03:55:00;0,09123;0,091235;0,09109;0,09115
06/09/2026 04:00:00;0,09115;0,09129;0,09106;0,09114
06/09/2026 04:05:00;0,09114;0,09133;0,09095;0,09097
06/09/2026 04:10:00;0,09097;0,09113;0,09038;0,09054
06/09/2026 04:15:00;0,09054;0,09111;0,09054;0,09105
06/09/2026 04:20:00;0,09105;0,09122;0,09094;0,09094
06/09/2026 04:25:00;0,09094;0,09094;0,09067;0,09067
06/09/2026 04:30:00;0,09067;0,09071;0,09058;0,09058
06/09/2026 04:35:00;0,09058;0,0908;0,09058;0,09079
06/09/2026 04:40:00;0,09079;0,09086;0,09074;0,09082
06/09/2026 04:45:00;0,09082;0,0909;0,09074;0,09086
06/09/2026 04:50:00;0,09086;0,0909;0,09081;0,0909
06/09/2026 04:55:00;0,0909;0,091;0,09089;0,09089
06/09/2026 05:00:00;0,09086;0,09091;0,09079;0,09086
06/09/2026 05:05:00;0,09086;0,091;0,09085;0,09094
06/09/2026 05:10:00;0,09094;0,09098;0,09089;0,09094
06/09/2026 05:15:00;0,09094;0,09097;0,09076;0,09078
06/09/2026 05:20:00;0,09078;0,09087;0,09074;0,0908
06/09/2026 05:25:00;0,0908;0,0908;0,09061;0,09064
06/09/2026 05:30:00;0,09064;0,09072;0,09061;0,09066
06/09/2026 05:35:00;0,09066;0,09069;0,09058;0,09066
06/09/2026 05:40:00;0,09068;0,09071;0,09055;0,09068
06/09/2026 05:45:00;0,09068;0,09068;0,09054;0,09062
06/09/2026 05:50:00;0,09062;0,09078;0,09053;0,09077
06/09/2026 05:55:00;0,09077;0,09083;0,09065;0,09068
06/09/2026 06:00:00;0,09068;0,09069;0,09048;0,09068
06/09/2026 06:05:00;0,09068;0,09072;0,09063;0,09065
06/09/2026 06:10:00;0,09065;0,09078;0,09059;0,09076
06/09/2026 06:15:00;0,09076;0,09096;0,09062;0,09087
06/09/2026 06:20:00;0,0909;0,09103;0,090834;0,09094
06/09/2026 06:25:00;0,09094;0,09102;0,09087;0,09098
06/09/2026 06:30:00;0,09098;0,09117;0,09092;0,0911
06/09/2026 06:35:00;0,0911;0,091118;0,09086;0,09093
06/09/2026 06:40:00;0,09093;0,09098;0,08871;0,08989
06/09/2026 06:45:00;0,08989;0,09026;0,08972;0,09019
06/09/2026 06:50:00;0,09019;0,09024;0,09001;0,09004
06/09/2026 06:55:00;0,09004;0,09028;0,09004;0,09026
06/09/2026 07:00:00;0,09026;0,09037;0,09013;0,09021
06/09/2026 07:05:00;0,09021;0,09031;0,09013;0,09021
06/09/2026 07:10:00;0,09021;0,09021;0,09006;0,09006
06/09/2026 07:15:00;0,09006;0,09017;0,08997;0,08997
06/09/2026 07:20:00;0,08997;0,09003;0,08987;0,08988
06/09/2026 07:25:00;0,08988;0,08988;0,08979;0,08984
06/09/2026 07:30:00;0,08984;0,08984;0,0896;0,0897
06/09/2026 07:35:00;0,0897;0,0898;0,08968;0,08973
06/09/2026 07:40:00;0,08973;0,09;0,08973;0,08997
06/09/2026 07:45:00;0,08997;0,08999;0,08986;0,08998
06/09/2026 07:50:00;0,08998;0,09004;0,08992;0,09003
06/09/2026 07:55:00;0,09003;0,09014;0,09;0,09009
06/09/2026 08:00:00;0,09009;0,09013;0,08998;0,09009
06/09/2026 08:05:00;0,09009;0,09021;0,09006;0,09013
06/09/2026 08:10:00;0,09013;0,0902;0,08999;0,0902
06/09/2026 08:15:00;0,0902;0,0902;0,09009;0,09016
06/09/2026 08:20:00;0,09016;0,09019;0,09;0,0901
06/09/2026 08:25:00;0,0901;0,09019;0,08995;0,09003
06/09/2026 08:30:00;0,09003;0,09013;0,08997;0,09013
06/09/2026 08:35:00;0,09015;0,09015;0,08988;0,08988
06/09/2026 08:40:00;0,08988;0,09001;0,08982;0,09
06/09/2026 08:45:00;0,09;0,09013;0,08995;0,09002
06/09/2026 08:50:00;0,09002;0,09008;0,09001;0,09004
06/09/2026 08:55:00;0,09004;0,09012;0,09002;0,09012
06/09/2026 09:00:00;0,09012;0,09012;0,08993;0,08993
06/09/2026 09:05:00;0,08993;0,09;0,08984;0,08999
06/09/2026 09:10:00;0,08999;0,09002;0,08989;0,09001
06/09/2026 09:15:00;0,09001;0,09009;0,08996;0,09002
06/09/2026 09:20:00;0,09002;0,09012;0,08996;0,08998
06/09/2026 09:25:00;0,08998;0,09003;0,0899;0,08996
06/09/2026 09:30:00;0,08995;0,09008;0,08993;0,09
06/09/2026 09:35:00;0,09;0,09008;0,0899;0,09001
06/09/2026 09:40:00;0,09001;0,09001;0,08975;0,08979
06/09/2026 09:45:00;0,08979;0,08989;0,0897;0,08979
06/09/2026 09:50:00;0,08979;0,08999;0,08977;0,08981
06/09/2026 09:55:00;0,08981;0,08986;0,08965;0,08967
06/09/2026 10:00:00;0,08967;0,08976;0,08949;0,08972
06/09/2026 10:05:00;0,08972;0,08999;0,08971;0,08986
06/09/2026 10:10:00;0,08986;0,0899;0,08979;0,08981
06/09/2026 10:15:00;0,08981;0,08984;0,08953;0,08953
06/09/2026 10:20:00;0,08953;0,08953;0,08935;0,08938
06/09/2026 10:25:00;0,08938;0,08948;0,08934;0,08934
06/09/2026 10:30:00;0,08934;0,08946;0,08924;0,08927
06/09/2026 10:35:00;0,08927;0,08958;0,08927;0,08952
06/09/2026 10:40:00;0,08952;0,08974;0,08952;0,08967
06/09/2026 10:45:00;0,08967;0,08967;0,08957;0,08961
06/09/2026 10:50:00;0,08959;0,08962;0,08949;0,08961
06/09/2026 10:55:00;0,08961;0,08982;0,08957;0,08973
06/09/2026 11:00:00;0,08973;0,08974;0,08959;0,08967
06/09/2026 11:05:00;0,08967;0,08967;0,08943;0,08946
06/09/2026 11:10:00;0,08946;0,08949;0,08932;0,08935
06/09/2026 11:15:00;0,08935;0,08947;0,08872;0,0891
06/09/2026 11:20:00;0,0891;0,08911;0,08877;0,08882
06/09/2026 11:25:00;0,08882;0,08895;0,08875;0,08879
06/09/2026 11:30:00;0,08879;0,0888;0,08781;0,08861
06/09/2026 11:35:00;0,08861;0,08881;0,08859;0,08878
06/09/2026 11:40:00;0,08878;0,08892;0,08874;0,08889
06/09/2026 11:45:00;0,08889;0,08889;0,08853;0,08875
06/09/2026 11:50:00;0,08875;0,0889;0,08872;0,08872
06/09/2026 11:55:00;0,08872;0,08874;0,08853;0,08857
06/09/2026 12:00:00;0,08857;0,08859;0,08809;0,08831
06/09/2026 12:05:00;0,08831;0,08853;0,08827;0,08834
06/09/2026 12:10:00;0,08834;0,08845;0,08831;0,08841
06/09/2026 12:15:00;0,08841;0,08856;0,08835;0,08853
06/09/2026 12:20:00;0,08853;0,08873;0,08853;0,08866
06/09/2026 12:25:00;0,08866;0,08874;0,08864;0,0887
06/09/2026 12:30:00;0,0887;0,08873;0,08858;0,08869
06/09/2026 12:35:00;0,08869;0,08886;0,08858;0,0888
06/09/2026 12:40:00;0,0888;0,08889;0,08877;0,08885
06/09/2026 12:45:00;0,08885;0,08889;0,08879;0,08883
06/09/2026 12:50:00;0,08883;0,08899;0,08876;0,08876
06/09/2026 12:55:00;0,08876;0,08899;0,08876;0,08897
06/09/2026 13:00:00;0,08897;0,08897;0,0887;0,0887
06/09/2026 13:05:00;0,0887;0,08892;0,0887;0,08882
06/09/2026 13:10:00;0,08882;0,08908;0,08882;0,08901
06/09/2026 13:15:00;0,08901;0,08904;0,0889;0,08902
06/09/2026 13:20:00;0,08902;0,08902;0,08884;0,08889
06/09/2026 13:25:00;0,08889;0,0891;0,08882;0,08909
06/09/2026 13:30:00;0,08909;0,08918;0,08898;0,08916
06/09/2026 13:35:00;0,08916;0,08924;0,08912;0,08924
06/09/2026 13:40:00;0,08924;0,08942;0,08924;0,0893
06/09/2026 13:45:00;0,0893;0,0893;0,08921;0,08921
06/09/2026 13:50:00;0,08921;0,0893;0,08921;0,08921
06/09/2026 13:55:00;0,08921;0,08931;0,08918;0,08931
06/09/2026 14:00:00;0,08931;0,08935;0,08911;0,08915
06/09/2026 14:05:00;0,08915;0,08919;0,08893;0,08894
06/09/2026 14:10:00;0,08894;0,08917;0,08894;0,08917
06/09/2026 14:15:00;0,08917;0,08934;0,08916;0,08934
06/09/2026 14:20:00;0,08934;0,08944;0,08913;0,08921
06/09/2026 14:25:00;0,08921;0,08929;0,08906;0,08906
06/09/2026 14:30:00;0,08906;0,08919;0,08898;0,08909
06/09/2026 14:35:00;0,08909;0,0893;0,08909;0,08918
06/09/2026 14:40:00;0,08918;0,08925;0,08914;0,08914
06/09/2026 14:45:00;0,08914;0,08917;0,0891;0,08916
06/09/2026 14:50:00;0,08916;0,08919;0,08911;0,08913
06/09/2026 14:55:00;0,08913;0,08926;0,08911;0,08918
06/09/2026 15:00:00;0,08918;0,08922;0,08915;0,08915
06/09/2026 15:05:00;0,08915;0,08926;0,08913;0,0892
06/09/2026 15:10:00;0,0892;0,08929;0,08917;0,08923
06/09/2026 15:15:00;0,08923;0,08932;0,08921;0,08927
06/09/2026 15:20:00;0,08927;0,08931;0,08925;0,08926
06/09/2026 15:25:00;0,08926;0,08935;0,08924;0,08933
06/09/2026 15:30:00;0,08933;0,08951;0,08933;0,08947
06/09/2026 15:35:00;0,08947;0,08957;0,08943;0,08955
06/09/2026 15:40:00;0,08955;0,08961;0,08947;0,08952
06/09/2026 15:45:00;0,08952;0,08952;0,08937;0,08944
06/09/2026 15:50:00;0,08944;0,08949;0,08934;0,08939
06/09/2026 15:55:00;0,08939;0,08948;0,08937;0,08946
06/09/2026 16:00:00;0,08946;0,0895;0,08941;0,08946
06/09/2026 16:05:00;0,08946;0,08948;0,08937;0,08938
06/09/2026 16:10:00;0,08938;0,08949;0,08935;0,0894
06/09/2026 16:15:00;0,0894;0,08948;0,0894;0,08942
06/09/2026 16:20:00;0,08942;0,08949;0,08936;0,08949
06/09/2026 16:25:00;0,08949;0,08954;0,08948;0,08953
06/09/2026 16:30:00;0,08953;0,08953;0,08942;0,08945
06/09/2026 16:35:00;0,08945;0,0895;0,08942;0,08946
06/09/2026 16:40:00;0,08946;0,08953;0,08945;0,0895
06/09/2026 16:45:00;0,0895;0,08955;0,08948;0,08953
06/09/2026 16:50:00;0,08953;0,08958;0,08951;0,08952
06/09/2026 16:55:00;0,08952;0,08958;0,0895;0,08957
06/09/2026 17:00:00;0,08957;0,0897;0,08953;0,08954
06/09/2026 17:05:00;0,08954;0,08957;0,08947;0,08949
06/09/2026 17:10:00;0,08949;0,08965;0,08949;0,08961
06/09/2026 17:15:00;0,08961;0,08974;0,08957;0,08972
06/09/2026 17:20:00;0,08972;0,08983;0,08971;0,0898
06/09/2026 17:25:00;0,08981;0,09005;0,08981;0,08997
06/09/2026 17:30:00;0,08997;0,09009;0,08997;0,09004
06/09/2026 17:35:00;0,09004;0,09008;0,08998;0,09002
06/09/2026 17:40:00;0,09002;0,09013;0,09;0,09013
06/09/2026 17:45:00;0,09013;0,0903;0,09013;0,0903
06/09/2026 17:50:00;0,0903;0,09041;0,09023;0,09033
06/09/2026 17:55:00;0,09033;0,09033;0,09022;0,090225
06/09/2026 18:00:00;0,090225;0,0904;0,090225;0,09037
06/09/2026 18:05:00;0,09037;0,09044;0,09013;0,09029
06/09/2026 18:10:00;0,09029;0,09037;0,09017;0,09037
06/09/2026 18:15:00;0,09037;0,09052;0,0903;0,09049
06/09/2026 18:20:00;0,09049;0,09049;0,09038;0,09042
06/09/2026 18:25:00;0,09042;0,0905;0,09028;0,09036
06/09/2026 18:30:00;0,09036;0,09054;0,09036;0,09051
06/09/2026 18:35:00;0,09051;0,09071;0,09051;0,09069
06/09/2026 18:40:00;0,09069;0,09078;0,09059;0,09059
06/09/2026 18:45:00;0,09059;0,09077;0,09056;0,09067
06/09/2026 18:50:00;0,09067;0,09069;0,09051;0,09053
06/09/2026 18:55:00;0,09053;0,09056;0,09048;0,09048
06/09/2026 19:00:00;0,09048;0,09048;0,09023;0,09032
06/09/2026 19:05:00;0,09032;0,09042;0,08995;0,09001
06/09/2026 19:10:00;0,09001;0,09008;0,08983;0,08992
06/09/2026 19:15:00;0,08992;0,08999;0,08966;0,08973
06/09/2026 19:20:00;0,08973;0,08995;0,08971;0,08994
06/09/2026 19:25:00;0,08994;0,09008;0,08991;0,09008
06/09/2026 19:30:00;0,09008;0,09033;0,09005;0,09033
06/09/2026 19:35:00;0,09033;0,09044;0,09027;0,09028
06/09/2026 19:40:00;0,09028;0,0904;0,09025;0,09036
06/09/2026 19:45:00;0,09036;0,09043;0,09021;0,09029
06/09/2026 19:50:00;0,09029;0,09034;0,09022;0,0903
06/09/2026 19:55:00;0,0903;0,09042;0,09024;0,09027
06/09/2026 20:00:00;0,09027;0,09066;0,09021;0,09051
06/09/2026 20:05:00;0,09051;0,09055;0,09045;0,0905
06/09/2026 20:10:00;0,09051;0,09059;0,09046;0,0905
06/09/2026 20:15:00;0,0905;0,09077;0,09045;0,09075
06/09/2026 20:20:00;0,09075;0,09077;0,09059;0,09062
06/09/2026 20:25:00;0,09062;0,09066;0,09055;0,09061
06/09/2026 20:30:00;0,09061;0,09069;0,09058;0,09069
06/09/2026 20:35:00;0,09069;0,09097;0,09069;0,09096
06/09/2026 20:40:00;0,09096;0,09096;0,09079;0,09082
06/09/2026 20:45:00;0,09082;0,09107;0,09081;0,091
06/09/2026 20:50:00;0,091;0,091;0,09086;0,0909
06/09/2026 20:55:00;0,0909;0,0909;0,09073;0,0908
06/09/2026 21:00:00;0,0908;0,09093;0,090785;0,09082
06/09/2026 21:05:00;0,09082;0,09108;0,09077;0,09104
06/09/2026 21:10:00;0,09104;0,09115;0,09103;0,09106
06/09/2026 21:15:00;0,09106;0,09109;0,09077;0,09082
06/09/2026 21:20:00;0,09082;0,0909;0,09071;0,09082
06/09/2026 21:25:00;0,09082;0,09102;0,09078;0,09099
06/09/2026 21:30:00;0,09099;0,09112;0,09097;0,09103
06/09/2026 21:35:00;0,09103;0,09108;0,09089;0,09104
06/09/2026 21:40:00;0,09104;0,09123;0,09095;0,0912
06/09/2026 21:45:00;0,0912;0,0912;0,09088;0,09106
06/09/2026 21:50:00;0,09106;0,0911;0,09085;0,09091
06/09/2026 21:55:00;0,09093;0,09107;0,09078;0,09098
06/09/2026 22:00:00;0,09098;0,0911;0,09077;0,09109
06/09/2026 22:05:00;0,09107;0,09112;0,09037;0,09041
06/09/2026 22:10:00;0,09041;0,09074;0,09031;0,09046
06/09/2026 22:15:00;0,09032;0,09049;0,09011;0,09011
06/09/2026 22:20:00;0,09011;0,090116;0,0899;0,08994
06/09/2026 22:25:00;0,08994;0,09005;0,08982;0,09003
06/09/2026 22:30:00;0,09003;0,09025;0,08996;0,09015
06/09/2026 22:35:00;0,09015;0,09015;0,08993;0,08998
06/09/2026 22:40:00;0,08998;0,09;0,08971;0,08982
06/09/2026 22:45:00;0,08982;0,08997;0,08982;0,08993
06/09/2026 22:50:00;0,08994;0,09018;0,08994;0,09016
06/09/2026 22:55:00;0,09016;0,09025;0,09013;0,09014
06/09/2026 23:00:00;0,09014;0,09017;0,08998;0,08998
06/09/2026 23:05:00;0,08998;0,08999;0,08981;0,08983
06/09/2026 23:10:00;0,08983;0,09;0,08978;0,09
06/09/2026 23:15:00;0,09;0,09031;0,09;0,09018
06/09/2026 23:20:00;0,09018;0,09024;0,09006;0,09023
06/09/2026 23:25:00;0,09023;0,0904;0,09018;0,09027
06/09/2026 23:30:00;0,09027;0,09031;0,09018;0,09022
06/09/2026 23:35:00;0,09029;0,09128;0,090215;0,09124
06/09/2026 23:40:00;0,09124;0,09135;0,09092;0,09102
06/09/2026 23:45:00;0,09102;0,0912;0,09076;0,09085
06/09/2026 23:50:00;0,09085;0,09085;0,09041;0,09041
06/09/2026 23:55:00;0,09041;0,09047;0,09006;0,09014
07/09/2026 00:00:00;0,09014;0,09037;0,0899;0,09037
07/09/2026 00:05:00;0,09037;0,09038;0,08998;0,09004
07/09/2026 00:10:00;0,09004;0,09006;0,08991;0,08995
07/09/2026 00:15:00;0,08995;0,08998;0,08981;0,08986
07/09/2026 00:20:00;0,08986;0,08997;0,08977;0,08977
07/09/2026 00:25:00;0,08977;0,08979;0,0895;0,08955
07/09/2026 00:30:00;0,08955;0,08968;0,08856;0,08961
07/09/2026 00:35:00;0,08961;0,08961;0,08932;0,08942
07/09/2026 00:40:00;0,08942;0,08951;0,08921;0,08925
07/09/2026 00:45:00;0,08925;0,08954;0,08925;0,08945
07/09/2026 00:50:00;0,08945;0,08948;0,08936;0,08946
07/09/2026 00:55:00;0,08946;0,08949;0,08935;0,08935
07/09/2026 01:00:00;0,08935;0,08946;0,08935;0,08945
07/09/2026 01:05:00;0,08945;0,08946;0,08933;0,08946
07/09/2026 01:10:00;0,08946;0,08948;0,08936;0,08946
07/09/2026 01:15:00;0,08946;0,08959;0,08946;0,08958
07/09/2026 01:20:00;0,08958;0,08978;0,08958;0,08967
07/09/2026 01:25:00;0,08967;0,08971;0,08952;0,08958
07/09/2026 01:30:00;0,08958;0,08988;0,08958;0,08965
07/09/2026 01:35:00;0,08965;0,08965;0,0894;0,08954
07/09/2026 01:40:00;0,08953;0,08969;0,08947;0,08966
07/09/2026 01:45:00;0,08966;0,08981;0,08963;0,08968
07/09/2026 01:50:00;0,08965;0,08966;0,08954;0,08954
07/09/2026 01:55:00;0,08954;0,08978;0,08953;0,08975
07/09/2026 02:00:00;0,08975;0,08996;0,08973;0,08996
07/09/2026 02:05:00;0,08996;0,09014;0,08988;0,08993
07/09/2026 02:10:00;0,08993;0,08995;0,08975;0,08987
07/09/2026 02:15:00;0,08986;0,09024;0,08986;0,09024
07/09/2026 02:20:00;0,09024;0,09045;0,09013;0,09043
07/09/2026 02:25:00;0,09043;0,09063;0,09027;0,09032
07/09/2026 02:30:00;0,09032;0,09036;0,0902;0,09023
07/09/2026 02:35:00;0,09023;0,09044;0,09021;0,09035
07/09/2026 02:40:00;0,09035;0,09042;0,09028;0,09037
07/09/2026 02:45:00;0,09037;0,09043;0,09028;0,09029
07/09/2026 02:50:00;0,09029;0,09031;0,09014;0,09018
07/09/2026 02:55:00;0,09018;0,09019;0,0901;0,09017
07/09/2026 03:00:00;0,09014;0,09026;0,09014;0,09025
07/09/2026 03:05:00;0,09025;0,09037;0,09014;0,09034
07/09/2026 03:10:00;0,09034;0,09061;0,0903;0,09055
07/09/2026 03:15:00;0,09054;0,09054;0,09032;0,09033
07/09/2026 03:20:00;0,09033;0,09038;0,09023;0,09032
07/09/2026 03:25:00;0,09032;0,09044;0,09019;0,09019
07/09/2026 03:30:00;0,09019;0,09025;0,09008;0,09012
07/09/2026 03:35:00;0,09012;0,09018;0,08991;0,08996
07/09/2026 03:40:00;0,08996;0,09007;0,08979;0,08979
07/09/2026 03:45:00;0,08979;0,08992;0,08979;0,0899
07/09/2026 03:50:00;0,0899;0,08994;0,08984;0,08986
07/09/2026 03:55:00;0,08986;0,0899;0,08983;0,08984
07/09/2026 04:00:00;0,08984;0,0899;0,0898;0,08986
07/09/2026 04:05:00;0,08986;0,08998;0,0898;0,08997
07/09/2026 04:10:00;0,08997;0,09005;0,08987;0,09003
07/09/2026 04:15:00;0,09003;0,09007;0,08999;0,08999
07/09/2026 04:20:00;0,09002;0,09005;0,08954;0,08955
07/09/2026 04:25:00;0,08955;0,08982;0,08945;0,08949
07/09/2026 04:30:00;0,08949;0,0898;0,08926;0,08945
07/09/2026 04:35:00;0,08945;0,08954;0,08887;0,08889
07/09/2026 04:40:00;0,08889;0,08925;0,08862;0,08924
07/09/2026 04:45:00;0,08925;0,08941;0,08923;0,0894
07/09/2026 04:50:00;0,0894;0,08945;0,08926;0,08929
07/09/2026 04:55:00;0,08929;0,08947;0,08927;0,08941
07/09/2026 05:00:00;0,08941;0,08951;0,08936;0,08942
07/09/2026 05:05:00;0,08942;0,0896;0,08942;0,08959
07/09/2026 05:10:00;0,08959;0,08964;0,08951;0,08955
07/09/2026 05:15:00;0,08955;0,08974;0,08954;0,0897
07/09/2026 05:20:00;0,0897;0,0898;0,0896;0,08964
07/09/2026 05:25:00;0,08964;0,09001;0,08964;0,08985
07/09/2026 05:30:00;0,08985;0,09005;0,08977;0,08978
07/09/2026 05:35:00;0,08978;0,08978;0,0895;0,0895
07/09/2026 05:40:00;0,0895;0,08977;0,0895;0,08971
07/09/2026 05:45:00;0,08971;0,08976;0,0895;0,08952
07/09/2026 05:50:00;0,08952;0,08958;0,08944;0,0895
07/09/2026 05:55:00;0,0895;0,08962;0,0895;0,08957
07/09/2026 06:00:00;0,08957;0,08962;0,0895;0,08953
07/09/2026 06:05:00;0,08953;0,08971;0,08945;0,08971
07/09/2026 06:10:00;0,08971;0,08983;0,08969;0,0898
07/09/2026 06:15:00;0,0898;0,0898;0,0897;0,08977
07/09/2026 06:20:00;0,08977;0,09009;0,08967;0,08989
07/09/2026 06:25:00;0,08989;0,08989;0,08971;0,08979
07/09/2026 06:30:00;0,08979;0,08979;0,08964;0,08965
07/09/2026 06:35:00;0,08965;0,08965;0,08946;0,08956
07/09/2026 06:40:00;0,08956;0,08966;0,08955;0,0896
07/09/2026 06:45:00;0,0896;0,08973;0,08946;0,08963
07/09/2026 06:50:00;0,08963;0,08975;0,08925;0,08932
07/09/2026 06:55:00;0,08933;0,0894;0,08922;0,08926
07/09/2026 07:00:00;0,08926;0,0895;0,08926;0,08947
07/09/2026 07:05:00;0,08947;0,08955;0,08923;0,08934
07/09/2026 07:10:00;0,08934;0,08945;0,08928;0,08945
07/09/2026 07:15:00;0,08945;0,08965;0,08945;0,08965
07/09/2026 07:20:00;0,08965;0,08969;0,08956;0,08966
07/09/2026 07:25:00;0,08966;0,08971;0,08962;0,08966
07/09/2026 07:30:00;0,08966;0,08967;0,08957;0,08961
07/09/2026 07:35:00;0,08961;0,08964;0,08951;0,08959
07/09/2026 07:40:00;0,08959;0,08971;0,08958;0,08965
07/09/2026 07:45:00;0,08965;0,08974;0,08964;0,08971
07/09/2026 07:50:00;0,08971;0,0898;0,08967;0,08977
07/09/2026 07:55:00;0,08977;0,08978;0,08953;0,08957
07/09/2026 08:00:00;0,08957;0,08972;0,08948;0,08951
07/09/2026 08:05:00;0,08951;0,08956;0,08942;0,08946
07/09/2026 08:10:00;0,08946;0,08962;0,08945;0,08959
07/09/2026 08:15:00;0,08959;0,08968;0,08955;0,08965
07/09/2026 08:20:00;0,08965;0,08967;0,0896;0,0896
07/09/2026 08:25:00;0,0896;0,08967;0,08956;0,08961
07/09/2026 08:30:00;0,08961;0,08972;0,08959;0,08967
07/09/2026 08:35:00;0,08967;0,08974;0,08967;0,08971
07/09/2026 08:40:00;0,08971;0,08973;0,0897;0,08971
07/09/2026 08:45:00;0,08971;0,08981;0,08968;0,0897
07/09/2026 08:50:00;0,0897;0,0898;0,08959;0,08977
07/09/2026 08:55:00;0,08977;0,08983;0,08965;0,08981
07/09/2026 09:00:00;0,08981;0,08988;0,08975;0,08976
07/09/2026 09:05:00;0,08976;0,09;0,08975;0,09
07/09/2026 09:10:00;0,09;0,09;0,08985;0,08985
07/09/2026 09:15:00;0,08985;0,09029;0,08984;0,09028
07/09/2026 09:20:00;0,09028;0,0905;0,09024;0,09032
07/09/2026 09:25:00;0,09032;0,09045;0,09031;0,09042
07/09/2026 09:30:00;0,09042;0,09055;0,09041;0,0905
07/09/2026 09:35:00;0,0905;0,09072;0,0905;0,09056
07/09/2026 09:40:00;0,09056;0,09065;0,09052;0,09057
07/09/2026 09:45:00;0,09057;0,09118;0,09057;0,091
07/09/2026 09:50:00;0,091;0,09144;0,091;0,09139
07/09/2026 09:55:00;0,09139;0,09147;0,09128;0,09136
07/09/2026 10:00:00;0,09135;0,09176;0,09128;0,09176
07/09/2026 10:05:00;0,09176;0,09176;0,09106;0,09108
07/09/2026 10:10:00;0,09108;0,09131;0,09108;0,09124
07/09/2026 10:15:00;0,09124;0,09144;0,09117;0,09135
07/09/2026 10:20:00;0,09142;0,09186;0,09138;0,0917
07/09/2026 10:25:00;0,0917;0,0918;0,09153;0,09169
07/09/2026 10:30:00;0,09169;0,09173;0,09065;0,09071
07/09/2026 10:35:00;0,09071;0,09093;0,09046;0,09092
07/09/2026 10:40:00;0,09092;0,09095;0,09078;0,0909
07/09/2026 10:45:00;0,0909;0,09095;0,09076;0,09081
07/09/2026 10:50:00;0,09081;0,09107;0,09073;0,09107
07/09/2026 10:55:00;0,09107;0,09113;0,09085;0,09092
07/09/2026 11:00:00;0,09092;0,09103;0,09058;0,09063
07/09/2026 11:05:00;0,09063;0,09067;0,09015;0,09034
07/09/2026 11:10:00;0,09034;0,090566;0,09021;0,09028
07/09/2026 11:15:00;0,09028;0,09048;0,09009;0,0902
07/09/2026 11:20:00;0,0902;0,09051;0,09015;0,09037
07/09/2026 11:25:00;0,09037;0,09051;0,09023;0,09031
07/09/2026 11:30:00;0,09031;0,09031;0,08982;0,09007
07/09/2026 11:35:00;0,09007;0,09017;0,08995;0,09008
07/09/2026 11:40:00;0,09008;0,09009;0,08983;0,09004
07/09/2026 11:45:00;0,09004;0,09018;0,08981;0,09017
07/09/2026 11:50:00;0,09017;0,09075;0,09016;0,09066
07/09/2026 11:55:00;0,09066;0,09069;0,09056;0,09063
07/09/2026 12:00:00;0,09063;0,09066;0,09023;0,09023
07/09/2026 12:05:00;0,09023;0,09028;0,08994;0,09014
07/09/2026 12:10:00;0,09014;0,09017;0,08972;0,08972
07/09/2026 12:15:00;0,08972;0,09017;0,08948;0,09016
07/09/2026 12:20:00;0,09016;0,09018;0,08996;0,09003
07/09/2026 12:25:00;0,09003;0,09008;0,08977;0,08982
07/09/2026 12:30:00;0,08982;0,08982;0,0892;0,08932
07/09/2026 12:35:00;0,08932;0,08946;0,08918;0,08922
07/09/2026 12:40:00;0,08922;0,08929;0,08898;0,08912
07/09/2026 12:45:00;0,08912;0,08914;0,08887;0,08909
07/09/2026 12:50:00;0,08911;0,08916;0,08892;0,08899
07/09/2026 12:55:00;0,08899;0,08904;0,0887;0,08898
07/09/2026 13:00:00;0,08898;0,08946;0,08898;0,0893
07/09/2026 13:05:00;0,0893;0,08943;0,08925;0,08941
07/09/2026 13:10:00;0,08941;0,08952;0,08937;0,08951
07/09/2026 13:15:00;0,08951;0,08954;0,08939;0,08952
07/09/2026 13:20:00;0,08951;0,08951;0,08933;0,0894
07/09/2026 13:25:00;0,0894;0,08948;0,08933;0,08943
07/09/2026 13:30:00;0,08943;0,08969;0,08939;0,08965
07/09/2026 13:35:00;0,08965;0,09004;0,089598;0,09003
07/09/2026 13:40:00;0,08998;0,09015;0,08998;0,09013
07/09/2026 13:45:00;0,09013;0,09029;0,09007;0,09007
07/09/2026 13:50:00;0,09007;0,09009;0,08999;0,09005
07/09/2026 13:55:00;0,09005;0,09022;0,09;0,09012
07/09/2026 14:00:00;0,09012;0,09016;0,09001;0,09014
07/09/2026 14:05:00;0,09015;0,09037;0,090124;0,09026
07/09/2026 14:10:00;0,09025;0,0903;0,09019;0,09026
07/09/2026 14:15:00;0,09026;0,09035;0,09017;0,0903
07/09/2026 14:20:00;0,0903;0,09036;0,090211;0,09024
07/09/2026 14:25:00;0,09024;0,09039;0,09012;0,09031
07/09/2026 14:30:00;0,09031;0,09033;0,09012;0,09013
07/09/2026 14:35:00;0,09013;0,09022;0,09006;0,0902
07/09/2026 14:40:00;0,0902;0,09039;0,0902;0,09032
07/09/2026 14:45:00;0,09032;0,09043;0,09027;0,09032
07/09/2026 14:50:00;0,09032;0,09044;0,09021;0,09022
07/09/2026 14:55:00;0,09022;0,09022;0,09007;0,0901
07/09/2026 15:00:00;0,0901;0,09017;0,08989;0,08996
07/09/2026 15:05:00;0,08996;0,09018;0,08986;0,0899
07/09/2026 15:10:00;0,0899;0,09;0,08985;0,08987
07/09/2026 15:15:00;0,08987;0,08996;0,08981;0,08995
07/09/2026 15:20:00;0,08995;0,09004;0,08981;0,08984
07/09/2026 15:25:00;0,08984;0,08995;0,08967;0,08974
07/09/2026 15:30:00;0,08974;0,08976;0,08958;0,08969
07/09/2026 15:35:00;0,08969;0,08987;0,08969;0,0898
07/09/2026 15:40:00;0,0898;0,08994;0,08976;0,08989
07/09/2026 15:45:00;0,08989;0,09004;0,08985;0,09004
07/09/2026 15:50:00;0,09004;0,09018;0,08994;0,09011
07/09/2026 15:55:00;0,09008;0,09008;0,08987;0,08989
07/09/2026 16:00:00;0,08989;0,0899;0,08973;0,08984
07/09/2026 16:05:00;0,08984;0,08988;0,08972;0,08973
07/09/2026 16:10:00;0,08973;0,08992;0,08972;0,08992
07/09/2026 16:15:00;0,08992;0,09005;0,0899;0,08999
07/09/2026 16:20:00;0,08998;0,09016;0,08998;0,09015
07/09/2026 16:25:00;0,09015;0,09015;0,09004;0,0901
07/09/2026 16:30:00;0,0901;0,09036;0,0901;0,09032
07/09/2026 16:35:00;0,09032;0,09039;0,09027;0,09034
07/09/2026 16:40:00;0,09034;0,09038;0,09031;0,09034
07/09/2026 16:45:00;0,09034;0,0905;0,0903;0,09045
07/09/2026 16:50:00;0,09045;0,09068;0,0904;0,09048
07/09/2026 16:55:00;0,09048;0,09058;0,09043;0,09056
07/09/2026 17:00:00;0,09056;0,09058;0,09037;0,09038
07/09/2026 17:05:00;0,09038;0,09038;0,09005;0,09026
07/09/2026 17:10:00;0,09026;0,09029;0,09015;0,09021
07/09/2026 17:15:00;0,09021;0,0904;0,09012;0,09038
07/09/2026 17:20:00;0,09038;0,0904;0,0903;0,09037
07/09/2026 17:25:00;0,09037;0,09053;0,09034;0,09045
07/09/2026 17:30:00;0,09046;0,09085;0,09043;0,09081
07/09/2026 17:35:00;0,09081;0,091;0,09076;0,09079
07/09/2026 17:40:00;0,09079;0,09082;0,09068;0,09076
07/09/2026 17:45:00;0,09076;0,09082;0,09053;0,09067
07/09/2026 17:50:00;0,09067;0,09094;0,09063;0,0907
07/09/2026 17:55:00;0,0907;0,09077;0,09058;0,09059
07/09/2026 18:00:00;0,09065;0,09069;0,09055;0,09064
07/09/2026 18:05:00;0,09064;0,09065;0,0905;0,09051
07/09/2026 18:10:00;0,09051;0,09067;0,09043;0,09067
07/09/2026 18:15:00;0,09067;0,09073;0,09046;0,09059
07/09/2026 18:20:00;0,09059;0,09065;0,09055;0,09056
07/09/2026 18:25:00;0,09056;0,09057;0,09052;0,09055
07/09/2026 18:30:00;0,09055;0,09061;0,09047;0,09047
07/09/2026 18:35:00;0,09047;0,09047;0,09026;0,09039
07/09/2026 18:40:00;0,09039;0,09051;0,0903;0,09049
07/09/2026 18:45:00;0,0905;0,09054;0,0903;0,0903
07/09/2026 18:50:00;0,0903;0,09045;0,09026;0,09038
07/09/2026 18:55:00;0,09038;0,09049;0,09037;0,09037
07/09/2026 19:00:00;0,09037;0,09038;0,09005;0,09025
07/09/2026 19:05:00;0,09025;0,09053;0,09018;0,09053
07/09/2026 19:10:00;0,09053;0,09074;0,09031;0,09031
07/09/2026 19:15:00;0,09031;0,09032;0,09004;0,0902
07/09/2026 19:20:00;0,0902;0,09054;0,09013;0,09049
07/09/2026 19:25:00;0,09049;0,09056;0,09023;0,09023
07/09/2026 19:30:00;0,09023;0,09023;0,09001;0,09012
07/09/2026 19:35:00;0,09012;0,09019;0,0898;0,08981
07/09/2026 19:40:00;0,08981;0,0899;0,08968;0,08982
07/09/2026 19:45:00;0,08982;0,09;0,0898;0,08999
07/09/2026 19:50:00;0,08999;0,09015;0,08995;0,09013
07/09/2026 19:55:00;0,09019;0,09019;0,09005;0,09013
07/09/2026 20:00:00;0,09013;0,09049;0,09009;0,09039
07/09/2026 20:05:00;0,09039;0,09073;0,09038;0,09059
07/09/2026 20:10:00;0,09059;0,09086;0,09057;0,09085
07/09/2026 20:15:00;0,09085;0,09089;0,09053;0,09068
07/09/2026 20:20:00;0,09068;0,0907;0,09038;0,09039
07/09/2026 20:25:00;0,09039;0,09048;0,09039;0,09042
07/09/2026 20:30:00;0,09042;0,09055;0,09039;0,09046
07/09/2026 20:35:00;0,09046;0,09064;0,09042;0,09044
07/09/2026 20:40:00;0,09044;0,09063;0,09044;0,09063
07/09/2026 20:45:00;0,09063;0,09076;0,09062;0,09074
07/09/2026 20:50:00;0,09074;0,09077;0,09063;0,09064
07/09/2026 20:55:00;0,09064;0,09071;0,0905;0,09051
07/09/2026 21:00:00;0,09051;0,09062;0,09032;0,09052
07/09/2026 21:05:00;0,09052;0,09121;0,09052;0,09082
07/09/2026 21:10:00;0,09082;0,09108;0,09067;0,09106
07/09/2026 21:15:00;0,09106;0,09124;0,09077;0,0908
07/09/2026 21:20:00;0,0908;0,09098;0,09055;0,09086
07/09/2026 21:25:00;0,09086;0,091;0,09078;0,09078
07/09/2026 21:30:00;0,09076;0,0911;0,09075;0,09109
07/09/2026 21:35:00;0,09109;0,09121;0,09109;0,09114
07/09/2026 21:40:00;0,09114;0,09152;0,09114;0,0914
07/09/2026 21:45:00;0,0914;0,09145;0,09128;0,09141
07/09/2026 21:50:00;0,09141;0,09166;0,09132;0,09142
07/09/2026 21:55:00;0,09142;0,09149;0,09127;0,09136
07/09/2026 22:00:00;0,09136;0,09136;0,0912;0,09123
07/09/2026 22:05:00;0,09123;0,09134;0,091;0,09109
07/09/2026 22:10:00;0,09109;0,09134;0,09108;0,09121
07/09/2026 22:15:00;0,09121;0,09132;0,09104;0,09117
07/09/2026 22:20:00;0,09117;0,09149;0,09108;0,09138
07/09/2026 22:25:00;0,09138;0,09169;0,09138;0,09145
07/09/2026 22:30:00;0,09145;0,09145;0,09123;0,0913
07/09/2026 22:35:00;0,0913;0,09137;0,0912;0,09121
07/09/2026 22:40:00;0,09121;0,09124;0,09116;0,09116
07/09/2026 22:45:00;0,0912;0,09122;0,09114;0,09122
07/09/2026 22:50:00;0,09122;0,09122;0,09105;0,09115
07/09/2026 22:55:00;0,09115;0,09132;0,09113;0,09123
07/09/2026 23:00:00;0,09123;0,09124;0,09111;0,09111
07/09/2026 23:05:00;0,09111;0,09111;0,09098;0,09099
07/09/2026 23:10:00;0,09099;0,09112;0,09081;0,0911
07/09/2026 23:15:00;0,0911;0,09123;0,09109;0,09118
07/09/2026 23:20:00;0,09118;0,09147;0,09115;0,09145
07/09/2026 23:25:00;0,09145;0,09151;0,09092;0,09095
07/09/2026 23:30:00;0,09095;0,09104;0,09073;0,09077
07/09/2026 23:35:00;0,0908;0,09085;0,0906;0,09065
07/09/2026 23:40:00;0,09065;0,09067;0,09048;0,09063
07/09/2026 23:45:00;0,09063;0,09067;0,09045;0,09045
07/09/2026 23:50:00;0,09045;0,09046;0,09016;0,09018
07/09/2026 23:55:00;0,09018;0,09023;0,08997;0,08998
08/09/2026 00:00:00;0,08998;0,09018;0,08993;0,08998
08/09/2026 00:05:00;0,08998;0,09014;0,08998;0,09014
08/09/2026 00:10:00;0,09014;0,09014;0,08983;0,08984
08/09/2026 00:15:00;0,08985;0,08994;0,08981;0,08981
08/09/2026 00:20:00;0,08981;0,09006;0,08962;0,0898
08/09/2026 00:25:00;0,0898;0,08994;0,08965;0,08972
08/09/2026 00:30:00;0,08972;0,09018;0,08972;0,09012
08/09/2026 00:35:00;0,09012;0,09028;0,09003;0,09018
08/09/2026 00:40:00;0,09018;0,09027;0,0901;0,09016
08/09/2026 00:45:00;0,09015;0,0902;0,08994;0,08999
08/09/2026 00:50:00;0,08999;0,0901;0,08991;0,08993
08/09/2026 00:55:00;0,08993;0,09003;0,08993;0,08997
08/09/2026 01:00:00;0,08997;0,09005;0,0899;0,08991
08/09/2026 01:05:00;0,08991;0,09003;0,08985;0,08991
08/09/2026 01:10:00;0,08991;0,08998;0,08979;0,08982
08/09/2026 01:15:00;0,08982;0,08999;0,08962;0,08999
08/09/2026 01:20:00;0,08999;0,09;0,08965;0,08965
08/09/2026 01:25:00;0,08965;0,08986;0,08958;0,08977
08/09/2026 01:30:00;0,08977;0,08996;0,08975;0,08991
08/09/2026 01:35:00;0,08991;0,08999;0,08979;0,08996
08/09/2026 01:40:00;0,08996;0,08999;0,08982;0,08988
08/09/2026 01:45:00;0,08988;0,08997;0,08986;0,08989
08/09/2026 01:50:00;0,08989;0,08993;0,089729;0,08975
08/09/2026 01:55:00;0,08975;0,08975;0,08964;0,08966
08/09/2026 02:00:00;0,08966;0,08998;0,08945;0,08974
08/09/2026 02:05:00;0,08974;0,08993;0,08961;0,08971
08/09/2026 02:10:00;0,08971;0,08986;0,08963;0,08963
08/09/2026 02:15:00;0,08963;0,08999;0,08958;0,08999
08/09/2026 02:20:00;0,08999;0,0901;0,08976;0,0901
08/09/2026 02:25:00;0,0901;0,09026;0,09004;0,09008
08/09/2026 02:30:00;0,09008;0,09017;0,0899;0,0899
08/09/2026 02:35:00;0,0899;0,09007;0,08974;0,08987
08/09/2026 02:40:00;0,08987;0,08998;0,08974;0,08974
08/09/2026 02:45:00;0,08974;0,08998;0,08974;0,08992
08/09/2026 02:50:00;0,08992;0,09001;0,08973;0,08973
08/09/2026 02:55:00;0,08973;0,08976;0,0896;0,08961
08/09/2026 03:00:00;0,08961;0,0897;0,08944;0,08955
08/09/2026 03:05:00;0,08955;0,08969;0,08942;0,08961
08/09/2026 03:10:00;0,08961;0,08975;0,08949;0,08975
08/09/2026 03:15:00;0,08975;0,08981;0,08924;0,08925
08/09/2026 03:20:00;0,08925;0,0894;0,08897;0,08935
08/09/2026 03:25:00;0,08935;0,08942;0,08918;0,08922
08/09/2026 03:30:00;0,08922;0,08928;0,08907;0,0891
08/09/2026 03:35:00;0,0891;0,08922;0,08906;0,08917
08/09/2026 03:40:00;0,08917;0,08926;0,08914;0,08917
08/09/2026 03:45:00;0,08917;0,08931;0,08909;0,08912
08/09/2026 03:50:00;0,08912;0,08926;0,0891;0,08913
08/09/2026 03:55:00;0,08913;0,08941;0,0891;0,08927
08/09/2026 04:00:00;0,08927;0,0893;0,08918;0,08929
08/09/2026 04:05:00;0,08929;0,08951;0,08927;0,08934
08/09/2026 04:10:00;0,08934;0,0894;0,0893;0,08935
08/09/2026 04:15:00;0,08935;0,08935;0,0892;0,08928
08/09/2026 04:20:00;0,08928;0,0894;0,08926;0,08937
08/09/2026 04:25:00;0,08937;0,08965;0,08934;0,08952
08/09/2026 04:30:00;0,08952;0,08966;0,08941;0,08965
08/09/2026 04:35:00;0,08965;0,08973;0,08962;0,08972
08/09/2026 04:40:00;0,08972;0,08984;0,08944;0,08945
08/09/2026 04:45:00;0,08945;0,08945;0,08917;0,08918
08/09/2026 04:50:00;0,08918;0,08923;0,08896;0,0892
08/09/2026 04:55:00;0,0892;0,08935;0,0892;0,0893
08/09/2026 05:00:00;0,0893;0,0893;0,08893;0,08897
08/09/2026 05:05:00;0,08897;0,08915;0,08894;0,08897
08/09/2026 05:10:00;0,08897;0,08916;0,08886;0,08912
08/09/2026 05:15:00;0,08912;0,08921;0,08895;0,08907
08/09/2026 05:20:00;0,08907;0,08918;0,08895;0,08918
08/09/2026 05:25:00;0,08918;0,08924;0,089;0,08922
08/09/2026 05:30:00;0,08922;0,08931;0,08914;0,08931
08/09/2026 05:35:00;0,08931;0,08945;0,08931;0,08943
08/09/2026 05:40:00;0,08943;0,08945;0,08938;0,08945
08/09/2026 05:45:00;0,08945;0,08961;0,08943;0,08956
08/09/2026 05:50:00;0,08956;0,08957;0,08935;0,08937
08/09/2026 05:55:00;0,08937;0,08945;0,08927;0,0893
08/09/2026 06:00:00;0,0893;0,0894;0,08925;0,08933
08/09/2026 06:05:00;0,08933;0,08944;0,08931;0,08944
08/09/2026 06:10:00;0,08944;0,08949;0,08908;0,08946
08/09/2026 06:15:00;0,08946;0,08958;0,08941;0,089473
08/09/2026 06:20:00;0,089473;0,089473;0,08932;0,08943
08/09/2026 06:25:00;0,08943;0,08956;0,08941;0,08949
08/09/2026 06:30:00;0,08949;0,08989;0,08944;0,08985
08/09/2026 06:35:00;0,08985;0,09004;0,08985;0,09003
08/09/2026 06:40:00;0,09003;0,09019;0,08998;0,09016
08/09/2026 06:45:00;0,09016;0,09067;0,09015;0,09045
08/09/2026 06:50:00;0,09045;0,09074;0,09025;0,09074
08/09/2026 06:55:00;0,09074;0,09074;0,09039;0,0904
08/09/2026 07:00:00;0,0904;0,09059;0,09026;0,09052
08/09/2026 07:05:00;0,09052;0,09061;0,09039;0,09045
08/09/2026 07:10:00;0,09045;0,09059;0,09039;0,09056
08/09/2026 07:15:00;0,09056;0,09061;0,09053;0,09055
08/09/2026 07:20:00;0,09055;0,09095;0,09055;0,09069
08/09/2026 07:25:00;0,09069;0,09079;0,09064;0,09077
08/09/2026 07:30:00;0,09077;0,09085;0,09057;0,09059
08/09/2026 07:35:00;0,09059;0,09059;0,09043;0,09053
08/09/2026 07:40:00;0,09053;0,09054;0,09031;0,09039
08/09/2026 07:45:00;0,09039;0,09043;0,09025;0,09026
08/09/2026 07:50:00;0,09026;0,09033;0,09014;0,09014
08/09/2026 07:55:00;0,09014;0,0902;0,09012;0,09012
08/09/2026 08:00:00;0,09012;0,0902;0,09005;0,09007
08/09/2026 08:05:00;0,09007;0,09007;0,08967;0,08967
08/09/2026 08:10:00;0,08967;0,08969;0,08944;0,08947
08/09/2026 08:15:00;0,08947;0,08961;0,08941;0,08952
08/09/2026 08:20:00;0,08952;0,08978;0,08952;0,08975
08/09/2026 08:25:00;0,08975;0,08975;0,08957;0,0896
08/09/2026 08:30:00;0,0896;0,08969;0,08952;0,08964
08/09/2026 08:35:00;0,08964;0,0897;0,08956;0,08957
08/09/2026 08:40:00;0,08957;0,08974;0,0895;0,08966
08/09/2026 08:45:00;0,08966;0,08967;0,08928;0,08944
08/09/2026 08:50:00;0,08944;0,08955;0,08928;0,08931
08/09/2026 08:55:00;0,08931;0,08959;0,08928;0,08955
08/09/2026 09:00:00;0,08955;0,08955;0,08917;0,0892
08/09/2026 09:05:00;0,0892;0,08928;0,08865;0,08899
08/09/2026 09:10:00;0,08899;0,08905;0,08876;0,08877
08/09/2026 09:15:00;0,08877;0,089;0,08877;0,089
08/09/2026 09:20:00;0,089;0,08909;0,08898;0,08908
08/09/2026 09:25:00;0,08908;0,08915;0,089;0,08914
08/09/2026 09:30:00;0,08914;0,08935;0,08903;0,08926
08/09/2026 09:35:00;0,08926;0,08934;0,08922;0,08928
08/09/2026 09:40:00;0,08928;0,0893;0,08917;0,0892
08/09/2026 09:45:00;0,0892;0,08935;0,08908;0,08935
08/09/2026 09:50:00;0,08935;0,0895;0,08927;0,0895
08/09/2026 09:55:00;0,0895;0,08956;0,08923;0,08932
08/09/2026 10:00:00;0,08932;0,0894;0,08921;0,08936
08/09/2026 10:05:00;0,08936;0,08949;0,08932;0,08933
08/09/2026 10:10:00;0,08933;0,08947;0,08931;0,0894
08/09/2026 10:15:00;0,0894;0,08948;0,08938;0,08939
08/09/2026 10:20:00;0,08939;0,08942;0,08915;0,08932
08/09/2026 10:25:00;0,08932;0,08945;0,0893;0,08932
08/09/2026 10:30:00;0,08932;0,08941;0,08864;0,08879
08/09/2026 10:35:00;0,08879;0,08889;0,0883;0,08831
08/09/2026 10:40:00;0,08831;0,08841;0,08803;0,08841
08/09/2026 10:45:00;0,08841;0,08864;0,08828;0,08864
08/09/2026 10:50:00;0,08864;0,08874;0,0884;0,08874
08/09/2026 10:55:00;0,08874;0,08948;0,08874;0,0891
08/09/2026 11:00:00;0,0891;0,08927;0,08897;0,08916
08/09/2026 11:05:00;0,08916;0,08934;0,08906;0,08928
08/09/2026 11:10:00;0,08928;0,08976;0,08921;0,08958
08/09/2026 11:15:00;0,08958;0,08983;0,08958;0,08965
08/09/2026 11:20:00;0,08965;0,08975;0,08947;0,08947
08/09/2026 11:25:00;0,08947;0,0895;0,08927;0,08947
08/09/2026 11:30:00;0,08947;0,08953;0,08926;0,08949
08/09/2026 11:35:00;0,08949;0,08958;0,0893;0,08936
08/09/2026 11:40:00;0,08936;0,08957;0,08926;0,0894
08/09/2026 11:45:00;0,0894;0,08983;0,08936;0,08974
08/09/2026 11:50:00;0,08974;0,08981;0,08954;0,08962
08/09/2026 11:55:00;0,08962;0,08979;0,08956;0,08972
08/09/2026 12:00:00;0,08972;0,08992;0,08969;0,08971
08/09/2026 12:05:00;0,08971;0,08995;0,08962;0,08995
08/09/2026 12:10:00;0,08995;0,09017;0,08992;0,09009
08/09/2026 12:15:00;0,09009;0,09039;0,09009;0,09036
08/09/2026 12:20:00;0,09036;0,09039;0,09;0,09012
08/09/2026 12:25:00;0,09012;0,09021;0,0899;0,09005
08/09/2026 12:30:00;0,09005;0,09025;0,09001;0,09014
08/09/2026 12:35:00;0,09014;0,09063;0,09009;0,09046
08/09/2026 12:40:00;0,09046;0,09069;0,09031;0,09056
08/09/2026 12:45:00;0,09056;0,09071;0,09035;0,09043
08/09/2026 12:50:00;0,09043;0,0906;0,09031;0,09055
08/09/2026 12:55:00;0,09055;0,09081;0,0905;0,09065
08/09/2026 13:00:00;0,09065;0,09082;0,09049;0,09059
08/09/2026 13:05:00;0,09059;0,09059;0,09034;0,09034
08/09/2026 13:10:00;0,09034;0,09037;0,09004;0,0901
08/09/2026 13:15:00;0,0901;0,09014;0,08992;0,08994
08/09/2026 13:20:00;0,08994;0,09006;0,08983;0,08997
08/09/2026 13:25:00;0,08997;0,09014;0,08988;0,08989
08/09/2026 13:30:00;0,08989;0,09034;0,08989;0,09014
08/09/2026 13:35:00;0,09014;0,09074;0,09012;0,09074
08/09/2026 13:40:00;0,09074;0,09087;0,09054;0,09054
08/09/2026 13:45:00;0,09054;0,09068;0,09049;0,09063
08/09/2026 13:50:00;0,09063;0,09078;0,09047;0,09065
08/09/2026 13:55:00;0,09065;0,09074;0,09037;0,09063
08/09/2026 14:00:00;0,09063;0,0908;0,09059;0,09072
08/09/2026 14:05:00;0,09072;0,09083;0,0903;0,09031
08/09/2026 14:10:00;0,09031;0,09039;0,09019;0,09027
08/09/2026 14:15:00;0,09027;0,09032;0,09013;0,09018
08/09/2026 14:20:00;0,09018;0,09018;0,09003;0,09006
08/09/2026 14:25:00;0,09006;0,09011;0,08995;0,09008
08/09/2026 14:30:00;0,09008;0,09013;0,08998;0,09011
08/09/2026 14:35:00;0,09011;0,09039;0,09011;0,09022
08/09/2026 14:40:00;0,09022;0,09022;0,08999;0,09001
08/09/2026 14:45:00;0,09001;0,0902;0,09001;0,09017
08/09/2026 14:50:00;0,09017;0,09053;0,09017;0,09032
08/09/2026 14:55:00;0,09032;0,09036;0,09004;0,09005
08/09/2026 15:00:00;0,09005;0,09031;0,09;0,09023
08/09/2026 15:05:00;0,09023;0,09052;0,09022;0,09039
08/09/2026 15:10:00;0,09039;0,09048;0,09036;0,09046
08/09/2026 15:15:00;0,09046;0,09076;0,09046;0,09074
08/09/2026 15:20:00;0,09074;0,09076;0,09064;0,09065
08/09/2026 15:25:00;0,09065;0,09069;0,0905;0,09057
08/09/2026 15:30:00;0,09057;0,0906;0,09041;0,09042
08/09/2026 15:35:00;0,09042;0,09042;0,09018;0,09018
08/09/2026 15:40:00;0,09018;0,0903;0,09014;0,09029
08/09/2026 15:45:00;0,09029;0,09036;0,08949;0,08951
08/09/2026 15:50:00;0,08951;0,08973;0,08926;0,0895
08/09/2026 15:55:00;0,0895;0,08961;0,0894;0,08954
08/09/2026 16:00:00;0,08954;0,08975;0,0894;0,08974
08/09/2026 16:05:00;0,08974;0,08982;0,08967;0,08976
08/09/2026 16:10:00;0,08976;0,08992;0,08969;0,08976
08/09/2026 16:15:00;0,08976;0,08994;0,08969;0,08974
08/09/2026 16:20:00;0,08974;0,08991;0,08958;0,08978
08/09/2026 16:25:00;0,08978;0,08986;0,08958;0,08982
08/09/2026 16:30:00;0,08982;0,08992;0,08954;0,0899
08/09/2026 16:35:00;0,0899;0,09004;0,08979;0,09
08/09/2026 16:40:00;0,09;0,09008;0,08969;0,08973
08/09/2026 16:45:00;0,08973;0,08973;0,08945;0,08973
08/09/2026 16:50:00;0,08973;0,08973;0,08944;0,08947
08/09/2026 16:55:00;0,08947;0,08958;0,08933;0,08958
08/09/2026 17:00:00;0,08958;0,08967;0,08948;0,08958
08/09/2026 17:05:00;0,08958;0,08996;0,08956;0,08993
08/09/2026 17:10:00;0,08993;0,09042;0,08993;0,09035
08/09/2026 17:15:00;0,09035;0,09037;0,08991;0,08991
08/09/2026 17:20:00;0,08991;0,08997;0,08976;0,08997
08/09/2026 17:25:00;0,08997;0,09006;0,08995;0,09
08/09/2026 17:30:00;0,09;0,09001;0,08962;0,08964
08/09/2026 17:35:00;0,08964;0,0899;0,0896;0,08984
08/09/2026 17:40:00;0,08984;0,08984;0,08969;0,08978
08/09/2026 17:45:00;0,08978;0,08981;0,0896;0,08962
08/09/2026 17:50:00;0,08962;0,08978;0,08961;0,08963
08/09/2026 17:55:00;0,08963;0,08978;0,08962;0,08966
08/09/2026 18:00:00;0,08965;0,08989;0,08964;0,08978
08/09/2026 18:05:00;0,08978;0,08993;0,08976;0,08991
08/09/2026 18:10:00;0,08991;0,08999;0,08991;0,08996
08/09/2026 18:15:00;0,08996;0,09;0,08983;0,08985
08/09/2026 18:20:00;0,08985;0,08989;0,08959;0,0898
08/09/2026 18:25:00;0,0898;0,09005;0,08973;0,08975
08/09/2026 18:30:00;0,08975;0,08983;0,08959;0,08975
08/09/2026 18:35:00;0,08975;0,08978;0,08967;0,08978
08/09/2026 18:40:00;0,08978;0,08982;0,08952;0,08975
08/09/2026 18:45:00;0,08975;0,08977;0,08959;0,08959
08/09/2026 18:50:00;0,08959;0,08959;0,08929;0,08937
08/09/2026 18:55:00;0,08937;0,08957;0,08937;0,08956
08/09/2026 19:00:00;0,08956;0,09007;0,08953;0,08997
08/09/2026 19:05:00;0,08992;0,09002;0,08961;0,08962
08/09/2026 19:10:00;0,08962;0,08977;0,08957;0,08977
08/09/2026 19:15:00;0,08983;0,08999;0,08975;0,08985
08/09/2026 19:20:00;0,08985;0,09009;0,08985;0,08997
08/09/2026 19:25:00;0,08997;0,08997;0,08987;0,08987
08/09/2026 19:30:00;0,08987;0,0899;0,08979;0,08982
08/09/2026 19:35:00;0,08982;0,08987;0,08978;0,08979
08/09/2026 19:40:00;0,0898;0,08999;0,0898;0,08993
08/09/2026 19:45:00;0,08993;0,09001;0,089912;0,09001
08/09/2026 19:50:00;0,09001;0,09002;0,08993;0,08994
08/09/2026 19:55:00;0,08994;0,09007;0,08994;0,09002
08/09/2026 20:00:00;0,09002;0,09013;0,08998;0,08999
08/09/2026 20:05:00;0,08999;0,09006;0,08998;0,09003
08/09/2026 20:10:00;0,09003;0,09006;0,08984;0,09002
08/09/2026 20:15:00;0,09006;0,09006;0,08985;0,0899
08/09/2026 20:20:00;0,0899;0,09;0,08986;0,08996
08/09/2026 20:25:00;0,08996;0,09009;0,08995;0,09005
08/09/2026 20:30:00;0,09005;0,09007;0,08998;0,08998
08/09/2026 20:35:00;0,08998;0,0901;0,08998;0,09006
08/09/2026 20:40:00;0,09006;0,09008;0,09002;0,09003
08/09/2026 20:45:00;0,09003;0,09005;0,08998;0,09003
08/09/2026 20:50:00;0,09003;0,09013;0,08996;0,08996
08/09/2026 20:55:00;0,08996;0,09007;0,08994;0,09005
08/09/2026 21:00:00;0,09005;0,0904;0,09003;0,09039
08/09/2026 21:05:00;0,09039;0,09089;0,09039;0,09059
08/09/2026 21:10:00;0,09059;0,09092;0,09054;0,09091
08/09/2026 21:15:00;0,09091;0,09091;0,09062;0,09069
08/09/2026 21:20:00;0,09069;0,09083;0,09056;0,09057
08/09/2026 21:25:00;0,09057;0,09063;0,09045;0,09063
08/09/2026 21:30:00;0,09062;0,09065;0,09039;0,0905
08/09/2026 21:35:00;0,0905;0,09063;0,09037;0,09061
08/09/2026 21:40:00;0,09061;0,09063;0,09044;0,09058
08/09/2026 21:45:00;0,09058;0,09078;0,09056;0,09068
08/09/2026 21:50:00;0,09068;0,09068;0,09051;0,09064
08/09/2026 21:55:00;0,09063;0,09073;0,09053;0,09054
08/09/2026 22:00:00;0,09054;0,09058;0,09028;0,09028
08/09/2026 22:05:00;0,09028;0,09053;0,09028;0,09053
08/09/2026 22:10:00;0,09053;0,09066;0,09034;0,09035
08/09/2026 22:15:00;0,09035;0,09036;0,09001;0,09001
08/09/2026 22:20:00;0,09001;0,09012;0,0899;0,08998
08/09/2026 22:25:00;0,08998;0,09015;0,08991;0,09008
08/09/2026 22:30:00;0,09008;0,09008;0,08995;0,09007
08/09/2026 22:35:00;0,09007;0,09038;0,09007;0,09033
08/09/2026 22:40:00;0,09033;0,09042;0,09021;0,09032
08/09/2026 22:45:00;0,09032;0,09047;0,09026;0,09031
08/09/2026 22:50:00;0,09031;0,09043;0,09015;0,09033
08/09/2026 22:55:00;0,09033;0,09042;0,09019;0,09028
08/09/2026 23:00:00;0,09028;0,09031;0,09001;0,09016
08/09/2026 23:05:00;0,09016;0,09033;0,09005;0,09032
08/09/2026 23:10:00;0,09032;0,09047;0,09001;0,09004
08/09/2026 23:15:00;0,09004;0,09005;0,08967;0,08993
08/09/2026 23:20:00;0,08993;0,09019;0,08975;0,09017
08/09/2026 23:25:00;0,09017;0,09017;0,08988;0,09003
08/09/2026 23:30:00;0,09003;0,09019;0,08995;0,09006
08/09/2026 23:35:00;0,09006;0,09009;0,08997;0,09003
08/09/2026 23:40:00;0,09003;0,09015;0,09;0,09007
08/09/2026 23:45:00;0,09007;0,09015;0,08999;0,09005
08/09/2026 23:50:00;0,09005;0,09016;0,09003;0,09009
08/09/2026 23:55:00;0,09009;0,09009;0,08994;0,08994
09/09/2026 00:00:00;0,08994;0,08996;0,08975;0,08977
09/09/2026 00:05:00;0,08977;0,08989;0,08968;0,08969
09/09/2026 00:10:00;0,08969;0,08977;0,08954;0,08954
09/09/2026 00:15:00;0,08955;0,08966;0,08955;0,08959
09/09/2026 00:20:00;0,08959;0,0896;0,08945;0,08951
09/09/2026 00:25:00;0,08951;0,08951;0,08942;0,08947
09/09/2026 00:30:00;0,08947;0,08957;0,08947;0,08955
09/09/2026 00:35:00;0,08955;0,08969;0,08953;0,08969
09/09/2026 00:40:00;0,08969;0,08977;0,08962;0,08966
09/09/2026 00:45:00;0,08966;0,08979;0,0896;0,08961
09/09/2026 00:50:00;0,08961;0,08964;0,08949;0,08961
09/09/2026 00:55:00;0,08961;0,0897;0,08954;0,08959
09/09/2026 01:00:00;0,0896;0,09025;0,0896;0,09023
09/09/2026 01:05:00;0,09023;0,09041;0,09011;0,09011
09/09/2026 01:10:00;0,09011;0,09021;0,09001;0,09013
09/09/2026 01:15:00;0,09013;0,09014;0,08994;0,09011
09/09/2026 01:20:00;0,09011;0,09039;0,09007;0,09039
09/09/2026 01:25:00;0,09039;0,09046;0,09038;0,09041
09/09/2026 01:30:00;0,09041;0,09044;0,09031;0,09041
09/09/2026 01:35:00;0,09041;0,09043;0,09037;0,09038
09/09/2026 01:40:00;0,09037;0,09078;0,09035;0,09078
09/09/2026 01:45:00;0,09078;0,09083;0,09057;0,09069
09/09/2026 01:50:00;0,09069;0,09079;0,09069;0,0907
09/09/2026 01:55:00;0,0907;0,09073;0,09056;0,09062
09/09/2026 02:00:00;0,09062;0,09062;0,09041;0,09042
09/09/2026 02:05:00;0,09042;0,09047;0,09036;0,09044
09/09/2026 02:10:00;0,09044;0,09065;0,09041;0,09059
09/09/2026 02:15:00;0,09059;0,09076;0,09052;0,09062
09/09/2026 02:20:00;0,09062;0,09062;0,09046;0,0905
09/09/2026 02:25:00;0,0905;0,09055;0,09044;0,09046
09/09/2026 02:30:00;0,09046;0,0905;0,0901;0,09018
09/09/2026 02:35:00;0,09018;0,09025;0,09006;0,09015
09/09/2026 02:40:00;0,09015;0,09022;0,09001;0,0901
09/09/2026 02:45:00;0,0901;0,0901;0,08987;0,09002
09/09/2026 02:50:00;0,09002;0,09011;0,09002;0,0901
09/09/2026 02:55:00;0,0901;0,09014;0,09005;0,0901
09/09/2026 03:00:00;0,0901;0,09018;0,09;0,09004
09/09/2026 03:05:00;0,09004;0,09019;0,09002;0,09014
09/09/2026 03:10:00;0,09014;0,09042;0,09014;0,09042
09/09/2026 03:15:00;0,09042;0,09051;0,09038;0,0905
09/09/2026 03:20:00;0,0905;0,0907;0,0905;0,0906
09/09/2026 03:25:00;0,0906;0,09065;0,0905;0,09052
09/09/2026 03:30:00;0,09052;0,09062;0,09052;0,0906
09/09/2026 03:35:00;0,0906;0,09067;0,09053;0,09055
09/09/2026 03:40:00;0,09055;0,09057;0,09048;0,09053
09/09/2026 03:45:00;0,09053;0,09056;0,09041;0,09042
09/09/2026 03:50:00;0,09042;0,09049;0,0904;0,09042
09/09/2026 03:55:00;0,09042;0,09048;0,0904;0,09045
09/09/2026 04:00:00;0,09045;0,09057;0,09042;0,09057
09/09/2026 04:05:00;0,09057;0,09095;0,09057;0,09078
09/09/2026 04:10:00;0,09078;0,09085;0,09065;0,09075
09/09/2026 04:15:00;0,09075;0,0908;0,09063;0,09067
09/09/2026 04:20:00;0,09067;0,09084;0,09062;0,09083
09/09/2026 04:25:00;0,09083;0,09084;0,09069;0,09074
09/09/2026 04:30:00;0,09074;0,09078;0,09068;0,09073
09/09/2026 04:35:00;0,09073;0,0908;0,0907;0,09073
09/09/2026 04:40:00;0,09073;0,09078;0,09068;0,09068
09/09/2026 04:45:00;0,09068;0,09074;0,09066;0,09067
09/09/2026 04:50:00;0,09067;0,09082;0,09067;0,0908
09/09/2026 04:55:00;0,0908;0,09089;0,0908;0,09089
09/09/2026 05:00:00;0,09089;0,09101;0,0908;0,09098
09/09/2026 05:05:00;0,09101;0,09122;0,09094;0,09097
09/09/2026 05:10:00;0,09097;0,09114;0,09095;0,09096
09/09/2026 05:15:00;0,09096;0,09115;0,09095;0,09109
09/09/2026 05:20:00;0,09109;0,09126;0,09107;0,0911
09/09/2026 05:25:00;0,0911;0,09123;0,09106;0,09122
09/09/2026 05:30:00;0,09122;0,09122;0,09113;0,09117
09/09/2026 05:35:00;0,09117;0,09126;0,09103;0,09111
09/09/2026 05:40:00;0,09111;0,09128;0,09111;0,09119
09/09/2026 05:45:00;0,0912;0,09126;0,09118;0,09124
09/09/2026 05:50:00;0,09124;0,09144;0,0912;0,09143
09/09/2026 05:55:00;0,09143;0,09146;0,09138;0,09143
09/09/2026 06:00:00;0,09143;0,09146;0,09138;0,09139
09/09/2026 06:05:00;0,09139;0,0914;0,09111;0,09112
09/09/2026 06:10:00;0,09108;0,09117;0,09101;0,09113
09/09/2026 06:15:00;0,09113;0,09122;0,09109;0,0911
09/09/2026 06:20:00;0,0911;0,0911;0,09086;0,09086
09/09/2026 06:25:00;0,09086;0,09093;0,09083;0,09084
09/09/2026 06:30:00;0,09083;0,09083;0,09067;0,09072
09/09/2026 06:35:00;0,09072;0,09073;0,09051;0,09057
09/09/2026 06:40:00;0,09057;0,09058;0,09036;0,09037
09/09/2026 06:45:00;0,09037;0,09042;0,09007;0,09012
09/09/2026 06:50:00;0,09012;0,09028;0,09008;0,09014
09/09/2026 06:55:00;0,09014;0,09019;0,09007;0,0901
09/09/2026 07:00:00;0,0901;0,09045;0,0901;0,09045
09/09/2026 07:05:00;0,09045;0,09048;0,09031;0,09031
09/09/2026 07:10:00;0,09031;0,09032;0,09022;0,09028
09/09/2026 07:15:00;0,09028;0,09039;0,09014;0,09039
09/09/2026 07:20:00;0,09039;0,09068;0,09039;0,09065
09/09/2026 07:25:00;0,09065;0,09082;0,09052;0,09069
09/09/2026 07:30:00;0,09069;0,09077;0,09051;0,09077
09/09/2026 07:35:00;0,09077;0,09079;0,09054;0,09067
09/09/2026 07:40:00;0,09067;0,09067;0,09052;0,09054
09/09/2026 07:45:00;0,09054;0,09054;0,09042;0,09052
09/09/2026 07:50:00;0,09052;0,09054;0,09044;0,0905
09/09/2026 07:55:00;0,0905;0,0908;0,0905;0,09076
09/09/2026 08:00:00;0,09076;0,0908;0,09033;0,0904
09/09/2026 08:05:00;0,0904;0,09044;0,09021;0,09043
09/09/2026 08:10:00;0,09043;0,09047;0,09025;0,09029
09/09/2026 08:15:00;0,09029;0,09033;0,09017;0,09026
09/09/2026 08:20:00;0,09026;0,09058;0,09025;0,09058
09/09/2026 08:25:00;0,09058;0,09063;0,09049;0,09051
09/09/2026 08:30:00;0,09051;0,09071;0,09045;0,09057
09/09/2026 08:35:00;0,09057;0,09058;0,09031;0,09053
09/09/2026 08:40:00;0,09053;0,09069;0,09045;0,09046
09/09/2026 08:45:00;0,09046;0,09076;0,09046;0,09072
09/09/2026 08:50:00;0,09072;0,09096;0,09067;0,09089
09/09/2026 08:55:00;0,09089;0,09091;0,09084;0,09086
09/09/2026 09:00:00;0,09086;0,09095;0,09073;0,09078
09/09/2026 09:05:00;0,09075;0,09094;0,09069;0,09094
09/09/2026 09:10:00;0,09094;0,09094;0,09085;0,0909
09/09/2026 09:15:00;0,0909;0,09099;0,0908;0,09088
09/09/2026 09:20:00;0,09088;0,09113;0,09088;0,09097
09/09/2026 09:25:00;0,09097;0,09104;0,09094;0,09103
09/09/2026 09:30:00;0,09103;0,09118;0,09094;0,09118
09/09/2026 09:35:00;0,09118;0,09125;0,09103;0,09108
09/09/2026 09:40:00;0,09108;0,09135;0,09104;0,09133
09/09/2026 09:45:00;0,09133;0,09156;0,09118;0,09133
09/09/2026 09:50:00;0,09133;0,09159;0,09124;0,09154
09/09/2026 09:55:00;0,09154;0,09154;0,09129;0,09134
09/09/2026 10:00:00;0,09134;0,09139;0,09117;0,09137
09/09/2026 10:05:00;0,09137;0,09137;0,09123;0,09123
09/09/2026 10:10:00;0,09123;0,09125;0,09112;0,09118
09/09/2026 10:15:00;0,09118;0,09118;0,09108;0,09117
09/09/2026 10:20:00;0,09117;0,09117;0,09102;0,09103
09/09/2026 10:25:00;0,09103;0,09125;0,09101;0,09118
09/09/2026 10:30:00;0,09118;0,09126;0,09099;0,09118
09/09/2026 10:35:00;0,09118;0,09118;0,09046;0,09064
09/09/2026 10:40:00;0,09064;0,09084;0,09019;0,09038
09/09/2026 10:45:00;0,09038;0,09072;0,09036;0,09062
09/09/2026 10:50:00;0,09062;0,09074;0,09041;0,09042
09/09/2026 10:55:00;0,09042;0,09051;0,09026;0,09034
09/09/2026 11:00:00;0,09034;0,09048;0,09008;0,09045
09/09/2026 11:05:00;0,09045;0,09064;0,08997;0,08997
09/09/2026 11:10:00;0,08997;0,09016;0,08971;0,09013
09/09/2026 11:15:00;0,09013;0,09013;0,08983;0,08989
09/09/2026 11:20:00;0,08989;0,08992;0,08968;0,08986
09/09/2026 11:25:00;0,08986;0,09042;0,0898;0,09042
09/09/2026 11:30:00;0,09042;0,09042;0,09021;0,09029
09/09/2026 11:35:00;0,09029;0,09051;0,0902;0,09036
09/09/2026 11:40:00;0,09036;0,09037;0,08991;0,08995
09/09/2026 11:45:00;0,08995;0,09024;0,08989;0,09024
09/09/2026 11:50:00;0,09024;0,09026;0,08984;0,08984
09/09/2026 11:55:00;0,08984;0,08991;0,08968;0,08982
09/09/2026 12:00:00;0,08982;0,09038;0,08922;0,08949
09/09/2026 12:05:00;0,08949;0,08965;0,08905;0,08931
09/09/2026 12:10:00;0,08931;0,08939;0,08881;0,08903
09/09/2026 12:15:00;0,08903;0,08925;0,08892;0,08906
09/09/2026 12:20:00;0,08906;0,08911;0,08813;0,08821
09/09/2026 12:25:00;0,08821;0,08867;0,08817;0,08863
09/09/2026 12:30:00;0,08863;0,08882;0,08854;0,0888
09/09/2026 12:35:00;0,0888;0,08926;0,08879;0,08926
09/09/2026 12:40:00;0,08926;0,08926;0,08899;0,08905
09/09/2026 12:45:00;0,08905;0,08915;0,08896;0,0891
09/09/2026 12:50:00;0,0891;0,08915;0,08899;0,08913
09/09/2026 12:55:00;0,08913;0,08913;0,08893;0,08893
09/09/2026 13:00:00;0,08893;0,08925;0,08888;0,08919
09/09/2026 13:05:00;0,08919;0,08925;0,0888;0,08881
09/09/2026 13:10:00;0,08881;0,08904;0,08872;0,08904
09/09/2026 13:15:00;0,08904;0,08904;0,08866;0,08879
09/09/2026 13:20:00;0,08879;0,08895;0,08855;0,08864
09/09/2026 13:25:00;0,08864;0,08893;0,08864;0,08883
09/09/2026 13:30:00;0,08883;0,08935;0,08883;0,08931
09/09/2026 13:35:00;0,08931;0,0894;0,08918;0,08923
09/09/2026 13:40:00;0,08923;0,08925;0,08915;0,08922
09/09/2026 13:45:00;0,08922;0,0893;0,08916;0,08918
09/09/2026 13:50:00;0,08918;0,08924;0,08911;0,08912
09/09/2026 13:55:00;0,08912;0,08926;0,08904;0,08915
09/09/2026 14:00:00;0,08916;0,08931;0,08901;0,08902
09/09/2026 14:05:00;0,08902;0,08924;0,08897;0,08919
09/09/2026 14:10:00;0,08919;0,0894;0,08913;0,08924
09/09/2026 14:15:00;0,08924;0,0893;0,08908;0,08923
09/09/2026 14:20:00;0,08923;0,08927;0,08914;0,08916
09/09/2026 14:25:00;0,08919;0,08935;0,08919;0,08922
09/09/2026 14:30:00;0,08922;0,08923;0,08904;0,08906
09/09/2026 14:35:00;0,08906;0,08917;0,08897;0,08899
09/09/2026 14:40:00;0,08899;0,08903;0,08887;0,08895
09/09/2026 14:45:00;0,08895;0,08904;0,08887;0,08903
09/09/2026 14:50:00;0,08903;0,08909;0,08891;0,08909
09/09/2026 14:55:00;0,08909;0,08913;0,08906;0,08909
09/09/2026 15:00:00;0,08909;0,08915;0,08896;0,08902
09/09/2026 15:05:00;0,08902;0,08908;0,0888;0,08884
09/09/2026 15:10:00;0,08884;0,08885;0,08872;0,08876
09/09/2026 15:15:00;0,08877;0,08882;0,08871;0,08876
09/09/2026 15:20:00;0,08876;0,08892;0,08876;0,08892
09/09/2026 15:25:00;0,08892;0,08899;0,0889;0,08896
09/09/2026 15:30:00;0,08896;0,08911;0,08889;0,08901
09/09/2026 15:35:00;0,08901;0,08905;0,08895;0,089
09/09/2026 15:40:00;0,089;0,08908;0,08895;0,08902
09/09/2026 15:45:00;0,08902;0,08902;0,08875;0,08895
09/09/2026 15:50:00;0,08895;0,08897;0,0887;0,0887
09/09/2026 15:55:00;0,0887;0,08883;0,08857;0,08857
09/09/2026 16:00:00;0,08857;0,08871;0,08844;0,08848
09/09/2026 16:05:00;0,08848;0,08854;0,08834;0,08841
09/09/2026 16:10:00;0,08841;0,08854;0,08841;0,08854
09/09/2026 16:15:00;0,08854;0,08862;0,08852;0,08858
09/09/2026 16:20:00;0,08858;0,08861;0,08852;0,08857
09/09/2026 16:25:00;0,08857;0,08857;0,08845;0,08846
09/09/2026 16:30:00;0,08846;0,08849;0,08832;0,08835
09/09/2026 16:35:00;0,08836;0,08836;0,08785;0,08791
09/09/2026 16:40:00;0,08791;0,08807;0,08788;0,08788
09/09/2026 16:45:00;0,08791;0,08797;0,08784;0,08785
09/09/2026 16:50:00;0,08785;0,08785;0,08667;0,08683
09/09/2026 16:55:00;0,08683;0,08708;0,08674;0,08703
09/09/2026 17:00:00;0,08703;0,08713;0,08676;0,08678
09/09/2026 17:05:00;0,08678;0,08703;0,08678;0,08696
09/09/2026 17:10:00;0,08696;0,08701;0,08671;0,08681
09/09/2026 17:15:00;0,08681;0,08709;0,0868;0,08681
09/09/2026 17:20:00;0,08681;0,08681;0,0862;0,0865
09/09/2026 17:25:00;0,0865;0,0867;0,08613;0,08638
09/09/2026 17:30:00;0,08638;0,08684;0,08638;0,08677
09/09/2026 17:35:00;0,08677;0,08696;0,08672;0,08687
09/09/2026 17:40:00;0,08687;0,08695;0,08669;0,08675
09/09/2026 17:45:00;0,08677;0,08684;0,08663;0,08665
09/09/2026 17:50:00;0,08665;0,08695;0,08656;0,08684
09/09/2026 17:55:00;0,08684;0,08705;0,08681;0,08703
09/09/2026 18:00:00;0,08703;0,08705;0,08683;0,0869
09/09/2026 18:05:00;0,0869;0,08698;0,08682;0,08683
09/09/2026 18:10:00;0,08683;0,08684;0,08668;0,08682
09/09/2026 18:15:00;0,08682;0,08684;0,08663;0,08671
09/09/2026 18:20:00;0,08671;0,08684;0,08659;0,08684
09/09/2026 18:25:00;0,08684;0,08702;0,08682;0,08692
09/09/2026 18:30:00;0,08692;0,08692;0,08661;0,08664
09/09/2026 18:35:00;0,08664;0,08664;0,08646;0,08654
09/09/2026 18:40:00;0,08653;0,08669;0,08639;0,08643
09/09/2026 18:45:00;0,08643;0,08647;0,08613;0,08614
09/09/2026 18:50:00;0,08614;0,08647;0,08614;0,08643
09/09/2026 18:55:00;0,08643;0,0865;0,08632;0,08649
09/09/2026 19:00:00;0,08649;0,08659;0,08623;0,08634
09/09/2026 19:05:00;0,08634;0,08634;0,08488;0,08559
09/09/2026 19:10:00;0,08559;0,08602;0,08559;0,08568
09/09/2026 19:15:00;0,08568;0,08592;0,08557;0,08592
09/09/2026 19:20:00;0,08592;0,08604;0,0859;0,08604
09/09/2026 19:25:00;0,08604;0,08616;0,08599;0,08599
09/09/2026 19:30:00;0,08599;0,086;0,08573;0,0858
09/09/2026 19:35:00;0,0858;0,08594;0,08571;0,08593
09/09/2026 19:40:00;0,08593;0,08598;0,08582;0,08592
09/09/2026 19:45:00;0,08592;0,08592;0,08571;0,08572
09/09/2026 19:50:00;0,08572;0,08579;0,08558;0,08562
09/09/2026 19:55:00;0,08562;0,08562;0,08549;0,08556
09/09/2026 20:00:00;0,08556;0,0858;0,08555;0,08579
09/09/2026 20:05:00;0,08579;0,08586;0,08574;0,08581
09/09/2026 20:10:00;0,08581;0,08593;0,08579;0,08591
09/09/2026 20:15:00;0,08591;0,08604;0,08582;0,08598
09/09/2026 20:20:00;0,08598;0,08599;0,08585;0,08597
09/09/2026 20:25:00;0,08596;0,08605;0,08595;0,08605
09/09/2026 20:30:00;0,08605;0,08613;0,08602;0,08613
09/09/2026 20:35:00;0,08615;0,08617;0,08608;0,08615
09/09/2026 20:40:00;0,08615;0,08615;0,0861;0,08614
09/09/2026 20:45:00;0,08614;0,0862;0,08608;0,08619
09/09/2026 20:50:00;0,08619;0,08623;0,08615;0,0862
09/09/2026 20:55:00;0,0862;0,0862;0,08614;0,08615
09/09/2026 21:00:00;0,08615;0,08617;0,08608;0,08617
09/09/2026 21:05:00;0,08617;0,08619;0,08608;0,08611
09/09/2026 21:10:00;0,08611;0,08623;0,08594;0,08596
09/09/2026 21:15:00;0,08596;0,08602;0,08593;0,08594
09/09/2026 21:20:00;0,08594;0,08605;0,0858;0,08596
09/09/2026 21:25:00;0,08596;0,08609;0,08587;0,08596
09/09/2026 21:30:00;0,08596;0,08596;0,08564;0,08589
09/09/2026 21:35:00;0,08589;0,08605;0,08584;0,08586
09/09/2026 21:40:00;0,08586;0,08586;0,0856;0,08561
09/09/2026 21:45:00;0,08561;0,08588;0,08555;0,0858
09/09/2026 21:50:00;0,0858;0,0859;0,08566;0,0857
09/09/2026 21:55:00;0,0857;0,0857;0,08558;0,08561
09/09/2026 22:00:00;0,08561;0,08598;0,08561;0,08598
09/09/2026 22:05:00;0,08598;0,08627;0,08598;0,08608
09/09/2026 22:10:00;0,08608;0,08611;0,08588;0,08595
09/09/2026 22:15:00;0,08595;0,08595;0,08567;0,08589
09/09/2026 22:20:00;0,08589;0,08591;0,08561;0,0858
09/09/2026 22:25:00;0,0858;0,0858;0,0856;0,0856
09/09/2026 22:30:00;0,0856;0,08567;0,08536;0,08537
09/09/2026 22:35:00;0,08537;0,08539;0,08514;0,08519
09/09/2026 22:40:00;0,08519;0,08557;0,08518;0,08538
09/09/2026 22:45:00;0,08538;0,0855;0,08528;0,08537
09/09/2026 22:50:00;0,08537;0,08542;0,08515;0,08524
09/09/2026 22:55:00;0,08524;0,08556;0,08522;0,08553
09/09/2026 23:00:00;0,08553;0,08554;0,0854;0,08542
09/09/2026 23:05:00;0,08542;0,08555;0,08536;0,08554
09/09/2026 23:10:00;0,08554;0,08556;0,08543;0,08555
09/09/2026 23:15:00;0,08555;0,08562;0,08537;0,08544
09/09/2026 23:20:00;0,08544;0,0855;0,08531;0,08535
09/09/2026 23:25:00;0,08535;0,08543;0,08534;0,0854
09/09/2026 23:30:00;0,0854;0,08575;0,0854;0,08575
09/09/2026 23:35:00;0,08575;0,0859;0,08571;0,08582
09/09/2026 23:40:00;0,08582;0,08592;0,08581;0,08587
09/09/2026 23:45:00;0,08587;0,08592;0,08582;0,08592
09/09/2026 23:50:00;0,08592;0,08602;0,08591;0,08602
09/09/2026 23:55:00;0,08602;0,08604;0,08598;0,08602
10/09/2026 00:00:00;0,08602;0,08617;0,08601;0,08614
10/09/2026 00:05:00;0,08614;0,08616;0,08608;0,08612
10/09/2026 00:10:00;0,08613;0,08616;0,08609;0,08609
10/09/2026 00:15:00;0,08609;0,08612;0,08603;0,08607
10/09/2026 00:20:00;0,08607;0,08611;0,08594;0,08595
10/09/2026 00:25:00;0,08595;0,08608;0,08583;0,08608
10/09/2026 00:30:00;0,08608;0,08611;0,08598;0,08599
10/09/2026 00:35:00;0,08597;0,08597;0,08581;0,08588
10/09/2026 00:40:00;0,08588;0,08604;0,08585;0,08599
10/09/2026 00:45:00;0,08598;0,08611;0,08597;0,0861
10/09/2026 00:50:00;0,0861;0,0861;0,08587;0,08593
10/09/2026 00:55:00;0,08593;0,08602;0,08585;0,08598
10/09/2026 01:00:00;0,08598;0,08605;0,08594;0,08602
10/09/2026 01:05:00;0,08602;0,08612;0,08602;0,08608
10/09/2026 01:10:00;0,08607;0,08608;0,08604;0,08604
10/09/2026 01:15:00;0,08604;0,08606;0,08596;0,08606
10/09/2026 01:20:00;0,08606;0,08609;0,08595;0,08596
10/09/2026 01:25:00;0,08596;0,08604;0,08592;0,08596
10/09/2026 01:30:00;0,08596;0,08601;0,08595;0,08601
10/09/2026 01:35:00;0,08601;0,08601;0,08591;0,08594
10/09/2026 01:40:00;0,08594;0,08596;0,08586;0,08587
10/09/2026 01:45:00;0,08587;0,08594;0,08581;0,08584
10/09/2026 01:50:00;0,08584;0,08587;0,08573;0,08586
10/09/2026 01:55:00;0,08586;0,08593;0,08574;0,08575
10/09/2026 02:00:00;0,08575;0,08589;0,08551;0,08551
10/09/2026 02:05:00;0,08554;0,08564;0,08548;0,08564
10/09/2026 02:10:00;0,08564;0,086;0,08564;0,086
10/09/2026 02:15:00;0,086;0,086;0,08575;0,08579
10/09/2026 02:20:00;0,08579;0,08579;0,08572;0,08575
10/09/2026 02:25:00;0,08576;0,08597;0,08572;0,08593
10/09/2026 02:30:00;0,08593;0,08604;0,08586;0,08601
10/09/2026 02:35:00;0,08601;0,08616;0,08597;0,08599
10/09/2026 02:40:00;0,08599;0,08601;0,08592;0,08599
10/09/2026 02:45:00;0,08599;0,08605;0,08595;0,08595
10/09/2026 02:50:00;0,08595;0,08603;0,08593;0,08603
10/09/2026 02:55:00;0,08603;0,08608;0,08598;0,08606
10/09/2026 03:00:00;0,08606;0,08606;0,08591;0,08591
10/09/2026 03:05:00;0,08591;0,08591;0,08576;0,08577
10/09/2026 03:10:00;0,08577;0,08577;0,08554;0,08554
10/09/2026 03:15:00;0,08554;0,08555;0,08543;0,08553
10/09/2026 03:20:00;0,08554;0,08554;0,08544;0,08548
10/09/2026 03:25:00;0,08548;0,08559;0,08548;0,08559
10/09/2026 03:30:00;0,08559;0,08566;0,08553;0,08554
10/09/2026 03:35:00;0,08553;0,08566;0,08553;0,08566
10/09/2026 03:40:00;0,08566;0,0857;0,08557;0,08559
10/09/2026 03:45:00;0,08559;0,08588;0,08559;0,08588
10/09/2026 03:50:00;0,08588;0,08598;0,08583;0,08584
10/09/2026 03:55:00;0,08584;0,08585;0,08577;0,08579
10/09/2026 04:00:00;0,08579;0,08579;0,08548;0,08549
10/09/2026 04:05:00;0,08549;0,08552;0,08536;0,08545
10/09/2026 04:10:00;0,08545;0,08554;0,08544;0,08546
10/09/2026 04:15:00;0,08546;0,08553;0,08543;0,08551
10/09/2026 04:20:00;0,08551;0,08552;0,08528;0,0853
10/09/2026 04:25:00;0,0853;0,08536;0,08523;0,08524
10/09/2026 04:30:00;0,08524;0,08532;0,08495;0,08506
10/09/2026 04:35:00;0,08506;0,08512;0,085;0,08501
10/09/2026 04:40:00;0,08501;0,08519;0,08498;0,08519
10/09/2026 04:45:00;0,08519;0,08527;0,08519;0,08525
10/09/2026 04:50:00;0,08526;0,08541;0,08526;0,08539
10/09/2026 04:55:00;0,08539;0,08542;0,08525;0,08535
10/09/2026 05:00:00;0,08535;0,08545;0,08521;0,08527
10/09/2026 05:05:00;0,08527;0,08547;0,08524;0,08541
10/09/2026 05:10:00;0,08541;0,08544;0,08524;0,08532
10/09/2026 05:15:00;0,08532;0,08538;0,08524;0,08537
10/09/2026 05:20:00;0,08537;0,08554;0,08536;0,08551
10/09/2026 05:25:00;0,0855;0,08553;0,08533;0,08546
10/09/2026 05:30:00;0,08542;0,08542;0,08522;0,08536
10/09/2026 05:35:00;0,08536;0,08541;0,08531;0,08535
10/09/2026 05:40:00;0,08535;0,08535;0,08522;0,08528
10/09/2026 05:45:00;0,08528;0,08535;0,08523;0,08535
10/09/2026 05:50:00;0,08535;0,08539;0,08532;0,08534
10/09/2026 05:55:00;0,08534;0,08534;0,08526;0,08528
10/09/2026 06:00:00;0,08528;0,08534;0,08526;0,08534
10/09/2026 06:05:00;0,08534;0,08537;0,08524;0,08524
10/09/2026 06:10:00;0,08524;0,08534;0,08524;0,08533
10/09/2026 06:15:00;0,08533;0,08533;0,08525;0,08531
10/09/2026 06:20:00;0,08531;0,08533;0,08524;0,08527
10/09/2026 06:25:00;0,08527;0,08531;0,08522;0,08529
10/09/2026 06:30:00;0,08529;0,08529;0,08504;0,08515
10/09/2026 06:35:00;0,08515;0,08515;0,08499;0,08502
10/09/2026 06:40:00;0,08502;0,08502;0,08482;0,08492
10/09/2026 06:45:00;0,08492;0,08496;0,08485;0,08494
10/09/2026 06:50:00;0,08494;0,08502;0,08485;0,08499
10/09/2026 06:55:00;0,08499;0,08502;0,08486;0,08496
10/09/2026 07:00:00;0,08496;0,08517;0,08491;0,08513
10/09/2026 07:05:00;0,08509;0,0852;0,08495;0,08498
10/09/2026 07:10:00;0,08498;0,08513;0,08497;0,08508
10/09/2026 07:15:00;0,08508;0,08515;0,08503;0,08509
10/09/2026 07:20:00;0,08509;0,08517;0,08506;0,08506
10/09/2026 07:25:00;0,08505;0,08525;0,08502;0,08523
10/09/2026 07:30:00;0,08523;0,08523;0,08496;0,08506
10/09/2026 07:35:00;0,08506;0,08532;0,08506;0,08532
10/09/2026 07:40:00;0,08532;0,08536;0,08531;0,08535
10/09/2026 07:45:00;0,08535;0,08536;0,08528;0,0853
10/09/2026 07:50:00;0,0853;0,0853;0,08516;0,08518
10/09/2026 07:55:00;0,08518;0,08541;0,08504;0,08504
10/09/2026 08:00:00;0,08504;0,08506;0,08481;0,08487
10/09/2026 08:05:00;0,08487;0,08512;0,08485;0,08506
10/09/2026 08:10:00;0,08506;0,08523;0,08506;0,08522
10/09/2026 08:15:00;0,08522;0,08533;0,08519;0,08526
10/09/2026 08:20:00;0,08526;0,08536;0,08525;0,08535
10/09/2026 08:25:00;0,08535;0,08541;0,08525;0,08538
10/09/2026 08:30:00;0,08538;0,08553;0,08536;0,08542
10/09/2026 08:35:00;0,08542;0,08549;0,08532;0,08547
10/09/2026 08:40:00;0,08547;0,08548;0,08529;0,08533
10/09/2026 08:45:00;0,08533;0,08537;0,08515;0,08531
10/09/2026 08:50:00;0,08531;0,08532;0,08517;0,0852
10/09/2026 08:55:00;0,0852;0,08521;0,08508;0,08512
10/09/2026 09:00:00;0,08512;0,08531;0,08512;0,0852
10/09/2026 09:05:00;0,0852;0,08524;0,08508;0,08509
10/09/2026 09:10:00;0,08509;0,08525;0,08507;0,08524
10/09/2026 09:15:00;0,08524;0,08529;0,08517;0,08521
10/09/2026 09:20:00;0,08521;0,08525;0,08513;0,08513
10/09/2026 09:25:00;0,08513;0,08517;0,08509;0,08516
10/09/2026 09:30:00;0,08516;0,08545;0,08452;0,08469
10/09/2026 09:35:00;0,08469;0,08503;0,08425;0,08451
10/09/2026 09:40:00;0,08451;0,08479;0,08445;0,08468
10/09/2026 09:45:00;0,08468;0,0847;0,0825;0,08397
10/09/2026 09:50:00;0,08397;0,08417;0,08367;0,08367
10/09/2026 09:55:00;0,08367;0,08385;0,08356;0,08376
10/09/2026 10:00:00;0,08376;0,0842;0,08372;0,08391
10/09/2026 10:05:00;0,08391;0,08391;0,08365;0,08377
10/09/2026 10:10:00;0,08377;0,08385;0,08341;0,08352
10/09/2026 10:15:00;0,08352;0,08352;0,08321;0,08326
10/09/2026 10:20:00;0,08326;0,08368;0,08325;0,08359
10/09/2026 10:25:00;0,08359;0,08373;0,08352;0,0837
10/09/2026 10:30:00;0,0837;0,08375;0,08342;0,08348
10/09/2026 10:35:00;0,08348;0,08389;0,08334;0,08385
10/09/2026 10:40:00;0,08385;0,08392;0,08372;0,08384
10/09/2026 10:45:00;0,08384;0,08403;0,0838;0,08392
10/09/2026 10:50:00;0,08392;0,08407;0,08367;0,08389
10/09/2026 10:55:00;0,08389;0,08404;0,08389;0,08399
10/09/2026 11:00:00;0,08399;0,08426;0,08399;0,08405
10/09/2026 11:05:00;0,08405;0,08408;0,08368;0,08373
10/09/2026 11:10:00;0,08373;0,0839;0,08363;0,08366
10/09/2026 11:15:00;0,08366;0,08373;0,08345;0,08372
10/09/2026 11:20:00;0,08372;0,0841;0,08366;0,08399
10/09/2026 11:25:00;0,08399;0,08418;0,08392;0,08394
10/09/2026 11:30:00;0,08394;0,08401;0,08389;0,08392
10/09/2026 11:35:00;0,08392;0,084;0,08382;0,08383
10/09/2026 11:40:00;0,08383;0,08389;0,08375;0,08377
10/09/2026 11:45:00;0,08377;0,08388;0,08369;0,08372
10/09/2026 11:50:00;0,08372;0,08383;0,08364;0,08382
10/09/2026 11:55:00;0,08382;0,08385;0,08375;0,08382
10/09/2026 12:00:00;0,08382;0,08382;0,08346;0,08354
10/09/2026 12:05:00;0,08354;0,08382;0,08354;0,08373
10/09/2026 12:10:00;0,08373;0,08385;0,08365;0,0837
10/09/2026 12:15:00;0,0837;0,08378;0,08345;0,08347
10/09/2026 12:20:00;0,08347;0,08352;0,08336;0,08345
10/09/2026 12:25:00;0,08345;0,08345;0,08329;0,08331
10/09/2026 12:30:00;0,08331;0,08365;0,08331;0,0836
10/09/2026 12:35:00;0,0836;0,08384;0,08356;0,08374
10/09/2026 12:40:00;0,08374;0,08374;0,08353;0,08362
10/09/2026 12:45:00;0,08362;0,08382;0,08357;0,08366
10/09/2026 12:50:00;0,08366;0,08375;0,08352;0,08354
10/09/2026 12:55:00;0,08354;0,08376;0,08347;0,08373
10/09/2026 13:00:00;0,08373;0,08382;0,08342;0,08345
10/09/2026 13:05:00;0,08345;0,0835;0,08321;0,08321
10/09/2026 13:10:00;0,08321;0,08341;0,08321;0,08338
10/09/2026 13:15:00;0,08338;0,08341;0,0829;0,08293
10/09/2026 13:20:00;0,08293;0,08326;0,08293;0,08313
10/09/2026 13:25:00;0,08313;0,08313;0,08298;0,08303
10/09/2026 13:30:00;0,08303;0,08311;0,0828;0,0828
10/09/2026 13:35:00;0,0828;0,08322;0,08272;0,08319
10/09/2026 13:40:00;0,08319;0,08331;0,08308;0,08329
10/09/2026 13:45:00;0,08329;0,08365;0,08329;0,08349
10/09/2026 13:50:00;0,08349;0,08352;0,08337;0,08342
10/09/2026 13:55:00;0,08342;0,08355;0,08337;0,08354
10/09/2026 14:00:00;0,08354;0,08359;0,08341;0,08348
10/09/2026 14:05:00;0,08348;0,08362;0,08348;0,08357
10/09/2026 14:10:00;0,08357;0,08368;0,08356;0,08361
10/09/2026 14:15:00;0,08361;0,08366;0,08356;0,08359
10/09/2026 14:20:00;0,08359;0,0838;0,08354;0,08378
10/09/2026 14:25:00;0,08378;0,08386;0,08362;0,08382
10/09/2026 14:30:00;0,08382;0,08417;0,08378;0,08412
10/09/2026 14:35:00;0,08412;0,08419;0,08385;0,08386
10/09/2026 14:40:00;0,08386;0,08398;0,08378;0,08398
10/09/2026 14:45:00;0,08398;0,08404;0,08382;0,08399
10/09/2026 14:50:00;0,08399;0,08404;0,08395;0,08401
10/09/2026 14:55:00;0,08401;0,08402;0,08387;0,08387
10/09/2026 15:00:00;0,08387;0,08393;0,08354;0,08356
10/09/2026 15:05:00;0,08354;0,0836;0,08333;0,08336
10/09/2026 15:10:00;0,08336;0,08341;0,0833;0,08331
10/09/2026 15:15:00;0,08331;0,08342;0,0833;0,08336
10/09/2026 15:20:00;0,08336;0,08365;0,08336;0,08355
10/09/2026 15:25:00;0,08355;0,0836;0,08351;0,08353
10/09/2026 15:30:00;0,08353;0,08354;0,08343;0,0835
10/09/2026 15:35:00;0,0835;0,08366;0,08343;0,08366
10/09/2026 15:40:00;0,08366;0,0837;0,08358;0,0837
10/09/2026 15:45:00;0,0837;0,08379;0,08362;0,08373
10/09/2026 15:50:00;0,08373;0,08403;0,08364;0,08401
10/09/2026 15:55:00;0,08401;0,08402;0,08393;0,08401
10/09/2026 16:00:00;0,08401;0,08401;0,08389;0,08389
10/09/2026 16:05:00;0,08389;0,08396;0,08385;0,08391
10/09/2026 16:10:00;0,08391;0,08394;0,0838;0,08391
10/09/2026 16:15:00;0,08391;0,08394;0,08387;0,08388
10/09/2026 16:20:00;0,08388;0,08402;0,08384;0,08401
10/09/2026 16:25:00;0,08401;0,08411;0,08393;0,08398
10/09/2026 16:30:00;0,08398;0,08399;0,08382;0,08386
10/09/2026 16:35:00;0,08386;0,08405;0,08384;0,08402
10/09/2026 16:40:00;0,08402;0,08425;0,08402;0,08418
10/09/2026 16:45:00;0,08418;0,08418;0,08392;0,08395
10/09/2026 16:50:00;0,08395;0,08406;0,0838;0,0839
10/09/2026 16:55:00;0,0839;0,08402;0,08388;0,08393
10/09/2026 17:00:00;0,08393;0,08402;0,08387;0,08396
10/09/2026 17:05:00;0,08396;0,08414;0,08394;0,08413
10/09/2026 17:10:00;0,08413;0,08425;0,08409;0,08423
10/09/2026 17:15:00;0,08423;0,08431;0,08417;0,08428
10/09/2026 17:20:00;0,08428;0,08434;0,08424;0,08425
10/09/2026 17:25:00;0,08425;0,08433;0,08424;0,08432
10/09/2026 17:30:00;0,08432;0,08434;0,08423;0,08428
10/09/2026 17:35:00;0,08428;0,08433;0,08426;0,08428
10/09/2026 17:40:00;0,08428;0,08432;0,08425;0,08429
10/09/2026 17:45:00;0,08429;0,0843;0,08412;0,08419
10/09/2026 17:50:00;0,08419;0,08421;0,08415;0,0842
10/09/2026 17:55:00;0,0842;0,0842;0,08415;0,08418
10/09/2026 18:00:00;0,08418;0,08424;0,08415;0,08418
10/09/2026 18:05:00;0,08418;0,08426;0,08408;0,08424
10/09/2026 18:10:00;0,08424;0,0843;0,08418;0,08418
10/09/2026 18:15:00;0,08418;0,08418;0,08407;0,08407
10/09/2026 18:20:00;0,08407;0,08412;0,08407;0,08412
10/09/2026 18:25:00;0,08412;0,08413;0,08408;0,08413
10/09/2026 18:30:00;0,08413;0,08413;0,08401;0,08409
10/09/2026 18:35:00;0,08409;0,08409;0,08396;0,08404
10/09/2026 18:40:00;0,08404;0,08414;0,08401;0,08413
10/09/2026 18:45:00;0,08413;0,08425;0,0841;0,08419
10/09/2026 18:50:00;0,08419;0,0842;0,08409;0,08409
10/09/2026 18:55:00;0,08409;0,08411;0,08401;0,08407
10/09/2026 19:00:00;0,08408;0,08414;0,08394;0,0841
10/09/2026 19:05:00;0,0841;0,08415;0,08403;0,08414
10/09/2026 19:10:00;0,08414;0,08417;0,08401;0,08415
10/09/2026 19:15:00;0,08415;0,08426;0,08415;0,08425
10/09/2026 19:20:00;0,08425;0,08428;0,08415;0,08417
10/09/2026 19:25:00;0,08417;0,08418;0,08407;0,08407
10/09/2026 19:30:00;0,08407;0,08412;0,08382;0,0839
10/09/2026 19:35:00;0,0839;0,08392;0,08372;0,08378
10/09/2026 19:40:00;0,08378;0,08378;0,08364;0,08371
10/09/2026 19:45:00;0,08371;0,08386;0,08369;0,08385
10/09/2026 19:50:00;0,08385;0,08385;0,08366;0,0837
10/09/2026 19:55:00;0,0837;0,0837;0,0835;0,08354
10/09/2026 20:00:00;0,08354;0,08361;0,08332;0,08338
10/09/2026 20:05:00;0,08338;0,08349;0,08307;0,08321
10/09/2026 20:10:00;0,08321;0,08337;0,08293;0,08295
10/09/2026 20:15:00;0,08295;0,08323;0,08289;0,08315
10/09/2026 20:20:00;0,08315;0,08336;0,08315;0,08321
10/09/2026 20:25:00;0,08321;0,08329;0,08316;0,08318
10/09/2026 20:30:00;0,08318;0,08329;0,08318;0,08321
10/09/2026 20:35:00;0,08321;0,08322;0,0831;0,08313
10/09/2026 20:40:00;0,08313;0,08322;0,08307;0,0832
10/09/2026 20:45:00;0,0832;0,0832;0,08309;0,08312
10/09/2026 20:50:00;0,08312;0,08316;0,08294;0,08295
10/09/2026 20:55:00;0,08295;0,083;0,08285;0,08291
10/09/2026 21:00:00;0,08291;0,08319;0,08286;0,08315
10/09/2026 21:05:00;0,08315;0,0835;0,08308;0,08348
10/09/2026 21:10:00;0,08348;0,08354;0,08343;0,08348
10/09/2026 21:15:00;0,08348;0,08352;0,08335;0,0834
10/09/2026 21:20:00;0,0834;0,08355;0,08332;0,08347
10/09/2026 21:25:00;0,08347;0,0835;0,08338;0,08343
10/09/2026 21:30:00;0,08345;0,08345;0,0831;0,08328
10/09/2026 21:35:00;0,08328;0,08333;0,08319;0,08329
10/09/2026 21:40:00;0,08329;0,08329;0,08315;0,08316
10/09/2026 21:45:00;0,08316;0,08322;0,08313;0,08313
10/09/2026 21:50:00;0,08313;0,08338;0,08313;0,08337
10/09/2026 21:55:00;0,08337;0,08346;0,08337;0,08346
10/09/2026 22:00:00;0,08346;0,08366;0,08341;0,08363
10/09/2026 22:05:00;0,08363;0,08365;0,08355;0,0836
10/09/2026 22:10:00;0,0836;0,08362;0,08351;0,08351
10/09/2026 22:15:00;0,08351;0,08353;0,08343;0,08348
10/09/2026 22:20:00;0,0835;0,08355;0,08324;0,08336
10/09/2026 22:25:00;0,08336;0,08339;0,08315;0,08316
10/09/2026 22:30:00;0,08316;0,08322;0,08299;0,08321
10/09/2026 22:35:00;0,08321;0,0835;0,08313;0,08317
10/09/2026 22:40:00;0,08317;0,08326;0,083028;0,08326
10/09/2026 22:45:00;0,08326;0,08338;0,08313;0,08338
10/09/2026 22:50:00;0,08338;0,08344;0,08333;0,08343
10/09/2026 22:55:00;0,08343;0,08358;0,08337;0,08358
10/09/2026 23:00:00;0,08355;0,08361;0,0834;0,08357
10/09/2026 23:05:00;0,08357;0,08361;0,08345;0,08352
10/09/2026 23:10:00;0,08352;0,08363;0,08348;0,0836
10/09/2026 23:15:00;0,0836;0,0836;0,08338;0,0834
10/09/2026 23:20:00;0,0834;0,08345;0,08328;0,08328
10/09/2026 23:25:00;0,08328;0,08331;0,08317;0,08324
10/09/2026 23:30:00;0,08324;0,08332;0,08323;0,0833
10/09/2026 23:35:00;0,0833;0,08354;0,08325;0,08354
10/09/2026 23:40:00;0,08354;0,08356;0,08341;0,08343
10/09/2026 23:45:00;0,08343;0,08357;0,08343;0,08355
10/09/2026 23:50:00;0,08355;0,08359;0,08338;0,08346
10/09/2026 23:55:00;0,08346;0,08352;0,08343;0,08349
11/09/2026 00:00:00;0,08349;0,08352;0,08343;0,08345
11/09/2026 00:05:00;0,08345;0,08345;0,0833;0,08332
11/09/2026 00:10:00;0,08332;0,08358;0,08328;0,08358
11/09/2026 00:15:00;0,08358;0,08358;0,08336;0,08349
11/09/2026 00:20:00;0,08349;0,0835;0,08333;0,08343
11/09/2026 00:25:00;0,08343;0,08354;0,08339;0,08351
11/09/2026 00:30:00;0,08351;0,08351;0,08339;0,08349
11/09/2026 00:35:00;0,08349;0,08368;0,08346;0,08367
11/09/2026 00:40:00;0,08367;0,08373;0,08361;0,08367
11/09/2026 00:45:00;0,08369;0,08369;0,08361;0,08363
11/09/2026 00:50:00;0,08363;0,08371;0,0836;0,0837
11/09/2026 00:55:00;0,0837;0,083779;0,08369;0,08375
11/09/2026 01:00:00;0,08375;0,08382;0,08368;0,08381
11/09/2026 01:05:00;0,08381;0,0839;0,0838;0,08382
11/09/2026 01:10:00;0,08382;0,0839;0,08374;0,08387
11/09/2026 01:15:00;0,08387;0,08394;0,08375;0,08385
11/09/2026 01:20:00;0,08385;0,08411;0,08385;0,08411
11/09/2026 01:25:00;0,08411;0,08419;0,08409;0,08415
11/09/2026 01:30:00;0,08415;0,084231;0,08402;0,08402
11/09/2026 01:35:00;0,08402;0,08403;0,08397;0,08402
11/09/2026 01:40:00;0,08402;0,08407;0,08398;0,08401
11/09/2026 01:45:00;0,08401;0,08407;0,08399;0,08407
11/09/2026 01:50:00;0,08406;0,08413;0,08406;0,0841
11/09/2026 01:55:00;0,0841;0,08414;0,08408;0,08408
11/09/2026 02:00:00;0,08408;0,08412;0,08404;0,08404
11/09/2026 02:05:00;0,08404;0,08409;0,08403;0,08408
11/09/2026 02:10:00;0,08408;0,08415;0,08397;0,08412
11/09/2026 02:15:00;0,08413;0,08413;0,08405;0,08406
11/09/2026 02:20:00;0,08406;0,08409;0,08395;0,08398
11/09/2026 02:25:00;0,08398;0,08402;0,08389;0,08398
11/09/2026 02:30:00;0,084;0,08409;0,08389;0,08393
11/09/2026 02:35:00;0,08393;0,08409;0,08392;0,08404
11/09/2026 02:40:00;0,08404;0,0841;0,084;0,08407
11/09/2026 02:45:00;0,08407;0,08413;0,08403;0,08412
11/09/2026 02:50:00;0,08412;0,08413;0,08408;0,08412
11/09/2026 02:55:00;0,08412;0,08414;0,08411;0,08412
11/09/2026 03:00:00;0,08412;0,08415;0,08406;0,08413
11/09/2026 03:05:00;0,08413;0,08413;0,08406;0,08406
11/09/2026 03:10:00;0,08406;0,08419;0,08405;0,08416
11/09/2026 03:15:00;0,08416;0,08418;0,08408;0,08412
11/09/2026 03:20:00;0,08412;0,08412;0,08396;0,08397
11/09/2026 03:25:00;0,08397;0,08402;0,08393;0,08399
11/09/2026 03:30:00;0,08399;0,08404;0,08388;0,08391
11/09/2026 03:35:00;0,08391;0,08397;0,08389;0,08396
11/09/2026 03:40:00;0,08396;0,08396;0,08391;0,08393
11/09/2026 03:45:00;0,08393;0,08401;0,0839;0,084
11/09/2026 03:50:00;0,08401;0,08403;0,08398;0,08398
11/09/2026 03:55:00;0,08398;0,084;0,08398;0,084
11/09/2026 04:00:00;0,084;0,08405;0,084;0,08402
11/09/2026 04:05:00;0,08402;0,08411;0,08402;0,0841
11/09/2026 04:10:00;0,0841;0,08412;0,08403;0,08404
11/09/2026 04:15:00;0,08404;0,08411;0,08404;0,08407
11/09/2026 04:20:00;0,08407;0,08419;0,08407;0,0841
11/09/2026 04:25:00;0,0841;0,0841;0,08397;0,08398
11/09/2026 04:30:00;0,08397;0,08406;0,08392;0,08396
11/09/2026 04:35:00;0,08396;0,08401;0,08395;0,08395
11/09/2026 04:40:00;0,08395;0,08399;0,08394;0,08395
11/09/2026 04:45:00;0,08394;0,08395;0,08386;0,08386
11/09/2026 04:50:00;0,08386;0,08391;0,08378;0,08379
11/09/2026 04:55:00;0,08379;0,0839;0,08378;0,0838
11/09/2026 05:00:00;0,0838;0,08387;0,08376;0,08377
11/09/2026 05:05:00;0,08377;0,08378;0,08371;0,08372
11/09/2026 05:10:00;0,08371;0,08379;0,08371;0,08377
11/09/2026 05:15:00;0,08377;0,0839;0,08377;0,08386
11/09/2026 05:20:00;0,08386;0,08407;0,08386;0,08405
11/09/2026 05:25:00;0,08405;0,08407;0,08396;0,08401
11/09/2026 05:30:00;0,08401;0,08423;0,084;0,08407
11/09/2026 05:35:00;0,08407;0,0841;0,08404;0,0841
11/09/2026 05:40:00;0,08408;0,08409;0,08405;0,08406
11/09/2026 05:45:00;0,08405;0,08412;0,08405;0,08408
11/09/2026 05:50:00;0,08408;0,08412;0,08405;0,08406
11/09/2026 05:55:00;0,08406;0,08409;0,08402;0,08404
11/09/2026 06:00:00;0,08404;0,08408;0,084;0,08402
11/09/2026 06:05:00;0,08402;0,08402;0,08393;0,08396
11/09/2026 06:10:00;0,08396;0,08399;0,08391;0,08395
11/09/2026 06:15:00;0,08395;0,08398;0,08393;0,08396
11/09/2026 06:20:00;0,08396;0,08398;0,08392;0,08393
11/09/2026 06:25:00;0,08393;0,08394;0,0839;0,0839
11/09/2026 06:30:00;0,0839;0,08391;0,08384;0,08387
11/09/2026 06:35:00;0,08387;0,08387;0,08351;0,08352
11/09/2026 06:40:00;0,08352;0,08352;0,08337;0,08345
11/09/2026 06:45:00;0,08345;0,08359;0,08344;0,08344
11/09/2026 06:50:00;0,08344;0,08372;0,08344;0,0837
11/09/2026 06:55:00;0,0837;0,08372;0,08368;0,08368
11/09/2026 07:00:00;0,08368;0,08383;0,08358;0,08382
11/09/2026 07:05:00;0,08389;0,08389;0,08377;0,08378
11/09/2026 07:10:00;0,08378;0,08382;0,08366;0,08375
11/09/2026 07:15:00;0,08375;0,08387;0,08373;0,08384
11/09/2026 07:20:00;0,08384;0,08384;0,08367;0,08368
11/09/2026 07:25:00;0,08368;0,08369;0,08357;0,08361
11/09/2026 07:30:00;0,08361;0,08361;0,08342;0,08359
11/09/2026 07:35:00;0,08359;0,08363;0,08351;0,0836
11/09/2026 07:40:00;0,0836;0,08361;0,08349;0,08353
11/09/2026 07:45:00;0,08353;0,08357;0,0835;0,0835
11/09/2026 07:50:00;0,0835;0,08355;0,08348;0,0835
11/09/2026 07:55:00;0,0835;0,08351;0,08338;0,08338
11/09/2026 08:00:00;0,08338;0,08343;0,08315;0,08318
11/09/2026 08:05:00;0,08318;0,08324;0,08296;0,08303
11/09/2026 08:10:00;0,08303;0,08314;0,08293;0,08309
11/09/2026 08:15:00;0,08309;0,08321;0,08304;0,0832
11/09/2026 08:20:00;0,0832;0,08324;0,08313;0,08322
11/09/2026 08:25:00;0,08322;0,08335;0,08321;0,08329
11/09/2026 08:30:00;0,08329;0,08334;0,08323;0,08325
11/09/2026 08:35:00;0,08325;0,08347;0,08325;0,08345
11/09/2026 08:40:00;0,08345;0,08359;0,08344;0,08359
11/09/2026 08:45:00;0,08359;0,08368;0,08355;0,08362
11/09/2026 08:50:00;0,08362;0,0837;0,0836;0,08367
11/09/2026 08:55:00;0,08367;0,0837;0,08363;0,08369
11/09/2026 09:00:00;0,08369;0,08382;0,0836;0,08361
11/09/2026 09:05:00;0,08361;0,08363;0,08342;0,08344
11/09/2026 09:10:00;0,08344;0,08355;0,08336;0,08344
11/09/2026 09:15:00;0,08344;0,0835;0,08334;0,08334
11/09/2026 09:20:00;0,08334;0,08347;0,08321;0,08323
11/09/2026 09:25:00;0,08323;0,08403;0,08318;0,08355
11/09/2026 09:30:00;0,08355;0,08431;0,08238;0,08407
11/09/2026 09:35:00;0,08407;0,08524;0,08407;0,0849
11/09/2026 09:40:00;0,0849;0,085;0,08448;0,08457
11/09/2026 09:45:00;0,08457;0,08498;0,08449;0,08481
11/09/2026 09:50:00;0,08481;0,0852;0,08481;0,08499
11/09/2026 09:55:00;0,08499;0,08518;0,08491;0,08517
11/09/2026 10:00:00;0,08517;0,08517;0,08481;0,08481
11/09/2026 10:05:00;0,08481;0,08511;0,08465;0,08465
11/09/2026 10:10:00;0,08465;0,08485;0,08458;0,08483
11/09/2026 10:15:00;0,08483;0,08486;0,0846;0,08485
11/09/2026 10:20:00;0,08485;0,08507;0,08481;0,08489
11/09/2026 10:25:00;0,08489;0,08493;0,08456;0,08456
11/09/2026 10:30:00;0,08456;0,08491;0,08445;0,08461
11/09/2026 10:35:00;0,08461;0,08474;0,08429;0,08469
11/09/2026 10:40:00;0,08469;0,08528;0,08461;0,0852
11/09/2026 10:45:00;0,0852;0,08626;0,08503;0,0861
11/09/2026 10:50:00;0,0861;0,08672;0,08596;0,08663
11/09/2026 10:55:00;0,08663;0,08748;0,08663;0,08743
11/09/2026 11:00:00;0,08743;0,08825;0,08728;0,08774
11/09/2026 11:05:00;0,08774;0,08781;0,0865;0,08672
11/09/2026 11:10:00;0,08672;0,08681;0,08638;0,08668
11/09/2026 11:15:00;0,08668;0,08687;0,08649;0,08672
11/09/2026 11:20:00;0,08672;0,08678;0,08634;0,08651
11/09/2026 11:25:00;0,08651;0,08668;0,08631;0,08662
11/09/2026 11:30:00;0,08662;0,08663;0,08616;0,08619
11/09/2026 11:35:00;0,08619;0,08637;0,08603;0,08636
11/09/2026 11:40:00;0,08636;0,08648;0,08612;0,0863
11/09/2026 11:45:00;0,0863;0,08663;0,08606;0,08638
11/09/2026 11:50:00;0,08638;0,08665;0,0862;0,08656
11/09/2026 11:55:00;0,08656;0,08656;0,08638;0,0865
11/09/2026 12:00:00;0,0865;0,08657;0,08627;0,08636
11/09/2026 12:05:00;0,08636;0,08647;0,08622;0,08625
11/09/2026 12:10:00;0,08625;0,08625;0,08591;0,08591
11/09/2026 12:15:00;0,08591;0,08633;0,08588;0,08627
11/09/2026 12:20:00;0,08627;0,08658;0,08627;0,08658
11/09/2026 12:25:00;0,08658;0,08674;0,08649;0,08669
11/09/2026 12:30:00;0,08669;0,08686;0,08661;0,08686
11/09/2026 12:35:00;0,08686;0,08687;0,0866;0,08674
11/09/2026 12:40:00;0,08674;0,08674;0,08642;0,08645
11/09/2026 12:45:00;0,08645;0,0866;0,08628;0,08633
11/09/2026 12:50:00;0,08633;0,08641;0,08465;0,08486
11/09/2026 12:55:00;0,08486;0,08518;0,08446;0,08499
11/09/2026 13:00:00;0,08499;0,0855;0,08495;0,0853
11/09/2026 13:05:00;0,0853;0,08568;0,0853;0,08558
11/09/2026 13:10:00;0,08558;0,08564;0,08526;0,08532
11/09/2026 13:15:00;0,08532;0,08551;0,08498;0,085
11/09/2026 13:20:00;0,085;0,08509;0,08473;0,08507
11/09/2026 13:25:00;0,08507;0,08545;0,08502;0,08531
11/09/2026 13:30:00;0,08531;0,08559;0,08508;0,08554
11/09/2026 13:35:00;0,08554;0,08561;0,08533;0,08535
11/09/2026 13:40:00;0,08535;0,08552;0,08531;0,08551
11/09/2026 13:45:00;0,08551;0,08585;0,0855;0,08571
11/09/2026 13:50:00;0,08571;0,08587;0,0857;0,08576
11/09/2026 13:55:00;0,08576;0,08585;0,08566;0,08584
11/09/2026 14:00:00;0,08584;0,08594;0,0857;0,0858
11/09/2026 14:05:00;0,0858;0,0859;0,08559;0,08561
11/09/2026 14:10:00;0,08561;0,08561;0,08539;0,08541
11/09/2026 14:15:00;0,08541;0,08566;0,0854;0,0856
11/09/2026 14:20:00;0,0856;0,08565;0,08535;0,08555
11/09/2026 14:25:00;0,08558;0,08572;0,08555;0,08556
11/09/2026 14:30:00;0,08556;0,08562;0,08546;0,08555
11/09/2026 14:35:00;0,08555;0,08555;0,08514;0,08517
11/09/2026 14:40:00;0,08517;0,08528;0,08506;0,08517
11/09/2026 14:45:00;0,08517;0,08525;0,08516;0,0852
11/09/2026 14:50:00;0,0852;0,0852;0,08491;0,08491
11/09/2026 14:55:00;0,08491;0,08511;0,08486;0,08497
11/09/2026 15:00:00;0,08497;0,08504;0,08422;0,08438
11/09/2026 15:05:00;0,08438;0,08438;0,08364;0,08408
11/09/2026 15:10:00;0,08408;0,08428;0,08399;0,08423
11/09/2026 15:15:00;0,08423;0,0847;0,08419;0,08467
11/09/2026 15:20:00;0,08467;0,08467;0,08441;0,08452
11/09/2026 15:25:00;0,08452;0,08453;0,08428;0,08448
11/09/2026 15:30:00;0,08448;0,08449;0,0843;0,08445
11/09/2026 15:35:00;0,08445;0,08452;0,08431;0,08439
11/09/2026 15:40:00;0,08439;0,08446;0,08418;0,08426
11/09/2026 15:45:00;0,08426;0,08448;0,08408;0,0842
11/09/2026 15:50:00;0,0842;0,0842;0,08381;0,08387
11/09/2026 15:55:00;0,08387;0,08412;0,08384;0,08408
11/09/2026 16:00:00;0,08408;0,08415;0,08375;0,08415
11/09/2026 16:05:00;0,08415;0,08437;0,08413;0,08416
11/09/2026 16:10:00;0,08416;0,08421;0,084;0,08409
11/09/2026 16:15:00;0,08409;0,08416;0,08387;0,08403
11/09/2026 16:20:00;0,08403;0,08437;0,08393;0,08437
11/09/2026 16:25:00;0,08437;0,0845;0,08436;0,08443
11/09/2026 16:30:00;0,08438;0,08441;0,084306;0,08438
11/09/2026 16:35:00;0,08438;0,08447;0,08423;0,08439
11/09/2026 16:40:00;0,08439;0,0845;0,08439;0,08445
11/09/2026 16:45:00;0,08445;0,08449;0,08432;0,08443
11/09/2026 16:50:00;0,08443;0,08457;0,0844;0,08453
11/09/2026 16:55:00;0,08453;0,08453;0,08446;0,08449
11/09/2026 17:00:00;0,08449;0,08469;0,08448;0,08464
11/09/2026 17:05:00;0,08464;0,08471;0,0846;0,08461
11/09/2026 17:10:00;0,08461;0,08474;0,0846;0,08468
11/09/2026 17:15:00;0,08468;0,0847;0,08448;0,08453
11/09/2026 17:20:00;0,08454;0,08455;0,08447;0,08455
11/09/2026 17:25:00;0,08455;0,08463;0,08437;0,0844
11/09/2026 17:30:00;0,0844;0,08444;0,08411;0,08444
11/09/2026 17:35:00;0,08444;0,08471;0,08444;0,08469
11/09/2026 17:40:00;0,08468;0,08474;0,08446;0,0845
11/09/2026 17:45:00;0,0845;0,08451;0,08422;0,08425
11/09/2026 17:50:00;0,08425;0,08439;0,08407;0,08424
11/09/2026 17:55:00;0,08424;0,08444;0,0842;0,08441
11/09/2026 18:00:00;0,08438;0,08441;0,08432;0,08435
11/09/2026 18:05:00;0,08435;0,08462;0,08433;0,08462
11/09/2026 18:10:00;0,08461;0,08471;0,08453;0,08457
11/09/2026 18:15:00;0,08457;0,08466;0,08457;0,08461
11/09/2026 18:20:00;0,08461;0,084627;0,08455;0,08458
11/09/2026 18:25:00;0,08458;0,08461;0,08449;0,08451
11/09/2026 18:30:00;0,08451;0,08461;0,0845;0,0846
11/09/2026 18:35:00;0,0846;0,0846;0,08446;0,08454
11/09/2026 18:40:00;0,08454;0,08454;0,08438;0,08441
11/09/2026 18:45:00;0,08441;0,08443;0,08419;0,08419
11/09/2026 18:50:00;0,08419;0,08421;0,084;0,08401
11/09/2026 18:55:00;0,08401;0,08402;0,08385;0,08398
11/09/2026 19:00:00;0,08398;0,08431;0,08368;0,08431
11/09/2026 19:05:00;0,08431;0,08431;0,08391;0,08391
11/09/2026 19:10:00;0,08391;0,08423;0,08391;0,08421
11/09/2026 19:15:00;0,08421;0,08423;0,08405;0,08416
11/09/2026 19:20:00;0,08416;0,08426;0,08406;0,08422
11/09/2026 19:25:00;0,08422;0,08429;0,08401;0,08403
11/09/2026 19:30:00;0,08403;0,08404;0,08374;0,08374
11/09/2026 19:35:00;0,0839;0,08401;0,083757;0,08401
11/09/2026 19:40:00;0,08401;0,08409;0,08382;0,08388
11/09/2026 19:45:00;0,08388;0,08391;0,08373;0,08373
11/09/2026 19:50:00;0,08373;0,08382;0,08358;0,08374
11/09/2026 19:55:00;0,08374;0,08388;0,08366;0,08381
11/09/2026 20:00:00;0,08382;0,08401;0,0838;0,084
11/09/2026 20:05:00;0,084;0,08403;0,08389;0,08402
11/09/2026 20:10:00;0,08402;0,08413;0,08402;0,08404
11/09/2026 20:15:00;0,08405;0,08418;0,08403;0,08417
11/09/2026 20:20:00;0,08417;0,08417;0,08401;0,08403
11/09/2026 20:25:00;0,08403;0,08417;0,08403;0,08413
11/09/2026 20:30:00;0,08413;0,0842;0,08412;0,08413
11/09/2026 20:35:00;0,08413;0,08422;0,08413;0,08421
11/09/2026 20:40:00;0,08421;0,08428;0,08418;0,0842
11/09/2026 20:45:00;0,0842;0,08434;0,0842;0,08433
11/09/2026 20:50:00;0,08433;0,08435;0,08431;0,08432
11/09/2026 20:55:00;0,08432;0,08434;0,08429;0,0843
11/09/2026 21:00:00;0,08431;0,08434;0,08426;0,08426
11/09/2026 21:05:00;0,08426;0,08426;0,08412;0,08415
11/09/2026 21:10:00;0,08415;0,08426;0,08413;0,08426
11/09/2026 21:15:00;0,08426;0,08431;0,08421;0,08431
11/09/2026 21:20:00;0,08431;0,08434;0,08428;0,08434
11/09/2026 21:25:00;0,08434;0,08437;0,08428;0,08435
11/09/2026 21:30:00;0,08434;0,08438;0,08428;0,08438
11/09/2026 21:35:00;0,08438;0,08442;0,08429;0,08435
11/09/2026 21:40:00;0,08435;0,08435;0,08423;0,08426
11/09/2026 21:45:00;0,08424;0,08428;0,08423;0,08426
11/09/2026 21:50:00;0,08426;0,08429;0,08421;0,08424
11/09/2026 21:55:00;0,08424;0,08427;0,08418;0,08422
11/09/2026 22:00:00;0,0842;0,08426;0,08413;0,08426
11/09/2026 22:05:00;0,08426;0,08443;0,08426;0,08443
11/09/2026 22:10:00;0,08443;0,08446;0,08442;0,08446
11/09/2026 22:15:00;0,08446;0,08451;0,08445;0,08447
11/09/2026 22:20:00;0,08447;0,08448;0,08443;0,08448
11/09/2026 22:25:00;0,08448;0,08448;0,0843;0,08436
11/09/2026 22:30:00;0,08436;0,08443;0,08434;0,08442
11/09/2026 22:35:00;0,08442;0,08442;0,08428;0,08441
11/09/2026 22:40:00;0,08441;0,08447;0,0844;0,08447
11/09/2026 22:45:00;0,08447;0,08456;0,08445;0,08453
11/09/2026 22:50:00;0,08453;0,08459;0,08439;0,08443
11/09/2026 22:55:00;0,08443;0,08443;0,08439;0,08442
11/09/2026 23:00:00;0,08442;0,08452;0,08437;0,08437
11/09/2026 23:05:00;0,0844;0,08447;0,08438;0,08446
11/09/2026 23:10:00;0,08446;0,08451;0,08444;0,08444
11/09/2026 23:15:00;0,08444;0,08451;0,08444;0,08449
11/09/2026 23:20:00;0,08449;0,08459;0,08449;0,08457
11/09/2026 23:25:00;0,08457;0,08457;0,08447;0,08448
11/09/2026 23:30:00;0,08448;0,08454;0,08443;0,08445
11/09/2026 23:35:00;0,08445;0,08454;0,08445;0,08448
11/09/2026 23:40:00;0,08449;0,08455;0,0844;0,08441
11/09/2026 23:45:00;0,08441;0,08453;0,08436;0,0845
11/09/2026 23:50:00;0,0845;0,08454;0,08439;0,08439
11/09/2026 23:55:00;0,08439;0,08451;0,08433;0,08449
12/09/2026 00:00:00;0,08449;0,08455;0,08438;0,08455
12/09/2026 00:05:00;0,08455;0,0846;0,08441;0,08446
12/09/2026 00:10:00;0,08446;0,08453;0,084405;0,08442
12/09/2026 00:15:00;0,08442;0,08458;0,0844;0,08447
12/09/2026 00:20:00;0,08447;0,08447;0,08435;0,08435
12/09/2026 00:25:00;0,08435;0,08448;0,08435;0,08447
12/09/2026 00:30:00;0,08447;0,08448;0,08444;0,08447
12/09/2026 00:35:00;0,08447;0,08449;0,08441;0,08443
12/09/2026 00:40:00;0,08443;0,08445;0,0844;0,0844
12/09/2026 00:45:00;0,0844;0,08443;0,08438;0,0844
12/09/2026 00:50:00;0,0844;0,0844;0,08435;0,08439
12/09/2026 00:55:00;0,08439;0,08445;0,08439;0,08445
12/09/2026 01:00:00;0,08445;0,0845;0,08443;0,08445
12/09/2026 01:05:00;0,08445;0,08449;0,08439;0,08439
12/09/2026 01:10:00;0,0844;0,08444;0,08439;0,08441
12/09/2026 01:15:00;0,08441;0,08445;0,0843;0,0843
12/09/2026 01:20:00;0,0843;0,08439;0,08426;0,08435
12/09/2026 01:25:00;0,08435;0,08441;0,08434;0,08441
12/09/2026 01:30:00;0,08441;0,08449;0,08441;0,08447
12/09/2026 01:35:00;0,08447;0,08451;0,08447;0,08449
12/09/2026 01:40:00;0,08449;0,08449;0,08438;0,08439
12/09/2026 01:45:00;0,08438;0,08441;0,08432;0,08441
12/09/2026 01:50:00;0,08441;0,08442;0,08437;0,08437
12/09/2026 01:55:00;0,08437;0,08438;0,08435;0,08438
12/09/2026 02:00:00;0,08438;0,0844;0,08435;0,08437
12/09/2026 02:05:00;0,08437;0,08437;0,08431;0,08436
12/09/2026 02:10:00;0,08436;0,0844;0,08431;0,0844
12/09/2026 02:15:00;0,0844;0,0844;0,08429;0,08429
12/09/2026 02:20:00;0,08429;0,08442;0,08427;0,08433
12/09/2026 02:25:00;0,08433;0,08434;0,08426;0,08426
12/09/2026 02:30:00;0,08426;0,08446;0,08424;0,08446
12/09/2026 02:35:00;0,08446;0,0845;0,08443;0,08445
12/09/2026 02:40:00;0,08445;0,08448;0,08442;0,08444
12/09/2026 02:45:00;0,08444;0,08447;0,08443;0,08446
12/09/2026 02:50:00;0,08446;0,08448;0,08441;0,08441
12/09/2026 02:55:00;0,08441;0,08446;0,08441;0,08442
12/09/2026 03:00:00;0,08442;0,08442;0,08439;0,08439
12/09/2026 03:05:00;0,08439;0,0844;0,08436;0,08438
12/09/2026 03:10:00;0,08438;0,08442;0,08437;0,08441
12/09/2026 03:15:00;0,08441;0,08449;0,08441;0,08447
12/09/2026 03:20:00;0,08447;0,08447;0,0844;0,0844
12/09/2026 03:25:00;0,0844;0,08444;0,08438;0,08442
12/09/2026 03:30:00;0,08442;0,08458;0,08442;0,08447
12/09/2026 03:35:00;0,08447;0,08447;0,08441;0,08443
12/09/2026 03:40:00;0,08444;0,08455;0,08442;0,08452
12/09/2026 03:45:00;0,08452;0,08454;0,0844;0,08441
12/09/2026 03:50:00;0,08441;0,08443;0,08437;0,08442
12/09/2026 03:55:00;0,08442;0,08442;0,08439;0,08442
12/09/2026 04:00:00;0,08442;0,08446;0,0844;0,08445
12/09/2026 04:05:00;0,08445;0,08457;0,08445;0,08457
12/09/2026 04:10:00;0,08457;0,0846;0,08456;0,08457
12/09/2026 04:15:00;0,08457;0,08464;0,08456;0,0846
12/09/2026 04:20:00;0,0846;0,08467;0,0846;0,08466
12/09/2026 04:25:00;0,08466;0,08468;0,0846;0,08462
12/09/2026 04:30:00;0,08462;0,08463;0,08459;0,0846
12/09/2026 04:35:00;0,0846;0,08463;0,0846;0,08463
12/09/2026 04:40:00;0,08462;0,08469;0,08462;0,08468
12/09/2026 04:45:00;0,08468;0,08471;0,08466;0,08471
12/09/2026 04:50:00;0,08471;0,0848;0,0847;0,08477
12/09/2026 04:55:00;0,08477;0,08482;0,08474;0,08477
12/09/2026 05:00:00;0,08477;0,08477;0,08471;0,08473
12/09/2026 05:05:00;0,08474;0,08484;0,08472;0,08482
12/09/2026 05:10:00;0,08482;0,08486;0,08469;0,08471
12/09/2026 05:15:00;0,08471;0,0849;0,08471;0,08479
12/09/2026 05:20:00;0,08479;0,08485;0,08473;0,08474
12/09/2026 05:25:00;0,08474;0,08474;0,08467;0,0847
12/09/2026 05:30:00;0,0847;0,08473;0,08464;0,08464
12/09/2026 05:35:00;0,08464;0,08474;0,08463;0,08472
12/09/2026 05:40:00;0,08472;0,08476;0,08471;0,08475
12/09/2026 05:45:00;0,08475;0,08479;0,08475;0,08476
12/09/2026 05:50:00;0,08476;0,08484;0,08475;0,0848
12/09/2026 05:55:00;0,0848;0,0848;0,08475;0,08479
12/09/2026 06:00:00;0,08479;0,08488;0,08475;0,08487
12/09/2026 06:05:00;0,08487;0,08493;0,08487;0,0849
12/09/2026 06:10:00;0,0849;0,08494;0,08487;0,08491
12/09/2026 06:15:00;0,08491;0,08498;0,08485;0,08486
12/09/2026 06:20:00;0,08486;0,08493;0,0848;0,08492
12/09/2026 06:25:00;0,08492;0,08498;0,08486;0,0849
12/09/2026 06:30:00;0,0849;0,08494;0,08484;0,08484
12/09/2026 06:35:00;0,08484;0,08495;0,08479;0,08494
12/09/2026 06:40:00;0,08494;0,08499;0,08482;0,08483
12/09/2026 06:45:00;0,08483;0,08486;0,08482;0,08483
12/09/2026 06:50:00;0,08483;0,08496;0,08483;0,08491
12/09/2026 06:55:00;0,08491;0,08497;0,08491;0,08495
12/09/2026 07:00:00;0,08495;0,08516;0,08495;0,08512
12/09/2026 07:05:00;0,08512;0,08517;0,08511;0,08514
12/09/2026 07:10:00;0,08513;0,08514;0,08503;0,08505
12/09/2026 07:15:00;0,08504;0,08505;0,08501;0,08503
12/09/2026 07:20:00;0,08503;0,08507;0,08503;0,08504
12/09/2026 07:25:00;0,08505;0,08507;0,08503;0,08504
12/09/2026 07:30:00;0,08504;0,08504;0,08493;0,08495
12/09/2026 07:35:00;0,08495;0,08499;0,08494;0,08499
12/09/2026 07:40:00;0,08499;0,08505;0,08496;0,08503
12/09/2026 07:45:00;0,08503;0,08508;0,08495;0,08497
12/09/2026 07:50:00;0,08497;0,08497;0,08488;0,08489
12/09/2026 07:55:00;0,08489;0,08504;0,08489;0,08501
12/09/2026 08:00:00;0,08501;0,0851;0,08495;0,08502
12/09/2026 08:05:00;0,08502;0,08502;0,08497;0,08497
12/09/2026 08:10:00;0,08497;0,08504;0,08497;0,08503
12/09/2026 08:15:00;0,08503;0,08504;0,08492;0,08493
12/09/2026 08:20:00;0,08493;0,08498;0,08493;0,08496
12/09/2026 08:25:00;0,08496;0,08498;0,08496;0,08497
12/09/2026 08:30:00;0,08497;0,08498;0,08495;0,08496
12/09/2026 08:35:00;0,08496;0,08503;0,08495;0,08501
12/09/2026 08:40:00;0,08501;0,08511;0,085;0,0851
12/09/2026 08:45:00;0,0851;0,08511;0,08509;0,0851
12/09/2026 08:50:00;0,0851;0,08511;0,08507;0,08509
12/09/2026 08:55:00;0,08509;0,0851;0,08505;0,08505
12/09/2026 09:00:00;0,08505;0,08511;0,08501;0,08501
12/09/2026 09:05:00;0,08501;0,08516;0,08501;0,08516
12/09/2026 09:10:00;0,08516;0,08516;0,08501;0,08501
12/09/2026 09:15:00;0,08501;0,08512;0,08497;0,08497
12/09/2026 09:20:00;0,08497;0,085;0,08496;0,08498
12/09/2026 09:25:00;0,08498;0,08502;0,08497;0,085
12/09/2026 09:30:00;0,085;0,08505;0,085;0,08502
12/09/2026 09:35:00;0,08502;0,08508;0,08501;0,08506
12/09/2026 09:40:00;0,08506;0,08509;0,08503;0,08503
12/09/2026 09:45:00;0,08503;0,08512;0,08503;0,08508
12/09/2026 09:50:00;0,08508;0,08509;0,08496;0,08498
12/09/2026 09:55:00;0,08498;0,08507;0,08497;0,08505
12/09/2026 10:00:00;0,08505;0,08506;0,08493;0,08494
12/09/2026 10:05:00;0,08494;0,0851;0,08491;0,085
12/09/2026 10:10:00;0,085;0,085;0,08484;0,08486
12/09/2026 10:15:00;0,08486;0,08498;0,08482;0,08495
12/09/2026 10:20:00;0,08495;0,08498;0,08491;0,08495
12/09/2026 10:25:00;0,08495;0,08499;0,08484;0,08496
12/09/2026 10:30:00;0,08496;0,08498;0,08487;0,08497
12/09/2026 10:35:00;0,08497;0,08499;0,08497;0,08497
12/09/2026 10:40:00;0,08497;0,085;0,08493;0,08494
12/09/2026 10:45:00;0,08494;0,08494;0,08485;0,0849
12/09/2026 10:50:00;0,0849;0,0849;0,08484;0,084861
12/09/2026 10:55:00;0,084861;0,08498;0,084847;0,08497
12/09/2026 11:00:00;0,08497;0,08502;0,08497;0,08502
12/09/2026 11:05:00;0,08502;0,08511;0,08502;0,0851
12/09/2026 11:10:00;0,0851;0,0851;0,08502;0,08503
12/09/2026 11:15:00;0,08503;0,08509;0,08502;0,08508
12/09/2026 11:20:00;0,08508;0,0852;0,08507;0,08511
12/09/2026 11:25:00;0,08511;0,08515;0,08503;0,08508
12/09/2026 11:30:00;0,08508;0,08517;0,08506;0,08509
12/09/2026 11:35:00;0,08509;0,08517;0,08509;0,08515
12/09/2026 11:40:00;0,08515;0,08516;0,08508;0,08509
12/09/2026 11:45:00;0,08509;0,08517;0,08509;0,08515
12/09/2026 11:50:00;0,08515;0,08515;0,08512;0,08513
12/09/2026 11:55:00;0,08513;0,08515;0,08513;0,08515
12/09/2026 12:00:00;0,08515;0,08527;0,08515;0,08524
12/09/2026 12:05:00;0,08524;0,08536;0,08524;0,08526
12/09/2026 12:10:00;0,08526;0,08531;0,0852;0,08526
12/09/2026 12:15:00;0,08526;0,08526;0,08512;0,08512
12/09/2026 12:20:00;0,08512;0,08514;0,08507;0,08509
12/09/2026 12:25:00;0,08509;0,08522;0,08507;0,08518
12/09/2026 12:30:00;0,08518;0,08524;0,08505;0,0851
12/09/2026 12:35:00;0,0851;0,08519;0,085;0,08517
12/09/2026 12:40:00;0,08517;0,08522;0,08514;0,0852
12/09/2026 12:45:00;0,0852;0,08522;0,08501;0,08505
12/09/2026 12:50:00;0,08505;0,08507;0,08498;0,08499
12/09/2026 12:55:00;0,08499;0,08518;0,08498;0,0851
12/09/2026 13:00:00;0,0851;0,08517;0,0851;0,08512
12/09/2026 13:05:00;0,08512;0,08515;0,08498;0,08503
12/09/2026 13:10:00;0,08503;0,08507;0,08502;0,08504
12/09/2026 13:15:00;0,08504;0,08506;0,08499;0,08504
12/09/2026 13:20:00;0,08504;0,08505;0,08501;0,08503
12/09/2026 13:25:00;0,08503;0,08508;0,08501;0,08507
12/09/2026 13:30:00;0,08507;0,08508;0,08503;0,08507
12/09/2026 13:35:00;0,08507;0,08507;0,085009;0,085009
12/09/2026 13:40:00;0,085009;0,08505;0,08497;0,08497
12/09/2026 13:45:00;0,08497;0,08503;0,08496;0,08502
12/09/2026 13:50:00;0,08502;0,08511;0,08502;0,08511
12/09/2026 13:55:00;0,08511;0,08513;0,085;0,08504
12/09/2026 14:00:00;0,08504;0,08509;0,08496;0,08508
12/09/2026 14:05:00;0,08508;0,0851;0,08503;0,08506
12/09/2026 14:10:00;0,08506;0,08511;0,08497;0,08502
12/09/2026 14:15:00;0,08502;0,08504;0,08495;0,08503
12/09/2026 14:20:00;0,08503;0,08505;0,0849;0,08491
12/09/2026 14:25:00;0,08491;0,08494;0,08488;0,08488
12/09/2026 14:30:00;0,08489;0,08492;0,08483;0,08491
12/09/2026 14:35:00;0,08491;0,08493;0,08489;0,0849
12/09/2026 14:40:00;0,0849;0,08499;0,08489;0,08498
12/09/2026 14:45:00;0,08498;0,085;0,08493;0,08494
12/09/2026 14:50:00;0,08494;0,08498;0,08491;0,08498
12/09/2026 14:55:00;0,08498;0,08503;0,08497;0,08499
12/09/2026 15:00:00;0,08499;0,08499;0,08489;0,08489
12/09/2026 15:05:00;0,08489;0,08495;0,08484;0,08485
12/09/2026 15:10:00;0,08485;0,08491;0,08479;0,08484
12/09/2026 15:15:00;0,08484;0,0849;0,08473;0,08483
12/09/2026 15:20:00;0,08483;0,08493;0,08482;0,08491
12/09/2026 15:25:00;0,08491;0,08492;0,08486;0,0849
12/09/2026 15:30:00;0,0849;0,08492;0,0848;0,08481
12/09/2026 15:35:00;0,08481;0,08486;0,0847;0,08486
12/09/2026 15:40:00;0,08486;0,08486;0,08482;0,08484
12/09/2026 15:45:00;0,08484;0,08486;0,08481;0,08481
12/09/2026 15:50:00;0,08481;0,08481;0,08468;0,08471
12/09/2026 15:55:00;0,08471;0,08475;0,08471;0,08474
12/09/2026 16:00:00;0,08474;0,0848;0,08472;0,08479
12/09/2026 16:05:00;0,08479;0,08485;0,08472;0,08474
12/09/2026 16:10:00;0,08474;0,0849;0,0847;0,08489
12/09/2026 16:15:00;0,08489;0,08489;0,08478;0,08488
12/09/2026 16:20:00;0,08488;0,08488;0,08476;0,08478
12/09/2026 16:25:00;0,08478;0,08488;0,08474;0,08483
12/09/2026 16:30:00;0,08483;0,08484;0,08471;0,08477
12/09/2026 16:35:00;0,08477;0,08478;0,08461;0,08462
12/09/2026 16:40:00;0,08462;0,08476;0,08462;0,0847
12/09/2026 16:45:00;0,0847;0,0848;0,08468;0,08478
12/09/2026 16:50:00;0,08478;0,0848;0,08474;0,08474
12/09/2026 16:55:00;0,08474;0,08482;0,08474;0,0848
12/09/2026 17:00:00;0,0848;0,08487;0,0848;0,08484
12/09/2026 17:05:00;0,08484;0,08493;0,08484;0,08493
12/09/2026 17:10:00;0,08493;0,08495;0,08492;0,08492
12/09/2026 17:15:00;0,08492;0,08494;0,08489;0,08489
12/09/2026 17:20:00;0,08489;0,08492;0,08488;0,08488
12/09/2026 17:25:00;0,08488;0,08495;0,08488;0,08491
12/09/2026 17:30:00;0,08491;0,08493;0,08486;0,08486
12/09/2026 17:35:00;0,08486;0,08488;0,08486;0,08487
12/09/2026 17:40:00;0,08487;0,08497;0,08485;0,08493
12/09/2026 17:45:00;0,08493;0,08498;0,08491;0,08497
12/09/2026 17:50:00;0,08497;0,08498;0,0848;0,0848
12/09/2026 17:55:00;0,0848;0,08481;0,08476;0,08478
12/09/2026 18:00:00;0,08478;0,08493;0,08477;0,08485
12/09/2026 18:05:00;0,08485;0,08494;0,08485;0,08491
12/09/2026 18:10:00;0,08491;0,08497;0,0848;0,08484
12/09/2026 18:15:00;0,08484;0,08485;0,0848;0,0848
12/09/2026 18:20:00;0,0848;0,0848;0,08477;0,0848
12/09/2026 18:25:00;0,0848;0,0848;0,08476;0,08477
12/09/2026 18:30:00;0,08477;0,08478;0,08472;0,08477
12/09/2026 18:35:00;0,08477;0,08478;0,08473;0,08474
12/09/2026 18:40:00;0,08474;0,0848;0,0847;0,08474
12/09/2026 18:45:00;0,08474;0,08475;0,0847;0,0847
12/09/2026 18:50:00;0,0847;0,08473;0,08464;0,08472
12/09/2026 18:55:00;0,08472;0,08472;0,08463;0,08464
12/09/2026 19:00:00;0,08464;0,08472;0,08458;0,08468
12/09/2026 19:05:00;0,08468;0,08479;0,0846;0,08471
12/09/2026 19:10:00;0,08471;0,08474;0,08462;0,08473
12/09/2026 19:15:00;0,08473;0,084834;0,08473;0,084821
12/09/2026 19:20:00;0,084821;0,08489;0,08481;0,08489
12/09/2026 19:25:00;0,08489;0,08491;0,08464;0,08464
12/09/2026 19:30:00;0,08464;0,08472;0,08459;0,0846
12/09/2026 19:35:00;0,0846;0,08468;0,0846;0,08465
12/09/2026 19:40:00;0,08465;0,08465;0,08459;0,08462
12/09/2026 19:45:00;0,08462;0,08467;0,08454;0,08459
12/09/2026 19:50:00;0,08459;0,08468;0,08459;0,08466
12/09/2026 19:55:00;0,08466;0,08467;0,08445;0,08467
12/09/2026 20:00:00;0,08467;0,08475;0,08465;0,08469
12/09/2026 20:05:00;0,08469;0,08471;0,08468;0,08469
12/09/2026 20:10:00;0,08469;0,08476;0,08469;0,08474
12/09/2026 20:15:00;0,08474;0,08479;0,08472;0,08476
12/09/2026 20:20:00;0,08476;0,08476;0,08471;0,08473
12/09/2026 20:25:00;0,08473;0,08476;0,08471;0,08473
12/09/2026 20:30:00;0,08473;0,08478;0,08471;0,08474
12/09/2026 20:35:00;0,08474;0,08475;0,08473;0,08474
12/09/2026 20:40:00;0,08474;0,08484;0,08474;0,08483
12/09/2026 20:45:00;0,08483;0,08484;0,0848;0,08483
12/09/2026 20:50:00;0,08483;0,08488;0,08483;0,08487
12/09/2026 20:55:00;0,08487;0,0849;0,08483;0,08483
12/09/2026 21:00:00;0,08483;0,08483;0,08479;0,0848
12/09/2026 21:05:00;0,0848;0,08489;0,0848;0,08487
12/09/2026 21:10:00;0,08487;0,08489;0,08479;0,08479
12/09/2026 21:15:00;0,08479;0,08483;0,08479;0,0848
12/09/2026 21:20:00;0,0848;0,08481;0,08479;0,0848
12/09/2026 21:25:00;0,0848;0,08488;0,08479;0,08484
12/09/2026 21:30:00;0,08484;0,08485;0,08479;0,08481
12/09/2026 21:35:00;0,08481;0,084839;0,0848;0,08481
12/09/2026 21:40:00;0,08481;0,08481;0,08469;0,08475
12/09/2026 21:45:00;0,08475;0,08479;0,08475;0,08476
12/09/2026 21:50:00;0,08476;0,08485;0,08475;0,08484
12/09/2026 21:55:00;0,08484;0,08486;0,08483;0,08485
12/09/2026 22:00:00;0,08485;0,08492;0,08485;0,08487
12/09/2026 22:05:00;0,08484;0,08492;0,0848;0,08491
12/09/2026 22:10:00;0,08491;0,08494;0,08481;0,08482
12/09/2026 22:15:00;0,08482;0,08491;0,08481;0,08491
12/09/2026 22:20:00;0,08491;0,08502;0,08489;0,08501
12/09/2026 22:25:00;0,08503;0,08507;0,0849;0,0849
12/09/2026 22:30:00;0,08489;0,08489;0,08482;0,08482
12/09/2026 22:35:00;0,08482;0,08496;0,0848;0,08496
12/09/2026 22:40:00;0,08496;0,08499;0,08493;0,08495
12/09/2026 22:45:00;0,08495;0,085;0,08492;0,08493
12/09/2026 22:50:00;0,08493;0,08499;0,08492;0,08499
12/09/2026 22:55:00;0,08499;0,084997;0,08493;0,08498
12/09/2026 23:00:00;0,08498;0,08498;0,08492;0,08493
12/09/2026 23:05:00;0,08493;0,08493;0,08488;0,08489
12/09/2026 23:10:00;0,08489;0,08491;0,08488;0,08488
12/09/2026 23:15:00;0,08488;0,08496;0,08487;0,08493
12/09/2026 23:20:00;0,08493;0,08493;0,08486;0,08493
12/09/2026 23:25:00;0,08493;0,08493;0,08482;0,0849
12/09/2026 23:30:00;0,0849;0,08503;0,08488;0,08503
12/09/2026 23:35:00;0,08503;0,0851;0,08498;0,08505
12/09/2026 23:40:00;0,08505;0,08513;0,08498;0,08512
12/09/2026 23:45:00;0,08512;0,08515;0,08508;0,08512
12/09/2026 23:50:00;0,08512;0,08521;0,08505;0,08506
12/09/2026 23:55:00;0,08506;0,08506;0,08494;0,08494
13/09/2026 00:00:00;0,08494;0,08515;0,08493;0,0851
13/09/2026 00:05:00;0,0851;0,0851;0,08499;0,08499
13/09/2026 00:10:00;0,08499;0,08503;0,08489;0,0849
13/09/2026 00:15:00;0,0849;0,08495;0,08489;0,08493
13/09/2026 00:20:00;0,08493;0,085;0,08492;0,08496
13/09/2026 00:25:00;0,08496;0,08502;0,08485;0,08485
13/09/2026 00:30:00;0,08485;0,08485;0,0847;0,08472
13/09/2026 00:35:00;0,08472;0,08479;0,08472;0,08476
13/09/2026 00:40:00;0,08476;0,08483;0,08476;0,08482
13/09/2026 00:45:00;0,08482;0,08485;0,08472;0,08473
13/09/2026 00:50:00;0,08473;0,0848;0,08469;0,08477
13/09/2026 00:55:00;0,08477;0,08482;0,08468;0,08471
13/09/2026 01:00:00;0,08471;0,08473;0,08466;0,08468
13/09/2026 01:05:00;0,08468;0,0848;0,08467;0,08478
13/09/2026 01:10:00;0,08478;0,08486;0,08471;0,08477
13/09/2026 01:15:00;0,08477;0,08482;0,08477;0,08479
13/09/2026 01:20:00;0,08479;0,08479;0,08465;0,08474
13/09/2026 01:25:00;0,08474;0,08474;0,08471;0,08472
13/09/2026 01:30:00;0,08472;0,08473;0,08471;0,08472
13/09/2026 01:35:00;0,08472;0,08472;0,08463;0,08465
13/09/2026 01:40:00;0,08465;0,0847;0,08465;0,0847
13/09/2026 01:45:00;0,0847;0,0847;0,08466;0,08467
13/09/2026 01:50:00;0,08467;0,08472;0,08467;0,08471
13/09/2026 01:55:00;0,08471;0,08474;0,08467;0,08471
13/09/2026 02:00:00;0,08471;0,08475;0,0847;0,08474
13/09/2026 02:05:00;0,08474;0,08477;0,08473;0,08476
13/09/2026 02:10:00;0,08476;0,0848;0,08476;0,08479
13/09/2026 02:15:00;0,08479;0,08483;0,08476;0,08483
13/09/2026 02:20:00;0,08483;0,08483;0,08481;0,08483
13/09/2026 02:25:00;0,08483;0,08483;0,08479;0,08483
13/09/2026 02:30:00;0,08483;0,08488;0,08482;0,08483
13/09/2026 02:35:00;0,08483;0,08485;0,0848;0,08481
13/09/2026 02:40:00;0,08481;0,08485;0,08479;0,08485
13/09/2026 02:45:00;0,08485;0,08495;0,08484;0,08491
13/09/2026 02:50:00;0,08491;0,08493;0,08491;0,08491
13/09/2026 02:55:00;0,08491;0,08491;0,08484;0,08485
13/09/2026 03:00:00;0,08485;0,08487;0,08484;0,08485
13/09/2026 03:05:00;0,08484;0,08484;0,08478;0,08478
13/09/2026 03:10:00;0,08478;0,08482;0,08478;0,0848
13/09/2026 03:15:00;0,0848;0,08481;0,08477;0,08477
13/09/2026 03:20:00;0,08477;0,08479;0,08468;0,08475
13/09/2026 03:25:00;0,08475;0,08476;0,0847;0,08475
13/09/2026 03:30:00;0,08475;0,08476;0,084674;0,08472
13/09/2026 03:35:00;0,08471;0,084759;0,08468;0,08468
13/09/2026 03:40:00;0,08468;0,08469;0,08463;0,08467
13/09/2026 03:45:00;0,08467;0,08467;0,08458;0,08458
13/09/2026 03:50:00;0,08458;0,08458;0,08434;0,0844
13/09/2026 03:55:00;0,0844;0,08445;0,08431;0,08443
13/09/2026 04:00:00;0,08443;0,08449;0,08439;0,08447
13/09/2026 04:05:00;0,08447;0,084532;0,08445;0,08452
13/09/2026 04:10:00;0,08452;0,08453;0,084492;0,08452
13/09/2026 04:15:00;0,08452;0,08459;0,0845;0,08455
13/09/2026 04:20:00;0,08455;0,084596;0,08452;0,084594
13/09/2026 04:25:00;0,084594;0,084594;0,08448;0,08448
13/09/2026 04:30:00;0,08448;0,0845;0,0844;0,08442
13/09/2026 04:35:00;0,08442;0,08442;0,08423;0,08432
13/09/2026 04:40:00;0,08432;0,08448;0,08432;0,08441
13/09/2026 04:45:00;0,08441;0,08441;0,08424;0,08434
13/09/2026 04:50:00;0,08432;0,08434;0,08426;0,08431
13/09/2026 04:55:00;0,08431;0,08431;0,08414;0,08416
13/09/2026 05:00:00;0,08416;0,08429;0,08413;0,0842
13/09/2026 05:05:00;0,0842;0,0842;0,08407;0,0841
13/09/2026 05:10:00;0,0841;0,08411;0,08398;0,08407
13/09/2026 05:15:00;0,08407;0,08407;0,08394;0,08398
13/09/2026 05:20:00;0,08398;0,08406;0,08398;0,08398
13/09/2026 05:25:00;0,08398;0,08398;0,08383;0,08385
13/09/2026 05:30:00;0,08385;0,08385;0,08339;0,0836
13/09/2026 05:35:00;0,0836;0,08366;0,08341;0,08343
13/09/2026 05:40:00;0,08343;0,08354;0,08332;0,08333
13/09/2026 05:45:00;0,08333;0,0836;0,08333;0,08357
13/09/2026 05:50:00;0,08358;0,08359;0,08348;0,08353
13/09/2026 05:55:00;0,08353;0,08359;0,08349;0,08356
13/09/2026 06:00:00;0,08356;0,08366;0,08355;0,08366
13/09/2026 06:05:00;0,08366;0,0837;0,08364;0,08367
13/09/2026 06:10:00;0,08367;0,08368;0,08359;0,08363
13/09/2026 06:15:00;0,08363;0,08367;0,08358;0,0836
13/09/2026 06:20:00;0,0836;0,08366;0,08337;0,0834
13/09/2026 06:25:00;0,0834;0,0835;0,08323;0,08336
13/09/2026 06:30:00;0,08336;0,08341;0,08313;0,08322
13/09/2026 06:35:00;0,08322;0,08362;0,08322;0,08353
13/09/2026 06:40:00;0,08353;0,08356;0,08348;0,08349
13/09/2026 06:45:00;0,08349;0,0836;0,08347;0,08359
13/09/2026 06:50:00;0,08359;0,0836;0,08353;0,08356
13/09/2026 06:55:00;0,08356;0,08359;0,08352;0,08356
13/09/2026 07:00:00;0,08356;0,08364;0,08356;0,08361
13/09/2026 07:05:00;0,08361;0,08361;0,08358;0,0836
13/09/2026 07:10:00;0,0836;0,08361;0,08356;0,08359
13/09/2026 07:15:00;0,08359;0,08363;0,08355;0,08356
13/09/2026 07:20:00;0,08356;0,08359;0,08356;0,08357
13/09/2026 07:25:00;0,08357;0,08362;0,08353;0,08357
13/09/2026 07:30:00;0,08357;0,08361;0,08354;0,08355
13/09/2026 07:35:00;0,08355;0,08355;0,08347;0,08353
13/09/2026 07:40:00;0,08353;0,08353;0,0833;0,08337
13/09/2026 07:45:00;0,08337;0,08344;0,08337;0,08339
13/09/2026 07:50:00;0,08339;0,08339;0,08328;0,08332
13/09/2026 07:55:00;0,08332;0,08339;0,08327;0,08332
13/09/2026 08:00:00;0,08332;0,083473;0,08332;0,08343
13/09/2026 08:05:00;0,08343;0,083477;0,08338;0,08346
13/09/2026 08:10:00;0,08346;0,08346;0,08338;0,08338
13/09/2026 08:15:00;0,08338;0,08351;0,08338;0,08349
13/09/2026 08:20:00;0,08348;0,08352;0,08345;0,08352
13/09/2026 08:25:00;0,08352;0,08354;0,0835;0,0835
13/09/2026 08:30:00;0,0835;0,08353;0,08346;0,08353
13/09/2026 08:35:00;0,08353;0,08354;0,08351;0,08354
13/09/2026 08:40:00;0,08354;0,08357;0,08354;0,08354
13/09/2026 08:45:00;0,08354;0,08356;0,08351;0,08354
13/09/2026 08:50:00;0,08354;0,0836;0,08353;0,08359
13/09/2026 08:55:00;0,08359;0,08361;0,08354;0,08355
13/09/2026 09:00:00;0,08355;0,08355;0,08347;0,08347
13/09/2026 09:05:00;0,08347;0,08347;0,08342;0,08344
13/09/2026 09:10:00;0,08344;0,083505;0,08343;0,0835
13/09/2026 09:15:00;0,0835;0,08353;0,08346;0,08352
13/09/2026 09:20:00;0,08352;0,08357;0,08348;0,08357
13/09/2026 09:25:00;0,08356;0,083579;0,08349;0,08349
13/09/2026 09:30:00;0,08355;0,083589;0,08347;0,08347
13/09/2026 09:35:00;0,08347;0,08348;0,08331;0,0834
13/09/2026 09:40:00;0,0834;0,0834;0,08331;0,08332
13/09/2026 09:45:00;0,08332;0,08334;0,08329;0,08332
13/09/2026 09:50:00;0,08332;0,08344;0,08332;0,08341
13/09/2026 09:55:00;0,08341;0,08345;0,0834;0,08345
13/09/2026 10:00:00;0,08345;0,08345;0,08337;0,08338
13/09/2026 10:05:00;0,08338;0,08347;0,08336;0,08346
13/09/2026 10:10:00;0,08346;0,08351;0,08344;0,08351
13/09/2026 10:15:00;0,08351;0,08351;0,08336;0,08336
13/09/2026 10:20:00;0,08336;0,08337;0,08323;0,08328
13/09/2026 10:25:00;0,08328;0,08328;0,08289;0,08292
13/09/2026 10:30:00;0,08292;0,08313;0,08291;0,08311
13/09/2026 10:35:00;0,08311;0,08323;0,08311;0,08323
13/09/2026 10:40:00;0,08323;0,08329;0,0832;0,08328
13/09/2026 10:45:00;0,08328;0,08345;0,08328;0,08345
13/09/2026 10:50:00;0,08345;0,0835;0,08336;0,08342
13/09/2026 10:55:00;0,08342;0,08345;0,0834;0,08343
13/09/2026 11:00:00;0,08343;0,08349;0,08342;0,08346
13/09/2026 11:05:00;0,08347;0,08365;0,08347;0,08365
13/09/2026 11:10:00;0,08365;0,0837;0,08358;0,08366
13/09/2026 11:15:00;0,08366;0,08377;0,08363;0,08367
13/09/2026 11:20:00;0,08367;0,08373;0,08364;0,08367
13/09/2026 11:25:00;0,08367;0,08369;0,08359;0,08365
13/09/2026 11:30:00;0,08365;0,08368;0,0836;0,08363
13/09/2026 11:35:00;0,08363;0,08388;0,0836;0,0838
13/09/2026 11:40:00;0,0838;0,08384;0,08374;0,08379
13/09/2026 11:45:00;0,08379;0,08385;0,08374;0,08378
13/09/2026 11:50:00;0,08378;0,08383;0,08373;0,08378
13/09/2026 11:55:00;0,08378;0,0838;0,08371;0,083773
13/09/2026 12:00:00;0,083773;0,08381;0,08359;0,08359
13/09/2026 12:05:00;0,08359;0,08366;0,08359;0,08366
13/09/2026 12:10:00;0,08366;0,083675;0,083618;0,08365
13/09/2026 12:15:00;0,08365;0,08365;0,08348;0,0835
13/09/2026 12:20:00;0,0835;0,08375;0,08349;0,08372
13/09/2026 12:25:00;0,08372;0,08372;0,08351;0,08353
13/09/2026 12:30:00;0,08353;0,08359;0,0835;0,08357
13/09/2026 12:35:00;0,08357;0,08359;0,08352;0,08352
13/09/2026 12:40:00;0,08352;0,08363;0,08346;0,08361
13/09/2026 12:45:00;0,08361;0,08363;0,08356;0,08361
13/09/2026 12:50:00;0,0836;0,08361;0,08351;0,08355
13/09/2026 12:55:00;0,08355;0,08355;0,08349;0,08351
13/09/2026 13:00:00;0,08351;0,08365;0,08349;0,08359
13/09/2026 13:05:00;0,08359;0,08381;0,08357;0,08379
13/09/2026 13:10:00;0,08379;0,0839;0,08374;0,08377
13/09/2026 13:15:00;0,08377;0,08378;0,0837;0,08377
13/09/2026 13:20:00;0,08377;0,08382;0,08375;0,08381
13/09/2026 13:25:00;0,08381;0,08387;0,08377;0,08382
13/09/2026 13:30:00;0,08382;0,083842;0,08379;0,083812
13/09/2026 13:35:00;0,083812;0,08383;0,08378;0,08382
13/09/2026 13:40:00;0,08382;0,08391;0,08381;0,08387
13/09/2026 13:45:00;0,08387;0,08389;0,08379;0,08382
13/09/2026 13:50:00;0,08382;0,08391;0,08382;0,08391
13/09/2026 13:55:00;0,08391;0,08399;0,0839;0,08397
13/09/2026 14:00:00;0,08397;0,08417;0,08397;0,08415
13/09/2026 14:05:00;0,08416;0,08431;0,08414;0,08426
13/09/2026 14:10:00;0,08426;0,08456;0,08426;0,0844
13/09/2026 14:15:00;0,0844;0,08457;0,08439;0,08457
13/09/2026 14:20:00;0,08457;0,08459;0,08447;0,08449
13/09/2026 14:25:00;0,08448;0,08465;0,08447;0,08462
13/09/2026 14:30:00;0,08462;0,08463;0,08435;0,08439
13/09/2026 14:35:00;0,08439;0,0845;0,08432;0,08446
13/09/2026 14:40:00;0,08446;0,08448;0,08439;0,08443
13/09/2026 14:45:00;0,08443;0,08452;0,08442;0,0845
13/09/2026 14:50:00;0,0845;0,08456;0,08445;0,08448
13/09/2026 14:55:00;0,08448;0,0845;0,08444;0,08444
13/09/2026 15:00:00;0,08444;0,08447;0,08438;0,08439
13/09/2026 15:05:00;0,08439;0,08441;0,08432;0,08434
13/09/2026 15:10:00;0,08434;0,08443;0,08433;0,08442
13/09/2026 15:15:00;0,08442;0,08454;0,08439;0,0845
13/09/2026 15:20:00;0,0845;0,08457;0,08448;0,08455
13/09/2026 15:25:00;0,08455;0,08456;0,08446;0,08446
13/09/2026 15:30:00;0,08447;0,08455;0,08442;0,08449
13/09/2026 15:35:00;0,08449;0,08452;0,08448;0,08449
13/09/2026 15:40:00;0,08449;0,08449;0,08443;0,08444
13/09/2026 15:45:00;0,08444;0,08459;0,08444;0,08459
13/09/2026 15:50:00;0,08459;0,08459;0,08454;0,08458
13/09/2026 15:55:00;0,08458;0,08458;0,08449;0,08452
13/09/2026 16:00:00;0,08452;0,0846;0,08452;0,08459
13/09/2026 16:05:00;0,08456;0,0846;0,08446;0,08446
13/09/2026 16:10:00;0,08446;0,08448;0,08437;0,0844
13/09/2026 16:15:00;0,0844;0,0844;0,08432;0,08433
13/09/2026 16:20:00;0,08433;0,08435;0,08427;0,08434
13/09/2026 16:25:00;0,08434;0,08437;0,08433;0,08434
13/09/2026 16:30:00;0,08434;0,08437;0,08413;0,08415
13/09/2026 16:35:00;0,08415;0,08418;0,08413;0,08417
13/09/2026 16:40:00;0,08417;0,08419;0,0841;0,08412
13/09/2026 16:45:00;0,08412;0,08416;0,08412;0,08416
13/09/2026 16:50:00;0,08413;0,08416;0,0841;0,08415
13/09/2026 16:55:00;0,08415;0,08418;0,08415;0,08417
13/09/2026 17:00:00;0,08417;0,08422;0,08417;0,0842
13/09/2026 17:05:00;0,0842;0,08423;0,08419;0,08421
13/09/2026 17:10:00;0,08421;0,08426;0,0842;0,08422
13/09/2026 17:15:00;0,08422;0,08424;0,0842;0,08424
13/09/2026 17:20:00;0,08424;0,08431;0,08423;0,08423
13/09/2026 17:25:00;0,08423;0,08426;0,08421;0,08422
13/09/2026 17:30:00;0,08422;0,08438;0,08422;0,08434
13/09/2026 17:35:00;0,08434;0,08434;0,08425;0,08427
13/09/2026 17:40:00;0,08427;0,08434;0,08426;0,08434
13/09/2026 17:45:00;0,08434;0,084402;0,08431;0,08431
13/09/2026 17:50:00;0,08431;0,0844;0,08429;0,0844
13/09/2026 17:55:00;0,08442;0,0845;0,0844;0,08446
13/09/2026 18:00:00;0,08445;0,08445;0,08433;0,08433
13/09/2026 18:05:00;0,08433;0,08439;0,08433;0,08439
13/09/2026 18:10:00;0,08439;0,08442;0,08432;0,08433
13/09/2026 18:15:00;0,08433;0,0844;0,08431;0,08432
13/09/2026 18:20:00;0,08432;0,08432;0,08423;0,08424
13/09/2026 18:25:00;0,08423;0,08424;0,08418;0,08418
13/09/2026 18:30:00;0,08418;0,08422;0,08414;0,0842
13/09/2026 18:35:00;0,0842;0,0842;0,08406;0,08406
13/09/2026 18:40:00;0,08406;0,08414;0,08406;0,08412
13/09/2026 18:45:00;0,08412;0,08417;0,08408;0,08409
13/09/2026 18:50:00;0,08409;0,08412;0,08407;0,08408
13/09/2026 18:55:00;0,08408;0,08409;0,08402;0,08402
13/09/2026 19:00:00;0,08402;0,08402;0,08333;0,08343
13/09/2026 19:05:00;0,08343;0,08351;0,08305;0,08317
13/09/2026 19:10:00;0,08317;0,0832;0,08299;0,08304
13/09/2026 19:15:00;0,08304;0,08306;0,08233;0,08265
13/09/2026 19:20:00;0,08265;0,08267;0,08241;0,08244
13/09/2026 19:25:00;0,08244;0,08268;0,08222;0,08254
13/09/2026 19:30:00;0,08254;0,0827;0,08233;0,08261
13/09/2026 19:35:00;0,08261;0,08266;0,08245;0,08254
13/09/2026 19:40:00;0,08254;0,08254;0,08211;0,08221
13/09/2026 19:45:00;0,08221;0,08238;0,08218;0,08234
13/09/2026 19:50:00;0,08234;0,08244;0,08227;0,08239
13/09/2026 19:55:00;0,08239;0,08239;0,08215;0,08229
13/09/2026 20:00:00;0,08229;0,08258;0,08228;0,08242
13/09/2026 20:05:00;0,08242;0,08248;0,08235;0,08239
13/09/2026 20:10:00;0,08239;0,08245;0,08229;0,08232
13/09/2026 20:15:00;0,08231;0,0824;0,08215;0,08229
13/09/2026 20:20:00;0,08229;0,08257;0,08227;0,08257
13/09/2026 20:25:00;0,08257;0,08262;0,08243;0,08248
13/09/2026 20:30:00;0,08248;0,08275;0,08245;0,0827
13/09/2026 20:35:00;0,08267;0,08268;0,08248;0,0825
13/09/2026 20:40:00;0,0825;0,08265;0,08249;0,08257
13/09/2026 20:45:00;0,08257;0,08263;0,0825;0,08254
13/09/2026 20:50:00;0,08254;0,08254;0,08247;0,08248
13/09/2026 20:55:00;0,08248;0,08248;0,08236;0,0824
13/09/2026 21:00:00;0,0824;0,08253;0,08233;0,08238
13/09/2026 21:05:00;0,08238;0,08282;0,08236;0,08267
13/09/2026 21:10:00;0,08267;0,08267;0,0825;0,08253
13/09/2026 21:15:00;0,08253;0,08264;0,08251;0,08263
13/09/2026 21:20:00;0,08263;0,08263;0,0824;0,08242
13/09/2026 21:25:00;0,08242;0,08245;0,08196;0,08214
13/09/2026 21:30:00;0,08214;0,08281;0,08204;0,08268
13/09/2026 21:35:00;0,08268;0,08272;0,0826;0,08264
13/09/2026 21:40:00;0,08264;0,08277;0,08263;0,08275
13/09/2026 21:45:00;0,08275;0,08286;0,08266;0,08266
13/09/2026 21:50:00;0,08266;0,08276;0,08265;0,08272
13/09/2026 21:55:00;0,08272;0,08276;0,08266;0,08267
13/09/2026 22:00:00;0,08267;0,08279;0,08265;0,08267
13/09/2026 22:05:00;0,08267;0,08287;0,08261;0,08286
13/09/2026 22:10:00;0,08286;0,08296;0,08269;0,08273
13/09/2026 22:15:00;0,08273;0,08273;0,08252;0,08255
13/09/2026 22:20:00;0,08255;0,08269;0,08252;0,0826
13/09/2026 22:25:00;0,0826;0,08285;0,08254;0,08275
13/09/2026 22:30:00;0,08275;0,08275;0,08235;0,08235
13/09/2026 22:35:00;0,08235;0,08268;0,08235;0,08268
13/09/2026 22:40:00;0,08268;0,08283;0,08258;0,08259
13/09/2026 22:45:00;0,08259;0,08275;0,08252;0,08272
13/09/2026 22:50:00;0,08272;0,08289;0,08262;0,08289
13/09/2026 22:55:00;0,08289;0,08314;0,08284;0,0831
13/09/2026 23:00:00;0,08311;0,08318;0,08304;0,08305
13/09/2026 23:05:00;0,08305;0,08348;0,08304;0,08347
13/09/2026 23:10:00;0,08347;0,08372;0,08343;0,08365
13/09/2026 23:15:00;0,08365;0,08365;0,0835;0,08357
13/09/2026 23:20:00;0,08357;0,08381;0,08352;0,0838
13/09/2026 23:25:00;0,0838;0,08406;0,0838;0,08396
13/09/2026 23:30:00;0,08396;0,08411;0,08394;0,08398
13/09/2026 23:35:00;0,08398;0,084;0,08383;0,08384
13/09/2026 23:40:00;0,08384;0,0839;0,08383;0,08389
13/09/2026 23:45:00;0,08388;0,08404;0,08388;0,08401
13/09/2026 23:50:00;0,08401;0,08423;0,08399;0,08419
13/09/2026 23:55:00;0,08419;0,08419;0,08404;0,08407
14/09/2026 00:00:00;0,08407;0,08411;0,08402;0,08408
14/09/2026 00:05:00;0,08408;0,08431;0,08407;0,0843
14/09/2026 00:10:00;0,0843;0,08431;0,08423;0,08424
14/09/2026 00:15:00;0,08424;0,08429;0,08407;0,08408
14/09/2026 00:20:00;0,08405;0,08419;0,08405;0,08407
14/09/2026 00:25:00;0,08407;0,08416;0,08405;0,0841
14/09/2026 00:30:00;0,0841;0,0841;0,083925;0,084055
14/09/2026 00:35:00;0,084055;0,084163;0,084002;0,08405
14/09/2026 00:40:00;0,08405;0,084054;0,083981;0,084033
14/09/2026 00:45:00;0,084033;0,084054;0,08383;0,08384
14/09/2026 00:50:00;0,08384;0,08392;0,08378;0,08392
14/09/2026 00:55:00;0,08392;0,083961;0,083886;0,083927
14/09/2026 01:00:00;0,083927;0,083973;0,08385;0,083864
14/09/2026 01:05:00;0,083864;0,083902;0,083808;0,083878
14/09/2026 01:10:00;0,083878;0,08399;0,083835;0,083865
14/09/2026 01:15:00;0,083865;0,083969;0,083858;0,083951
14/09/2026 01:20:00;0,083951;0,084189;0,083951;0,084149
14/09/2026 01:25:00;0,084149;0,08415;0,083998;0,084016
14/09/2026 01:30:00;0,084016;0,084074;0,083912;0,08401
14/09/2026 01:35:00;0,08401;0,08405;0,08399;0,08405
14/09/2026 01:40:00;0,08405;0,08408;0,084;0,08405
14/09/2026 01:45:00;0,08405;0,08416;0,08402;0,0841
14/09/2026 01:50:00;0,0841;0,08412;0,084021;0,084036
14/09/2026 01:55:00;0,084036;0,08405;0,08399;0,08405
14/09/2026 02:00:00;0,08405;0,08412;0,08401;0,08404
14/09/2026 02:05:00;0,08404;0,08408;0,08403;0,08405
14/09/2026 02:10:00;0,08405;0,08411;0,08399;0,0841
14/09/2026 02:15:00;0,0841;0,08414;0,08406;0,08409
14/09/2026 02:20:00;0,0841;0,08413;0,08405;0,08406
14/09/2026 02:25:00;0,08406;0,08412;0,08404;0,08407
14/09/2026 02:30:00;0,08407;0,08408;0,08399;0,084
14/09/2026 02:35:00;0,084;0,08417;0,084;0,08416
14/09/2026 02:40:00;0,08416;0,08417;0,08405;0,08407
14/09/2026 02:45:00;0,08407;0,08418;0,08407;0,0841
14/09/2026 02:50:00;0,0841;0,08414;0,08406;0,08413
14/09/2026 02:55:00;0,08413;0,084322;0,08413;0,084322
14/09/2026 03:00:00;0,084322;0,084424;0,08429;0,084424
14/09/2026 03:05:00;0,084424;0,084624;0,084408;0,084524
14/09/2026 03:10:00;0,084524;0,084678;0,084524;0,084558
14/09/2026 03:15:00;0,084558;0,084584;0,08443;0,08444
14/09/2026 03:20:00;0,08444;0,08444;0,0844;0,08442
14/09/2026 03:25:00;0,08441;0,08445;0,0843;0,0843
14/09/2026 03:30:00;0,0843;0,08432;0,08409;0,08416
14/09/2026 03:35:00;0,08416;0,08426;0,08413;0,08424
14/09/2026 03:40:00;0,08424;0,08455;0,08423;0,084448
14/09/2026 03:45:00;0,084448;0,0845;0,08438;0,08447
14/09/2026 03:50:00;0,08445;0,08445;0,08435;0,08439
14/09/2026 03:55:00;0,08439;0,08441;0,0843;0,0843
14/09/2026 04:00:00;0,0843;0,08434;0,08422;0,08434
14/09/2026 04:05:00;0,08434;0,08441;0,08427;0,0843
14/09/2026 04:10:00;0,0843;0,08434;0,08426;0,08432
14/09/2026 04:15:00;0,08432;0,08445;0,0843;0,08442
14/09/2026 04:20:00;0,08442;0,08442;0,08434;0,08437
14/09/2026 04:25:00;0,08437;0,0844;0,08427;0,08427
14/09/2026 04:30:00;0,08427;0,08427;0,08417;0,08417
14/09/2026 04:35:00;0,08417;0,0843;0,08417;0,08425
14/09/2026 04:40:00;0,08424;0,08444;0,08424;0,08441
14/09/2026 04:45:00;0,08441;0,08441;0,08425;0,08435
14/09/2026 04:50:00;0,08435;0,08437;0,08428;0,08428
14/09/2026 04:55:00;0,08428;0,08437;0,08426;0,08437
14/09/2026 05:00:00;0,08437;0,08439;0,08419;0,08419
14/09/2026 05:05:00;0,08419;0,08438;0,08415;0,08438
14/09/2026 05:10:00;0,08438;0,08446;0,08424;0,08425
14/09/2026 05:15:00;0,08425;0,08429;0,08415;0,08422
14/09/2026 05:20:00;0,08423;0,08445;0,08423;0,08445
14/09/2026 05:25:00;0,08445;0,08459;0,08421;0,08421
14/09/2026 05:30:00;0,08421;0,08429;0,08415;0,08418
14/09/2026 05:35:00;0,08418;0,08428;0,08418;0,08424
14/09/2026 05:40:00;0,08424;0,08433;0,08423;0,08423
14/09/2026 05:45:00;0,08423;0,08424;0,08409;0,08413
14/09/2026 05:50:00;0,08413;0,08419;0,08407;0,08408
14/09/2026 05:55:00;0,08408;0,08417;0,08408;0,08416
14/09/2026 06:00:00;0,08416;0,08423;0,08411;0,08421
14/09/2026 06:05:00;0,08421;0,08425;0,08415;0,08416
14/09/2026 06:10:00;0,08416;0,08419;0,08402;0,08403
14/09/2026 06:15:00;0,08403;0,08404;0,08388;0,08402
14/09/2026 06:20:00;0,08402;0,08408;0,08386;0,08389
14/09/2026 06:25:00;0,08389;0,08411;0,08385;0,0841
14/09/2026 06:30:00;0,0841;0,08437;0,0841;0,08414
14/09/2026 06:35:00;0,08414;0,084152;0,08408;0,08415
14/09/2026 06:40:00;0,08415;0,08433;0,08414;0,08427
14/09/2026 06:45:00;0,08427;0,0845;0,08427;0,0845
14/09/2026 06:50:00;0,08459;0,08482;0,08458;0,084675
14/09/2026 06:55:00;0,084675;0,084716;0,084522;0,084597
14/09/2026 07:00:00;0,084597;0,084628;0,0843;0,08448
14/09/2026 07:05:00;0,08448;0,08456;0,08438;0,08445
14/09/2026 07:10:00;0,08445;0,08447;0,08437;0,0844
14/09/2026 07:15:00;0,0844;0,084441;0,0843;0,08433
14/09/2026 07:20:00;0,08434;0,08438;0,084278;0,08429
14/09/2026 07:25:00;0,08429;0,08431;0,084219;0,0843
14/09/2026 07:30:00;0,08431;0,08431;0,08424;0,08429
14/09/2026 07:35:00;0,08429;0,08441;0,08429;0,08435
14/09/2026 07:40:00;0,08435;0,08446;0,08432;0,08446
14/09/2026 07:45:00;0,08446;0,08453;0,08446;0,08452
14/09/2026 07:50:00;0,08452;0,08456;0,08436;0,08436
14/09/2026 07:55:00;0,08437;0,08443;0,08437;0,08437
14/09/2026 08:00:00;0,08437;0,08445;0,08423;0,08428
14/09/2026 08:05:00;0,08428;0,0843;0,08405;0,08415
14/09/2026 08:10:00;0,08415;0,08421;0,08412;0,08417
14/09/2026 08:15:00;0,08417;0,08421;0,08417;0,08419
14/09/2026 08:20:00;0,08419;0,08431;0,08419;0,08431
14/09/2026 08:25:00;0,08431;0,08441;0,08431;0,08436
14/09/2026 08:30:00;0,08436;0,08443;0,08413;0,08413
14/09/2026 08:35:00;0,08413;0,08424;0,08408;0,08415
14/09/2026 08:40:00;0,08415;0,0842;0,08413;0,08417
14/09/2026 08:45:00;0,08417;0,08419;0,08413;0,08417
14/09/2026 08:50:00;0,08418;0,08418;0,08402;0,08404
14/09/2026 08:55:00;0,08404;0,08415;0,08403;0,08412
14/09/2026 09:00:00;0,08412;0,08416;0,08406;0,08412
14/09/2026 09:05:00;0,08412;0,08418;0,08409;0,08416
14/09/2026 09:10:00;0,08416;0,08421;0,08414;0,08418
14/09/2026 09:15:00;0,08418;0,08431;0,08417;0,08428
14/09/2026 09:20:00;0,08428;0,08431;0,08418;0,08429
14/09/2026 09:25:00;0,08429;0,08431;0,0842;0,08431
14/09/2026 09:30:00;0,08431;0,08444;0,08428;0,08433
14/09/2026 09:35:00;0,08433;0,08433;0,08396;0,08412
14/09/2026 09:40:00;0,08412;0,08419;0,08394;0,08412
14/09/2026 09:45:00;0,08412;0,08417;0,08388;0,08391
14/09/2026 09:50:00;0,08391;0,08393;0,08371;0,08372
14/09/2026 09:55:00;0,08372;0,08379;0,08363;0,08371
14/09/2026 10:00:00;0,08371;0,08374;0,08339;0,08339
14/09/2026 10:05:00;0,08339;0,08346;0,08314;0,08333
14/09/2026 10:10:00;0,08333;0,08365;0,08333;0,08348
14/09/2026 10:15:00;0,08348;0,08378;0,08348;0,08362
14/09/2026 10:20:00;0,08362;0,0837;0,08351;0,08353
14/09/2026 10:25:00;0,08353;0,08359;0,08348;0,08356
14/09/2026 10:30:00;0,08356;0,08421;0,08355;0,08413
14/09/2026 10:35:00;0,08413;0,08413;0,08346;0,08376
14/09/2026 10:40:00;0,08376;0,08392;0,08366;0,08389
14/09/2026 10:45:00;0,08389;0,08423;0,08385;0,08421
14/09/2026 10:50:00;0,08421;0,08426;0,08383;0,0839
14/09/2026 10:55:00;0,0839;0,08392;0,08365;0,08371
14/09/2026 11:00:00;0,08371;0,08416;0,08371;0,08412
14/09/2026 11:05:00;0,08412;0,08413;0,0839;0,0839
14/09/2026 11:10:00;0,0839;0,08421;0,0839;0,08414
14/09/2026 11:15:00;0,08414;0,08428;0,0841;0,08428
14/09/2026 11:20:00;0,08428;0,084287;0,08377;0,08377
14/09/2026 11:25:00;0,08377;0,08406;0,08362;0,08401
14/09/2026 11:30:00;0,08401;0,08429;0,08399;0,08409
14/09/2026 11:35:00;0,08409;0,08409;0,08379;0,08383
14/09/2026 11:40:00;0,08383;0,08389;0,08376;0,08385
14/09/2026 11:45:00;0,08385;0,08407;0,08381;0,08398
14/09/2026 11:50:00;0,084;0,08402;0,08378;0,08398
14/09/2026 11:55:00;0,08398;0,08398;0,08375;0,08382
14/09/2026 12:00:00;0,08382;0,08386;0,08366;0,083692
14/09/2026 12:05:00;0,083692;0,08398;0,08357;0,08385
14/09/2026 12:10:00;0,08385;0,08389;0,08371;0,08388
14/09/2026 12:15:00;0,08388;0,08406;0,08383;0,08401
14/09/2026 12:20:00;0,08401;0,08404;0,0839;0,08397
14/09/2026 12:25:00;0,08397;0,08402;0,08387;0,08387
14/09/2026 12:30:00;0,08387;0,08422;0,08386;0,08413
14/09/2026 12:35:00;0,08413;0,08414;0,08387;0,08402
14/09/2026 12:40:00;0,08402;0,08434;0,08399;0,08421
14/09/2026 12:45:00;0,08421;0,08421;0,08388;0,08401
14/09/2026 12:50:00;0,08401;0,08422;0,08396;0,08415
14/09/2026 12:55:00;0,08415;0,08419;0,08401;0,08405
14/09/2026 13:00:00;0,08405;0,08408;0,0839;0,08392
14/09/2026 13:05:00;0,08392;0,08403;0,08392;0,08403
14/09/2026 13:10:00;0,08403;0,08407;0,08393;0,08395
14/09/2026 13:15:00;0,08395;0,08467;0,08395;0,08448
14/09/2026 13:20:00;0,08448;0,08466;0,08432;0,08455
14/09/2026 13:25:00;0,08455;0,08455;0,08426;0,08428
14/09/2026 13:30:00;0,08428;0,08438;0,08424;0,08424
14/09/2026 13:35:00;0,08424;0,08432;0,08416;0,08426
14/09/2026 13:40:00;0,08426;0,08428;0,08421;0,08427
14/09/2026 13:45:00;0,08427;0,08459;0,08424;0,08455
14/09/2026 13:50:00;0,08455;0,08474;0,08452;0,08466
14/09/2026 13:55:00;0,08466;0,08471;0,08444;0,08447
14/09/2026 14:00:00;0,08447;0,08449;0,08439;0,08442
14/09/2026 14:05:00;0,08442;0,0845;0,08437;0,08441
14/09/2026 14:10:00;0,08441;0,08462;0,08441;0,08461
14/09/2026 14:15:00;0,08461;0,08475;0,08454;0,08464
14/09/2026 14:20:00;0,08464;0,08487;0,08463;0,08482
14/09/2026 14:25:00;0,08482;0,08486;0,08471;0,0848
14/09/2026 14:30:00;0,0848;0,0848;0,08451;0,08454
14/09/2026 14:35:00;0,08454;0,08472;0,08454;0,08464
14/09/2026 14:40:00;0,08464;0,08479;0,08461;0,08472
14/09/2026 14:45:00;0,08472;0,08486;0,08472;0,08484
14/09/2026 14:50:00;0,08484;0,08492;0,08469;0,0849
14/09/2026 14:55:00;0,0849;0,08497;0,08475;0,08491
14/09/2026 15:00:00;0,08491;0,08491;0,08471;0,08484
14/09/2026 15:05:00;0,08484;0,08497;0,08477;0,08485
14/09/2026 15:10:00;0,08485;0,08487;0,08469;0,0847
14/09/2026 15:15:00;0,0847;0,08495;0,08466;0,08494
14/09/2026 15:20:00;0,08494;0,08506;0,08491;0,08501
14/09/2026 15:25:00;0,08501;0,08508;0,08488;0,08506
14/09/2026 15:30:00;0,08506;0,08516;0,08505;0,08509
14/09/2026 15:35:00;0,08509;0,08523;0,08501;0,08521
14/09/2026 15:40:00;0,08521;0,08525;0,08497;0,08514
14/09/2026 15:45:00;0,08514;0,08534;0,08514;0,08516
14/09/2026 15:50:00;0,08516;0,08516;0,08497;0,08497
14/09/2026 15:55:00;0,08497;0,08509;0,08493;0,08504
14/09/2026 16:00:00;0,08504;0,08504;0,08477;0,08477
14/09/2026 16:05:00;0,08477;0,08488;0,08472;0,08475
14/09/2026 16:10:00;0,08475;0,08489;0,08474;0,08487
14/09/2026 16:15:00;0,08487;0,08503;0,08487;0,08503
14/09/2026 16:20:00;0,08503;0,08504;0,08495;0,08498
14/09/2026 16:25:00;0,08498;0,08504;0,08488;0,08491
14/09/2026 16:30:00;0,08491;0,08498;0,08476;0,08484
14/09/2026 16:35:00;0,08484;0,08484;0,0846;0,0846
14/09/2026 16:40:00;0,0846;0,08486;0,0846;0,08483
14/09/2026 16:45:00;0,08483;0,08488;0,08477;0,08481
14/09/2026 16:50:00;0,08481;0,08481;0,08471;0,08475
14/09/2026 16:55:00;0,08475;0,08475;0,08466;0,084679
14/09/2026 17:00:00;0,084679;0,08484;0,084679;0,08482
14/09/2026 17:05:00;0,08482;0,08491;0,08482;0,08486
14/09/2026 17:10:00;0,08486;0,08544;0,08485;0,08532
14/09/2026 17:15:00;0,08532;0,08586;0,08532;0,08585
14/09/2026 17:20:00;0,08585;0,08614;0,0858;0,0859
14/09/2026 17:25:00;0,0859;0,08594;0,08567;0,08581
14/09/2026 17:30:00;0,08581;0,08595;0,08566;0,08595
14/09/2026 17:35:00;0,08595;0,08595;0,08568;0,08568
14/09/2026 17:40:00;0,08568;0,08574;0,08554;0,08557
14/09/2026 17:45:00;0,08557;0,08566;0,08541;0,08544
14/09/2026 17:50:00;0,08544;0,08547;0,08535;0,08536
14/09/2026 17:55:00;0,08536;0,08538;0,08516;0,08517
14/09/2026 18:00:00;0,08517;0,08517;0,08453;0,08488
14/09/2026 18:05:00;0,08488;0,085011;0,08486;0,08492
14/09/2026 18:10:00;0,08492;0,08492;0,08462;0,08469
14/09/2026 18:15:00;0,08469;0,08491;0,08462;0,08487
14/09/2026 18:20:00;0,08487;0,08492;0,08484;0,08489
14/09/2026 18:25:00;0,08489;0,08492;0,08472;0,08476
14/09/2026 18:30:00;0,08476;0,08484;0,08465;0,08472
14/09/2026 18:35:00;0,08472;0,08472;0,08447;0,08449
14/09/2026 18:40:00;0,08449;0,08463;0,08449;0,08451
14/09/2026 18:45:00;0,08451;0,08457;0,08447;0,08452
14/09/2026 18:50:00;0,08452;0,08452;0,08436;0,08442
14/09/2026 18:55:00;0,08442;0,08444;0,08436;0,08437
14/09/2026 19:00:00;0,08437;0,0844;0,08421;0,0843
14/09/2026 19:05:00;0,0843;0,0846;0,0843;0,08459
14/09/2026 19:10:00;0,08459;0,08468;0,08446;0,08462
14/09/2026 19:15:00;0,08462;0,08463;0,0843;0,0843
14/09/2026 19:20:00;0,0843;0,08432;0,08419;0,0842
14/09/2026 19:25:00;0,0842;0,08435;0,08416;0,08428
14/09/2026 19:30:00;0,08428;0,08429;0,08408;0,08413
14/09/2026 19:35:00;0,08413;0,08422;0,08408;0,08413
14/09/2026 19:40:00;0,08413;0,08421;0,08413;0,08417
14/09/2026 19:45:00;0,08417;0,08417;0,084;0,0841
14/09/2026 19:50:00;0,0841;0,08413;0,08407;0,08408
14/09/2026 19:55:00;0,08408;0,08411;0,08406;0,08408
14/09/2026 20:00:00;0,08408;0,08415;0,08388;0,08388
14/09/2026 20:05:00;0,0839;0,08396;0,08377;0,08396
14/09/2026 20:10:00;0,08396;0,08396;0,08391;0,08391
14/09/2026 20:15:00;0,08391;0,08398;0,08386;0,08387
14/09/2026 20:20:00;0,08387;0,08395;0,08386;0,08395
14/09/2026 20:25:00;0,08395;0,08399;0,08383;0,08386
14/09/2026 20:30:00;0,08386;0,08386;0,08376;0,0838
14/09/2026 20:35:00;0,0838;0,0838;0,08367;0,08375
14/09/2026 20:40:00;0,08375;0,0838;0,08375;0,08377
14/09/2026 20:45:00;0,08377;0,08377;0,08367;0,08369
14/09/2026 20:50:00;0,08368;0,08369;0,08359;0,08368
14/09/2026 20:55:00;0,08368;0,08368;0,08363;0,08366
14/09/2026 21:00:00;0,08366;0,08369;0,0836;0,0836
14/09/2026 21:05:00;0,0836;0,08375;0,08355;0,08375
14/09/2026 21:10:00;0,08375;0,08375;0,08369;0,08373
14/09/2026 21:15:00;0,08373;0,08373;0,0836;0,0836
14/09/2026 21:20:00;0,0836;0,08375;0,08359;0,0837
14/09/2026 21:25:00;0,0837;0,08376;0,08367;0,08371
14/09/2026 21:30:00;0,08371;0,08387;0,08371;0,08386
14/09/2026 21:35:00;0,08386;0,08389;0,08368;0,08379
14/09/2026 21:40:00;0,08379;0,08381;0,08365;0,08372
14/09/2026 21:45:00;0,08371;0,08377;0,08367;0,08376
14/09/2026 21:50:00;0,08376;0,08381;0,08373;0,08378
14/09/2026 21:55:00;0,08378;0,08382;0,08373;0,08373
14/09/2026 22:00:00;0,08373;0,08373;0,08364;0,08368
14/09/2026 22:05:00;0,08368;0,08374;0,08352;0,08353
14/09/2026 22:10:00;0,08354;0,083676;0,083505;0,083676
14/09/2026 22:15:00;0,083676;0,08373;0,08361;0,0837
14/09/2026 22:20:00;0,0837;0,084006;0,083699;0,084006
14/09/2026 22:25:00;0,084006;0,084006;0,083495;0,083495
14/09/2026 22:30:00;0,083495;0,083957;0,083495;0,083957
14/09/2026 22:35:00;0,083957;0,083957;0,08377;0,08386
14/09/2026 22:40:00;0,08386;0,08393;0,08382;0,08392
14/09/2026 22:45:00;0,08392;0,08395;0,08377;0,08395
14/09/2026 22:50:00;0,08395;0,08396;0,08384;0,08386
14/09/2026 22:55:00;0,08386;0,08387;0,08377;0,08379
14/09/2026 23:00:00;0,08379;0,08388;0,08376;0,08381
14/09/2026 23:05:00;0,08381;0,08386;0,08372;0,08385
14/09/2026 23:10:00;0,08385;0,08392;0,08382;0,08387
14/09/2026 23:15:00;0,08387;0,0839;0,08384;0,08385
14/09/2026 23:20:00;0,08387;0,08388;0,08382;0,08384
14/09/2026 23:25:00;0,08384;0,08392;0,08383;0,08384
14/09/2026 23:30:00;0,08384;0,083885;0,083728;0,08388
14/09/2026 23:35:00;0,08388;0,08388;0,08375;0,08377
14/09/2026 23:40:00;0,08377;0,08384;0,08375;0,0838
14/09/2026 23:45:00;0,0838;0,08381;0,08374;0,08374
14/09/2026 23:50:00;0,08374;0,08382;0,08374;0,08379
14/09/2026 23:55:00;0,08379;0,08389;0,08379;0,0838
15/09/2026 00:00:00;0,0838;0,08381;0,08355;0,08364
15/09/2026 00:05:00;0,08364;0,08369;0,08354;0,08356
15/09/2026 00:10:00;0,08355;0,08357;0,08338;0,08342
15/09/2026 00:15:00;0,08342;0,08348;0,08336;0,08346
15/09/2026 00:20:00;0,08346;0,08353;0,08344;0,08345
15/09/2026 00:25:00;0,08345;0,08346;0,0834;0,08344
15/09/2026 00:30:00;0,08344;0,08362;0,08344;0,08358
15/09/2026 00:35:00;0,08357;0,08361;0,08347;0,08347
15/09/2026 00:40:00;0,08347;0,08351;0,08345;0,08349
15/09/2026 00:45:00;0,08349;0,0835;0,0834;0,0834
15/09/2026 00:50:00;0,0834;0,08348;0,083369;0,083369
15/09/2026 00:55:00;0,083369;0,083369;0,08329;0,0833
15/09/2026 01:00:00;0,0833;0,08339;0,08328;0,08339
15/09/2026 01:05:00;0,08339;0,08343;0,08327;0,08336
15/09/2026 01:10:00;0,08336;0,08336;0,08329;0,08329
15/09/2026 01:15:00;0,08329;0,08338;0,08329;0,08338
15/09/2026 01:20:00;0,08338;0,08341;0,0833;0,08331
15/09/2026 01:25:00;0,08331;0,08331;0,08321;0,08326
15/09/2026 01:30:00;0,08326;0,0833;0,08312;0,08321
15/09/2026 01:35:00;0,08321;0,08325;0,08312;0,08316
15/09/2026 01:40:00;0,08316;0,08325;0,08316;0,08322
15/09/2026 01:45:00;0,08322;0,08328;0,08319;0,08323
15/09/2026 01:50:00;0,08323;0,08327;0,08321;0,08326
15/09/2026 01:55:00;0,08326;0,08326;0,08315;0,08318
15/09/2026 02:00:00;0,08318;0,08324;0,08317;0,08322
15/09/2026 02:05:00;0,08322;0,08325;0,08311;0,08313
15/09/2026 02:10:00;0,08313;0,08313;0,0827;0,08286
15/09/2026 02:15:00;0,08286;0,08291;0,08268;0,08272
15/09/2026 02:20:00;0,08272;0,08286;0,08271;0,08272
15/09/2026 02:25:00;0,08272;0,08289;0,08272;0,08286
15/09/2026 02:30:00;0,08286;0,08288;0,0828;0,08286
15/09/2026 02:35:00;0,08286;0,08288;0,08279;0,08285
15/09/2026 02:40:00;0,08285;0,08299;0,08285;0,08299
15/09/2026 02:45:00;0,08299;0,0831;0,08299;0,08308
15/09/2026 02:50:00;0,08308;0,08326;0,08307;0,08325
15/09/2026 02:55:00;0,08325;0,08333;0,08318;0,08319
15/09/2026 03:00:00;0,08319;0,0833;0,08318;0,0833
15/09/2026 03:05:00;0,0833;0,0833;0,08319;0,0832
15/09/2026 03:10:00;0,0832;0,0832;0,08312;0,08316
15/09/2026 03:15:00;0,08316;0,08317;0,08309;0,08309
15/09/2026 03:20:00;0,08309;0,08309;0,08295;0,08296
15/09/2026 03:25:00;0,08295;0,08297;0,0829;0,08292
15/09/2026 03:30:00;0,08292;0,08299;0,08291;0,08298
15/09/2026 03:35:00;0,08298;0,08301;0,0829;0,0829
15/09/2026 03:40:00;0,0829;0,08298;0,08288;0,08298
15/09/2026 03:45:00;0,08295;0,08298;0,08281;0,08282
15/09/2026 03:50:00;0,08282;0,08285;0,08253;0,08254
15/09/2026 03:55:00;0,08254;0,08271;0,08249;0,08269
15/09/2026 04:00:00;0,08269;0,08275;0,08261;0,08271
15/09/2026 04:05:00;0,08272;0,08274;0,0826;0,08274
15/09/2026 04:10:00;0,08274;0,08278;0,08263;0,08273
15/09/2026 04:15:00;0,08273;0,08288;0,08267;0,08288
15/09/2026 04:20:00;0,08288;0,08295;0,08281;0,08287
15/09/2026 04:25:00;0,08288;0,0829;0,08286;0,08288
15/09/2026 04:30:00;0,08288;0,08288;0,08263;0,08263
15/09/2026 04:35:00;0,08263;0,08275;0,08256;0,08266
15/09/2026 04:40:00;0,08266;0,08272;0,08262;0,08263
15/09/2026 04:45:00;0,08263;0,0827;0,08258;0,08261
15/09/2026 04:50:00;0,08261;0,08262;0,08246;0,08248
15/09/2026 04:55:00;0,08248;0,08255;0,08247;0,08254
15/09/2026 05:00:00;0,08254;0,08255;0,0824;0,08245
15/09/2026 05:05:00;0,08245;0,08247;0,08231;0,08237
15/09/2026 05:10:00;0,08238;0,08253;0,08232;0,08252
15/09/2026 05:15:00;0,08252;0,08261;0,08245;0,08258
15/09/2026 05:20:00;0,08258;0,08265;0,08247;0,08251
15/09/2026 05:25:00;0,08251;0,08251;0,08241;0,08241
15/09/2026 05:30:00;0,08242;0,08251;0,08239;0,08247
15/09/2026 05:35:00;0,08247;0,08249;0,08243;0,08244
15/09/2026 05:40:00;0,08244;0,08248;0,08241;0,08245
15/09/2026 05:45:00;0,08245;0,08263;0,08244;0,08253
15/09/2026 05:50:00;0,08253;0,08262;0,08247;0,08262
15/09/2026 05:55:00;0,08261;0,08267;0,08261;0,08266
15/09/2026 06:00:00;0,08266;0,08266;0,08257;0,08259
15/09/2026 06:05:00;0,08259;0,08267;0,08258;0,08265
15/09/2026 06:10:00;0,08265;0,08265;0,08258;0,08261
15/09/2026 06:15:00;0,08261;0,08264;0,08254;0,08255
15/09/2026 06:20:00;0,08255;0,08259;0,08254;0,08257
15/09/2026 06:25:00;0,08257;0,08264;0,08255;0,08261
15/09/2026 06:30:00;0,08261;0,08272;0,0826;0,08272
15/09/2026 06:35:00;0,08272;0,08273;0,08259;0,08269
15/09/2026 06:40:00;0,08269;0,08272;0,0826;0,0827
15/09/2026 06:45:00;0,0827;0,08277;0,08267;0,08276
15/09/2026 06:50:00;0,08276;0,08288;0,0827;0,08285
15/09/2026 06:55:00;0,08285;0,08285;0,08262;0,08265
15/09/2026 07:00:00;0,08264;0,0828;0,08262;0,08272
15/09/2026 07:05:00;0,08272;0,08276;0,08266;0,08275
15/09/2026 07:10:00;0,08275;0,08276;0,08269;0,0827
15/09/2026 07:15:00;0,0827;0,08273;0,08268;0,08268
15/09/2026 07:20:00;0,08268;0,0827;0,08263;0,0827
15/09/2026 07:25:00;0,0827;0,08271;0,08261;0,08261
15/09/2026 07:30:00;0,08261;0,0827;0,08254;0,08267
15/09/2026 07:35:00;0,08267;0,08274;0,08261;0,08267
15/09/2026 07:40:00;0,08267;0,0828;0,08266;0,08279
15/09/2026 07:45:00;0,08279;0,08284;0,08277;0,08284
15/09/2026 07:50:00;0,08284;0,08286;0,08272;0,08273
15/09/2026 07:55:00;0,08273;0,08283;0,08273;0,08278
15/09/2026 08:00:00;0,08278;0,08288;0,08275;0,08284
15/09/2026 08:05:00;0,08284;0,08292;0,08282;0,08292
15/09/2026 08:10:00;0,08292;0,08292;0,08272;0,08273
15/09/2026 08:15:00;0,08273;0,08284;0,08271;0,08273
15/09/2026 08:20:00;0,08273;0,08276;0,08261;0,08262
15/09/2026 08:25:00;0,08262;0,08264;0,08252;0,08253
15/09/2026 08:30:00;0,08253;0,08255;0,08237;0,0824
15/09/2026 08:35:00;0,0824;0,08253;0,0823;0,08249
15/09/2026 08:40:00;0,08249;0,0825;0,08239;0,08249
15/09/2026 08:45:00;0,08249;0,08249;0,08237;0,08239
15/09/2026 08:50:00;0,08239;0,08251;0,08239;0,08245
15/09/2026 08:55:00;0,08245;0,08254;0,08244;0,08251
15/09/2026 09:00:00;0,08251;0,08258;0,08247;0,08258
15/09/2026 09:05:00;0,08258;0,08259;0,08251;0,08252
15/09/2026 09:10:00;0,08252;0,08267;0,0825;0,08263
15/09/2026 09:15:00;0,08263;0,08272;0,08257;0,08269
15/09/2026 09:20:00;0,08269;0,08276;0,08264;0,0827
15/09/2026 09:25:00;0,0827;0,08281;0,08268;0,08274
15/09/2026 09:30:00;0,08274;0,08274;0,08258;0,08274
15/09/2026 09:35:00;0,08274;0,08274;0,08266;0,08272
15/09/2026 09:40:00;0,08273;0,08273;0,08263;0,08267
15/09/2026 09:45:00;0,08267;0,08288;0,08263;0,08282
15/09/2026 09:50:00;0,08282;0,08302;0,08281;0,08301
15/09/2026 09:55:00;0,08301;0,08303;0,08275;0,08283
15/09/2026 10:00:00;0,08283;0,08312;0,08281;0,08307
15/09/2026 10:05:00;0,08307;0,08341;0,08307;0,08319
15/09/2026 10:10:00;0,08319;0,0832;0,08298;0,08304
15/09/2026 10:15:00;0,08304;0,08305;0,08292;0,083
15/09/2026 10:20:00;0,083;0,08306;0,08297;0,08305
15/09/2026 10:25:00;0,08305;0,08311;0,083;0,08305
15/09/2026 10:30:00;0,08305;0,08306;0,08272;0,08279
15/09/2026 10:35:00;0,08279;0,0828;0,082;0,08229
15/09/2026 10:40:00;0,08229;0,08272;0,08223;0,08256
15/09/2026 10:45:00;0,08256;0,08264;0,08237;0,08251
15/09/2026 10:50:00;0,08251;0,08251;0,08227;0,08247
15/09/2026 10:55:00;0,08247;0,08283;0,08247;0,08283
15/09/2026 11:00:00;0,08283;0,08296;0,08259;0,08259
15/09/2026 11:05:00;0,08259;0,08279;0,08248;0,08279
15/09/2026 11:10:00;0,08279;0,08287;0,08263;0,08264
15/09/2026 11:15:00;0,08264;0,08275;0,08258;0,08272
15/09/2026 11:20:00;0,08272;0,08282;0,08255;0,08271
15/09/2026 11:25:00;0,08271;0,08271;0,08251;0,08252
15/09/2026 11:30:00;0,08252;0,08252;0,08224;0,08225
15/09/2026 11:35:00;0,08225;0,08229;0,08151;0,08166
15/09/2026 11:40:00;0,08166;0,08166;0,08134;0,08147
15/09/2026 11:45:00;0,08147;0,0815;0,08109;0,08115
15/09/2026 11:50:00;0,08115;0,08119;0,08054;0,08113
15/09/2026 11:55:00;0,08113;0,08132;0,08099;0,08129
15/09/2026 12:00:00;0,08129;0,08161;0,08112;0,08161
15/09/2026 12:05:00;0,08161;0,08183;0,08158;0,08174
15/09/2026 12:10:00;0,08174;0,08174;0,08161;0,0817
15/09/2026 12:15:00;0,0817;0,08179;0,08161;0,0817
15/09/2026 12:20:00;0,0817;0,08207;0,08169;0,08207
15/09/2026 12:25:00;0,08207;0,08217;0,08194;0,08201
15/09/2026 12:30:00;0,08201;0,082014;0,08176;0,08192
15/09/2026 12:35:00;0,08192;0,08193;0,08173;0,08182
15/09/2026 12:40:00;0,08182;0,08186;0,08174;0,08182
15/09/2026 12:45:00;0,08182;0,08184;0,08164;0,08169
15/09/2026 12:50:00;0,08169;0,08188;0,08152;0,08153
15/09/2026 12:55:00;0,08153;0,08177;0,08153;0,08169
15/09/2026 13:00:00;0,08169;0,08171;0,08148;0,08151
15/09/2026 13:05:00;0,08151;0,08157;0,08132;0,08132
15/09/2026 13:10:00;0,08132;0,08145;0,08131;0,08133
15/09/2026 13:15:00;0,08133;0,08165;0,08133;0,08156
15/09/2026 13:20:00;0,08156;0,08179;0,08155;0,0817
15/09/2026 13:25:00;0,0817;0,08177;0,08161;0,08176
15/09/2026 13:30:00;0,08176;0,08176;0,08157;0,0816
15/09/2026 13:35:00;0,0816;0,08169;0,08157;0,0816
15/09/2026 13:40:00;0,0816;0,08161;0,08153;0,08161
15/09/2026 13:45:00;0,08161;0,08173;0,08161;0,08166
15/09/2026 13:50:00;0,08166;0,08184;0,08165;0,08178
15/09/2026 13:55:00;0,08178;0,08178;0,08158;0,08162
15/09/2026 14:00:00;0,08162;0,08164;0,08144;0,08144
15/09/2026 14:05:00;0,08144;0,0815;0,08122;0,08125
15/09/2026 14:10:00;0,08125;0,08136;0,08125;0,08134
15/09/2026 14:15:00;0,08134;0,08138;0,08128;0,08134
15/09/2026 14:20:00;0,08134;0,08147;0,08134;0,08145
15/09/2026 14:25:00;0,08145;0,08159;0,08143;0,08158
15/09/2026 14:30:00;0,08158;0,08212;0,08156;0,08207
15/09/2026 14:35:00;0,08207;0,08252;0,08207;0,08211
15/09/2026 14:40:00;0,08211;0,08213;0,0819;0,08198
15/09/2026 14:45:00;0,08198;0,08237;0,08198;0,08231
15/09/2026 14:50:00;0,08231;0,08241;0,08222;0,08227
15/09/2026 14:55:00;0,08227;0,08227;0,08209;0,0821
15/09/2026 15:00:00;0,0821;0,0822;0,08199;0,08202
15/09/2026 15:05:00;0,08202;0,08218;0,08193;0,08203
15/09/2026 15:10:00;0,08203;0,08209;0,08197;0,08204
15/09/2026 15:15:00;0,08204;0,0821;0,08159;0,08179
15/09/2026 15:20:00;0,08179;0,08184;0,0817;0,08171
15/09/2026 15:25:00;0,08171;0,08246;0,0816;0,08209
15/09/2026 15:30:00;0,08209;0,08211;0,08152;0,08191
15/09/2026 15:35:00;0,08191;0,08197;0,0808;0,08135
15/09/2026 15:40:00;0,08135;0,08135;0,08026;0,08037
15/09/2026 15:45:00;0,08037;0,08037;0,07854;0,07862
15/09/2026 15:50:00;0,07862;0,08044;0,07862;0,08041
15/09/2026 15:55:00;0,08041;0,08085;0,08033;0,0808
15/09/2026 16:00:00;0,0808;0,08123;0,08046;0,08101
15/09/2026 16:05:00;0,08101;0,08114;0,08072;0,0809
15/09/2026 16:10:00;0,0809;0,0811;0,08066;0,08074
15/09/2026 16:15:00;0,08074;0,08116;0,08062;0,08094
15/09/2026 16:20:00;0,08094;0,08116;0,08076;0,08088
15/09/2026 16:25:00;0,08088;0,08102;0,08061;0,08069
15/09/2026 16:30:00;0,08069;0,08093;0,08053;0,08078
15/09/2026 16:35:00;0,08078;0,08086;0,08063;0,08086
15/09/2026 16:40:00;0,08086;0,08097;0,080623;0,08063
15/09/2026 16:45:00;0,08063;0,08084;0,08063;0,0808
15/09/2026 16:50:00;0,0808;0,08097;0,08074;0,08095
15/09/2026 16:55:00;0,08095;0,08103;0,08083;0,0809
15/09/2026 17:00:00;0,0809;0,08103;0,08052;0,08053
15/09/2026 17:05:00;0,08053;0,08053;0,08023;0,08036
15/09/2026 17:10:00;0,08036;0,0806;0,08034;0,08055
15/09/2026 17:15:00;0,08055;0,0806;0,08032;0,08034
15/09/2026 17:20:00;0,08027;0,08034;0,08003;0,08034
15/09/2026 17:25:00;0,08034;0,08043;0,07994;0,07994
15/09/2026 17:30:00;0,07994;0,08016;0,07983;0,07995
15/09/2026 17:35:00;0,07995;0,08036;0,07995;0,0801
15/09/2026 17:40:00;0,0801;0,08026;0,0801;0,08025
15/09/2026 17:45:00;0,08025;0,08071;0,08025;0,08071
15/09/2026 17:50:00;0,08071;0,08071;0,08042;0,08059
15/09/2026 17:55:00;0,08059;0,08066;0,08048;0,0805
15/09/2026 18:00:00;0,0805;0,0805;0,08016;0,08025
15/09/2026 18:05:00;0,08025;0,08037;0,08017;0,08023
15/09/2026 18:10:00;0,08023;0,08051;0,08019;0,08032
15/09/2026 18:15:00;0,08032;0,08047;0,08021;0,08047
15/09/2026 18:20:00;0,08047;0,08047;0,0801;0,08015
15/09/2026 18:25:00;0,08015;0,08015;0,07972;0,07985
15/09/2026 18:30:00;0,07985;0,08004;0,07982;0,07989
15/09/2026 18:35:00;0,07989;0,08008;0,07976;0,08001
15/09/2026 18:40:00;0,08001;0,08013;0,08001;0,08009
15/09/2026 18:45:00;0,08009;0,0801;0,07994;0,07994
15/09/2026 18:50:00;0,07994;0,07998;0,07972;0,07981
15/09/2026 18:55:00;0,07976;0,07976;0,07956;0,07958
15/09/2026 19:00:00;0,07958;0,07996;0,07954;0,0798
15/09/2026 19:05:00;0,0798;0,0798;0,0796;0,07964
15/09/2026 19:10:00;0,07964;0,07975;0,07955;0,07961
15/09/2026 19:15:00;0,07961;0,07965;0,07939;0,07945
15/09/2026 19:20:00;0,07951;0,07954;0,0794;0,07947
15/09/2026 19:25:00;0,07947;0,08005;0,07945;0,07988
15/09/2026 19:30:00;0,07988;0,08004;0,07985;0,08002
15/09/2026 19:35:00;0,08002;0,08011;0,07989;0,08002
15/09/2026 19:40:00;0,07999;0,08001;0,07991;0,07996
15/09/2026 19:45:00;0,07996;0,0802;0,07995;0,08019
15/09/2026 19:50:00;0,08019;0,08032;0,08019;0,08032
15/09/2026 19:55:00;0,08032;0,08032;0,08018;0,08022
15/09/2026 20:00:00;0,08022;0,08036;0,08021;0,08033
15/09/2026 20:05:00;0,08033;0,08042;0,08029;0,08041
15/09/2026 20:10:00;0,0804;0,08063;0,0804;0,08062
15/09/2026 20:15:00;0,08062;0,08065;0,08055;0,08062
15/09/2026 20:20:00;0,08062;0,08064;0,08056;0,08058
15/09/2026 20:25:00;0,08058;0,08058;0,08044;0,08046
15/09/2026 20:30:00;0,08047;0,08047;0,08022;0,08035
15/09/2026 20:35:00;0,08035;0,08035;0,08006;0,08006
15/09/2026 20:40:00;0,08005;0,08029;0,08004;0,08029
15/09/2026 20:45:00;0,08029;0,08034;0,08019;0,0802
15/09/2026 20:50:00;0,08019;0,08026;0,08017;0,0802
15/09/2026 20:55:00;0,0802;0,08021;0,08008;0,08008
15/09/2026 21:00:00;0,08008;0,08023;0,08001;0,08023
15/09/2026 21:05:00;0,08023;0,08029;0,08019;0,08019
15/09/2026 21:10:00;0,08019;0,08019;0,08001;0,08006
15/09/2026 21:15:00;0,08006;0,08018;0,08001;0,08015
15/09/2026 21:20:00;0,08015;0,0802;0,08005;0,0802
15/09/2026 21:25:00;0,0802;0,08022;0,08009;0,0802
15/09/2026 21:30:00;0,0802;0,08022;0,08012;0,08012
15/09/2026 21:35:00;0,08012;0,08028;0,08011;0,08027
15/09/2026 21:40:00;0,08027;0,08027;0,08011;0,08016
15/09/2026 21:45:00;0,08016;0,08026;0,08006;0,0802
15/09/2026 21:50:00;0,0802;0,08025;0,08007;0,08008
15/09/2026 21:55:00;0,08008;0,08018;0,08003;0,08011
15/09/2026 22:00:00;0,08011;0,08021;0,07992;0,07995
15/09/2026 22:05:00;0,07995;0,08006;0,07992;0,08001
15/09/2026 22:10:00;0,08001;0,0801;0,07995;0,08007
15/09/2026 22:15:00;0,08007;0,08013;0,08001;0,08013
15/09/2026 22:20:00;0,08013;0,08025;0,08011;0,08025
15/09/2026 22:25:00;0,08025;0,08028;0,08012;0,08012
15/09/2026 22:30:00;0,08012;0,08012;0,07984;0,07984
15/09/2026 22:35:00;0,07984;0,07995;0,07967;0,07969
15/09/2026 22:40:00;0,07969;0,07985;0,07969;0,07982
15/09/2026 22:45:00;0,07982;0,07991;0,07967;0,07968
15/09/2026 22:50:00;0,07968;0,07968;0,07952;0,07954
15/09/2026 22:55:00;0,07954;0,07957;0,07948;0,07949
15/09/2026 23:00:00;0,07949;0,0798;0,07948;0,07969
15/09/2026 23:05:00;0,07969;0,07973;0,07958;0,07961
15/09/2026 23:10:00;0,07961;0,0797;0,07948;0,07968
15/09/2026 23:15:00;0,07968;0,07994;0,07968;0,07992
15/09/2026 23:20:00;0,07992;0,08;0,07992;0,07999
15/09/2026 23:25:00;0,07998;0,08009;0,07997;0,08009
15/09/2026 23:30:00;0,08014;0,0803;0,08014;0,08026
15/09/2026 23:35:00;0,08026;0,08041;0,08026;0,08033
15/09/2026 23:40:00;0,08033;0,08035;0,08018;0,08018
15/09/2026 23:45:00;0,08018;0,08023;0,08014;0,08021
15/09/2026 23:50:00;0,08021;0,08021;0,08008;0,08008
15/09/2026 23:55:00;0,08008;0,08011;0,07998;0,08009
16/09/2026 00:00:00;0,08009;0,08022;0,08006;0,08009
16/09/2026 00:05:00;0,08009;0,08009;0,07995;0,07996
16/09/2026 00:10:00;0,08005;0,08027;0,08005;0,08026
16/09/2026 00:15:00;0,08026;0,08044;0,08025;0,08025
16/09/2026 00:20:00;0,08025;0,08029;0,08019;0,0802
16/09/2026 00:25:00;0,0802;0,0802;0,08003;0,08003
16/09/2026 00:30:00;0,08003;0,08013;0,07995;0,08005
16/09/2026 00:35:00;0,08005;0,08005;0,07991;0,07999
16/09/2026 00:40:00;0,07999;0,08006;0,07997;0,08004
16/09/2026 00:45:00;0,08004;0,08005;0,07995;0,07997
16/09/2026 00:50:00;0,07997;0,08001;0,07992;0,07997
16/09/2026 00:55:00;0,07997;0,08007;0,07997;0,08003
16/09/2026 01:00:00;0,08003;0,08021;0,08002;0,08021
16/09/2026 01:05:00;0,08021;0,08024;0,08016;0,08017
16/09/2026 01:10:00;0,08017;0,08027;0,08017;0,08025
16/09/2026 01:15:00;0,08025;0,08025;0,08017;0,08017
16/09/2026 01:20:00;0,08017;0,08072;0,08017;0,08064
16/09/2026 01:25:00;0,08064;0,08064;0,08038;0,08042
16/09/2026 01:30:00;0,08042;0,08043;0,08027;0,08043
16/09/2026 01:35:00;0,08043;0,0805;0,08041;0,0805
16/09/2026 01:40:00;0,0805;0,08064;0,08037;0,08038
16/09/2026 01:45:00;0,08038;0,08044;0,08033;0,08035
16/09/2026 01:50:00;0,08035;0,08035;0,08024;0,08024
16/09/2026 01:55:00;0,08025;0,08036;0,08018;0,08028
16/09/2026 02:00:00;0,08027;0,08031;0,08;0,08007
16/09/2026 02:05:00;0,08007;0,08015;0,08001;0,08015
16/09/2026 02:10:00;0,08015;0,0802;0,08012;0,08017
16/09/2026 02:15:00;0,08017;0,08024;0,08013;0,08023
16/09/2026 02:20:00;0,08023;0,08035;0,08019;0,08026
16/09/2026 02:25:00;0,08026;0,08029;0,08018;0,08024
16/09/2026 02:30:00;0,08024;0,08024;0,08015;0,08019
16/09/2026 02:35:00;0,08019;0,08029;0,08019;0,08022
16/09/2026 02:40:00;0,08022;0,08028;0,08018;0,08025
16/09/2026 02:45:00;0,08025;0,08027;0,08;0,08
16/09/2026 02:50:00;0,08;0,08002;0,07993;0,07993
16/09/2026 02:55:00;0,07993;0,08014;0,07993;0,08013
16/09/2026 03:00:00;0,08013;0,08026;0,08008;0,08009
16/09/2026 03:05:00;0,08009;0,08013;0,08007;0,08011
16/09/2026 03:10:00;0,08011;0,08018;0,08006;0,08013
16/09/2026 03:15:00;0,08013;0,08018;0,08007;0,08018
16/09/2026 03:20:00;0,08018;0,08022;0,0801;0,08012
16/09/2026 03:25:00;0,08012;0,08016;0,08009;0,08011
16/09/2026 03:30:00;0,08011;0,08013;0,08003;0,08005
16/09/2026 03:35:00;0,08005;0,08005;0,07992;0,07999
16/09/2026 03:40:00;0,07999;0,0801;0,07998;0,08009
16/09/2026 03:45:00;0,08009;0,08011;0,08005;0,08008
16/09/2026 03:50:00;0,08008;0,08009;0,08004;0,08008
16/09/2026 03:55:00;0,08008;0,08025;0,08006;0,08024
16/09/2026 04:00:00;0,08024;0,08042;0,08019;0,08035
16/09/2026 04:05:00;0,08035;0,08037;0,08013;0,08014
16/09/2026 04:10:00;0,08014;0,08014;0,07995;0,08003
16/09/2026 04:15:00;0,08003;0,08008;0,07988;0,07988
16/09/2026 04:20:00;0,07988;0,07995;0,0798;0,07993
16/09/2026 04:25:00;0,07993;0,07996;0,07981;0,07983
16/09/2026 04:30:00;0,07983;0,07987;0,07978;0,07984
16/09/2026 04:35:00;0,07984;0,07986;0,0798;0,07985
16/09/2026 04:40:00;0,07985;0,07987;0,07973;0,07976
16/09/2026 04:45:00;0,07976;0,07978;0,07964;0,07971
16/09/2026 04:50:00;0,07971;0,07971;0,07963;0,07964
16/09/2026 04:55:00;0,07964;0,0797;0,07962;0,07967
16/09/2026 05:00:00;0,07967;0,07969;0,07943;0,07943
16/09/2026 05:05:00;0,07943;0,07946;0,07922;0,07938
16/09/2026 05:10:00;0,07938;0,07945;0,07935;0,0794
16/09/2026 05:15:00;0,0794;0,07958;0,07932;0,0794
16/09/2026 05:20:00;0,0794;0,0794;0,0792;0,07922
16/09/2026 05:25:00;0,07922;0,0793;0,07916;0,0792
16/09/2026 05:30:00;0,0792;0,07929;0,07919;0,07925
16/09/2026 05:35:00;0,07925;0,07932;0,07922;0,07931
16/09/2026 05:40:00;0,07931;0,07934;0,07927;0,07934
16/09/2026 05:45:00;0,07934;0,07934;0,07927;0,07929
16/09/2026 05:50:00;0,0793;0,07937;0,07927;0,07937
16/09/2026 05:55:00;0,07937;0,07954;0,07937;0,07954
16/09/2026 06:00:00;0,07954;0,07973;0,07954;0,07973
16/09/2026 06:05:00;0,07973;0,07979;0,0796;0,07969
16/09/2026 06:10:00;0,07969;0,07971;0,07961;0,07963
16/09/2026 06:15:00;0,07963;0,07975;0,07961;0,07971
16/09/2026 06:20:00;0,07971;0,07983;0,07971;0,07982
16/09/2026 06:25:00;0,07982;0,07983;0,07969;0,07976
16/09/2026 06:30:00;0,07975;0,07978;0,07971;0,07974
16/09/2026 06:35:00;0,07974;0,07989;0,07974;0,07983
16/09/2026 06:40:00;0,07983;0,07988;0,07983;0,07987
16/09/2026 06:45:00;0,07988;0,07996;0,07984;0,07993
16/09/2026 06:50:00;0,07993;0,07997;0,07992;0,07995
16/09/2026 06:55:00;0,07995;0,07996;0,0799;0,07992
16/09/2026 07:00:00;0,07992;0,07995;0,07985;0,07985
16/09/2026 07:05:00;0,07985;0,07987;0,07978;0,07985
16/09/2026 07:10:00;0,07985;0,07988;0,07972;0,07975
16/09/2026 07:15:00;0,07975;0,07989;0,07973;0,07989
16/09/2026 07:20:00;0,07989;0,07992;0,07975;0,07975
16/09/2026 07:25:00;0,07975;0,07984;0,07975;0,07983
16/09/2026 07:30:00;0,07983;0,0799;0,07981;0,07986
16/09/2026 07:35:00;0,07986;0,07996;0,07984;0,0799
16/09/2026 07:40:00;0,0799;0,07996;0,07987;0,07994
16/09/2026 07:45:00;0,07994;0,07999;0,0799;0,07993
16/09/2026 07:50:00;0,07993;0,07994;0,0799;0,07991
16/09/2026 07:55:00;0,07991;0,08002;0,07988;0,08002
16/09/2026 08:00:00;0,08002;0,08016;0,07999;0,08006
16/09/2026 08:05:00;0,08006;0,08008;0,07995;0,07998
16/09/2026 08:10:00;0,07998;0,07998;0,07991;0,07991
16/09/2026 08:15:00;0,07991;0,08005;0,07989;0,08003
16/09/2026 08:20:00;0,08003;0,08012;0,07995;0,07997
16/09/2026 08:25:00;0,07997;0,08009;0,07997;0,08005
16/09/2026 08:30:00;0,08005;0,08021;0,08003;0,08012
16/09/2026 08:35:00;0,08012;0,08024;0,08007;0,08012
16/09/2026 08:40:00;0,08012;0,08039;0,08005;0,08033
16/09/2026 08:45:00;0,08033;0,08033;0,08022;0,08024
16/09/2026 08:50:00;0,08024;0,08034;0,0802;0,08021
16/09/2026 08:55:00;0,08021;0,08024;0,08017;0,08021
16/09/2026 09:00:00;0,08021;0,08032;0,08016;0,08032
16/09/2026 09:05:00;0,08032;0,08032;0,08015;0,08015
16/09/2026 09:10:00;0,08015;0,08015;0,07986;0,07988
16/09/2026 09:15:00;0,07988;0,08002;0,07987;0,07993
16/09/2026 09:20:00;0,07993;0,07993;0,07979;0,07979
16/09/2026 09:25:00;0,07979;0,07984;0,07955;0,0796
16/09/2026 09:30:00;0,0796;0,0796;0,07927;0,07959
16/09/2026 09:35:00;0,07959;0,0796;0,07935;0,07939
16/09/2026 09:40:00;0,07939;0,07946;0,07933;0,07933
16/09/2026 09:45:00;0,07933;0,07951;0,07927;0,07949
16/09/2026 09:50:00;0,07949;0,07952;0,0794;0,0794
16/09/2026 09:55:00;0,0794;0,07947;0,07929;0,07937
16/09/2026 10:00:00;0,07937;0,07939;0,07889;0,07902
16/09/2026 10:05:00;0,07902;0,07918;0,07902;0,07911
16/09/2026 10:10:00;0,07911;0,07916;0,07896;0,07916
16/09/2026 10:15:00;0,07916;0,07932;0,0791;0,07921
16/09/2026 10:20:00;0,07921;0,07922;0,07906;0,07909
16/09/2026 10:25:00;0,07909;0,07928;0,07907;0,07917
16/09/2026 10:30:00;0,07917;0,07928;0,0791;0,0792
16/09/2026 10:35:00;0,0792;0,07931;0,07903;0,07905
16/09/2026 10:40:00;0,07905;0,07928;0,07903;0,07925
16/09/2026 10:45:00;0,07925;0,07958;0,07917;0,07952
16/09/2026 10:50:00;0,07952;0,07957;0,07926;0,07932
16/09/2026 10:55:00;0,07932;0,0794;0,07926;0,07929
16/09/2026 11:00:00;0,07929;0,07932;0,07899;0,07909
16/09/2026 11:05:00;0,07909;0,07922;0,07896;0,07901
16/09/2026 11:10:00;0,07901;0,07901;0,07877;0,07898
16/09/2026 11:15:00;0,07897;0,07918;0,07891;0,07894
16/09/2026 11:20:00;0,07894;0,07915;0,07893;0,07907
16/09/2026 11:25:00;0,07907;0,07924;0,07907;0,07923
16/09/2026 11:30:00;0,07923;0,0793;0,07893;0,07924
16/09/2026 18:05:00;0,08061;0,08072;0,08054;0,08061
16/09/2026 18:10:00;0,08061;0,08062;0,08048;0,0805
16/09/2026 18:15:00;0,0805;0,08058;0,0805;0,08053
16/09/2026 18:20:00;0,08053;0,08058;0,08042;0,08046
16/09/2026 18:25:00;0,08046;0,0806;0,08044;0,08051
16/09/2026 18:30:00;0,08051;0,08057;0,08045;0,08046
16/09/2026 18:35:00;0,08046;0,08052;0,08032;0,08035
16/09/2026 18:40:00;0,08035;0,08037;0,08026;0,08033
16/09/2026 18:45:00;0,08033;0,08039;0,08033;0,08037
16/09/2026 18:50:00;0,08037;0,08056;0,08035;0,08056
16/09/2026 18:55:00;0,08056;0,08063;0,08044;0,08052
16/09/2026 19:00:00;0,08052;0,08057;0,07989;0,08001
16/09/2026 19:05:00;0,08001;0,08018;0,07998;0,08014
16/09/2026 19:10:00;0,08014;0,08042;0,08012;0,08041
16/09/2026 19:15:00;0,08041;0,08052;0,08017;0,08017
16/09/2026 19:20:00;0,08017;0,08017;0,07991;0,07995
16/09/2026 19:25:00;0,07995;0,08011;0,07995;0,08001
16/09/2026 19:30:00;0,08001;0,08001;0,07991;0,07995
16/09/2026 19:35:00;0,07995;0,08014;0,07993;0,08013
16/09/2026 19:40:00;0,08013;0,08022;0,08005;0,08021
16/09/2026 19:45:00;0,08021;0,08026;0,0801;0,0801
16/09/2026 19:50:00;0,0801;0,0801;0,07993;0,07998
16/09/2026 19:55:00;0,07998;0,08;0,07994;0,07997
16/09/2026 20:00:00;0,07997;0,08007;0,0799;0,08005
16/09/2026 20:05:00;0,08005;0,08015;0,08001;0,0801
16/09/2026 20:10:00;0,0801;0,08018;0,08008;0,08016
16/09/2026 20:15:00;0,08016;0,08051;0,08016;0,08049
16/09/2026 20:20:00;0,08049;0,0807;0,08049;0,08062
16/09/2026 20:25:00;0,08062;0,08076;0,08059;0,08071
16/09/2026 20:30:00;0,08071;0,08077;0,08062;0,08067
16/09/2026 20:35:00;0,08067;0,08077;0,08055;0,08074
16/09/2026 20:40:00;0,08074;0,08098;0,08074;0,0809
16/09/2026 20:45:00;0,0809;0,08099;0,08083;0,08093
16/09/2026 20:50:00;0,08093;0,08103;0,08091;0,08103
16/09/2026 20:55:00;0,08103;0,08103;0,08087;0,08091
16/09/2026 21:00:00;0,08091;0,08095;0,08079;0,08079
16/09/2026 21:05:00;0,08079;0,08084;0,08069;0,08083
16/09/2026 21:10:00;0,08083;0,08093;0,08076;0,08078
16/09/2026 21:15:00;0,08078;0,08105;0,08077;0,08101
16/09/2026 21:20:00;0,08101;0,08105;0,08096;0,08101
16/09/2026 21:25:00;0,08101;0,08103;0,08085;0,08086
16/09/2026 21:30:00;0,08086;0,08109;0,08083;0,08097
16/09/2026 21:35:00;0,08097;0,08111;0,08086;0,08093
16/09/2026 21:40:00;0,08093;0,08101;0,08086;0,08093
16/09/2026 21:45:00;0,08093;0,08095;0,08078;0,08082
16/09/2026 21:50:00;0,08082;0,08083;0,08072;0,08073
16/09/2026 21:55:00;0,08073;0,08073;0,08066;0,08066
16/09/2026 22:00:00;0,08066;0,08067;0,0805;0,08057
16/09/2026 22:05:00;0,08057;0,08081;0,08055;0,08062
16/09/2026 22:10:00;0,08062;0,0807;0,08056;0,0807
16/09/2026 22:15:00;0,0807;0,08083;0,08062;0,08079
16/09/2026 22:20:00;0,08079;0,08085;0,08073;0,08085
16/09/2026 22:25:00;0,08085;0,0812;0,08085;0,08116
16/09/2026 22:30:00;0,08116;0,08136;0,08108;0,08112
16/09/2026 22:35:00;0,08112;0,08133;0,08104;0,08105
16/09/2026 22:40:00;0,08105;0,0812;0,08094;0,08114
16/09/2026 22:45:00;0,08114;0,08118;0,08108;0,08116
16/09/2026 22:50:00;0,08116;0,08116;0,08095;0,08104
16/09/2026 22:55:00;0,08104;0,08108;0,08095;0,08104
16/09/2026 23:00:00;0,08104;0,08109;0,081;0,08105
16/09/2026 23:05:00;0,08105;0,08105;0,0807;0,08071
16/09/2026 23:10:00;0,08071;0,08079;0,08063;0,08079
16/09/2026 23:15:00;0,08079;0,08079;0,08062;0,08062
16/09/2026 23:20:00;0,08062;0,08069;0,08058;0,08067
16/09/2026 23:25:00;0,08067;0,0809;0,08067;0,0808
16/09/2026 23:30:00;0,0808;0,08088;0,08069;0,08085
16/09/2026 23:35:00;0,08085;0,0812;0,08081;0,08109
16/09/2026 23:40:00;0,08109;0,08124;0,08106;0,08114
16/09/2026 23:45:00;0,08114;0,08116;0,08093;0,08113
16/09/2026 23:50:00;0,08113;0,08119;0,08095;0,08096
16/09/2026 23:55:00;0,08096;0,081;0,08091;0,08092
17/09/2026 00:00:00;0,08092;0,08105;0,08091;0,08103
17/09/2026 00:05:00;0,08103;0,08112;0,08103;0,08104
17/09/2026 00:10:00;0,08104;0,08105;0,08101;0,08103
17/09/2026 00:15:00;0,08103;0,08108;0,08103;0,08104
17/09/2026 00:20:00;0,08104;0,08112;0,08104;0,08112
17/09/2026 00:25:00;0,08112;0,08125;0,08112;0,08125
17/09/2026 00:30:00;0,08125;0,08134;0,08119;0,08127
17/09/2026 00:35:00;0,08127;0,08129;0,08115;0,08118
17/09/2026 00:40:00;0,08118;0,08123;0,08117;0,0812
17/09/2026 00:45:00;0,0812;0,08125;0,08112;0,08118
17/09/2026 00:50:00;0,08118;0,08124;0,08108;0,08112
17/09/2026 00:55:00;0,08112;0,08122;0,0811;0,08117
17/09/2026 01:00:00;0,08117;0,08118;0,08105;0,08108
17/09/2026 01:05:00;0,08108;0,08112;0,081;0,081
17/09/2026 01:10:00;0,081;0,08101;0,08094;0,08096
17/09/2026 01:15:00;0,08096;0,08097;0,08086;0,08086
17/09/2026 01:20:00;0,08086;0,08087;0,08076;0,08085
17/09/2026 01:25:00;0,08085;0,08086;0,08075;0,08078
17/09/2026 01:30:00;0,08078;0,08081;0,08069;0,0807
17/09/2026 01:35:00;0,0807;0,08102;0,0807;0,08101
17/09/2026 01:40:00;0,08101;0,08108;0,08092;0,08095
17/09/2026 01:45:00;0,08095;0,08115;0,0809;0,0811
17/09/2026 01:50:00;0,0811;0,08116;0,08098;0,08098
17/09/2026 01:55:00;0,08098;0,08115;0,08098;0,08108
17/09/2026 02:00:00;0,08108;0,08119;0,08104;0,08105
17/09/2026 02:05:00;0,08105;0,08108;0,08102;0,08104
17/09/2026 02:10:00;0,08104;0,08105;0,0809;0,08092
17/09/2026 02:15:00;0,08092;0,08094;0,08083;0,08094
17/09/2026 02:20:00;0,08094;0,081;0,0809;0,08091
17/09/2026 02:25:00;0,08091;0,08113;0,08091;0,08103
17/09/2026 02:30:00;0,08103;0,08104;0,08088;0,08103
17/09/2026 02:35:00;0,08103;0,08103;0,08084;0,08086
17/09/2026 02:40:00;0,08086;0,08089;0,08081;0,08082
17/09/2026 02:45:00;0,08082;0,08089;0,08082;0,08083
17/09/2026 02:50:00;0,08083;0,08093;0,08082;0,08088
17/09/2026 02:55:00;0,08088;0,0809;0,08079;0,08083
17/09/2026 03:00:00;0,08083;0,08093;0,08078;0,08093
17/09/2026 03:05:00;0,08093;0,08103;0,08087;0,08095
17/09/2026 03:10:00;0,08095;0,08098;0,08091;0,08095
17/09/2026 03:15:00;0,08095;0,08095;0,08084;0,08087
17/09/2026 03:20:00;0,08087;0,08088;0,08083;0,08083
17/09/2026 03:25:00;0,08083;0,08093;0,08082;0,08093
17/09/2026 03:30:00;0,08093;0,08103;0,08093;0,081
17/09/2026 03:35:00;0,081;0,0811;0,081;0,08108
17/09/2026 03:40:00;0,08108;0,08114;0,08107;0,0811
17/09/2026 03:45:00;0,0811;0,08114;0,08103;0,08103
17/09/2026 03:50:00;0,08103;0,08103;0,081;0,081
17/09/2026 03:55:00;0,081;0,081;0,08094;0,08099
17/09/2026 04:00:00;0,08099;0,08111;0,08094;0,08111
17/09/2026 04:05:00;0,08111;0,08132;0,08111;0,08128
17/09/2026 04:10:00;0,08128;0,08137;0,08117;0,08119
17/09/2026 04:15:00;0,08119;0,08131;0,08115;0,08119
17/09/2026 04:20:00;0,08119;0,08129;0,08112;0,08128
17/09/2026 04:25:00;0,08128;0,0813;0,08118;0,08118
17/09/2026 04:30:00;0,08118;0,08127;0,08114;0,0812
17/09/2026 04:35:00;0,0812;0,08128;0,08114;0,08116
17/09/2026 04:40:00;0,08116;0,08122;0,08115;0,08118
17/09/2026 04:45:00;0,08118;0,08127;0,08113;0,08116
17/09/2026 04:50:00;0,08116;0,08122;0,08114;0,08116
17/09/2026 04:55:00;0,08116;0,08119;0,08112;0,08119
17/09/2026 05:00:00;0,08119;0,08139;0,08118;0,08138
17/09/2026 05:05:00;0,08138;0,0814;0,08127;0,08129
17/09/2026 05:10:00;0,08129;0,08137;0,08116;0,08121
17/09/2026 05:15:00;0,08121;0,08135;0,08117;0,08132
17/09/2026 05:20:00;0,08132;0,08151;0,08129;0,08138
17/09/2026 05:25:00;0,08138;0,08141;0,08126;0,08127
17/09/2026 05:30:00;0,08127;0,0814;0,0812;0,08139
17/09/2026 05:35:00;0,08139;0,08165;0,08137;0,08162
17/09/2026 05:40:00;0,08162;0,08165;0,08145;0,0815
17/09/2026 05:45:00;0,0815;0,08155;0,08148;0,08149
17/09/2026 05:50:00;0,08149;0,08158;0,08147;0,08158
17/09/2026 05:55:00;0,08158;0,0816;0,08156;0,08157
17/09/2026 06:00:00;0,08157;0,08171;0,08152;0,08154
17/09/2026 06:05:00;0,08154;0,08163;0,08149;0,0815
17/09/2026 06:10:00;0,0815;0,08159;0,0815;0,0815
17/09/2026 06:15:00;0,0815;0,08156;0,08144;0,08146
17/09/2026 06:20:00;0,08146;0,08153;0,08142;0,08142
17/09/2026 06:25:00;0,08142;0,08147;0,08133;0,08133
17/09/2026 06:30:00;0,08133;0,08135;0,08121;0,08131
17/09/2026 06:35:00;0,08131;0,0814;0,08128;0,08129
17/09/2026 06:40:00;0,08129;0,0813;0,0812;0,0812
17/09/2026 06:45:00;0,0812;0,08128;0,08115;0,08119
17/09/2026 06:50:00;0,08119;0,0812;0,08107;0,08114
17/09/2026 06:55:00;0,08114;0,08114;0,08101;0,08105
17/09/2026 07:00:00;0,08105;0,08108;0,0808;0,08087
17/09/2026 07:05:00;0,08087;0,08095;0,08085;0,08089
17/09/2026 07:10:00;0,08089;0,08095;0,08087;0,0809
17/09/2026 07:15:00;0,0809;0,08091;0,08077;0,08083
17/09/2026 07:20:00;0,08083;0,08087;0,08077;0,08082
17/09/2026 07:25:00;0,08082;0,08087;0,0808;0,0808
17/09/2026 07:30:00;0,0808;0,08083;0,08073;0,08073
17/09/2026 07:35:00;0,08073;0,08086;0,08073;0,08083
17/09/2026 07:40:00;0,08083;0,08083;0,08074;0,08075
17/09/2026 07:45:00;0,08075;0,08076;0,08067;0,08068
17/09/2026 07:50:00;0,08068;0,08077;0,08067;0,08074
17/09/2026 07:55:00;0,08074;0,08082;0,08071;0,08081
17/09/2026 08:00:00;0,08081;0,08094;0,08078;0,08091
17/09/2026 08:05:00;0,08091;0,08091;0,08078;0,08088
17/09/2026 08:10:00;0,08088;0,08099;0,08087;0,08098
17/09/2026 08:15:00;0,08098;0,08101;0,08084;0,08088
17/09/2026 08:20:00;0,08088;0,08092;0,08085;0,08085
17/09/2026 08:25:00;0,08085;0,08089;0,08082;0,08087
17/09/2026 08:30:00;0,08087;0,08087;0,0808;0,08084
17/09/2026 08:35:00;0,08084;0,08084;0,08072;0,08075
17/09/2026 08:40:00;0,08075;0,08075;0,08059;0,0806
17/09/2026 08:45:00;0,0806;0,0807;0,0806;0,08064
17/09/2026 08:50:00;0,08064;0,0808;0,08063;0,0808
17/09/2026 08:55:00;0,0808;0,08107;0,08079;0,08101
17/09/2026 09:00:00;0,08101;0,08114;0,08091;0,08104
17/09/2026 09:05:00;0,08104;0,08115;0,08092;0,0811
17/09/2026 09:10:00;0,0811;0,08135;0,0811;0,08132
17/09/2026 09:15:00;0,08132;0,0815;0,08131;0,0815
17/09/2026 09:20:00;0,0815;0,0816;0,08146;0,08147
17/09/2026 09:25:00;0,08147;0,0816;0,08144;0,08159
17/09/2026 09:30:00;0,08159;0,08183;0,08151;0,0817
17/09/2026 09:35:00;0,0817;0,0817;0,08158;0,08163
17/09/2026 09:40:00;0,08163;0,08163;0,08144;0,08145
17/09/2026 09:45:00;0,08145;0,0815;0,08129;0,08129
17/09/2026 09:50:00;0,08129;0,08148;0,08129;0,08136
17/09/2026 09:55:00;0,08136;0,08145;0,08127;0,08129
17/09/2026 10:00:00;0,08129;0,0815;0,08128;0,08135
17/09/2026 10:05:00;0,08135;0,08135;0,08109;0,08109
17/09/2026 10:10:00;0,08109;0,08134;0,08104;0,08118
17/09/2026 10:15:00;0,08118;0,08129;0,08113;0,08123
17/09/2026 10:20:00;0,08123;0,08134;0,08119;0,08127
17/09/2026 10:25:00;0,08127;0,08129;0,08117;0,0812
17/09/2026 10:30:00;0,0812;0,08129;0,08093;0,08104
17/09/2026 10:35:00;0,08104;0,08109;0,08065;0,08067
17/09/2026 10:40:00;0,08067;0,08091;0,08065;0,08088
17/09/2026 10:45:00;0,08088;0,08122;0,08075;0,08114
17/09/2026 10:50:00;0,08114;0,08137;0,08108;0,08124
17/09/2026 10:55:00;0,08124;0,08148;0,08124;0,08148
17/09/2026 11:00:00;0,08148;0,08156;0,08114;0,08122
17/09/2026 11:05:00;0,08122;0,08157;0,08113;0,08153
17/09/2026 11:10:00;0,08153;0,08203;0,08153;0,08203
17/09/2026 11:15:00;0,08203;0,08203;0,08174;0,08178
17/09/2026 11:20:00;0,08178;0,08226;0,08174;0,08226
17/09/2026 11:25:00;0,08226;0,08255;0,0822;0,08239
17/09/2026 11:30:00;0,08239;0,08249;0,08213;0,08222
17/09/2026 11:35:00;0,08222;0,08229;0,08198;0,0821
17/09/2026 11:40:00;0,0821;0,08218;0,0818;0,08181
17/09/2026 11:45:00;0,08181;0,08202;0,08169;0,08181
17/09/2026 11:50:00;0,08181;0,08186;0,08168;0,08174
17/09/2026 11:55:00;0,08174;0,08179;0,08165;0,08167
17/09/2026 12:00:00;0,08167;0,0817;0,08143;0,08148
17/09/2026 12:05:00;0,08148;0,08148;0,08128;0,0814
17/09/2026 12:10:00;0,0814;0,0814;0,08119;0,08125
17/09/2026 12:15:00;0,08125;0,08141;0,08113;0,08132
17/09/2026 12:20:00;0,08132;0,08134;0,08121;0,08125
17/09/2026 12:25:00;0,08125;0,08138;0,08117;0,08137
17/09/2026 12:30:00;0,08137;0,08145;0,08136;0,08143
17/09/2026 12:35:00;0,08143;0,08177;0,0814;0,08177
17/09/2026 12:40:00;0,08177;0,082;0,08177;0,08185
17/09/2026 12:45:00;0,08185;0,08188;0,08174;0,08177
17/09/2026 12:50:00;0,08177;0,08204;0,08174;0,08194
17/09/2026 12:55:00;0,08194;0,082;0,08186;0,082
17/09/2026 13:00:00;0,082;0,08211;0,08195;0,08196
17/09/2026 13:05:00;0,08196;0,08201;0,08184;0,08201
17/09/2026 13:10:00;0,08201;0,08204;0,08187;0,08203
17/09/2026 13:15:00;0,08203;0,08207;0,08195;0,08195
17/09/2026 13:20:00;0,08195;0,08206;0,08188;0,08203
17/09/2026 13:25:00;0,08203;0,08205;0,08191;0,08191
17/09/2026 13:30:00;0,08191;0,08199;0,08152;0,08165
17/09/2026 13:35:00;0,08165;0,08179;0,08162;0,08171
17/09/2026 13:40:00;0,08171;0,08182;0,0816;0,08182
17/09/2026 13:45:00;0,08182;0,08189;0,08164;0,08169
17/09/2026 13:50:00;0,08169;0,08193;0,08169;0,08182
17/09/2026 13:55:00;0,08182;0,08212;0,08171;0,08212
17/09/2026 14:00:00;0,08212;0,08228;0,08206;0,08227
17/09/2026 14:05:00;0,08227;0,0823;0,08222;0,08228
17/09/2026 14:10:00;0,08228;0,08228;0,08207;0,08207
17/09/2026 14:15:00;0,08207;0,08215;0,082;0,08212
17/09/2026 14:20:00;0,08212;0,08223;0,08206;0,08218
17/09/2026 14:25:00;0,08218;0,08219;0,08207;0,08211
17/09/2026 14:30:00;0,08211;0,08212;0,082;0,0821
17/09/2026 14:35:00;0,0821;0,08211;0,08196;0,08196
17/09/2026 14:40:00;0,08196;0,08205;0,08183;0,08183
17/09/2026 14:45:00;0,08183;0,08184;0,08172;0,08179
17/09/2026 14:50:00;0,08179;0,08184;0,08174;0,08179
17/09/2026 14:55:00;0,08179;0,08184;0,08175;0,08177
17/09/2026 15:00:00;0,08177;0,08179;0,08171;0,08172
17/09/2026 15:05:00;0,08172;0,08174;0,08165;0,08165
17/09/2026 15:10:00;0,08165;0,08174;0,08163;0,08172
17/09/2026 15:15:00;0,08172;0,08179;0,08169;0,08179
17/09/2026 15:20:00;0,08179;0,08181;0,08173;0,08174
17/09/2026 15:25:00;0,08174;0,08179;0,08171;0,08173
17/09/2026 15:30:00;0,08173;0,0818;0,0815;0,08152
17/09/2026 15:35:00;0,08152;0,08159;0,08135;0,08136
17/09/2026 15:40:00;0,08136;0,0816;0,08136;0,0816
17/09/2026 15:45:00;0,0816;0,08172;0,08154;0,08161
17/09/2026 15:50:00;0,08161;0,08163;0,08148;0,08149
17/09/2026 15:55:00;0,08149;0,08151;0,08145;0,08145
17/09/2026 16:00:00;0,08145;0,0815;0,0814;0,08148
17/09/2026 16:05:00;0,08148;0,08157;0,08148;0,08149
17/09/2026 16:10:00;0,08149;0,08151;0,08146;0,08148
17/09/2026 16:15:00;0,08148;0,0815;0,08142;0,08149
17/09/2026 16:20:00;0,08149;0,08167;0,08149;0,08158
17/09/2026 16:25:00;0,08158;0,08163;0,08155;0,08163
17/09/2026 16:30:00;0,08163;0,08173;0,08159;0,08166
17/09/2026 16:35:00;0,08166;0,08166;0,08156;0,08159
17/09/2026 16:40:00;0,08159;0,08172;0,08158;0,08165
17/09/2026 16:45:00;0,08165;0,08165;0,08151;0,08158
17/09/2026 16:50:00;0,08158;0,08188;0,08158;0,08177
17/09/2026 16:55:00;0,08177;0,08177;0,08164;0,08169
17/09/2026 17:00:00;0,08169;0,0818;0,08164;0,08177
17/09/2026 17:05:00;0,08177;0,08185;0,08177;0,08179
17/09/2026 17:10:00;0,08179;0,08189;0,08179;0,08187
17/09/2026 17:15:00;0,08187;0,08193;0,08184;0,08187
17/09/2026 17:20:00;0,08187;0,08198;0,08187;0,08196
17/09/2026 17:25:00;0,08196;0,08196;0,08192;0,08192
17/09/2026 17:30:00;0,08192;0,08192;0,08185;0,08185
17/09/2026 17:35:00;0,08185;0,0819;0,08183;0,08183
17/09/2026 17:40:00;0,08183;0,08183;0,0817;0,08173
17/09/2026 17:45:00;0,08173;0,08177;0,08169;0,08169
17/09/2026 17:50:00;0,08169;0,08182;0,08168;0,08181
17/09/2026 17:55:00;0,08181;0,08186;0,08179;0,08179
17/09/2026 18:00:00;0,08179;0,08191;0,08171;0,08173
17/09/2026 18:05:00;0,08173;0,08178;0,08169;0,08169
17/09/2026 18:10:00;0,08169;0,08174;0,08168;0,08169
17/09/2026 18:15:00;0,08169;0,08172;0,08166;0,08167
17/09/2026 18:20:00;0,08167;0,0817;0,08165;0,08168
17/09/2026 18:25:00;0,08168;0,08172;0,08167;0,08169
17/09/2026 18:30:00;0,08169;0,08169;0,08165;0,08166
17/09/2026 18:35:00;0,08166;0,08171;0,08161;0,08167
17/09/2026 18:40:00;0,08167;0,08169;0,08158;0,08159
17/09/2026 18:45:00;0,08159;0,08159;0,08153;0,08154
17/09/2026 18:50:00;0,08154;0,08156;0,08153;0,08155
17/09/2026 18:55:00;0,08155;0,08156;0,0814;0,08142
17/09/2026 19:00:00;0,08142;0,08153;0,08133;0,08142
17/09/2026 19:05:00;0,08142;0,08157;0,08133;0,08137
17/09/2026 19:10:00;0,08139;0,08149;0,08138;0,0814
17/09/2026 19:15:00;0,0814;0,08144;0,08121;0,08125
17/09/2026 19:20:00;0,08125;0,0813;0,08118;0,08124
17/09/2026 19:25:00;0,08124;0,08128;0,08118;0,0812
17/09/2026 19:30:00;0,0812;0,08129;0,08117;0,08128
17/09/2026 19:35:00;0,08129;0,08151;0,08129;0,08151
17/09/2026 19:40:00;0,08151;0,08151;0,08141;0,08145
17/09/2026 19:45:00;0,08145;0,08152;0,08142;0,08145
17/09/2026 19:50:00;0,08145;0,08149;0,08136;0,08138
17/09/2026 19:55:00;0,08138;0,08153;0,08134;0,08153
17/09/2026 20:00:00;0,08153;0,08166;0,08144;0,0816
17/09/2026 20:05:00;0,0816;0,08166;0,08158;0,08158
17/09/2026 20:10:00;0,08158;0,08171;0,08155;0,08164
17/09/2026 20:15:00;0,08164;0,08171;0,08163;0,0817
17/09/2026 20:20:00;0,0817;0,08179;0,08169;0,08177
17/09/2026 20:25:00;0,08177;0,08181;0,08175;0,08181
17/09/2026 20:30:00;0,08181;0,08181;0,08169;0,08169
17/09/2026 20:35:00;0,08169;0,08173;0,08165;0,08172
17/09/2026 20:40:00;0,08172;0,08179;0,08172;0,08176
17/09/2026 20:45:00;0,08177;0,08185;0,08174;0,08178
17/09/2026 20:50:00;0,08178;0,08181;0,0817;0,08179
17/09/2026 20:55:00;0,08179;0,08183;0,08172;0,08172
17/09/2026 21:00:00;0,08172;0,08173;0,08167;0,08168
17/09/2026 21:05:00;0,08168;0,08174;0,08162;0,08172
17/09/2026 21:10:00;0,08172;0,08172;0,08156;0,08164
17/09/2026 21:15:00;0,08164;0,08164;0,08151;0,08153
17/09/2026 21:20:00;0,08153;0,08154;0,08146;0,08146
17/09/2026 21:25:00;0,08146;0,08149;0,08138;0,08144
17/09/2026 21:30:00;0,08144;0,08158;0,08144;0,08158
17/09/2026 21:35:00;0,08158;0,08158;0,08141;0,08142
17/09/2026 21:40:00;0,08142;0,08152;0,08138;0,08151
17/09/2026 21:45:00;0,08151;0,08151;0,08145;0,0815
17/09/2026 21:50:00;0,0815;0,08173;0,08149;0,08173
17/09/2026 21:55:00;0,08173;0,08184;0,08173;0,08182
17/09/2026 22:00:00;0,08182;0,08193;0,0818;0,0818
17/09/2026 22:05:00;0,0818;0,08196;0,08179;0,08195
17/09/2026 22:10:00;0,08195;0,082;0,08193;0,08195
17/09/2026 22:15:00;0,08195;0,08208;0,08188;0,08208
17/09/2026 22:20:00;0,08208;0,08217;0,08204;0,08205
17/09/2026 22:25:00;0,08205;0,08211;0,08201;0,08209
17/09/2026 22:30:00;0,08209;0,08217;0,08208;0,08213
17/09/2026 22:35:00;0,08213;0,08232;0,08211;0,08228
17/09/2026 22:40:00;0,08228;0,08235;0,08225;0,08229
17/09/2026 22:45:00;0,08229;0,08245;0,08226;0,08244
17/09/2026 22:50:00;0,08244;0,08251;0,0824;0,08244
17/09/2026 22:55:00;0,08244;0,08248;0,08235;0,08243
17/09/2026 23:00:00;0,08243;0,08269;0,0824;0,08246
17/09/2026 23:05:00;0,08246;0,08249;0,08238;0,08238
17/09/2026 23:10:00;0,08238;0,08254;0,08226;0,08251
17/09/2026 23:15:00;0,08251;0,08279;0,08251;0,0826
17/09/2026 23:20:00;0,0826;0,08263;0,08253;0,08258
17/09/2026 23:25:00;0,08258;0,08273;0,08254;0,082683
17/09/2026 23:30:00;0,082683;0,08289;0,082683;0,08289
17/09/2026 23:35:00;0,08289;0,08306;0,08289;0,08298
17/09/2026 23:40:00;0,08298;0,08299;0,08276;0,08287
17/09/2026 23:45:00;0,08287;0,08287;0,08276;0,08282
17/09/2026 23:50:00;0,08282;0,0829;0,08281;0,08283
17/09/2026 23:55:00;0,08283;0,0829;0,08281;0,08287
18/09/2026 00:00:00;0,08287;0,08298;0,08284;0,08298
18/09/2026 00:05:00;0,08298;0,08324;0,08296;0,08312
18/09/2026 00:10:00;0,08313;0,08349;0,08313;0,08348
18/09/2026 00:15:00;0,08348;0,08398;0,08347;0,08387
18/09/2026 00:20:00;0,08387;0,0839;0,08364;0,08365
18/09/2026 00:25:00;0,08365;0,0839;0,08356;0,08381
18/09/2026 00:30:00;0,08381;0,08395;0,08374;0,08381
18/09/2026 00:35:00;0,08381;0,08384;0,08372;0,08372
18/09/2026 00:40:00;0,08375;0,0839;0,08369;0,08389
18/09/2026 00:45:00;0,08389;0,08444;0,08389;0,08441
18/09/2026 00:50:00;0,08441;0,08454;0,08431;0,08444
18/09/2026 00:55:00;0,08444;0,08452;0,08427;0,08452
18/09/2026 01:00:00;0,08452;0,08462;0,08435;0,08438
18/09/2026 01:05:00;0,08438;0,08438;0,08405;0,08409
18/09/2026 01:10:00;0,08409;0,08436;0,08409;0,08421
18/09/2026 01:15:00;0,08421;0,08428;0,08407;0,08424
18/09/2026 01:20:00;0,08424;0,08453;0,08415;0,08435
18/09/2026 01:25:00;0,08435;0,08436;0,08405;0,08406
18/09/2026 01:30:00;0,08406;0,08409;0,08377;0,08391
18/09/2026 01:35:00;0,08391;0,0842;0,08391;0,08418
18/09/2026 01:40:00;0,08418;0,0843;0,08405;0,0843
18/09/2026 01:45:00;0,0843;0,08441;0,08419;0,08419
18/09/2026 01:50:00;0,08419;0,08432;0,08416;0,08427
18/09/2026 01:55:00;0,08427;0,08453;0,08427;0,08453
18/09/2026 02:00:00;0,08453;0,08455;0,08423;0,08425
18/09/2026 02:05:00;0,08425;0,0847;0,08425;0,08443
18/09/2026 02:10:00;0,08443;0,08467;0,08437;0,08446
18/09/2026 02:15:00;0,08446;0,08458;0,08438;0,08447
18/09/2026 02:20:00;0,08447;0,0845;0,08431;0,08433
18/09/2026 02:25:00;0,08433;0,08449;0,08421;0,08439
18/09/2026 02:30:00;0,08439;0,08446;0,0843;0,08446
18/09/2026 02:35:00;0,08446;0,08451;0,08425;0,08439
18/09/2026 02:40:00;0,08439;0,08439;0,0842;0,08424
18/09/2026 02:45:00;0,08424;0,08426;0,08413;0,08415
18/09/2026 02:50:00;0,08415;0,08421;0,08411;0,08412
18/09/2026 02:55:00;0,08412;0,08418;0,08406;0,08417
18/09/2026 03:00:00;0,08417;0,08445;0,08416;0,08439
18/09/2026 03:05:00;0,08439;0,0845;0,08433;0,08434
18/09/2026 03:10:00;0,08434;0,08444;0,08428;0,08433
18/09/2026 03:15:00;0,08433;0,08442;0,08423;0,08427
18/09/2026 03:20:00;0,08427;0,08441;0,08419;0,08435
18/09/2026 03:25:00;0,08435;0,08442;0,08422;0,08422
18/09/2026 03:30:00;0,08422;0,08431;0,08421;0,08421
18/09/2026 03:35:00;0,08421;0,0844;0,08421;0,08438
18/09/2026 03:40:00;0,08438;0,0844;0,08426;0,08429
18/09/2026 03:45:00;0,08429;0,08431;0,08422;0,08426
18/09/2026 03:50:00;0,08426;0,08426;0,0842;0,08421
18/09/2026 03:55:00;0,0842;0,08425;0,08411;0,08423
18/09/2026 04:00:00;0,08423;0,08438;0,08416;0,08433
18/09/2026 04:05:00;0,08433;0,08446;0,08425;0,08428
18/09/2026 04:10:00;0,08428;0,08446;0,08427;0,0843
18/09/2026 04:15:00;0,0843;0,08444;0,08426;0,0844
18/09/2026 04:20:00;0,0844;0,08455;0,08435;0,08436
18/09/2026 04:25:00;0,08436;0,08447;0,08436;0,08439
18/09/2026 04:30:00;0,08439;0,08454;0,08434;0,08443
18/09/2026 04:35:00;0,08443;0,08443;0,08435;0,0844
18/09/2026 04:40:00;0,0844;0,08447;0,08435;0,08444
18/09/2026 04:45:00;0,08444;0,08452;0,08437;0,08446
18/09/2026 04:50:00;0,08446;0,08459;0,08445;0,08456
18/09/2026 04:55:00;0,08456;0,08456;0,08439;0,08447
18/09/2026 05:00:00;0,08447;0,08489;0,08446;0,08464
18/09/2026 05:05:00;0,08464;0,08464;0,08424;0,08424
18/09/2026 05:10:00;0,08424;0,08445;0,0842;0,0843
18/09/2026 05:15:00;0,0843;0,08444;0,08429;0,08435
18/09/2026 05:20:00;0,08435;0,08471;0,08435;0,0847
18/09/2026 05:25:00;0,0847;0,0847;0,08456;0,0846
18/09/2026 05:30:00;0,0846;0,0847;0,08451;0,08468
18/09/2026 05:35:00;0,08468;0,08468;0,08451;0,08452
18/09/2026 05:40:00;0,08452;0,08463;0,08449;0,08463
18/09/2026 05:45:00;0,08462;0,0847;0,08456;0,08464
18/09/2026 05:50:00;0,08464;0,08481;0,08461;0,08475
18/09/2026 05:55:00;0,08475;0,08493;0,08475;0,08487
18/09/2026 06:00:00;0,08489;0,08499;0,08482;0,08488
18/09/2026 06:05:00;0,08488;0,08547;0,08487;0,08543
18/09/2026 06:10:00;0,08543;0,08543;0,08511;0,08518
18/09/2026 06:15:00;0,08518;0,08535;0,08508;0,08535
18/09/2026 06:20:00;0,08534;0,08546;0,08523;0,08525
18/09/2026 06:25:00;0,08525;0,08529;0,08518;0,0852
18/09/2026 06:30:00;0,0852;0,08527;0,08515;0,08522
18/09/2026 06:35:00;0,08522;0,08557;0,08519;0,08545
18/09/2026 06:40:00;0,08545;0,08572;0,08543;0,08567
18/09/2026 06:45:00;0,08567;0,086;0,08564;0,08575
18/09/2026 06:50:00;0,08575;0,08595;0,08574;0,08577
18/09/2026 06:55:00;0,08577;0,08587;0,08567;0,08574
18/09/2026 07:00:00;0,08574;0,08592;0,08573;0,08591
18/09/2026 07:05:00;0,08591;0,0861;0,0858;0,08604
18/09/2026 07:10:00;0,08604;0,08615;0,08584;0,08605
18/09/2026 07:15:00;0,08605;0,08624;0,08604;0,08621
18/09/2026 07:20:00;0,08621;0,08634;0,0861;0,08624
18/09/2026 07:25:00;0,08624;0,08682;0,08622;0,0868
18/09/2026 07:30:00;0,0868;0,08695;0,08658;0,08668
18/09/2026 07:35:00;0,08668;0,0867;0,08632;0,08636
18/09/2026 07:40:00;0,08636;0,08646;0,0863;0,08641
18/09/2026 07:45:00;0,08641;0,08644;0,08622;0,08635
18/09/2026 07:50:00;0,08635;0,08635;0,08605;0,08605
18/09/2026 07:55:00;0,08606;0,08606;0,08576;0,08581
18/09/2026 08:00:00;0,08581;0,08584;0,08568;0,08576
18/09/2026 08:05:00;0,08576;0,08585;0,085;0,08521
18/09/2026 08:10:00;0,08521;0,0853;0,08505;0,08515
18/09/2026 08:15:00;0,08515;0,08528;0,08511;0,08521
18/09/2026 08:20:00;0,08521;0,08528;0,08511;0,08516
18/09/2026 08:25:00;0,08516;0,08518;0,08499;0,08499
18/09/2026 08:30:00;0,08499;0,08527;0,08498;0,08521
18/09/2026 08:35:00;0,08521;0,0855;0,08517;0,08531
18/09/2026 08:40:00;0,08531;0,08535;0,0851;0,08515
18/09/2026 08:45:00;0,08515;0,08531;0,08512;0,08531
18/09/2026 08:50:00;0,08531;0,08547;0,08525;0,08547
18/09/2026 08:55:00;0,08547;0,08548;0,08529;0,08535
18/09/2026 09:00:00;0,08535;0,08547;0,08522;0,08547
18/09/2026 09:05:00;0,08547;0,08547;0,08517;0,08517
18/09/2026 09:10:00;0,08517;0,08525;0,08507;0,08516
18/09/2026 09:15:00;0,08516;0,08527;0,08512;0,08513
18/09/2026 09:20:00;0,08513;0,08539;0,08509;0,08532
18/09/2026 09:25:00;0,08532;0,08536;0,08523;0,08528
18/09/2026 09:30:00;0,08528;0,08551;0,08517;0,08551
18/09/2026 09:35:00;0,08551;0,08568;0,08551;0,08559
18/09/2026 09:40:00;0,08559;0,08564;0,0855;0,08551
18/09/2026 09:45:00;0,08551;0,08564;0,08549;0,0855
