horario;abertura;maxima;minima;fechamento
13/08/2026 18:00:00;63415,55;63454,52;63390,0;63454,52
13/08/2026 18:05:00;63454,52;63477,13;63437,76;63444,57
13/08/2026 18:10:00;63444,57;63447,99;63426,45;63432,58
13/08/2026 18:15:00;63432,58;63439,97;63415,76;63439,97
13/08/2026 18:20:00;63439,97;63451,62;63431,4;63451,62
13/08/2026 18:25:00;63451,62;63455,59;63426,29;63455,59
13/08/2026 18:30:00;63455,59;63476,42;63452,0;63471,17
13/08/2026 18:35:00;63471,17;63500,0;63455,25;63499,99
13/08/2026 18:40:00;63499,99;63499,99;63449,46;63450,12
13/08/2026 18:45:00;63450,12;63462,65;63443,94;63443,95
13/08/2026 18:50:00;63443,95;63464,43;63443,93;63449,95
13/08/2026 18:55:00;63449,95;63474,0;63438,4;63473,99
13/08/2026 19:00:00;63473,99;63549,17;63473,99;63549,17
13/08/2026 19:05:00;63549,17;63621,06;63524,0;63560,01
13/08/2026 19:10:00;63560,01;63628,0;63560,01;63612,65
13/08/2026 19:15:00;63612,65;63636,0;63590,01;63593,38
13/08/2026 19:20:00;63593,38;63640,0;63574,0;63605,99
13/08/2026 19:25:00;63605,99;63620,0;63590,0;63619,99
13/08/2026 19:30:00;63619,99;63626,0;63578,0;63578,0
13/08/2026 19:35:00;63578,0;63596,0;63571,37;63572,0
13/08/2026 19:40:00;63572,0;63572,01;63554,97;63554,98
13/08/2026 19:45:00;63554,98;63560,46;63538,3;63538,31
13/08/2026 19:50:00;63538,31;63549,53;63532,19;63535,36
13/08/2026 19:55:00;63535,36;63546,243495;63530,0;63530,0
13/08/2026 20:00:00;63530,01;63539,03;63494,075769;63525,572893
13/08/2026 20:05:00;63525,572893;63533,49;63459,01;63476,11
13/08/2026 20:10:00;63499,86;63499,86;63465,97;63465,97
13/08/2026 20:15:00;63465,97;63479,71;63455,41;63460,35
13/08/2026 20:20:00;63460,35;63488,88;63458,230609;63459,99
13/08/2026 20:25:00;63459,99;63479,52;63450,77;63479,52
13/08/2026 20:30:00;63486,58;63487,53;63470,643531;63481,36
13/08/2026 20:35:00;63481,36;63501,97;63463,0;63463,0
13/08/2026 20:40:00;63463,0;63466,0;63448,01;63459,97
13/08/2026 20:45:00;63459,97;63459,97;63422,35;63422,36
13/08/2026 20:50:00;63419,18;63422,926666;63410,794;63410,794
13/08/2026 20:55:00;63410,794;63491,88;63400,0;63490,86
13/08/2026 21:00:00;63490,86;63506,16;63447,99;63472,0
13/08/2026 21:05:00;63474,0;63503,89;63474,0;63502,34
13/08/2026 21:10:00;63507,99;63508,0;63491,83;63503,24
13/08/2026 21:15:00;63503,24;63530,0;63498,11;63530,0
13/08/2026 21:20:00;63530,0;63552,99;63500,476409;63548,42
13/08/2026 21:25:00;63548,42;63548,42;63422,78;63444,34
13/08/2026 21:30:00;63444,34;63444,34;63410,0;63420,0
13/08/2026 21:35:00;63427,8;63447,84;63413,30943;63424,893334
13/08/2026 21:40:00;63424,893334;63548,87;63424,893334;63526,0
13/08/2026 21:45:00;63526,0;63526,0;63476,110106;63520,50486
13/08/2026 21:50:00;63520,50486;63557,543991;63508,0;63557,543991
13/08/2026 21:55:00;63557,543991;63557,543991;63522,0;63541,44
13/08/2026 22:00:00;63541,44;63576,0;63516,81;63576,0
13/08/2026 22:05:00;63575,54;63585,92;63516,192619;63525,72
13/08/2026 22:10:00;63521,07;63528,83;63487,76;63506,58
13/08/2026 22:15:00;63506,58;63514,64;63468,24;63468,24
13/08/2026 22:20:00;63468,24;63566,27;63458,0;63544,18
13/08/2026 22:25:00;63544,18;63560,05;63486,08;63486,09
13/08/2026 22:30:00;63486,09;63498,09;63468,07;63498,08
13/08/2026 22:35:00;63498,08;63526,87;63498,08;63526,87
13/08/2026 22:40:00;63526,87;63558,0;63526,87;63557,99
13/08/2026 22:45:00;63557,99;63559,89;63521,12;63549,99
13/08/2026 22:50:00;63549,99;63553,14;63532,48;63534,24
13/08/2026 22:55:00;63534,24;63585,01;63526,01;63575,85
13/08/2026 23:00:00;63575,85;63579,82;63554,61;63558,12
13/08/2026 23:05:00;63558,12;63617,45;63547,65;63606,0
13/08/2026 23:10:00;63606,0;63614,0;63528,08;63568,83
13/08/2026 23:15:00;63568,83;63582,0;63502,0;63502,01
13/08/2026 23:20:00;63502,01;63530,85;63501,98;63501,98
13/08/2026 23:25:00;63501,98;63502,91;63479,85;63496,79
13/08/2026 23:30:00;63496,79;63557,79;63496,79;63539,99
13/08/2026 23:35:00;63539,99;63547,16;63524,58;63530,82
13/08/2026 23:40:00;63530,82;63530,82;63498,24;63516,42
13/08/2026 23:45:00;63516,42;63543,78;63516,41;63537,29
13/08/2026 23:50:00;63537,29;63563,77;63537,29;63563,77
13/08/2026 23:55:00;63563,77;63563,77;63470,65;63470,66
14/08/2026 00:00:00;63465,38;63470,71;63418,75;63439,28
14/08/2026 00:05:00;63439,28;63449,45;63436,0;63449,45
14/08/2026 00:10:00;63449,45;63483,707269;63437,8;63483,707269
14/08/2026 00:15:00;63482,31848;63596,748571;63482,31848;63592,548571
14/08/2026 00:20:00;63592,548571;63592,548571;63541,48;63545,68
14/08/2026 00:25:00;63545,68;63545,68;63478,2;63478,2
14/08/2026 00:30:00;63478,2;63478,2;63430,11;63432,05
14/08/2026 00:35:00;63432,05;63432,05;63353,46;63359,76
14/08/2026 00:40:00;63359,76;63389,29;63358,68;63380,1
14/08/2026 00:45:00;63380,1;63380,1;63340,0;63341,47
14/08/2026 00:50:00;63341,47;63341,48;63336,25;63337,53
14/08/2026 00:55:00;63337,53;63350,0;63308,7;63313,59
14/08/2026 01:00:00;63313,59;63372,42;63276,0;63370,42
14/08/2026 01:05:00;63370,42;63406,06;63362,0;63400,01
14/08/2026 01:10:00;63400,01;63408,27;63398,0;63406,26
14/08/2026 01:15:00;63406,26;63472,5;63406,26;63418,03
14/08/2026 01:20:00;63418,03;63418,03;63379,99;63380,0
14/08/2026 01:25:00;63380,0;63430,01;63370,75;63424,77
14/08/2026 01:30:00;63424,77;63429,0;63402,0;63402,01
14/08/2026 01:35:00;63402,01;63402,01;63390,69;63399,99
14/08/2026 01:40:00;63399,99;63406,59;63388,8;63389,99
14/08/2026 01:45:00;63389,99;63397,99;63380,59;63384,28
14/08/2026 01:50:00;63384,28;63387,95;63384,27;63387,95
14/08/2026 01:55:00;63387,95;63387,95;63367,72;63372,56
14/08/2026 02:00:00;63371,79;63400,3;63370,0;63370,0
14/08/2026 02:05:00;63370,0;63400,1;63341,36;63341,36
14/08/2026 02:10:00;63341,36;63347,97;63332,73;63338,0
14/08/2026 02:15:00;63338,0;63351,08;63317,49;63324,49
14/08/2026 02:20:00;63322,23;63356,0;63286,67;63286,68
14/08/2026 02:25:00;63286,67;63329,19;63286,67;63322,65
14/08/2026 02:30:00;63317,88;63350,0;63295,91;63295,91
14/08/2026 02:35:00;63295,91;63355,88;63294,38575;63353,06
14/08/2026 02:40:00;63353,06;63370,91;63350,0;63350,01
14/08/2026 02:45:00;63350,01;63367,46;63350,0;63350,01
14/08/2026 02:50:00;63350,01;63371,29;63345,95;63371,28
14/08/2026 02:55:00;63371,28;63399,63;63371,28;63379,83
14/08/2026 03:00:00;63379,83;63392,01;63333,32;63341,75
14/08/2026 03:05:00;63341,75;63345,99;63331,0;63331,01
14/08/2026 03:10:00;63331,01;63331,01;63276,65;63294,52
14/08/2026 03:15:00;63299,59;63300,5575;63211,12;63243,82
14/08/2026 03:20:00;63243,82;63250,2;63212,52;63226,45
14/08/2026 03:25:00;63219,17;63254,17;63180,0;63180,0
14/08/2026 03:30:00;63180,0;63243,53;63170,0;63170,0
14/08/2026 03:35:00;63170,0;63234,68;63161,21;63200,0
14/08/2026 03:40:00;63200,0;63214,5;63177,99;63180,54
14/08/2026 03:45:00;63180,54;63205,59;63151,56;63160,04
14/08/2026 03:50:00;63160,04;63199,82;63016,53;63027,81
14/08/2026 03:55:00;63027,81;63063,69;62944,01;62974,14
14/08/2026 04:00:00;62974,14;63035,96;62952,17;63035,45
14/08/2026 04:05:00;63035,45;63079,23;63034,65;63061,9
14/08/2026 04:10:00;63061,9;63086,16;63056,77;63072,0
14/08/2026 04:15:00;63072,0;63101,13;63071,99;63096,0
14/08/2026 04:20:00;63096,0;63109,89;63088,0;63109,88
14/08/2026 04:25:00;63109,88;63123,18;63102,0;63123,18
14/08/2026 04:30:00;63123,18;63123,18;63013,73;63021,04
14/08/2026 04:35:00;63021,04;63021,04;62983,7;62983,7
14/08/2026 04:40:00;62983,7;63026,0;62966,0;62973,47
14/08/2026 04:45:00;62973,47;63024,42;62969,42;63006,43
14/08/2026 04:50:00;63006,43;63006,43;62954,94;62982,29
14/08/2026 04:55:00;62982,29;62991,27;62920,78;62920,78
14/08/2026 05:00:00;62920,78;62945,36;62900,0;62926,0
14/08/2026 05:05:00;62926,0;62946,88;62917,94;62937,47
14/08/2026 05:10:00;62937,47;62939,99;62900,01;62910,0
14/08/2026 05:15:00;62910,0;62997,81;62900,01;62900,01
14/08/2026 05:20:00;62900,01;62910,86;62830,178982;62846,733713
14/08/2026 05:25:00;62846,733713;62846,733713;62742,0;62769,17
14/08/2026 05:30:00;62769,17;62800,0;62700,0;62795,13
14/08/2026 05:35:00;62795,13;62876,19;62795,13;62861,01
14/08/2026 05:40:00;62861,01;62864,0;62818,01;62843,48
14/08/2026 05:45:00;62843,49;62896,14;62818,08;62896,14
14/08/2026 05:50:00;62896,14;62925,74;62890,0;62912,02
14/08/2026 05:55:00;62912,02;62942,58;62907,07;62940,01
14/08/2026 06:00:00;62940,01;62940,01;62898,0;62898,01
14/08/2026 06:05:00;62898,01;62898,01;62860,91;62860,91
14/08/2026 06:10:00;62860,91;62877,78;62856,0;62877,05
14/08/2026 06:15:00;62877,05;62893,97;62872,26;62891,41
14/08/2026 06:20:00;62891,4;62915,03;62887,4;62915,03
14/08/2026 06:25:00;62915,03;62915,03;62794,98;62794,98
14/08/2026 06:30:00;62789,03;62817,59;62763,54;62817,59
14/08/2026 06:35:00;62817,59;62817,59;62752,47;62752,48
14/08/2026 06:40:00;62744,0;62772,0;62744,0;62763,78
14/08/2026 06:45:00;62763,78;62824,0;62763,78;62824,0
14/08/2026 06:50:00;62824,0;62841,37;62790,52;62817,94
14/08/2026 06:55:00;62817,94;62817,94;62784,0;62792,75
14/08/2026 07:00:00;62792,75;62832,0;62739,98;62824,79
14/08/2026 07:05:00;62824,79;62839,88;62802,23;62816,97
14/08/2026 07:10:00;62816,97;62864,95;62780,183473;62861,17
14/08/2026 07:15:00;62861,17;62919,99;62850,98;62900,01
14/08/2026 07:20:00;62900,01;62903,436389;62882,63;62903,436389
14/08/2026 07:25:00;62903,436389;62903,436389;62850,29;62888,45
14/08/2026 07:30:00;62888,45;62920,0;62888,45;62920,0
14/08/2026 07:35:00;62920,0;62946,0;62878,6;62899,76
14/08/2026 07:40:00;62899,76;62899,76;62858,04;62874,84
14/08/2026 07:45:00;62874,84;62893,54;62830,0;62844,93
14/08/2026 07:50:00;62844,94;62851,85;62824,62;62837,34
14/08/2026 07:55:00;62837,34;62837,34;62803,1;62814,14
14/08/2026 08:00:00;62814,14;62872,65;62814,13;62856,52
14/08/2026 08:05:00;62856,52;62861,84;62814,0;62852,52
14/08/2026 08:10:00;62852,52;62882,55;62831,59;62859,79
14/08/2026 08:15:00;62859,79;62911,14;62840,59;62911,13
14/08/2026 08:20:00;62911,13;62919,74;62880,84;62884,46
14/08/2026 08:25:00;62884,46;62909,69;62871,88;62894,78
14/08/2026 08:30:00;62894,78;62901,52;62875,57;62901,52
14/08/2026 08:35:00;62901,52;62936,82;62888,01;62888,01
14/08/2026 08:40:00;62888,0;62896,11;62842,62;62896,11
14/08/2026 08:45:00;62896,11;62898,0;62853,83;62867,25
14/08/2026 08:50:00;62892,41;62915,79;62884,446665;62915,79
14/08/2026 08:55:00;62915,79;62930,52;62860,0;62868,82
14/08/2026 09:00:00;62868,82;62902,0;62842,07;62868,01
14/08/2026 09:05:00;62868,01;62868,02;62807,43;62807,43
14/08/2026 09:10:00;62807,43;62824,77;62764,19;62824,77
14/08/2026 09:15:00;62824,77;62870,0;62802,01;62802,02
14/08/2026 09:20:00;62802,02;62870,0;62802,01;62869,99
14/08/2026 09:25:00;62869,99;62891,99;62851,35;62891,98
14/08/2026 09:30:00;62891,98;62913,3;62853,55;62861,27
14/08/2026 09:35:00;62861,27;62861,27;62811,99;62823,441333
14/08/2026 09:40:00;62823,441333;62823,441333;62762,01;62762,01
14/08/2026 09:45:00;62778,67;62782,0;62726,26;62782,0
14/08/2026 09:50:00;62785,82;62790,0;62736,27;62777,89
14/08/2026 09:55:00;62777,9;62788,0;62734,07;62747,36
14/08/2026 10:00:00;62747,36;62747,36;62706,01;62713,0
14/08/2026 10:05:00;62713,0;62754,95;62623,44;62623,44
14/08/2026 10:10:00;62623,44;62705,94;62593,292877;62688,43
14/08/2026 10:15:00;62684,4;62709,73;62652,02;62676,0
14/08/2026 10:20:00;62676,0;62740,0;62649,33;62736,0
14/08/2026 10:25:00;62736,0;62796,18;62696,26;62782,55
14/08/2026 10:30:00;62782,55;62822,33;62692,0;62726,2
14/08/2026 10:35:00;62726,2;62772,14;62612,02;62656,0
14/08/2026 10:40:00;62656,0;62738,77;62641,56;62718,39
14/08/2026 10:45:00;62718,39;62750,61;62670,0;62670,01
14/08/2026 10:50:00;62670,01;62694,8;62636,0;62644,34
14/08/2026 10:55:00;62644,34;62661,67;62607,02;62661,67
14/08/2026 11:00:00;62661,67;62734,0;62604,76;62668,65
14/08/2026 11:05:00;62668,65;62722,42;62601,84;62601,84
14/08/2026 11:10:00;62601,84;62717,25;62600,33;62610,0
14/08/2026 11:15:00;62610,0;62667,08;62581,5;62598,73
14/08/2026 11:20:00;62603,57;62659,26;62574,0;62594,0
14/08/2026 11:25:00;62594,0;62707,23;62592,5;62672,0
14/08/2026 11:30:00;62672,0;62771,81;62658,77;62737,23
14/08/2026 11:35:00;62737,23;62797,88;62731,25;62791,33
14/08/2026 11:40:00;62791,33;62791,33;62743,49;62746,02
14/08/2026 11:45:00;62746,02;62780,0;62739,37;62752,26
14/08/2026 11:50:00;62752,26;62752,26;62651,79;62662,95
14/08/2026 11:55:00;62662,95;62662,95;62550,01;62624,96
14/08/2026 12:00:00;62620,0;62694,53;62618,0;62642,0
14/08/2026 12:05:00;62642,0;62704,0;62642,0;62682,01
14/08/2026 12:10:00;62682,01;62720,0;62682,0;62705,55
14/08/2026 12:15:00;62705,55;62722,223727;62691,99;62722,223727
14/08/2026 12:20:00;62722,223727;62780,99;62712,791769;62780,99
14/08/2026 12:25:00;62780,99;62803,0;62755,33;62803,0
14/08/2026 12:30:00;62803,0;62883,97;62803,0;62880,97
14/08/2026 12:35:00;62880,97;63030,0;62880,97;63027,063435
14/08/2026 12:40:00;63027,063435;63052,33152;62960,71;63006,14
14/08/2026 12:45:00;63006,14;63063,25;62970,0;62982,27
14/08/2026 12:50:00;62974,67;63019,99;62950,78;63003,77
14/08/2026 12:55:00;63003,77;63089,18;62990,94;62990,94
14/08/2026 13:00:00;62990,94;63052,72;62985,79;63010,01
14/08/2026 13:05:00;63001,26;63032,65;62966,86;63024,01
14/08/2026 13:10:00;63024,01;63103,96;63024,01;63043,3
14/08/2026 13:15:00;63043,3;63083,99;63035,51;63064,78
14/08/2026 13:20:00;63064,78;63119,99;63056,0;63107,34
14/08/2026 13:25:00;63107,34;63166,47;63083,46;63118,51
14/08/2026 13:30:00;63118,51;63162,0;63096,68;63160,14
14/08/2026 13:35:00;63160,14;63214,28;63154,61;63195,85
14/08/2026 13:40:00;63195,85;63215,58;63195,85;63210,31
14/08/2026 13:45:00;63210,31;63211,454426;63141,490203;63211,454426
14/08/2026 13:50:00;63211,454426;63211,454426;63105,27;63114,19
14/08/2026 13:55:00;63114,18;63146,85;63106,02;63135,893909
14/08/2026 14:00:00;63135,893909;63176,28;63133,120317;63144,32
14/08/2026 14:05:00;63144,32;63154,79;63116,0;63122,56
14/08/2026 14:10:00;63122,56;63179,77;63119,01;63179,77
14/08/2026 14:15:00;63179,77;63210,32;63166,14;63201,78
14/08/2026 14:20:00;63201,78;63247,05;63200,0;63227,95
14/08/2026 14:25:00;63226,88;63226,88;63192,0;63202,0
14/08/2026 14:30:00;63202,0;63220,0;63176,36;63216,72
14/08/2026 14:35:00;63216,72;63216,73;63125,26;63126,53
14/08/2026 14:40:00;63126,53;63143,19;63076,5;63109,79
14/08/2026 14:45:00;63109,79;63127,16;63106,0;63115,0
14/08/2026 14:50:00;63118,0;63118,0;63072,0;63075,99
14/08/2026 14:55:00;63075,99;63075,99;62996,225;62996,225
14/08/2026 15:00:00;63016,99;63032,01;62970,0;62988,01
14/08/2026 15:05:00;62988,01;63064,39;62988,01;63028,91
14/08/2026 15:10:00;63035,06;63070,0;63000,0;63004,0
14/08/2026 15:15:00;63004,0;63052,2;63004,0;63038,57
14/08/2026 15:20:00;63038,57;63061,71;63034,2;63054,0
14/08/2026 15:25:00;63054,0;63088,21;63037,82;63087,84
14/08/2026 15:30:00;63087,84;63090,32;62955,38;62955,99
14/08/2026 15:35:00;62956,2;63012,37;62956,2;63006,0
14/08/2026 15:40:00;63006,0;63024,0;62972,0;62972,02
14/08/2026 15:45:00;62972,02;63000,01;62895,79;62895,8
14/08/2026 15:50:00;62914,3;62931,08;62893,27;62920,9
14/08/2026 15:55:00;62920,9;62938,01;62920,0;62930,01
14/08/2026 16:00:00;62930,01;62930,01;62870,0;62873,78
14/08/2026 16:05:00;62873,78;62894,0;62852,35;62894,0
14/08/2026 16:10:00;62894,0;62894,0;62856,53;62856,53
14/08/2026 16:15:00;62856,53;62875,05;62830,02;62831,02
14/08/2026 16:20:00;62837,63;62907,01;62835,53;62874,55
14/08/2026 16:25:00;62874,54;62910,76;62852,984491;62852,984491
14/08/2026 16:30:00;62852,984491;62913,9;62852,984491;62913,89
14/08/2026 16:35:00;62913,89;62947,33;62900,99;62934,04
14/08/2026 16:40:00;62934,04;62980,595;62922,0;62980,595
14/08/2026 16:45:00;62980,595;63007,74;62962,335;63007,74
14/08/2026 16:50:00;63007,74;63009,0;62942,53;63009,0
14/08/2026 16:55:00;63009,0;63009,0;62944,59;62968,02
14/08/2026 17:00:00;62968,02;63010,137397;62964,78;63005,99
14/08/2026 17:05:00;63008,0;63022,73;62985,99;63022,73
14/08/2026 17:10:00;63022,73;63032,104;62974,76;63014,77
14/08/2026 17:15:00;63014,77;63014,77;62934,0;62944,04
14/08/2026 17:20:00;62950,61;62969,73;62934,402857;62934,402857
14/08/2026 17:25:00;62934,402857;62973,47;62930,786173;62949,74
14/08/2026 17:30:00;62949,74;62957,28;62934,9;62939,79
14/08/2026 17:35:00;62927,92;62927,92;62912,0;62912,0
14/08/2026 17:40:00;62912,0;62912,01;62911,96;62912,01
14/08/2026 17:45:00;62928,05;62928,09;62909,95;62925,78
14/08/2026 17:50:00;62937,22;62937,22;62910,0;62910,01
14/08/2026 17:55:00;62910,01;62913,85;62896,85;62907,59
14/08/2026 18:00:00;62907,59;62936,96;62904,38;62936,96
14/08/2026 18:05:00;62923,78;62930,63;62900,27;62900,27
14/08/2026 18:10:00;62900,27;62924,0;62900,26;62904,0
14/08/2026 18:15:00;62904,0;62914,0;62894,95;62894,95
14/08/2026 18:20:00;62894,95;62902,75;62888,0;62901,82
14/08/2026 18:25:00;62901,81;62922,53;62892,7;62892,71
14/08/2026 18:30:00;62892,71;62893,31;62873,25;62873,26
14/08/2026 18:35:00;62873,26;62890,05;62873,25;62890,05
14/08/2026 18:40:00;62905,0;62905,01;62877,52;62889,01
14/08/2026 18:45:00;62889,01;62915,76;62877,95;62915,75
14/08/2026 18:50:00;62914,54;62918,55;62886,0;62886,01
14/08/2026 18:55:00;62886,01;62928,49;62884,57;62928,49
14/08/2026 19:00:00;62928,49;62957,999048;62912,0;62957,58
14/08/2026 19:05:00;62957,58;62957,58;62898,0;62902,97
14/08/2026 19:10:00;62900,45;62903,039466;62838,98;62838,98
14/08/2026 19:15:00;62838,98;62838,98;62800,0;62831,49
14/08/2026 19:20:00;62831,49;62840,16;62817,23;62833,99
14/08/2026 19:25:00;62833,99;62834,0;62818,0;62818,0
14/08/2026 19:30:00;62818,0;62871,4;62818,0;62869,08
14/08/2026 19:35:00;62869,08;62877,66;62869,08;62877,42
14/08/2026 19:40:00;62877,9;62884,0;62877,9;62883,99
14/08/2026 19:45:00;62883,99;62895,99;62880,35;62880,35
14/08/2026 19:50:00;62880,35;62885,86;62880,34;62880,35
14/08/2026 19:55:00;62880,35;62890,67;62868,53;62886,88
14/08/2026 20:00:00;62886,88;62892,0;62884,35;62887,45
14/08/2026 20:05:00;62887,45;62893,5;62887,45;62893,5
14/08/2026 20:10:00;62894,56;62926,1;62892,57;62926,1
14/08/2026 20:15:00;62926,1;62940,0;62891,11;62891,12
14/08/2026 20:20:00;62891,12;62956,81;62865,03;62956,8
14/08/2026 20:25:00;62956,8;62960,7;62935,32;62960,7
14/08/2026 20:30:00;62960,7;62971,0;62940,494;62971,0
14/08/2026 20:35:00;62971,0;62980,0;62911,0;62979,99
14/08/2026 20:40:00;62982,21;63029,52;62965,38;63016,458
14/08/2026 20:45:00;63016,458;63054,77;62996,0;63054,77
14/08/2026 20:50:00;63054,76;63067,15;63018,09;63067,15
14/08/2026 20:55:00;63067,15;63067,595714;63027,84;63043,56
14/08/2026 21:00:00;63043,56;63050,01;63034,0;63042,20492
14/08/2026 21:05:00;63042,20492;63042,20492;63008,02;63027,99
14/08/2026 21:10:00;63027,99;63029,61;63012,37;63012,37
14/08/2026 21:15:00;63012,37;63021,73;63009,284473;63021,73
14/08/2026 21:20:00;63021,73;63033,41;63013,89;63027,86
14/08/2026 21:25:00;63027,86;63027,87;63000,01;63000,01
14/08/2026 21:30:00;63014,93;63023,97;62996,209023;63015,93
14/08/2026 21:35:00;63015,93;63021,67;63000,67;63018,68
14/08/2026 21:40:00;63018,68;63020,0;62996,27;63020,0
14/08/2026 21:45:00;63020,0;63031,81;63018,418;63018,418
14/08/2026 21:50:00;63018,418;63018,418;62992,92;63000,0
14/08/2026 21:55:00;63000,0;63026,34;62999,97;63019,88
14/08/2026 22:00:00;63019,88;63019,88;63006,03;63006,04
14/08/2026 22:05:00;63006,04;63013,25;62993,57;63013,24
14/08/2026 22:10:00;63013,24;63035,27;63000,0;63010,0
14/08/2026 22:15:00;63012,89;63012,89;63000,0;63001,29
14/08/2026 22:20:00;63001,29;63037,92;62999,89;63037,92
14/08/2026 22:25:00;63037,92;63037,92;63014,4;63034,0
14/08/2026 22:30:00;63034,0;63037,92;63015,7;63021,68
14/08/2026 22:35:00;63021,68;63046,38;63021,68;63044,01
14/08/2026 22:40:00;63044,01;63051,78;63030,0;63030,0
14/08/2026 22:45:00;63030,0;63030,01;63024,14;63024,14
14/08/2026 22:50:00;63024,14;63024,15;63023,64;63023,65
14/08/2026 22:55:00;63023,65;63045,14;63014,6398;63045,13
14/08/2026 23:00:00;63045,14;63063,68;63045,11;63063,67
14/08/2026 23:05:00;63063,67;63065,8;63045,49;63048,44
14/08/2026 23:10:00;63048,44;63052,0;63035,95;63051,99
14/08/2026 23:15:00;63061,93;63104,19;63023,200548;63080,0
14/08/2026 23:20:00;63080,01;63109,33;63080,0;63103,99
14/08/2026 23:25:00;63103,99;63118,41;63102,57;63102,58
14/08/2026 23:30:00;63102,58;63130,17;63102,57;63130,17
14/08/2026 23:35:00;63130,17;63146,78;63112,11;63146,78
14/08/2026 23:40:00;63146,78;63164,0;63120,662214;63121,12
14/08/2026 23:45:00;63121,12;63134,41;63121,12;63134,41
14/08/2026 23:50:00;63134,4;63140,08;63130,0;63130,0
14/08/2026 23:55:00;63130,01;63134,41;63114,4;63134,4
15/08/2026 00:00:00;63134,41;63138,42;63130,41;63134,41
15/08/2026 00:05:00;63138,53;63146,97;63118,97;63135,01
15/08/2026 00:10:00;63135,0;63147,48;63123,64;63147,48
15/08/2026 00:15:00;63147,48;63186,0;63126,0;63126,0
15/08/2026 00:20:00;63126,0;63132,01;63108,05;63110,77
15/08/2026 00:25:00;63102,58;63113,0;63088,0;63091,75
15/08/2026 00:30:00;63091,74;63111,75;63086,21;63086,21
15/08/2026 00:35:00;63074,0;63098,0;63037,97;63037,97
15/08/2026 00:40:00;63037,97;63064,35;63037,97;63064,35
15/08/2026 00:45:00;63064,35;63064,35;63060,35;63060,35
15/08/2026 00:50:00;63060,35;63074,0;63060,35;63074,0
15/08/2026 00:55:00;63074,0;63079,0;63040,0;63041,69
15/08/2026 01:00:00;63041,69;63080,01;63041,69;63080,0
15/08/2026 01:05:00;63080,0;63085,17;63070,61;63070,62
15/08/2026 01:10:00;63070,62;63100,0;63070,61;63100,0
15/08/2026 01:15:00;63110,07;63130,0;63089,86291;63115,235522
15/08/2026 01:20:00;63115,235522;63125,84;63115,235522;63124,57
15/08/2026 01:25:00;63124,57;63124,57;63120,57;63124,57
15/08/2026 01:30:00;63124,56;63127,29;63120,57;63123,31
15/08/2026 01:35:00;63123,31;63145,71;63123,31;63130,46
15/08/2026 01:40:00;63130,46;63155,47;63111,19;63111,19
15/08/2026 01:45:00;63111,19;63151,65;63111,19;63146,01
15/08/2026 01:50:00;63146,01;63146,02;63118,6;63118,6
15/08/2026 01:55:00;63118,6;63130,0;63118,6;63122,0
15/08/2026 02:00:00;63122,0;63124,54;63114,01;63124,53
15/08/2026 02:05:00;63124,53;63141,52;63124,53;63141,5
15/08/2026 02:10:00;63141,5;63149,53;63141,5;63147,53
15/08/2026 02:15:00;63147,53;63190,342311;63147,53;63185,552419
15/08/2026 02:20:00;63185,552419;63211,21;63134,21;63211,21
15/08/2026 02:25:00;63211,21;63211,21;63117,54;63124,54
15/08/2026 02:30:00;63124,54;63127,54;63114,53;63127,54
15/08/2026 02:35:00;63127,54;63133,0;63068,0;63133,0
15/08/2026 02:40:00;63133,0;63148,01;63063,01;63063,99
15/08/2026 02:45:00;63063,99;63081,19;63063,99;63068,96
15/08/2026 02:50:00;63068,96;63068,96;63058,0;63068,53
15/08/2026 02:55:00;63068,53;63094,23;63039,99;63089,0
15/08/2026 03:00:00;63089,0;63089,02;63089,0;63089,0
15/08/2026 03:05:00;63089,0;63095,32;63089,0;63093,59
15/08/2026 03:10:00;63093,6;63093,63;63037,76;63037,76
15/08/2026 03:15:00;63037,76;63047,68;63037,76;63047,66
15/08/2026 03:20:00;63047,66;63065,34;63039,68;63059,13
15/08/2026 03:25:00;63059,13;63067,85;63029,14;63036,5
15/08/2026 03:30:00;63036,5;63059,36;63036,5;63059,35
15/08/2026 03:35:00;63059,35;63061,36;63054,0;63055,41
15/08/2026 03:40:00;63055,41;63069,29;63045,29;63069,29
15/08/2026 03:45:00;63069,29;63077,51;63067,28;63077,51
15/08/2026 03:50:00;63077,51;63126,13;63077,51;63126,13
15/08/2026 03:55:00;63126,13;63141,68;63108,0;63141,68
15/08/2026 04:00:00;63141,68;63141,68;63113,5;63113,5
15/08/2026 04:05:00;63113,5;63113,51;63070,15;63070,16
15/08/2026 04:10:00;63070,16;63134,83;63068,0;63134,83
15/08/2026 04:15:00;63134,83;63142,23;63094,23;63142,23
15/08/2026 04:20:00;63142,23;63142,23;63069,83;63092,0
15/08/2026 04:25:00;63092,0;63100,37;63076,74;63076,74
15/08/2026 04:30:00;63076,74;63076,75;63063,01;63076,54
15/08/2026 04:35:00;63076,54;63099,48;63076,53;63086,53
15/08/2026 04:40:00;63086,53;63086,54;63079,92;63079,93
15/08/2026 04:45:00;63079,93;63079,93;63078,0;63078,01
15/08/2026 04:50:00;63078,01;63078,01;63076,0;63076,0
15/08/2026 04:55:00;63076,0;63082,0;63042,01;63079,22
15/08/2026 05:00:00;63079,22;63085,8;63067,01;63067,01
15/08/2026 05:05:00;63067,01;63076,01;63062,17;63063,44
15/08/2026 05:10:00;63063,44;63065,88;63061,87;63061,88
15/08/2026 05:15:00;63061,88;63064,88;63046,0;63046,0
15/08/2026 05:20:00;63046,0;63061,83;63018,515229;63034,515229
15/08/2026 05:25:00;63034,515229;63054,69;63017,994143;63052,71
15/08/2026 05:30:00;63052,71;63054,7;63040,0;63040,0
15/08/2026 05:35:00;63040,0;63040,0;63031,33;63031,34
15/08/2026 05:40:00;63031,34;63031,34;63018,01;63018,01
15/08/2026 05:45:00;63018,01;63057,58;63015,01;63051,132516
15/08/2026 05:50:00;63051,132516;63051,132516;62962,81;62982,8
15/08/2026 05:55:00;62982,8;62982,8;62935,72;62959,72
15/08/2026 06:00:00;62959,72;62959,72;62918,01;62918,01
15/08/2026 06:05:00;62918,01;62949,12;62918,01;62946,67
15/08/2026 06:10:00;62946,67;62956,64;62926,64;62956,63
15/08/2026 06:15:00;62956,64;62975,63;62956,63;62975,62
15/08/2026 06:20:00;62975,62;62975,63;62967,93;62967,93
15/08/2026 06:25:00;62967,93;62982,76;62967,38;62967,38
15/08/2026 06:30:00;62967,38;62993,78;62960,96;62960,96
15/08/2026 06:35:00;62960,96;63006,73;62958,154743;63000,73
15/08/2026 06:40:00;63000,73;63039,14;63000,73;63039,14
15/08/2026 06:45:00;63039,14;63048,61;63016,61;63048,61
15/08/2026 06:50:00;63048,61;63051,63;63008,675413;63042,46
15/08/2026 06:55:00;63042,46;63045,83;63030,38;63030,38
15/08/2026 07:00:00;63033,24;63033,25;63002,12;63002,12
15/08/2026 07:05:00;63002,12;63015,43;63002,12;63015,43
15/08/2026 07:10:00;63015,43;63021,79;63015,42;63018,81
15/08/2026 07:15:00;63018,8;63019,8;63015,81;63018,81
15/08/2026 07:20:00;63018,8;63020,0;63008,0;63020,0
15/08/2026 07:25:00;63020,0;63020,01;63019,99;63019,99
15/08/2026 07:30:00;63019,99;63044,0;63018,76;63028,87
15/08/2026 07:35:00;63028,87;63034,0;63024,55;63033,99
15/08/2026 07:40:00;63033,99;63036,0;63032,39;63036,0
15/08/2026 07:45:00;63036,0;63050,0;63035,99;63050,0
15/08/2026 07:50:00;63050,0;63051,74;63035,99;63035,99
15/08/2026 07:55:00;63035,99;63050,01;63027,12;63050,0
15/08/2026 08:00:00;63050,0;63050,0;63029,68;63029,99
15/08/2026 08:05:00;63029,99;63037,79;63029,99;63037,79
15/08/2026 08:10:00;63037,78;63037,79;63030,0;63030,0
15/08/2026 08:15:00;63030,0;63044,94;63030,0;63033,84
15/08/2026 08:20:00;63033,84;63033,84;63030,0;63030,0
15/08/2026 08:25:00;63030,0;63032,54;63029,54;63032,53
15/08/2026 08:30:00;63032,54;63038,93;63032,54;63035,01
15/08/2026 08:35:00;63035,01;63035,01;63035,0;63035,0
15/08/2026 08:40:00;63035,0;63047,78;63035,0;63047,77
15/08/2026 08:45:00;63051,74;63054,69;63000,0;63008,05
15/08/2026 08:50:00;63004,99;63025,2;62996,85;63025,2
15/08/2026 08:55:00;63025,2;63028,0;63022,0;63022,0
15/08/2026 09:00:00;63022,0;63022,01;63000,0;63000,01
15/08/2026 09:05:00;63000,01;63000,01;62992,51;63000,0
15/08/2026 09:10:00;63000,0;63000,0;62989,23;62989,23
15/08/2026 09:15:00;62986,36;62990,41;62984,73;62986,22
15/08/2026 09:20:00;62986,22;62987,26;62978,25;62987,26
15/08/2026 09:25:00;62987,26;62988,26;62987,23;62987,26
15/08/2026 09:30:00;62987,25;62989,0;62985,0;62989,0
15/08/2026 09:35:00;62989,0;62989,0;62982,01;62982,01
15/08/2026 09:40:00;62982,01;62982,01;62960,46;62960,46
15/08/2026 09:45:00;62960,47;62960,47;62946,58;62953,52
15/08/2026 09:50:00;62953,52;62956,05;62951,51;62956,04
15/08/2026 09:55:00;62956,04;63055,36;62956,04;63050,13
15/08/2026 10:00:00;63050,13;63070,84;63028,11;63070,84
15/08/2026 10:05:00;63070,84;63080,88;63054,68;63054,68
15/08/2026 10:10:00;63054,68;63073,14;63054,68;63073,13
15/08/2026 10:15:00;63073,13;63080,082903;63038,55;63052,28
15/08/2026 10:20:00;63052,28;63058,0;63036,25;63042,6
15/08/2026 10:25:00;63042,61;63043,29;63036,0;63036,01
15/08/2026 10:30:00;63036,0;63040,95;63031,46;63040,94
15/08/2026 10:35:00;63040,94;63049,59;63039,913333;63040,05
15/08/2026 10:40:00;63040,04;63040,08;63031,43;63031,44
15/08/2026 10:45:00;63031,43;63052,32;63031,43;63048,1
15/08/2026 10:50:00;63048,09;63055,0;63048,09;63048,09
15/08/2026 10:55:00;63048,09;63060,39;63048,09;63060,35
15/08/2026 11:00:00;63060,35;63060,35;63034,45;63034,46
15/08/2026 11:05:00;63034,46;63042,83;63034,45;63042,82
15/08/2026 11:10:00;63042,82;63055,01;63038,0;63055,01
15/08/2026 11:15:00;63055,01;63055,01;63029,86;63029,87
15/08/2026 11:20:00;63029,86;63031,01;62996,77;63015,99
15/08/2026 11:25:00;63015,99;63040,08;63015,99;63040,0
15/08/2026 11:30:00;63040,01;63040,01;63034,81;63038,82
15/08/2026 11:35:00;63038,82;63040,0;63029,89;63029,9
15/08/2026 11:40:00;63040,01;63040,08;63028,08;63040,01
15/08/2026 11:45:00;63040,0;63045,16;63040,0;63045,16
15/08/2026 11:50:00;63045,16;63050,0;63041,53;63049,99
15/08/2026 11:55:00;63049,99;63051,43;63040,0;63040,0
15/08/2026 12:00:00;63040,0;63045,7;63040,0;63045,7
15/08/2026 12:05:00;63045,7;63045,7;63040,0;63040,01
15/08/2026 12:10:00;63040,01;63040,02;63036,02;63040,02
15/08/2026 12:15:00;63040,02;63078,95;63032,0;63078,95
15/08/2026 12:20:00;63078,95;63078,95;63057,65;63072,85
15/08/2026 12:25:00;63072,85;63073,55;63063,82;63073,55
15/08/2026 12:30:00;63073,55;63097,41;63073,54;63097,4
15/08/2026 12:35:00;63097,4;63120,67;63097,4;63120,67
15/08/2026 12:40:00;63120,67;63120,67;63115,6;63115,6
15/08/2026 12:45:00;63115,6;63115,6;63115,1;63115,12
15/08/2026 12:50:00;63115,12;63115,7;63100,7;63100,7
15/08/2026 12:55:00;63100,7;63100,71;63100,56;63100,57
15/08/2026 13:00:00;63100,01;63100,01;63094,02;63094,02
15/08/2026 13:05:00;63094,02;63094,03;63076,0;63086,4
15/08/2026 13:10:00;63086,4;63098,3;63083,03;63083,03
15/08/2026 13:15:00;63083,03;63083,04;63066,73;63079,47
15/08/2026 13:20:00;63079,47;63105,0;63079,46;63092,99
15/08/2026 13:25:00;63092,99;63121,6;63091,98;63121,59
15/08/2026 13:30:00;63116,02;63122,93;63092,92;63122,93
15/08/2026 13:35:00;63122,93;63122,93;63095,89;63096,63
15/08/2026 13:40:00;63096,63;63096,63;63070,62;63070,62
15/08/2026 13:45:00;63070,62;63096,63;63070,62;63095,63
15/08/2026 13:50:00;63095,63;63098,63;63095,63;63096,65
15/08/2026 13:55:00;63096,65;63096,65;63096,6;63096,63
15/08/2026 14:00:00;63096,63;63096,63;63092,62;63096,59
15/08/2026 14:05:00;63096,59;63096,59;63096,58;63096,58
15/08/2026 14:10:00;63096,58;63096,59;63095,58;63096,59
15/08/2026 14:15:00;63096,59;63103,688889;63096,58;63103,688889
15/08/2026 14:20:00;63103,688889;63103,688889;63066,21;63066,22
15/08/2026 14:25:00;63066,22;63071,29;63066,22;63070,5
15/08/2026 14:30:00;63070,5;63070,5;63070,49;63070,5
15/08/2026 14:35:00;63070,5;63070,5;63070,49;63070,5
15/08/2026 14:40:00;63070,5;63070,5;63070,49;63070,49
15/08/2026 14:45:00;63070,49;63070,5;63070,48;63070,49
15/08/2026 14:50:00;63070,49;63070,5;63060,49;63070,49
15/08/2026 14:55:00;63070,49;63073,5;63060,49;63070,49
15/08/2026 15:00:00;63070,49;63070,5;63068,49;63070,48
15/08/2026 15:05:00;63070,48;63084,33;63070,0;63084,33
15/08/2026 15:10:00;63084,33;63115,58;63084,33;63097,16
15/08/2026 15:15:00;63097,16;63097,16;63052,0;63052,01
15/08/2026 15:20:00;63052,01;63061,27;63052,0;63061,26
15/08/2026 15:25:00;63061,27;63061,27;63050,05;63050,05
15/08/2026 15:30:00;63050,05;63050,06;63045,02619;63050,05
15/08/2026 15:35:00;63050,05;63050,06;63040,05;63050,06
15/08/2026 15:40:00;63050,06;63050,08;63046,05;63050,06
15/08/2026 15:45:00;63050,06;63050,08;63044,06;63045,95
15/08/2026 15:50:00;63045,96;63052,23;63042,95;63052,22
15/08/2026 15:55:00;63052,22;63057,58;63047,53;63057,58
15/08/2026 16:00:00;63057,58;63066,0;63056,94;63065,99
15/08/2026 16:05:00;63065,99;63089,2;63064,2;63064,2
15/08/2026 16:10:00;63064,2;63090,98;63064,2;63086,6
15/08/2026 16:15:00;63086,61;63108,61;63071,935874;63108,6
15/08/2026 16:20:00;63108,6;63124,75;63098,58;63124,75
15/08/2026 16:25:00;63124,75;63125,72;63101,31;63101,32
15/08/2026 16:30:00;63101,32;63101,32;63091,32;63091,32
15/08/2026 16:35:00;63091,32;63127,4;63091,32;63116,08
15/08/2026 16:40:00;63116,08;63125,57;63115,57;63125,57
15/08/2026 16:45:00;63125,57;63125,57;63115,57;63125,0
15/08/2026 16:50:00;63125,0;63126,08;63122,39;63126,07
15/08/2026 16:55:00;63126,07;63126,08;63126,07;63126,07
15/08/2026 17:00:00;63126,07;63126,08;63116,83;63116,83
15/08/2026 17:05:00;63116,83;63116,84;63096,0;63096,0
15/08/2026 17:10:00;63096,0;63133,62;63076,96;63133,62
15/08/2026 17:15:00;63133,62;63133,62;63078,62;63078,62
15/08/2026 17:20:00;63078,63;63078,63;63075,63;63075,63
15/08/2026 17:25:00;63075,63;63078,63;63069,63;63069,63
15/08/2026 17:30:00;63069,63;63078,63;63063,63;63063,63
15/08/2026 17:35:00;63063,63;63078,63;63055,61694;63078,62
15/08/2026 17:40:00;63078,62;63081,17;63078,62;63081,17
15/08/2026 17:45:00;63081,17;63099,96;63057,0;63099,96
15/08/2026 17:50:00;63099,95;63102,0;63098,0;63102,0
15/08/2026 17:55:00;63102,0;63103,3;63099,99;63103,3
15/08/2026 18:00:00;63103,3;63103,3;63103,29;63103,29
15/08/2026 18:05:00;63103,29;63103,3;63093,29;63103,3
15/08/2026 18:10:00;63103,3;63104,56;63103,29;63104,56
15/08/2026 18:15:00;63104,56;63104,56;63098,55;63098,55
15/08/2026 18:20:00;63098,55;63119,72;63098,55;63119,71
15/08/2026 18:25:00;63119,71;63154,98;63119,71;63154,98
15/08/2026 18:30:00;63154,98;63154,98;63142,43;63146,44
15/08/2026 18:35:00;63146,43;63153,45;63139,57;63153,45
15/08/2026 18:40:00;63153,45;63168,17;63153,44;63168,17
15/08/2026 18:45:00;63168,17;63168,17;63155,6;63161,96
15/08/2026 18:50:00;63161,96;63167,0;63155,07;63159,99
15/08/2026 18:55:00;63159,99;63169,99;63159,03;63159,04
15/08/2026 19:00:00;63159,04;63165,53;63154,928;63155,074
15/08/2026 19:05:00;63155,074;63155,074;63113,16037;63153,22
15/08/2026 19:10:00;63153,22;63153,22;63108,01;63108,01
15/08/2026 19:15:00;63108,01;63147,0;63084,018571;63137,64
15/08/2026 19:20:00;63137,64;63142,31;63137,63;63142,31
15/08/2026 19:25:00;63142,31;63152,63;63142,3;63152,63
15/08/2026 19:30:00;63152,63;63156,35;63152,62;63156,34
15/08/2026 19:35:00;63156,35;63156,35;63154,35;63156,34
15/08/2026 19:40:00;63156,35;63159,33;63156,34;63158,8
15/08/2026 19:45:00;63158,8;63175,0;63158,8;63175,0
15/08/2026 19:50:00;63175,0;63175,0;63135,52;63135,53
15/08/2026 19:55:00;63135,53;63135,53;63135,51;63135,51
15/08/2026 20:00:00;63135,51;63139,95;63135,47;63139,95
15/08/2026 20:05:00;63139,96;63139,96;63139,95;63139,95
15/08/2026 20:10:00;63139,95;63139,96;63112,9;63134,0
15/08/2026 20:15:00;63134,0;63134,0;63130,0;63130,01
15/08/2026 20:20:00;63130,01;63130,01;63127,61;63127,62
15/08/2026 20:25:00;63127,62;63127,62;63112,0;63112,0
15/08/2026 20:30:00;63112,0;63112,01;63107,63;63107,63
15/08/2026 20:35:00;63107,63;63107,63;63099,01;63099,98
15/08/2026 20:40:00;63099,98;63102,76;63099,98;63102,75
15/08/2026 20:45:00;63102,75;63103,85;63102,75;63103,85
15/08/2026 20:50:00;63103,85;63104,0;63086,01;63086,01
15/08/2026 20:55:00;63086,01;63086,033;63085,989;63086,0
15/08/2026 21:00:00;63086,01;63086,01;63067,4625;63067,4625
15/08/2026 21:05:00;63067,4625;63072,53;63067,4625;63070,48
15/08/2026 21:10:00;63070,48;63072,748;63070,47;63071,74
15/08/2026 21:15:00;63071,74;63071,75;63069,74;63071,75
15/08/2026 21:20:00;63071,75;63071,75;63071,74;63071,74
15/08/2026 21:25:00;63071,74;63071,75;63071,74;63071,74
15/08/2026 21:30:00;63071,74;63071,75;63062,86;63062,87
15/08/2026 21:35:00;63062,87;63070,0;63059,96;63059,96
15/08/2026 21:40:00;63059,96;63070,0;63059,96;63070,0
15/08/2026 21:45:00;63070,0;63083,81;63069,99;63070,72
15/08/2026 21:50:00;63070,72;63073,02;63070,7;63073,02
15/08/2026 21:55:00;63073,02;63085,82;63073,01;63085,82
15/08/2026 22:00:00;63085,82;63085,82;63075,0;63075,0
15/08/2026 22:05:00;63075,0;63075,03;63058,64;63058,65
15/08/2026 22:10:00;63058,65;63058,65;63052,25;63052,25
15/08/2026 22:15:00;63052,25;63056,8;63052,22;63056,79
15/08/2026 22:20:00;63056,8;63078,75;63054,8;63078,75
15/08/2026 22:25:00;63078,75;63078,75;63059,67;63059,67
15/08/2026 22:30:00;63059,68;63059,68;63057,97;63059,25
15/08/2026 22:35:00;63059,25;63059,27;63012,0;63012,0
15/08/2026 22:40:00;63012,0;63066,94;63012,0;63066,93
15/08/2026 22:45:00;63066,93;63066,94;63066,93;63066,94
15/08/2026 22:50:00;63066,93;63096,94;63054,68;63054,69
15/08/2026 22:55:00;63054,69;63084,78;63054,67;63084,78
15/08/2026 23:00:00;63084,78;63084,78;63046,36;63046,36
15/08/2026 23:05:00;63046,37;63046,37;63046,36;63046,37
15/08/2026 23:10:00;63046,36;63046,36;63024,22;63024,22
15/08/2026 23:15:00;63024,22;63036,44;63024,22;63036,44
15/08/2026 23:20:00;63040,99;63112,87;63040,99;63112,87
15/08/2026 23:25:00;63112,87;63120,99;63112,86;63115,01
15/08/2026 23:30:00;63115,01;63122,06;63115,0;63122,05
15/08/2026 23:35:00;63122,05;63129,6;63115,59;63120,94
15/08/2026 23:40:00;63120,94;63151,59;63120,94;63151,58
15/08/2026 23:45:00;63151,58;63151,59;63132,43;63141,05
15/08/2026 23:50:00;63141,05;63141,06;63115,6;63121,91
15/08/2026 23:55:00;63121,91;63121,92;63121,91;63121,91
16/08/2026 00:00:00;63121,91;63121,92;63121,91;63121,92
16/08/2026 00:05:00;63121,92;63125,0;63121,91;63125,0
16/08/2026 00:10:00;63125,0;63125,0;63122,98;63122,98
16/08/2026 00:15:00;63122,98;63122,99;63115,61;63119,99
16/08/2026 00:20:00;63119,99;63120,0;63119,99;63119,99
16/08/2026 00:25:00;63120,0;63124,99;63117,99;63120,0
16/08/2026 00:30:00;63120,0;63120,76;63119,99;63120,76
16/08/2026 00:35:00;63120,76;63124,04;63108,76;63124,04
16/08/2026 00:40:00;63124,04;63124,04;63115,03;63115,982
16/08/2026 00:45:00;63115,982;63124,04;63112,03;63124,04
16/08/2026 00:50:00;63124,04;63124,63;63120,93;63120,93
16/08/2026 00:55:00;63120,93;63130,01;63120,93;63130,01
16/08/2026 01:00:00;63130,01;63133,03;63130,0;63133,03
16/08/2026 01:05:00;63133,03;63133,04;63133,03;63133,03
16/08/2026 01:10:00;63133,03;63134,73;63133,03;63134,73
16/08/2026 01:15:00;63134,73;63158,8;63134,72;63158,79
16/08/2026 01:20:00;63158,79;63158,8;63151,2;63151,21
16/08/2026 01:25:00;63151,21;63153,56;63149,21;63153,55
16/08/2026 01:30:00;63153,55;63153,56;63125,0;63125,01
16/08/2026 01:35:00;63125,01;63125,01;63124,42;63124,42
16/08/2026 01:40:00;63124,42;63124,43;63116,89;63116,9
16/08/2026 01:45:00;63116,9;63124,01;63116,89;63124,01
16/08/2026 01:50:00;63124,01;63124,43;63110,42;63110,42
16/08/2026 01:55:00;63110,42;63124,43;63090,0;63112,01
16/08/2026 02:00:00;63112,01;63112,01;63074,27;63093,99
16/08/2026 02:05:00;63094,0;63094,0;63092,0;63094,0
16/08/2026 02:10:00;63094,0;63094,0;63093,99;63094,0
16/08/2026 02:15:00;63094,0;63094,0;63070,0;63070,0
16/08/2026 02:20:00;63070,0;63070,01;63070,0;63070,0
16/08/2026 02:25:00;63070,0;63070,01;63068,01;63070,01
16/08/2026 02:30:00;63070,01;63070,01;63066,0;63068,54
16/08/2026 02:35:00;63068,54;63075,0;63068,53;63074,99
16/08/2026 02:40:00;63074,99;63075,0;63051,99;63053,27
16/08/2026 02:45:00;63053,27;63053,27;63046,0;63047,13
16/08/2026 02:50:00;63047,13;63059,92;63047,13;63059,91
16/08/2026 02:55:00;63059,91;63070,0;63040,0;63069,43
16/08/2026 03:00:00;63069,43;63069,43;63066,89;63066,9
16/08/2026 03:05:00;63066,9;63078,41;63066,89;63078,41
16/08/2026 03:10:00;63078,41;63078,41;63043,21;63043,99
16/08/2026 03:15:00;63043,99;63066,21;63043,99;63057,37
16/08/2026 03:20:00;63057,37;63057,38;63054,34;63054,34
16/08/2026 03:25:00;63054,35;63072,32;63054,34;63072,32
16/08/2026 03:30:00;63072,32;63072,32;63057,03;63058,48
16/08/2026 03:35:00;63058,48;63058,49;63058,48;63058,49
16/08/2026 03:40:00;63058,49;63058,49;63058,47;63058,47
16/08/2026 03:45:00;63058,47;63078,0;63058,47;63074,01
16/08/2026 03:50:00;63074,01;63078,01;63072,47;63072,48
16/08/2026 03:55:00;63072,48;63072,48;63069,31;63069,32
16/08/2026 04:00:00;63069,32;63069,32;63054,83;63054,83
16/08/2026 04:05:00;63054,83;63054,84;63054,83;63054,84
16/08/2026 04:10:00;63054,84;63054,84;63054,34;63054,34
16/08/2026 04:15:00;63054,34;63054,35;63033,35;63054,35
16/08/2026 04:20:00;63054,35;63062,03;63054,34;63061,03
16/08/2026 04:25:00;63061,02;63061,03;63022,03;63022,03
16/08/2026 04:30:00;63022,03;63061,03;63016,659994;63019,02
16/08/2026 04:35:00;63019,02;63063,03;63002,354046;63063,03
16/08/2026 04:40:00;63063,03;63063,03;63061,02;63061,03
16/08/2026 04:45:00;63061,03;63061,03;63061,02;63061,03
16/08/2026 04:50:00;63061,02;63061,03;63060,98;63061,03
16/08/2026 04:55:00;63061,03;63061,03;63061,02;63061,03
16/08/2026 05:00:00;63061,03;63064,11;63061,02;63064,11
16/08/2026 05:05:00;63064,11;63064,11;63064,1;63064,1
16/08/2026 05:10:00;63064,11;63064,11;63064,1;63064,11
16/08/2026 05:15:00;63064,11;63064,11;63064,1;63064,1
16/08/2026 05:20:00;63064,1;63064,11;63064,1;63064,11
16/08/2026 05:25:00;63064,11;63079,76;63064,11;63079,76
16/08/2026 05:30:00;63079,76;63079,76;63072,42;63072,42
16/08/2026 05:35:00;63072,42;63072,43;63072,42;63072,42
16/08/2026 05:40:00;63072,42;63072,43;63072,42;63072,42
16/08/2026 05:45:00;63072,42;63072,43;63072,42;63072,43
16/08/2026 05:50:00;63072,43;63072,43;63072,42;63072,43
16/08/2026 05:55:00;63072,43;63072,43;63062,43;63072,42
16/08/2026 06:00:00;63072,42;63072,43;63072,42;63072,42
16/08/2026 06:05:00;63072,42;63072,43;63072,42;63072,42
16/08/2026 06:10:00;63072,42;63072,43;63072,4;63072,43
16/08/2026 06:15:00;63072,43;63072,43;63072,42;63072,43
16/08/2026 06:20:00;63072,43;63072,43;63071,42;63072,43
16/08/2026 06:25:00;63072,42;63072,43;63062,424838;63072,42
16/08/2026 06:30:00;63072,42;63072,43;63054,34;63054,34
16/08/2026 06:35:00;63054,34;63056,73;63054,34;63056,73
16/08/2026 06:40:00;63056,72;63056,73;63000,0;63000,0
16/08/2026 06:45:00;63000,0;63000,0;62968,98;62997,99
16/08/2026 06:50:00;62998,0;63008,69;62993,69;63008,69
16/08/2026 06:55:00;63008,69;63008,69;62992,68;62992,69
16/08/2026 07:00:00;62992,69;62992,69;62968,45;62968,45
16/08/2026 07:05:00;62968,45;62987,78;62963,42;62987,78
16/08/2026 07:10:00;62987,78;62991,13;62961,12;62987,79
16/08/2026 07:15:00;62987,79;62987,79;62987,78;62987,78
16/08/2026 07:20:00;62987,78;62991,74;62986,74;62986,74
16/08/2026 07:25:00;62986,74;63013,62;62986,74;63013,62
16/08/2026 07:30:00;63013,62;63013,62;63008,56;63008,56
16/08/2026 07:35:00;63008,56;63008,57;63008,56;63008,57
16/08/2026 07:40:00;63008,57;63008,57;63008,56;63008,57
16/08/2026 07:45:00;63008,57;63008,57;63008,56;63008,57
16/08/2026 07:50:00;63008,57;63008,57;63007,57;63008,57
16/08/2026 07:55:00;63008,56;63008,59;63008,56;63008,56
16/08/2026 08:00:00;63008,57;63008,57;63008,55;63008,57
16/08/2026 08:05:00;63008,57;63008,57;63008,56;63008,57
16/08/2026 08:10:00;63008,57;63008,57;63006,54;63006,54
16/08/2026 08:15:00;63006,54;63011,55;62996,55;62996,55
16/08/2026 08:20:00;62996,55;63006,55;62992,08;62992,08
16/08/2026 08:25:00;62992,08;62992,09;62981,31;62981,94
16/08/2026 08:30:00;62981,94;62987,62;62981,9;62987,62
16/08/2026 08:35:00;62987,62;62998,75;62987,61;62998,74
16/08/2026 08:40:00;62998,74;63003,5;62998,74;62999,64
16/08/2026 08:45:00;62999,64;62999,64;62983,97;62983,98
16/08/2026 08:50:00;62983,97;62988,5;62983,97;62988,5
16/08/2026 08:55:00;62988,5;63013,66;62988,49;63013,66
16/08/2026 09:00:00;63013,66;63014,22;63013,65;63014,22
16/08/2026 09:05:00;63014,22;63025,42;63014,22;63025,41
16/08/2026 09:10:00;63025,41;63025,45;63025,41;63025,45
16/08/2026 09:15:00;63025,45;63025,45;63025,35;63025,35
16/08/2026 09:20:00;63025,35;63025,38;63025,31;63025,36
16/08/2026 09:25:00;63025,36;63025,38;63025,3;63025,36
16/08/2026 09:30:00;63025,36;63034,95;63000,0;63004,95
16/08/2026 09:35:00;63004,95;63006,06;63004,94;63006,06
16/08/2026 09:40:00;63006,06;63006,072297;62997,77;62997,77
16/08/2026 09:45:00;62997,77;63010,0;62991,08;63009,99
16/08/2026 09:50:00;63009,99;63011,0;63009,96;63010,0
16/08/2026 09:55:00;63010,0;63021,99;63009,99;63021,98
16/08/2026 10:00:00;63021,98;63021,99;63021,98;63021,98
16/08/2026 10:05:00;63021,98;63054,34;63021,98;63054,34
16/08/2026 10:10:00;63054,34;63063,34;63054,34;63063,34
16/08/2026 10:15:00;63063,34;63070,0;63063,33;63069,99
16/08/2026 10:20:00;63070,0;63070,0;63058,02;63058,03
16/08/2026 10:25:00;63058,03;63063,0;63058,02;63062,99
16/08/2026 10:30:00;63062,99;63070,05;63062,99;63070,04
16/08/2026 10:35:00;63070,04;63070,05;63067,01;63067,01
16/08/2026 10:40:00;63067,01;63067,02;63067,01;63067,02
16/08/2026 10:45:00;63067,02;63067,02;63067,01;63067,01
16/08/2026 10:50:00;63067,01;63067,02;63067,01;63067,01
16/08/2026 10:55:00;63067,01;63067,02;63060,0;63060,0
16/08/2026 11:00:00;63060,0;63060,01;63060,0;63060,0
16/08/2026 11:05:00;63060,0;63063,05;63033,177285;63063,04
16/08/2026 11:10:00;63063,04;63063,05;63063,04;63063,04
16/08/2026 11:15:00;63063,04;63073,05;63063,04;63063,04
16/08/2026 11:20:00;63063,04;63100,9;63063,04;63100,9
16/08/2026 11:25:00;63100,9;63100,9;63080,0;63080,0
16/08/2026 11:30:00;63080,0;63094,58;63076,0;63094,58
16/08/2026 11:35:00;63094,58;63128,58;63085,58;63097,76
16/08/2026 11:40:00;63097,76;63100,9;63097,76;63100,9
16/08/2026 11:45:00;63100,9;63100,9;63100,86;63100,9
16/08/2026 11:50:00;63100,9;63100,9;63100,89;63100,9
16/08/2026 11:55:00;63100,9;63102,85;63100,87;63102,85
16/08/2026 12:00:00;63102,85;63114,0;63102,85;63113,99
16/08/2026 12:05:00;63114,0;63114,01;63113,99;63114,01
16/08/2026 12:10:00;63114,01;63120,0;63110,25;63110,25
16/08/2026 12:15:00;63110,25;63110,26;63110,25;63110,26
16/08/2026 12:20:00;63110,26;63110,28;63110,25;63110,28
16/08/2026 12:25:00;63110,28;63110,28;63110,22;63110,25
16/08/2026 12:30:00;63110,26;63130,0;63110,25;63129,99
16/08/2026 12:35:00;63129,99;63140,0;63129,99;63139,99
16/08/2026 12:40:00;63139,99;63140,0;63114,01;63114,02
16/08/2026 12:45:00;63114,02;63133,51;63114,01;63133,51
16/08/2026 12:50:00;63133,51;63133,51;63132,53;63132,53
16/08/2026 12:55:00;63132,53;63146,4;63129,99;63146,39
16/08/2026 13:00:00;63146,39;63148,69;63146,39;63148,69
16/08/2026 13:05:00;63148,69;63160,0;63137,35;63159,99
16/08/2026 13:10:00;63159,99;63212,0;63159,99;63207,99
16/08/2026 13:15:00;63207,99;63340,0;63206,96;63324,97
16/08/2026 13:20:00;63324,97;63324,97;63277,19;63317,91
16/08/2026 13:25:00;63317,91;63352,94;63316,88;63324,5
16/08/2026 13:30:00;63362,0;63363,075071;63291,844999;63363,075071
16/08/2026 13:35:00;63363,075071;63371,99;63322,0;63322,01
16/08/2026 13:40:00;63301,53;63323,568251;63290,0;63290,0
16/08/2026 13:45:00;63290,0;63290,01;63280,0;63289,01
16/08/2026 13:50:00;63289,01;63289,01;63206,31;63240,53
16/08/2026 13:55:00;63240,53;63266,7;63240,53;63260,01
16/08/2026 14:00:00;63260,01;63276,61;63237,0;63276,61
16/08/2026 14:05:00;63276,61;63276,61;63242,764;63266,18
16/08/2026 14:10:00;63266,18;63266,18;63209,4;63220,0
16/08/2026 14:15:00;63220,0;63231,72;63215,02;63215,03
16/08/2026 14:20:00;63215,03;63220,0;63210,0;63217,224712
16/08/2026 14:25:00;63217,224712;63217,224712;63185,0;63190,0
16/08/2026 14:30:00;63189,99;63195,0;63146,05;63146,05
16/08/2026 14:35:00;63146,05;63190,0;63146,05;63189,99
16/08/2026 14:40:00;63189,99;63190,0;63126,0;63126,0
16/08/2026 14:45:00;63126,0;63150,0;63124,26;63150,0
16/08/2026 14:50:00;63150,0;63164,0;63149,99;63164,0
16/08/2026 14:55:00;63164,0;63164,0;63159,3;63159,3
16/08/2026 15:00:00;63159,3;63166,39;63150,0;63166,39
16/08/2026 15:05:00;63166,39;63166,39;63145,18;63160,0
16/08/2026 15:10:00;63160,0;63160,01;63120,0;63140,0
16/08/2026 15:15:00;63140,0;63164,0;63139,99;63163,99
16/08/2026 15:20:00;63163,99;63173,71;63163,99;63171,68
16/08/2026 15:25:00;63171,68;63171,68;63147,53;63157,44
16/08/2026 15:30:00;63157,44;63157,45;63155,44;63157,45
16/08/2026 15:35:00;63157,45;63157,45;63150,0;63150,0
16/08/2026 15:40:00;63150,0;63150,01;63145,14;63145,14
16/08/2026 15:45:00;63145,14;63145,15;63145,14;63145,14
16/08/2026 15:50:00;63145,14;63145,15;63141,16;63141,17
16/08/2026 15:55:00;63141,16;63141,17;63140,05;63140,06
16/08/2026 16:00:00;63140,06;63148,1;63140,05;63148,09
16/08/2026 16:05:00;63148,09;63166,5;63148,09;63166,5
16/08/2026 16:10:00;63166,5;63190,0;63166,49;63182,01
16/08/2026 16:15:00;63182,01;63190,0;63182,0;63189,99
16/08/2026 16:20:00;63189,99;63210,0;63182,57;63188,0
16/08/2026 16:25:00;63188,0;63220,0;63187,99;63219,99
16/08/2026 16:30:00;63219,99;63220,0;63200,0;63206,57
16/08/2026 16:35:00;63206,57;63216,0;63206,57;63215,99
16/08/2026 16:40:00;63222,89;63242,02;63155,86;63157,91
16/08/2026 16:45:00;63157,91;63170,15;63152,04;63170,0
16/08/2026 16:50:00;63170,0;63170,0;63100,91;63101,32
16/08/2026 16:55:00;63101,32;63120,0;63100,89;63108,81
16/08/2026 17:00:00;63108,81;63120,82;63108,8;63110,83
16/08/2026 17:05:00;63110,83;63140,0;63105,82;63126,94
16/08/2026 17:10:00;63126,95;63140,0;63124,91;63135,97
16/08/2026 17:15:00;63135,97;63135,97;63127,44;63127,44
16/08/2026 17:20:00;63127,44;63127,45;63120,74;63120,74
16/08/2026 17:25:00;63120,74;63120,74;63084,58;63093,59
16/08/2026 17:30:00;63093,59;63107,53;63090,0;63107,53
16/08/2026 17:35:00;63107,53;63113,0;63098,08;63098,09
16/08/2026 17:40:00;63098,08;63098,09;63046,0;63071,57
16/08/2026 17:45:00;63071,57;63071,57;63044,01;63044,01
16/08/2026 17:50:00;63044,01;63067,99;63027,6;63067,99
16/08/2026 17:55:00;63067,99;63072,2;63064,24;63067,79
16/08/2026 18:00:00;63064,24;63074,26;63057,26;63063,36
16/08/2026 18:05:00;63063,35;63063,35;63030,0;63052,18
16/08/2026 18:10:00;63052,18;63062,0;63038,02;63057,99
16/08/2026 18:15:00;63057,99;63085,15;63054,68;63068,51
16/08/2026 18:20:00;63068,51;63068,51;63046,0;63046,0
16/08/2026 18:25:00;63046,0;63048,199739;63028,0;63032,01
16/08/2026 18:30:00;63032,01;63034,42;62999,42;62999,42
16/08/2026 18:35:00;62999,42;63041,0;62998,93;62998,93
16/08/2026 18:40:00;62998,93;62998,93;62762,62;62936,0
16/08/2026 18:45:00;62939,58;62966,0;62886,0;62966,0
16/08/2026 18:50:00;62969,99;62978,0;62930,0;62930,0
16/08/2026 18:55:00;62960,69;62963,7;62938,076134;62950,9376
16/08/2026 19:00:00;62950,9376;62956,78214;62812,01;62866,0
16/08/2026 19:05:00;62866,0;62916,0;62863,0;62914,99
16/08/2026 19:10:00;62914,99;62926,18;62908,0;62913,45
16/08/2026 19:15:00;62913,45;62932,42;62904,58;62904,58
16/08/2026 19:20:00;62904,59;62910,0;62868,01;62868,01
16/08/2026 19:25:00;62866,01;62866,01;62839,22;62839,22
16/08/2026 19:30:00;62839,22;62845,23;62796,44;62809,55
16/08/2026 19:35:00;62809,55;62809,55;62718,675001;62730,05
16/08/2026 19:40:00;62732,05;62790,0;62716,0;62790,0
16/08/2026 19:45:00;62790,0;62808,78;62742,0;62808,78
16/08/2026 19:50:00;62808,78;62822,0;62798,73;62822,0
16/08/2026 19:55:00;62829,06;62907,01;62826,221702;62907,01
16/08/2026 20:00:00;62907,01;62993,77;62907,01;62960,03
16/08/2026 20:05:00;62960,03;62966,68;62933,66;62964,68
16/08/2026 20:10:00;62964,68;62972,851565;62902,42277;62972,851565
16/08/2026 20:15:00;62972,851565;62972,851565;62866,0;62876,61
16/08/2026 20:20:00;62876,61;62913,92;62871,94;62876,01
16/08/2026 20:25:00;62876,01;62882,0;62829,01;62829,01
16/08/2026 20:30:00;62829,01;62852,99;62829,01;62852,99
16/08/2026 20:35:00;62852,99;62893,41;62851,07;62872,92
16/08/2026 20:40:00;62872,92;62898,13;62865,0;62898,12
16/08/2026 20:45:00;62898,12;62916,99;62884,63;62916,99
16/08/2026 20:50:00;62916,99;62927,55;62890,77;62890,77
16/08/2026 20:55:00;62890,76;62906,66;62888,37;62888,37
16/08/2026 21:00:00;62888,37;62932,87;62888,37;62932,87
16/08/2026 21:05:00;62932,87;62932,87;62882,0;62882,0
16/08/2026 21:10:00;62882,0;62909,53;62865,0;62909,53
16/08/2026 21:15:00;62905,25;62911,28;62835,1;62835,1
16/08/2026 21:20:00;62835,1;62871,58;62788,57;62792,6
16/08/2026 21:25:00;62792,59;62808,918903;62783,99;62795,412597
16/08/2026 21:30:00;62795,412597;62819,539569;62770,079409;62794,25
16/08/2026 21:35:00;62794,25;62796,851775;62748,851775;62757,438369
16/08/2026 21:40:00;62757,438369;62954,01;62757,438369;62954,01
16/08/2026 21:45:00;62945,01;62945,01;62871,95;62874,0
16/08/2026 21:50:00;62874,0;62890,38;62846,57;62890,38
16/08/2026 21:55:00;62890,38;62940,0;62890,38;62917,54
16/08/2026 22:00:00;62917,54;63137,95;62896,0;63129,99
16/08/2026 22:05:00;63129,99;63176,51;63085,0;63104,49
16/08/2026 22:10:00;63104,49;63109,3;63054,69;63060,01
16/08/2026 22:15:00;63060,01;63092,0;63028,0;63056,49
16/08/2026 22:20:00;63056,49;63146,06;63056,49;63129,36
16/08/2026 22:25:00;63129,36;63160,0;63118,0;63121,72
16/08/2026 22:30:00;63121,72;63246,91;63121,72;63199,99
16/08/2026 22:35:00;63199,99;63228,0;63165,99;63191,99
16/08/2026 22:40:00;63191,99;63230,0;63182,01;63213,99
16/08/2026 22:45:00;63213,99;63237,42;63161,59;63237,41
16/08/2026 22:50:00;63237,41;63237,41;63132,0;63132,58
16/08/2026 22:55:00;63132,58;63134,68;63116,11;63116,11
16/08/2026 23:00:00;63133,44;63134,954933;63050,67;63050,67
16/08/2026 23:05:00;63050,67;63063,67;63037,09;63060,49
16/08/2026 23:10:00;63060,49;63082,0;63060,48;63071,99
16/08/2026 23:15:00;63071,99;63106,96;63050,01;63083,26
16/08/2026 23:20:00;63083,26;63134,17;63083,26;63119,75
16/08/2026 23:25:00;63119,75;63206,74;63119,75;63186,01
16/08/2026 23:30:00;63186,01;63358,23;63136,0;63294,0
16/08/2026 23:35:00;63294,0;63303,03;63248,3;63266,72
16/08/2026 23:40:00;63266,72;63290,0;63252,63;63256,69
16/08/2026 23:45:00;63256,69;63286,0;63253,18;63278,04
16/08/2026 23:50:00;63278,04;63499,99;63278,04;63435,25
16/08/2026 23:55:00;63435,25;63449,85;63401,04;63403,33
17/08/2026 00:00:00;63403,33;63447,98;63378,37;63385,02
17/08/2026 00:05:00;63385,02;63392,7;63376,08;63391,02
17/08/2026 00:10:00;63391,02;63419,01;63366,9;63419,0
17/08/2026 00:15:00;63419,0;63425,36;63359,24;63359,24
17/08/2026 00:20:00;63366,0;63386,56;63352,29;63365,72
17/08/2026 00:25:00;63365,72;63367,51;63336,0;63367,51
17/08/2026 00:30:00;63367,51;63369,535714;63347,2;63350,0
17/08/2026 00:35:00;63350,0;63382,0;63349,99;63361,02
17/08/2026 00:40:00;63361,02;63361,02;63331,0;63331,0
17/08/2026 00:45:00;63331,0;63386,42;63331,0;63372,25
17/08/2026 00:50:00;63372,25;63483,0;63372,24;63402,99
17/08/2026 00:55:00;63402,99;63534,0;63402,99;63534,0
17/08/2026 01:00:00;63534,0;63534,0;63435,02;63445,02
17/08/2026 01:05:00;63445,02;63520,0;63432,11;63486,99
17/08/2026 01:10:00;63486,99;63515,56;63486,52;63486,53
17/08/2026 01:15:00;63486,53;63490,83;63472,0;63486,94
17/08/2026 01:20:00;63486,94;63524,41;63486,93;63494,65
17/08/2026 01:25:00;63494,65;63518,01;63491,01;63494,01
17/08/2026 01:30:00;63494,01;63518,01;63473,2;63499,42
17/08/2026 01:35:00;63499,41;63506,0;63486,05;63504,0
17/08/2026 01:40:00;63504,0;63520,0;63479,57;63479,99
17/08/2026 01:45:00;63479,99;63551,2;63479,99;63551,2
17/08/2026 01:50:00;63551,2;63580,0;63524,65;63524,65
17/08/2026 01:55:00;63524,65;63560,64;63524,65;63532,44
17/08/2026 02:00:00;63532,44;63532,44;63518,22;63518,23
17/08/2026 02:05:00;63518,23;63518,23;63429,21;63429,21
17/08/2026 02:10:00;63429,21;63518,608711;63387,031834;63387,031834
17/08/2026 02:15:00;63387,031834;63579,875;63387,031834;63561,99
17/08/2026 02:20:00;63561,99;63594,76;63557,57;63577,04
17/08/2026 02:25:00;63577,04;63577,05;63475,64;63482,65
17/08/2026 02:30:00;63488,06;63520,07;63488,06;63520,07
17/08/2026 02:35:00;63520,07;63573,95;63452,17;63560,17
17/08/2026 02:40:00;63560,17;63579,95;63442,03;63579,95
17/08/2026 02:45:00;63579,95;63593,0;63460,96;63593,0
17/08/2026 02:50:00;63593,0;63612,29;63499,99;63612,29
17/08/2026 02:55:00;63612,29;63646,17;63512,01;63646,17
17/08/2026 03:00:00;63646,17;63683,72;63477,95;63683,72
17/08/2026 03:05:00;63683,72;63698,44;63518,44;63518,44
17/08/2026 03:10:00;63518,44;63616,0;63518,44;63542,0
17/08/2026 03:15:00;63542,0;63597,14;63542,0;63597,14
17/08/2026 03:20:00;63597,14;63597,14;63560,7;63564,28
17/08/2026 03:25:00;63564,28;63588,74;63564,28;63583,0
17/08/2026 03:30:00;63583,0;63584,0;63566,41;63579,49
17/08/2026 03:35:00;63579,49;63604,8;63579,49;63602,83
17/08/2026 03:40:00;63602,83;63604,79;63598,11;63600,14
17/08/2026 03:45:00;63600,14;63715,58;63600,14;63693,23
17/08/2026 03:50:00;63662,65;63693,65;63628,0;63628,0
17/08/2026 03:55:00;63628,0;63668,0;63622,0;63668,0
17/08/2026 04:00:00;63668,0;63668,0;63569,51;63577,01
17/08/2026 04:05:00;63577,01;63597,97;63577,01;63588,0
17/08/2026 04:10:00;63588,0;63602,89;63566,73;63584,66
17/08/2026 04:15:00;63584,66;63584,66;63534,63;63555,51
17/08/2026 04:20:00;63555,51;63563,9;63555,51;63563,8
17/08/2026 04:25:00;63563,8;63596,92;63546,0;63596,92
17/08/2026 04:30:00;63596,92;63596,92;63562,53;63562,53
17/08/2026 04:35:00;63562,53;63564,07;63545,37;63560,02
17/08/2026 04:40:00;63560,02;63560,02;63538,5;63538,5
17/08/2026 04:45:00;63538,5;63550,01;63523,309333;63530,31
17/08/2026 04:50:00;63530,31;63544,02;63527,64;63539,56
17/08/2026 04:55:00;63539,56;63557,7;63514,44;63514,44
17/08/2026 05:00:00;63514,44;63545,08;63490,14;63499,99
17/08/2026 05:05:00;63499,99;63500,93;63446,07;63446,07
17/08/2026 05:10:00;63446,07;63458,07;63424,57;63433,77
17/08/2026 05:15:00;63433,77;63450,61;63420,0;63446,67
17/08/2026 05:20:00;63446,67;63446,68;63412,79;63416,73
17/08/2026 05:25:00;63416,73;63431,49;63405,0;63418,22
17/08/2026 05:30:00;63418,22;63429,06;63414,48;63414,48
17/08/2026 05:35:00;63414,48;63414,49;63399,3;63399,3
17/08/2026 05:40:00;63399,3;63399,31;63377,75;63377,75
17/08/2026 05:45:00;63377,75;63377,75;63370,0;63370,0
17/08/2026 05:50:00;63370,01;63385,5;63350,0;63380,5
17/08/2026 05:55:00;63380,5;63408,01;63367,98;63404,84
17/08/2026 06:00:00;63404,84;63408,72;63380,84;63393,99
17/08/2026 06:05:00;63393,99;63419,95;63393,99;63419,95
17/08/2026 06:10:00;63419,95;63423,3;63415,26;63423,3
17/08/2026 06:15:00;63423,3;63428,0;63381,4;63381,4
17/08/2026 06:20:00;63381,68;63381,68;63334,37;63350,0
17/08/2026 06:25:00;63350,0;63381,58;63349,99;63381,58
17/08/2026 06:30:00;63381,58;63381,58;63336,0;63342,39
17/08/2026 06:35:00;63342,39;63342,39;63320,0;63328,78
17/08/2026 06:40:00;63328,78;63328,79;63310,0;63310,1
17/08/2026 06:45:00;63310,1;63313,05;63295,0;63301,3
17/08/2026 06:50:00;63301,3;63323,99;63301,3;63323,97
17/08/2026 06:55:00;63323,97;63323,97;63323,96;63323,96
17/08/2026 07:00:00;63323,96;63338,3;63323,96;63338,3
17/08/2026 07:05:00;63338,3;63338,3;63300,25;63300,26
17/08/2026 07:10:00;63300,26;63336,91;63300,25;63336,91
17/08/2026 07:15:00;63336,91;63348,04;63304,0;63304,0
17/08/2026 07:20:00;63304,0;63335,03;63304,0;63335,03
17/08/2026 07:25:00;63335,03;63447,99;63335,02;63447,99
17/08/2026 07:30:00;63447,99;63500,0;63447,99;63479,26
17/08/2026 07:35:00;63479,26;63566,43;63479,26;63528,8
17/08/2026 07:40:00;63528,8;63646,67;63517,23;63639,99
17/08/2026 07:45:00;63639,99;63660,0;63610,0;63623,92
17/08/2026 07:50:00;63623,92;63639,38;63600,06;63618,84
17/08/2026 07:55:00;63618,84;63694,25;63602,88;63692,21
17/08/2026 08:00:00;63692,21;63705,46;63652,43;63667,9
17/08/2026 08:05:00;63667,9;63670,6;63650,0;63654,71
17/08/2026 08:10:00;63654,71;63668,99;63634,98;63668,99
17/08/2026 08:15:00;63668,99;63692,88;63640,54;63653,23
17/08/2026 08:20:00;63653,23;63694,18;63653,23;63677,92
17/08/2026 08:25:00;63677,92;63677,92;63651,66;63659,99
17/08/2026 08:30:00;63659,99;63693,0;63659,99;63690,87
17/08/2026 08:35:00;63690,87;63692,2;63677,95;63692,19
17/08/2026 08:40:00;63692,19;63693,0;63690,0;63692,99
17/08/2026 08:45:00;63692,99;63781,68;63692,99;63729,82
17/08/2026 08:50:00;63729,82;63729,82;63634,36;63648,29
17/08/2026 08:55:00;63648,29;63648,29;63587,05;63631,11
17/08/2026 09:00:00;63631,11;63661,44;63608,45;63620,57
17/08/2026 09:05:00;63620,57;63631,37;63589,59;63627,99
17/08/2026 09:10:00;63627,99;63680,0;63617,78;63662,94
17/08/2026 09:15:00;63662,94;63663,82;63602,48;63602,48
17/08/2026 09:20:00;63602,48;63633,25;63602,48;63620,15
17/08/2026 09:25:00;63609,26;63622,711667;63533,06;63579,57
17/08/2026 09:30:00;63579,57;63644,0;63579,57;63607,79
17/08/2026 09:35:00;63607,79;63618,44;63540,0;63540,01
17/08/2026 09:40:00;63540,01;63580,92;63534,0;63569,71
17/08/2026 09:45:00;63569,71;63628,0;63569,7;63597,72
17/08/2026 09:50:00;63597,72;63597,72;63548,07;63552,04
17/08/2026 09:55:00;63552,04;63584,0;63551,67;63554,7
17/08/2026 10:00:00;63554,7;63554,7;63509,82;63522,29
17/08/2026 10:05:00;63522,29;63554,93;63522,15;63554,93
17/08/2026 10:10:00;63554,93;63578,0;63554,93;63566,01
17/08/2026 10:15:00;63566,01;63566,01;63485,42;63488,48
17/08/2026 10:20:00;63488,48;63488,48;63464,0;63464,0
17/08/2026 10:25:00;63464,0;63516,6;63464,0;63499,05
17/08/2026 10:30:00;63499,05;63750,0;63481,06;63704,77
17/08/2026 10:35:00;63704,77;63753,75;63688,0;63711,43
17/08/2026 10:40:00;63711,43;63799,63;63656,01;63666,0
17/08/2026 10:45:00;63666,0;63713,92;63596,0;63713,92
17/08/2026 10:50:00;63713,91;63730,0;63646,0;63651,66
17/08/2026 10:55:00;63647,98;63682,0;63614,0;63672,37
17/08/2026 11:00:00;63672,37;63699,99;63628,0;63628,0
17/08/2026 11:05:00;63628,0;63641,54;63588,0;63641,54
17/08/2026 11:10:00;63641,54;63722,284286;63641,54;63698,65
17/08/2026 11:15:00;63699,42;63740,0;63633,35;63689,56
17/08/2026 11:20:00;63689,56;63695,66;63634,03;63667,98
17/08/2026 11:25:00;63667,98;63672,0;63592,01;63623,66
17/08/2026 11:30:00;63623,66;63704,0;63594,0;63688,99
17/08/2026 11:35:00;63688,99;63688,99;63598,94;63600,99
17/08/2026 11:40:00;63633,35;63633,35;63603,34;63625,12
17/08/2026 11:45:00;63625,04;63748,0;63616,0;63747,99
17/08/2026 11:50:00;63754,0;63839,99;63751,36;63765,24
17/08/2026 11:55:00;63765,24;63904,76;63765,24;63902,63
17/08/2026 12:00:00;63902,63;63924,0;63864,0;63920,79
17/08/2026 12:05:00;63929,99;63972,8863;63882,85;63919,9
17/08/2026 12:10:00;63919,9;63970,0;63876,17;63936,13
17/08/2026 12:15:00;63930,13;63930,13;63812,36;63812,36
17/08/2026 12:20:00;63812,36;63864,0;63812,36;63863,99
17/08/2026 12:25:00;63863,99;64110,86;63863,99;64044,83
17/08/2026 12:30:00;64044,83;64080,0;63988,0;63988,0
17/08/2026 12:35:00;63988,0;64086,665246;63988,0;64082,01
17/08/2026 12:40:00;64082,01;64120,0;64038,4;64083,07
17/08/2026 12:45:00;64083,07;64163,78;64080,45;64163,78
17/08/2026 12:50:00;64163,78;64227,27;64158,0;64217,07
17/08/2026 12:55:00;64217,07;64217,07;64151,7;64197,23
17/08/2026 13:00:00;64214,35;64214,35;64140,0;64150,0
17/08/2026 13:05:00;64161,78;64165,4;64112,0;64112,6
17/08/2026 13:10:00;64112,6;64115,59;64071,53;64078,02
17/08/2026 13:15:00;64078,02;64115,99;64067,42;64080,78
17/08/2026 13:20:00;64097,43;64133,69;64047,861226;64098,55
17/08/2026 13:25:00;64098,55;64128,11;64097,07;64097,8
17/08/2026 13:30:00;64097,8;64127,99;64068,3;64127,99
17/08/2026 13:35:00;64127,99;64171,94;64109,6;64171,93
17/08/2026 13:40:00;64171,93;64174,0;64084,0;64084,01
17/08/2026 13:45:00;64084,01;64133,22;64076,1;64133,22
17/08/2026 13:50:00;64133,22;64138,62;64082,7;64085,0
17/08/2026 13:55:00;64085,0;64120,0;64077,52;64115,77
17/08/2026 14:00:00;64115,76;64116,0;64088,99;64088,99
17/08/2026 14:05:00;64088,99;64088,99;64072,8;64072,8
17/08/2026 14:10:00;64072,8;64073,03;63984,0;63984,0
17/08/2026 14:15:00;63984,0;64284,33;63979,3;64260,25
17/08/2026 14:20:00;64260,25;64419,99;64260,25;64320,63
17/08/2026 14:25:00;64318,4;64318,4;64201,03;64207,27
17/08/2026 14:30:00;64204,09;64204,898;64138,25;64138,25
17/08/2026 14:35:00;64138,24;64258,01;64066,0;64225,36
17/08/2026 14:40:00;64245,46;64284,82;64218,46;64233,47
17/08/2026 14:45:00;64233,47;64328,41;64224,53;64303,49
17/08/2026 14:50:00;64303,49;64339,99;64286,05;64315,52
17/08/2026 14:55:00;64315,52;64343,61;64305,85;64325,99
17/08/2026 15:00:00;64325,99;64358,0;64296,37;64341,52
17/08/2026 15:05:00;64341,52;64348,67;64310,27;64320,15
17/08/2026 15:10:00;64320,15;64383,68;64306,17;64379,54
17/08/2026 15:15:00;64379,54;64463,99;64372,37;64400,31
17/08/2026 15:20:00;64400,31;64610,01;64400,31;64543,25
17/08/2026 15:25:00;64543,25;64569,88;64476,0;64477,2
17/08/2026 15:30:00;64477,2;64504,27;64398,0;64414,0
17/08/2026 15:35:00;64414,0;64494,73;64404,76;64451,61
17/08/2026 15:40:00;64451,61;64475,99;64428,25;64461,56
17/08/2026 15:45:00;64461,56;64461,56;64419,55;64454,98
17/08/2026 15:50:00;64454,98;64489,99;64434,88;64443,99
17/08/2026 15:55:00;64443,99;64465,37;64413,03;64418,18
17/08/2026 16:00:00;64418,18;64422,250408;64321,0;64341,75
17/08/2026 16:05:00;64341,75;64415,17;64339,58;64397,88
17/08/2026 16:10:00;64397,88;64397,89;64332,0;64332,01
17/08/2026 16:15:00;64332,01;64386,0;64331,28;64336,71
17/08/2026 16:20:00;64336,71;64376,0;64336,71;64366,17
17/08/2026 16:25:00;64366,17;64417,65;64350,0;64410,02
17/08/2026 16:30:00;64410,02;64414,45;64350,93;64350,94
17/08/2026 16:35:00;64350,94;64409,84;64340,66;64399,33
17/08/2026 16:40:00;64399,33;64414,46;64349,41;64368,8
17/08/2026 16:45:00;64368,8;64368,8;64352,71;64358,0
17/08/2026 16:50:00;64358,0;64358,0;64308,74;64312,86
17/08/2026 16:55:00;64312,86;64321,88;64288,35;64309,96
17/08/2026 17:00:00;64309,96;64309,96;64268,02;64298,57
17/08/2026 17:05:00;64298,57;64298,57;64265,41;64292,12
17/08/2026 17:10:00;64292,12;64309,2;64292,12;64309,2
17/08/2026 17:15:00;64309,2;64312,9;64293,54;64304,4
17/08/2026 17:20:00;64304,4;64359,99;64304,39;64359,99
17/08/2026 17:25:00;64359,99;64413,263274;64358,14;64413,16
17/08/2026 17:30:00;64416,1;64416,1;64354,0;64368,79
17/08/2026 17:35:00;64368,79;64383,98;64362,0;64370,01
17/08/2026 17:40:00;64370,01;64403,1;64370,0;64393,27
17/08/2026 17:45:00;64393,27;64395,62;64348,65;64348,65
17/08/2026 17:50:00;64348,65;64388,0;64332,0;64387,99
17/08/2026 17:55:00;64387,99;64409,15;64387,99;64392,73
17/08/2026 18:00:00;64392,73;64409,93;64385,61;64406,9
17/08/2026 18:05:00;64406,9;64428,0;64406,09;64427,99
17/08/2026 18:10:00;64427,99;64434,76;64364,73;64373,11
17/08/2026 18:15:00;64373,11;64409,41;64370,01;64372,06
17/08/2026 18:20:00;64372,07;64373,93;64344,01;64344,01
17/08/2026 18:25:00;64344,01;64344,01;64328,24;64329,18
17/08/2026 18:30:00;64329,18;64345,16;64329,18;64342,19
17/08/2026 18:35:00;64342,19;64342,2;64296,0;64334,59
17/08/2026 18:40:00;64334,59;64377,92;64321,18;64338,0
17/08/2026 18:45:00;64338,0;64387,99;64338,0;64366,38
17/08/2026 18:50:00;64366,39;64390,47;64364,0;64364,0
17/08/2026 18:55:00;64364,0;64392,0;64364,0;64382,03
17/08/2026 19:00:00;64382,03;64416,0;64364,0;64370,12
17/08/2026 19:05:00;64370,12;64370,13;64324,48;64324,48
17/08/2026 19:10:00;64324,48;64335,59;64309,99;64309,99
17/08/2026 19:15:00;64309,99;64310,01;64292,0;64292,01
17/08/2026 19:20:00;64292,01;64340,0;64288,91;64327,01
17/08/2026 19:25:00;64327,01;64327,01;64295,44;64295,44
17/08/2026 19:30:00;64295,44;64296,6;64283,49;64283,5
17/08/2026 19:35:00;64283,5;64340,0;64283,49;64324,3
17/08/2026 19:40:00;64324,3;64328,131429;64309,07;64309,07
17/08/2026 19:45:00;64309,07;64310,1;64301,89;64301,89
17/08/2026 19:50:00;64301,89;64319,86;64292,14;64292,14
17/08/2026 19:55:00;64292,14;64292,16;64290,35;64291,26
17/08/2026 20:00:00;64291,26;64299,87;64288,24;64299,87
17/08/2026 20:05:00;64299,87;64354,0;64299,86;64354,0
17/08/2026 20:10:00;64354,0;64372,0;64347,25;64365,22
17/08/2026 20:15:00;64365,22;64398,08;64365,22;64398,07
17/08/2026 20:20:00;64398,07;64416,38;64385,86;64416,38
17/08/2026 20:25:00;64416,38;64485,95;64416,38;64485,95
17/08/2026 20:30:00;64485,95;64557,86;64460,95;64557,85
17/08/2026 20:35:00;64518,83;64542,83;64501,82;64511,855334
17/08/2026 20:40:00;64511,855334;64511,855334;64475,0;64490,754
17/08/2026 20:45:00;64490,754;64516,27;64476,42;64516,26
17/08/2026 20:50:00;64516,26;64524,41;64493,25;64524,41
17/08/2026 20:55:00;64524,41;64577,99;64514,38;64532,1
17/08/2026 21:00:00;64532,1;64564,34;64482,33;64482,34
17/08/2026 21:05:00;64482,34;64485,87;64422,588284;64422,588284
17/08/2026 21:10:00;64422,588284;64440,01;64420,47;64440,01
17/08/2026 21:15:00;64440,01;64492,0;64425,01;64464,56
17/08/2026 21:20:00;64452,28;64501,83;64452,28;64482,17
17/08/2026 21:25:00;64482,17;64482,17;64452,8;64457,5
17/08/2026 21:30:00;64457,5;64457,5;64434,87;64437,43
17/08/2026 21:35:00;64437,43;64453,98;64426,69;64426,69
17/08/2026 21:40:00;64426,69;64426,69;64388,01;64397,06
17/08/2026 21:45:00;64397,06;64399,18;64380,0;64384,15
17/08/2026 21:50:00;64384,15;64398,0;64368,0;64368,0
17/08/2026 21:55:00;64368,0;64384,79;64367,27;64383,71
17/08/2026 22:00:00;64383,71;64383,71;64340,01;64340,01
17/08/2026 22:05:00;64340,01;64344,92;64296,97;64304,56
17/08/2026 22:10:00;64304,56;64359,54;64286,154;64290,77
17/08/2026 22:15:00;64290,77;64358,96;64290,77;64314,0
17/08/2026 22:20:00;64314,0;64338,34;64313,22;64334,0
17/08/2026 22:25:00;64335,94;64336,97;64318,74;64325,92
17/08/2026 22:30:00;64325,92;64345,4;64325,92;64336,0
17/08/2026 22:35:00;64336,0;64336,01;64319,5;64320,98
17/08/2026 22:40:00;64320,98;64320,98;64241,252;64284,01
17/08/2026 22:45:00;64284,0;64284,01;64228,0;64228,6
17/08/2026 22:50:00;64228,6;64228,7;64163,1;64163,11
17/08/2026 22:55:00;64163,11;64200,05;64162,9;64200,05
17/08/2026 23:00:00;64191,1;64230,97;64191,1;64227,95
17/08/2026 23:05:00;64230,97;64272,0;64230,96;64242,1
17/08/2026 23:10:00;64242,1;64242,11;64187,98;64187,98
17/08/2026 23:15:00;64187,98;64194,12;64167,37;64192,84
17/08/2026 23:20:00;64192,84;64204,0;64192,83;64195,48
17/08/2026 23:25:00;64195,48;64195,48;64157,68;64157,69
17/08/2026 23:30:00;64157,69;64157,69;64137,73;64152,82
17/08/2026 23:35:00;64152,82;64203,89;64144,13;64202,86
17/08/2026 23:40:00;64202,86;64204,82;64185,385917;64201,518462
17/08/2026 23:45:00;64201,518462;64208,796397;64052,01;64126,0
18/08/2026 08:00:00;64202,81;64332,33;64192,42;64298,08
18/08/2026 08:05:00;64298,08;64298,09;64270,58;64289,99
18/08/2026 08:10:00;64289,99;64324,5;64289,99;64323,56
18/08/2026 08:15:00;64323,56;64374,0;64323,56;64332,01
18/08/2026 08:20:00;64332,01;64370,0;64331,42;64369,07
18/08/2026 08:25:00;64369,07;64375,4;64367,61;64374,02
18/08/2026 08:30:00;64374,02;64374,02;64344,17;64371,99
18/08/2026 08:35:00;64371,99;64376,0;64371,99;64373,88
18/08/2026 08:40:00;64373,88;64392,0;64372,55;64385,2
18/08/2026 08:45:00;64385,2;64402,35;64356,03;64358,09
18/08/2026 08:50:00;64358,09;64363,04;64340,51;64345,67
18/08/2026 08:55:00;64345,67;64351,19;64345,66;64351,18
18/08/2026 09:00:00;64351,18;64351,18;64307,82;64336,23
18/08/2026 09:05:00;64336,23;64362,0;64304,0;64304,0
18/08/2026 09:10:00;64298,03;64313,653334;64286,59;64296,62
18/08/2026 09:15:00;64296,63;64296,65;64284,92;64296,0
18/08/2026 09:20:00;64296,0;64334,38;64293,38;64334,38
18/08/2026 09:25:00;64334,38;64334,38;64298,0;64298,0
18/08/2026 09:30:00;64298,0;64305,55;64262,12;64303,83
18/08/2026 09:35:00;64303,83;64303,83;64254,15;64254,15
18/08/2026 09:40:00;64254,15;64266,02;64254,0;64254,01
18/08/2026 09:45:00;64254,01;64254,01;64240,0;64242,06
18/08/2026 09:50:00;64242,06;64251,0;64242,06;64242,2
18/08/2026 09:55:00;64242,19;64242,2;64225,82;64230,03
18/08/2026 10:00:00;64230,03;64230,03;64166,55;64184,35
18/08/2026 10:05:00;64182,82;64189,27;64182,81;64182,81
18/08/2026 10:10:00;64182,81;64200,0;64164,85;64181,99
18/08/2026 10:15:00;64181,99;64198,7461;64134,22;64134,22
18/08/2026 10:20:00;64134,22;64134,22;64081,0;64103,59
18/08/2026 10:25:00;64103,59;64109,97;64061,96;64073,72
18/08/2026 10:30:00;64073,72;64160,0;64052,1;64087,65
18/08/2026 10:35:00;64099,89;64230,01;64083,401226;64230,01
18/08/2026 10:40:00;64230,01;64250,03;64175,11;64192,81
18/08/2026 10:45:00;64192,81;64225,616737;64160,0;64190,0
18/08/2026 10:50:00;64190,0;64241,98;64140,25;64140,26
18/08/2026 10:55:00;64140,25;64224,0;64124,39;64220,0
18/08/2026 11:00:00;64220,0;64365,602;64220,0;64365,602
18/08/2026 11:05:00;64365,602;64385,818034;64304,0;64304,0
18/08/2026 11:10:00;64304,0;64331,961911;64248,01;64261,76
18/08/2026 11:15:00;64261,76;64483,33;64259,62;64474,83
18/08/2026 11:20:00;64472,0;64741,99;64464,0;64724,84
18/08/2026 11:25:00;64724,84;65030,0;64724,84;65000,0
18/08/2026 11:30:00;64995,08;65015,495;64793,6;64896,174494
18/08/2026 11:35:00;64896,174494;64896,174494;64780,0;64780,0
18/08/2026 11:40:00;64780,0;64827,79;64740,0;64786,0
18/08/2026 11:45:00;64786,0;64806,47;64754,96;64806,46
18/08/2026 11:50:00;64806,46;64846,82;64683,090211;64748,01
18/08/2026 11:55:00;64748,01;64764,0;64712,0;64714,15
18/08/2026 12:00:00;64714,15;64790,98;64714,15;64790,98
18/08/2026 12:05:00;64790,98;64808,0;64684,0;64684,21
18/08/2026 12:10:00;64684,21;64757,82;64652,0;64743,79
18/08/2026 12:15:00;64755,99;64804,0;64755,99;64766,42
18/08/2026 12:20:00;64766,42;64782,14;64728,63;64765,99
18/08/2026 12:25:00;64765,99;64828,370854;64752,25;64807,43
18/08/2026 12:30:00;64807,43;64868,0;64798,26;64868,0
18/08/2026 12:35:00;64868,0;64875,01;64814,57;64842,43
18/08/2026 12:40:00;64842,91;64857,01;64808,8;64820,37
18/08/2026 12:45:00;64820,37;64888,0;64800,1;64834,8
18/08/2026 12:50:00;64834,8;64870,0;64811,53;64858,85
18/08/2026 12:55:00;64858,85;64867,35;64848,25;64863,601842
18/08/2026 13:00:00;64863,601842;64891,81;64850,0;64858,0
18/08/2026 13:05:00;64858,0;64877,62;64782,01;64786,58
18/08/2026 13:10:00;64754,01;64768,0;64746,0;64750,0
18/08/2026 13:15:00;64750,0;64750,26;64713,9;64737,3
18/08/2026 13:20:00;64737,3;64745,61;64726,0;64726,0
18/08/2026 13:25:00;64726,0;64734,58;64696,83;64704,0
18/08/2026 13:30:00;64704,0;64744,34;64675,5;64744,33
18/08/2026 13:35:00;64744,33;64794,82;64743,84;64781,115001
18/08/2026 13:40:00;64781,115001;64818,0;64779,99;64781,04
18/08/2026 13:45:00;64782,7;64867,925338;64780,33;64810,0
18/08/2026 13:50:00;64810,0;64830,14;64800,0;64820,0
18/08/2026 13:55:00;64820,0;64853,77;64801,88;64853,77
18/08/2026 14:00:00;64853,77;64853,77;64772,79;64810,65
18/08/2026 14:05:00;64810,65;64810,65;64770,84;64781,67
18/08/2026 14:10:00;64781,67;64798,83;64774,6;64798,82
18/08/2026 14:15:00;64794,25;64794,28;64751,93;64787,49
18/08/2026 14:20:00;64787,49;64814,0;64787,26;64802,34
18/08/2026 14:25:00;64802,34;64822,33;64797,11;64822,32
18/08/2026 14:30:00;64822,32;64825,99;64800,08;64805,22
18/08/2026 14:35:00;64805,22;64805,22;64733,98;64766,0
18/08/2026 14:40:00;64766,0;64766,0;64724,61;64725,39
18/08/2026 14:45:00;64725,39;64728,55;64698,02;64698,03
18/08/2026 14:50:00;64698,03;64710,38;64687,68;64708,08
18/08/2026 14:55:00;64708,07;64710,0;64670,02;64670,03
18/08/2026 15:00:00;64670,03;64670,03;64652,896215;64652,896215
18/08/2026 15:05:00;64652,896215;64705,82;64652,896215;64669,23831
18/08/2026 15:10:00;64669,23831;64734,99;64669,23831;64734,34
18/08/2026 15:15:00;64734,34;64764,0;64730,94;64762,72
18/08/2026 15:20:00;64762,72;64789,53;64759,88;64784,9
18/08/2026 15:25:00;64784,9;64806,0;64781,3;64799,74
18/08/2026 15:30:00;64799,74;64800,3;64773,72;64780,0
18/08/2026 15:35:00;64780,0;64816,34;64780,0;64794,82
18/08/2026 15:40:00;64794,82;64794,83;64760,0;64760,01
18/08/2026 15:45:00;64760,01;64796,13;64753,52;64796,0
18/08/2026 15:50:00;64796,0;64800,0;64778,0;64778,01
18/08/2026 15:55:00;64778,01;64778,01;64764,24;64772,0
18/08/2026 16:00:00;64772,0;64772,0;64749,5;64752,58
18/08/2026 16:05:00;64752,58;64752,58;64742,83;64743,424
18/08/2026 16:10:00;64743,424;64743,424;64717,03;64719,32
18/08/2026 16:15:00;64719,32;64719,32;64705,89;64713,04
18/08/2026 16:20:00;64713,04;64733,44;64712,09;64733,43
18/08/2026 16:25:00;64733,43;64779,63;64733,43;64779,63
18/08/2026 16:30:00;64779,62;64782,13;64741,36;64741,36
18/08/2026 16:35:00;64741,37;64741,37;64717,46;64717,46
18/08/2026 16:40:00;64716,0;64716,016;64676,0;64676,0
18/08/2026 16:45:00;64676,0;64683,57;64661,64;64661,64
18/08/2026 16:50:00;64661,64;64683,41;64658,26;64664,115
18/08/2026 16:55:00;64664,115;64665,86;64641,380001;64641,380001
18/08/2026 17:00:00;64641,380001;64654,87;64600,0;64600,0
18/08/2026 17:05:00;64600,0;64643,48;64592,0;64643,47
18/08/2026 17:10:00;64643,47;64653,35;64634,78;64653,35
18/08/2026 17:15:00;64653,35;64653,35;64637,47;64637,47
18/08/2026 17:20:00;64637,47;64637,48;64612,568334;64632,27
18/08/2026 17:25:00;64632,27;64632,27;64614,1;64614,1
18/08/2026 17:30:00;64614,1;64646,0;64601,05;64638,01
18/08/2026 17:35:00;64638,0;64638,0;64627,23;64635,77
18/08/2026 17:40:00;64635,77;64635,77;64611,04;64611,04
18/08/2026 17:45:00;64611,04;64617,64;64584,0;64584,0
18/08/2026 17:50:00;64584,0;64600,0;64572,01;64599,99
18/08/2026 17:55:00;64599,99;64610,01;64582,38;64582,39
18/08/2026 18:00:00;64582,39;64604,0;64582,38;64603,99
18/08/2026 18:05:00;64603,99;64629,49;64598,99;64629,49
18/08/2026 18:10:00;64629,49;64656,66;64624,37;64624,37
18/08/2026 18:15:00;64624,38;64624,38;64607,68;64607,68
18/08/2026 18:20:00;64607,68;64612,0;64607,68;64611,96
18/08/2026 18:25:00;64611,96;64624,38;64611,96;64624,38
18/08/2026 18:30:00;64624,38;64625,767619;64605,19;64605,19
18/08/2026 18:35:00;64605,19;64605,23;64579,12;64589,79
18/08/2026 18:40:00;64588,55;64603,79;64571,48;64583,37
18/08/2026 18:45:00;64592,19;64610,0;64581,217167;64609,99
18/08/2026 18:50:00;64610,0;64614,21;64597,2;64599,35
18/08/2026 18:55:00;64599,35;64604,59;64581,96;64604,58
18/08/2026 19:00:00;64600,03;64605,582249;64584,65;64591,62
18/08/2026 19:05:00;64568,78;64590,31;64560,31;64560,31
18/08/2026 19:10:00;64560,31;64608,0;64560,31;64571,96
18/08/2026 19:15:00;64571,96;64583,12;64566,14;64583,12
18/08/2026 19:20:00;64583,11;64604,0;64583,11;64583,12
18/08/2026 19:25:00;64583,12;64592,14;64562,25;64592,14
18/08/2026 19:30:00;64592,13;64601,29;64590,14;64601,29
18/08/2026 19:35:00;64601,29;64648,0;64601,29;64648,0
18/08/2026 19:40:00;64648,0;64648,0;64637,69;64637,69
18/08/2026 19:45:00;64637,7;64637,72;64623,96;64623,96
18/08/2026 19:50:00;64623,96;64623,97;64611,7;64611,7
18/08/2026 19:55:00;64611,7;64634,0;64601,81;64634,0
18/08/2026 20:00:00;64634,0;64684,0;64631,15;64680,33
18/08/2026 20:05:00;64680,33;64710,75;64669,92;64669,93
18/08/2026 20:10:00;64669,93;64699,55;64669,93;64696,25
18/08/2026 20:15:00;64696,24;64712,540747;64696,24;64712,540747
18/08/2026 20:20:00;64712,540747;64725,018485;64702,98;64725,018485
18/08/2026 20:25:00;64725,018485;64737,623225;64721,924999;64737,623225
18/08/2026 20:30:00;64737,623225;64748,991306;64722,8;64748,991306
18/08/2026 20:35:00;64748,991306;64755,53;64747,97;64755,53
18/08/2026 20:40:00;64755,53;64775,43;64753,53;64773,35
18/08/2026 20:45:00;64773,35;64773,35;64744,0;64752,36
18/08/2026 20:50:00;64752,36;64758,72;64735,04;64742,04
18/08/2026 20:55:00;64740,36;64746,36;64725,41;64725,41
18/08/2026 21:00:00;64725,41;64740,032232;64632,0;64632,0
18/08/2026 21:05:00;64632,0;64650,76;64609,45;64627,173333
18/08/2026 21:10:00;64627,173333;64627,173333;64582,97;64582,98
18/08/2026 21:15:00;64582,97;64590,0;64546,661754;64557,99
18/08/2026 21:20:00;64557,99;64668,0;64557,99;64612,01
18/08/2026 21:25:00;64612,01;64612,01;64580,0;64603,8
18/08/2026 21:30:00;64603,8;64654,1;64603,79;64643,82
18/08/2026 21:35:00;64643,82;64654,0;64630,17;64641,0
18/08/2026 21:40:00;64641,0;64641,0;64549,0;64563,1
18/08/2026 21:45:00;64550,0;64576,8;64548,9;64557,9
18/08/2026 21:50:00;64557,9;64557,9;64520,28;64528,03
18/08/2026 21:55:00;64528,03;64537,05;64509,213333;64509,213333
18/08/2026 22:00:00;64509,213333;64509,213333;64440,0;64443,65
18/08/2026 22:05:00;64443,65;64544,0;64436,0;64543,99
18/08/2026 22:10:00;64534,96;64535,639444;64516,97;64529,99
18/08/2026 22:15:00;64529,99;64529,99;64463,05;64507,37
18/08/2026 22:20:00;64507,37;64529,99;64486,01;64486,01
18/08/2026 22:25:00;64477,99;64522,81;64459,287449;64487,17
18/08/2026 22:30:00;64487,17;64490,0;64454,32;64474,3
18/08/2026 22:35:00;64474,29;64474,29;64456,05;64460,44
18/08/2026 22:40:00;64460,44;64460,45;64403,26;64415,71
18/08/2026 22:45:00;64412,64;64415,75;64389,27;64411,52
18/08/2026 22:50:00;64404,49;64430,0;64404,48;64427,05
18/08/2026 22:55:00;64427,05;64440,56;64392,01;64400,48
18/08/2026 23:00:00;64400,48;64400,48;64335,2;64367,0
18/08/2026 23:05:00;64367,0;64380,0;64360,0;64361,03
18/08/2026 23:10:00;64361,04;64413,01;64360,0;64405,44
18/08/2026 23:15:00;64396,0;64412,453326;64360,71;64360,98
18/08/2026 23:20:00;64360,98;64397,04;64350,0;64397,04
18/08/2026 23:25:00;64397,04;64419,205;64384,57;64389,72
18/08/2026 23:30:00;64389,72;64421,09;64373,92;64373,92
18/08/2026 23:35:00;64380,88;64407,5;64328,04;64407,5
18/08/2026 23:40:00;64407,49;64438,67;64313,34;64438,67
18/08/2026 23:45:00;64438,67;64482,145514;64370,8;64370,81
18/08/2026 23:50:00;64370,81;64388,932857;64350,28;64350,28
18/08/2026 23:55:00;64350,28;64368,99;64350,28;64351,9
19/08/2026 00:00:00;64350,84;64369,81;64341,37;64342,55
19/08/2026 00:05:00;64342,55;64348,66;64285,99;64287,39
19/08/2026 00:10:00;64281,22;64348,65;64257,123;64348,65
19/08/2026 00:15:00;64355,42;64404,0;64351,29;64403,99
19/08/2026 00:20:00;64403,99;64424,0;64366,6;64366,61
19/08/2026 00:25:00;64366,61;64372,0;64360,0;64361,78
19/08/2026 00:30:00;64361,78;64361,78;64341,1;64341,11
19/08/2026 00:35:00;64341,11;64358,95;64330,1;64331,49
19/08/2026 00:40:00;64331,49;64347,96;64331,49;64339,19
19/08/2026 00:45:00;64339,19;64357,01;64335,29;64356,03
19/08/2026 00:50:00;64359,99;64398,82;64346,86;64346,86
19/08/2026 00:55:00;64341,39;64341,39;64330,01;64330,71
19/08/2026 01:00:00;64330,71;64330,71;64299,59;64299,59
19/08/2026 01:05:00;0,0;64303,76;0,0;64295,49
19/08/2026 01:10:00;64295,49;64322,0;64295,49;64301,56
19/08/2026 01:15:00;64301,56;64355,76;64301,56;64355,75
19/08/2026 01:20:00;64355,75;64391,8;64355,75;64371,42
19/08/2026 01:25:00;64371,42;64371,43;64359,27;64359,27
19/08/2026 01:30:00;64359,27;64359,27;64330,69;64352,5
19/08/2026 01:35:00;64362,12;64363,005;64345,995;64349,24
19/08/2026 01:40:00;64349,24;64369,0;64340,19;64350,0
19/08/2026 01:45:00;64350,0;64371,97;64350,0;64351,44
19/08/2026 01:50:00;64351,44;64351,44;64326,54;64326,55
19/08/2026 01:55:00;64326,55;64326,55;64307,92;64316,21
19/08/2026 02:00:00;64316,21;64352,0;64316,21;64351,99
19/08/2026 02:05:00;64351,99;64396,97;64351,99;64381,64
19/08/2026 02:10:00;64381,64;64441,96;64381,64;64406,13
19/08/2026 02:15:00;64406,13;64406,14;64344,33;64344,34
19/08/2026 02:20:00;64344,34;64349,31;64316,0;64328,77
19/08/2026 02:25:00;64328,77;64362,0;64325,85;64360,6
19/08/2026 02:30:00;64360,6;64360,6;64338,32;64338,32
19/08/2026 02:35:00;64338,32;64342,71;64329,84;64329,84
19/08/2026 02:40:00;64337,99;64338,0;64316,12;64316,12
19/08/2026 02:45:00;64316,12;64317,16;64302,58;64302,59
19/08/2026 02:50:00;64302,02;64306,0;64260,05;64260,05
19/08/2026 02:55:00;64260,05;64260,06;64236,0;64236,01
19/08/2026 03:00:00;64236,01;64249,04;64205,0;64214,11
19/08/2026 03:05:00;64214,11;64242,05;64180,0;64180,0
19/08/2026 03:10:00;64176,59;64196,05;64166,01;64176,58
19/08/2026 03:15:00;64176,58;64243,0;64176,58;64243,0
19/08/2026 03:20:00;64243,0;64303,46;64243,0;64303,46
19/08/2026 03:25:00;64283,84;64291,69;64277,52;64277,53
19/08/2026 03:30:00;64277,53;64284,4;64261,99;64274,25
19/08/2026 03:35:00;64274,25;64293,8;64274,25;64293,79
19/08/2026 03:40:00;64293,79;64293,79;64269,99;64270,0
19/08/2026 03:45:00;64281,99;64337,93;64259,99;64317,87
19/08/2026 03:50:00;64317,87;64326,0;64287,38;64325,99
19/08/2026 03:55:00;64325,99;64344,0;64319,77;64339,8
19/08/2026 04:00:00;64339,8;64347,38;64288,0;64288,0
19/08/2026 04:05:00;64288,0;64299,98;64272,6;64299,97
19/08/2026 04:10:00;64299,97;64364,01;64296,88;64363,57
19/08/2026 04:15:00;64363,57;64363,57;64306,73;64312,96
19/08/2026 04:20:00;64312,96;64346,0;64312,96;64346,0
19/08/2026 04:25:00;64346,0;64366,0;64342,59;64342,59
19/08/2026 04:30:00;64342,59;64380,03;64340,0;64380,02
19/08/2026 04:35:00;64380,02;64388,0;64380,02;64382,7
19/08/2026 04:40:00;64382,7;64395,78;64364,31;64364,32
19/08/2026 04:45:00;64364,32;64374,0;64353,28;64359,68
19/08/2026 04:50:00;64359,68;64359,68;64326,24;64326,24
19/08/2026 04:55:00;64326,24;64326,24;64296,0;64296,0
19/08/2026 05:00:00;64296,0;64307,63;64293,09;64307,63
19/08/2026 05:05:00;64307,63;64325,93;64293,09;64293,1
19/08/2026 05:10:00;64293,1;64293,1;64262,0;64262,0
19/08/2026 05:15:00;64262,0;64287,29;64255,0;64287,29
19/08/2026 05:20:00;64287,29;64287,29;64272,93;64272,94
19/08/2026 05:25:00;64272,94;64288,0;64272,92;64288,0
19/08/2026 05:30:00;64288,0;64375,97;64287,99;64375,97
19/08/2026 05:35:00;64375,97;64510,95;64375,97;64446,83
19/08/2026 05:40:00;64446,83;64465,29;64435,36;64450,11
19/08/2026 05:45:00;64450,11;64473,58;64450,11;64458,99
19/08/2026 05:50:00;64458,99;64470,0;64450,0;64450,01
19/08/2026 05:55:00;64450,01;64450,01;64414,0;64414,0
19/08/2026 06:00:00;64414,0;64466,63;64413,35;64466,63
19/08/2026 06:05:00;64466,63;64470,66;64402,07;64402,07
19/08/2026 06:10:00;64402,07;64432,97;64391,64;64391,64
19/08/2026 06:15:00;64391,64;64416,0;64374,0;64416,0
19/08/2026 06:20:00;64416,0;64416,0;64398,45;64398,45
19/08/2026 06:25:00;64398,45;64398,45;64382,33;64382,99
19/08/2026 06:30:00;64382,99;64395,61;64382,99;64395,6
19/08/2026 06:35:00;64395,6;64395,61;64383,05;64383,05
19/08/2026 06:40:00;64383,05;64383,06;64361,07;64365,1
19/08/2026 06:45:00;64365,1;64379,16;64365,09;64379,16
19/08/2026 06:50:00;64379,16;64409,93;64379,15;64409,92
19/08/2026 06:55:00;64409,92;64427,07;64409,92;64427,06
19/08/2026 07:00:00;64427,06;64427,07;64410,24;64410,25
19/08/2026 07:05:00;64410,25;64410,25;64393,52;64393,53
19/08/2026 07:10:00;64393,53;64393,53;64377,51;64389,96
19/08/2026 07:15:00;64389,96;64389,96;64389,95;64389,95
19/08/2026 07:20:00;64389,95;64398,07;64381,41;64381,41
19/08/2026 07:25:00;64381,41;64397,03;64373,24;64397,02
19/08/2026 07:30:00;64397,02;64404,0;64381,26;64403,99
19/08/2026 07:35:00;64403,99;64422,17;64403,99;64422,01
19/08/2026 07:40:00;64422,01;64422,01;64401,38;64409,75
19/08/2026 07:45:00;64409,75;64414,95;64403,03;64404,61
19/08/2026 07:50:00;64404,61;64417,53;64397,9;64408,62
19/08/2026 07:55:00;64408,62;64456,71;64408,62;64456,71
19/08/2026 08:00:00;64456,71;64499,93;64454,99;64499,93
19/08/2026 08:05:00;64499,93;64539,05;64489,23;64509,93
19/08/2026 08:10:00;64509,93;64521,06;64486,79;64506,88
19/08/2026 08:15:00;64506,88;64511,66;64480,35;64511,65
19/08/2026 08:20:00;64511,65;64526,71;64499,13;64526,71
19/08/2026 08:25:00;64526,71;64526,71;64506,78;64506,78
19/08/2026 08:30:00;64506,78;64523,86;64504,2;64507,56
19/08/2026 08:35:00;64507,56;64516,07;64494,99;64500,86
19/08/2026 08:40:00;64500,86;64500,86;64464,81;64471,2
19/08/2026 08:45:00;64471,2;64500,0;64471,19;64500,0
19/08/2026 08:50:00;64500,0;64527,23;64474,03;64508,84
19/08/2026 08:55:00;64508,84;64515,63;64503,0;64515,63
19/08/2026 09:00:00;64515,63;64515,63;64483,46;64483,47
19/08/2026 09:05:00;64483,47;64515,26;64474,86;64503,55
19/08/2026 09:10:00;64503,55;64505,85;64487,72;64505,8
19/08/2026 09:15:00;64505,8;64505,81;64490,02;64501,25
19/08/2026 09:20:00;64501,25;64501,25;64488,63;64499,07
19/08/2026 09:25:00;64499,07;64499,07;64493,47;64493,52
19/08/2026 09:30:00;64493,52;64662,92;64481,59;64662,89
19/08/2026 09:35:00;64662,89;64741,76;64591,75;64723,98
19/08/2026 09:40:00;64723,98;64947,49;64707,59;64947,48
19/08/2026 09:45:00;64947,48;64984,57;64908,54;64984,57
19/08/2026 09:50:00;64984,57;64987,99;64826,35;64836,0
19/08/2026 09:55:00;64836,0;64890,76;64836,0;64877,7
19/08/2026 10:00:00;64820,01;64864,99;64784,99;64864,99
19/08/2026 10:05:00;64864,99;64878,54;64793,29;64869,77
19/08/2026 10:10:00;64869,77;64990,1;64869,77;64920,53
19/08/2026 10:15:00;64920,53;64973,52;64918,082857;64963,02
19/08/2026 10:20:00;64963,02;65009,18;64963,02;64989,83
19/08/2026 10:25:00;64933,71;65035,79;64930,0;65005,37
19/08/2026 10:30:00;65005,37;65217,86;64972,0;65037,35
19/08/2026 10:35:00;65037,35;65078,972123;64832,16;64832,16
19/08/2026 10:40:00;64829,34;65099,99;64808,01;65044,0
19/08/2026 10:45:00;65044,0;65180,435238;65008,02;65056,0
19/08/2026 10:50:00;65061,79;65119,49;64988,0;65003,99
19/08/2026 10:55:00;65003,99;65072,51;64988,67;65012,13
19/08/2026 11:00:00;65012,13;65137,99;65012,13;65126,853334
19/08/2026 11:05:00;65126,853334;65370,87;65124,124283;65370,87
19/08/2026 11:10:00;65370,87;65433,33;65308,0;65407,43
19/08/2026 11:15:00;65407,43;65473,0;65334,0;65441,01
19/08/2026 11:20:00;65441,01;65456,95;65336,0;65426,01
19/08/2026 11:25:00;65426,01;65439,08;65341,31;65439,08
19/08/2026 11:30:00;65439,08;65439,08;65350,0;65359,4
19/08/2026 11:35:00;65359,4;65505,48;65359,4;65490,01
19/08/2026 11:40:00;65490,01;65500,27;65411,33;65456,97
19/08/2026 11:45:00;65456,97;65541,83;65446,01;65526,89
19/08/2026 11:50:00;65526,89;65765,99;65526,89;65765,99
19/08/2026 11:55:00;65765,99;65970,0;65753,15;65941,23
19/08/2026 12:00:00;65923,21;66064,34;65892,01;66064,34
20/08/2026 14:10:00;72664,01;72714,61;72540,56;72691,99
20/08/2026 14:15:00;72691,99;72738,02;72624,0;72636,11
20/08/2026 14:20:00;72636,11;72766,0;72566,0;72724,0
20/08/2026 14:25:00;72724,0;72826,14;72714,84;72810,0
20/08/2026 14:30:00;72810,0;72859,11;72752,0;72805,99
20/08/2026 14:35:00;72805,99;72837,92;72724,0;72816,0
20/08/2026 14:40:00;72816,0;72827,99;72676,27;72762,0
20/08/2026 14:45:00;72762,0;72812,0;72716,01;72804,74
20/08/2026 14:50:00;72804,74;72965,99;72776,0;72890,48
20/08/2026 14:55:00;72890,48;72898,01;72730,0;72737,51
20/08/2026 15:00:00;72737,51;72810,0;72554,0;72615,94
20/08/2026 15:05:00;72615,94;72646,0;72490,01;72557,66
20/08/2026 15:10:00;72557,66;72632,88;72472,02;72617,79
20/08/2026 15:15:00;72617,79;72636,8;72501,62;72632,39
20/08/2026 15:20:00;72632,39;72735,39;72632,39;72735,39
20/08/2026 15:25:00;72735,39;72741,52;72640,64;72688,0
20/08/2026 15:30:00;72688,0;72699,99;72402,96;72433,1
20/08/2026 15:35:00;72433,1;72586,64;72433,1;72460,0
20/08/2026 15:40:00;72460,0;72519,23;72394,01;72498,5
20/08/2026 15:45:00;72498,5;72534,52;72440,25;72534,0
20/08/2026 15:50:00;72534,0;72620,93;72468,0;72491,99
20/08/2026 15:55:00;72491,99;72515,99;72418,01;72431,36
20/08/2026 16:00:00;72431,36;72442,0;72347,59;72406,0
20/08/2026 16:05:00;72406,0;72496,0;72342,0;72470,09
20/08/2026 16:10:00;72470,09;72508,0;72453,49;72484,61
20/08/2026 16:15:00;72484,61;72578,0;72476,74;72532,0
20/08/2026 16:20:00;72532,0;72632,11;72522,67;72625,96
20/08/2026 16:25:00;72625,96;72637,34;72554,0;72610,0
20/08/2026 16:30:00;72610,0;72644,48;72572,0;72588,59
20/08/2026 16:35:00;72588,59;72718,0;72550,01;72704,69
20/08/2026 16:40:00;72704,69;72773,99;72688,17;72719,54
20/08/2026 16:45:00;72719,54;72733,09;72588,01;72674,92
20/08/2026 16:50:00;72674,92;72748,05;72653,42;72677,02
20/08/2026 16:55:00;72677,02;72704,0;72624,0;72639,99
20/08/2026 17:00:00;72639,99;72723,26;72630,19;72709,43
20/08/2026 17:05:00;72709,43;72733,54;72680,0;72733,54
20/08/2026 17:10:00;72733,54;72786,0;72667,06;72695,87
20/08/2026 17:15:00;72695,87;72720,0;72630,0;72720,0
20/08/2026 17:20:00;72720,0;72800,0;72676,0;72799,99
20/08/2026 17:25:00;72799,99;72906,78;72790,7;72830,0
20/08/2026 17:30:00;72830,0;72939,0;72817,99;72878,01
20/08/2026 17:35:00;72878,01;73000,0;72742,0;72742,0
20/08/2026 17:40:00;72742,0;72822,0;72706,01;72762,0
20/08/2026 17:45:00;72762,0;72787,33;72724,0;72726,37
20/08/2026 17:50:00;72726,37;72731,16;72600,0;72608,77
20/08/2026 17:55:00;72608,77;72682,0;72594,0;72671,76
20/08/2026 18:00:00;72671,76;72671,76;72610,0;72619,02
20/08/2026 18:05:00;72619,02;72632,0;72557,0;72623,02
20/08/2026 18:10:00;72623,02;72701,87;72623,02;72701,87
20/08/2026 18:15:00;72701,87;72848,0;72701,87;72735,67
20/08/2026 18:20:00;72735,67;72764,86;72715,28;72724,67
20/08/2026 18:25:00;72724,67;72760,0;72651,65;72655,44
20/08/2026 18:30:00;72655,44;72814,49;72655,44;72813,91
20/08/2026 18:35:00;72813,91;72837,16;72774,73;72775,0
20/08/2026 18:40:00;72775,0;72810,0;72719,49;72735,99
20/08/2026 18:45:00;72735,99;72754,0;72719,49;72724,13
20/08/2026 18:50:00;72724,13;72770,0;72719,47;72761,09
20/08/2026 18:55:00;72761,09;72776,0;72710,0;72741,8
20/08/2026 19:00:00;72741,8;72754,62;72498,01;72506,01
20/08/2026 19:05:00;72506,01;72658,36;72506,01;72645,99
20/08/2026 19:10:00;72645,99;72664,0;72600,0;72612,0
20/08/2026 19:15:00;72612,0;72644,0;72562,0;72612,0
20/08/2026 19:20:00;72612,0;72800,0;72612,0;72784,23
20/08/2026 19:25:00;72784,23;72827,74;72762,0;72791,99
20/08/2026 19:30:00;72791,99;72793,42;72678,0;72741,99
20/08/2026 19:35:00;72741,99;72804,0;72724,0;72753,97
20/08/2026 19:40:00;72753,97;72753,97;72692,73;72692,73
20/08/2026 19:45:00;72692,73;72741,02;72689,92;72722,32
20/08/2026 19:50:00;72722,32;72878,0;72721,03;72844,0
20/08/2026 19:55:00;72844,0;72844,0;72674,0;72676,23
20/08/2026 20:00:00;72676,23;72724,0;72666,0;72716,37
20/08/2026 20:05:00;72716,37;72840,0;72716,36;72812,78
20/08/2026 20:10:00;72812,78;72927,99;72812,78;72927,99
20/08/2026 20:15:00;72927,99;73032,0;72906,01;73032,0
20/08/2026 20:20:00;73032,0;73032,0;72912,0;73008,01
20/08/2026 20:25:00;73008,01;73366,16;73008,01;73204,0
20/08/2026 20:30:00;73204,0;73390,15;73204,0;73229,5
20/08/2026 20:35:00;73229,5;73242,0;73078,0;73120,97
20/08/2026 20:40:00;73120,97;73162,0;73106,0;73108,01
20/08/2026 20:45:00;73108,01;73146,97;73058,82;73108,0
20/08/2026 20:50:00;73108,0;73112,0;72988,89;73112,0
20/08/2026 20:55:00;73112,0;73112,0;73012,0;73019,77
20/08/2026 21:00:00;73019,77;73161,72;73019,77;73110,0
20/08/2026 21:05:00;73110,0;73369,99;73098,0;73278,0
20/08/2026 21:10:00;73278,0;73499,99;73277,44;73495,4
20/08/2026 21:15:00;73495,4;73893,98;73356,01;73664,01
20/08/2026 21:20:00;73664,01;73880,0;73594,9;73799,18
20/08/2026 21:25:00;73799,18;73903,067369;73690,15;73690,15
20/08/2026 21:30:00;73710,0;73989,99;73692,01;73741,44
20/08/2026 21:35:00;73741,44;73768,0;73532,91;73643,67
20/08/2026 21:40:00;73643,67;73721,99;73532,0;73690,0
20/08/2026 21:45:00;73690,0;73826,77;73612,0;73761,56
20/08/2026 21:50:00;73761,56;73850,0;73660,01;73660,01
20/08/2026 21:55:00;73660,01;73722,0;73592,44;73710,64
20/08/2026 22:00:00;73710,64;73930,0;73669,21;73842,0
20/08/2026 22:05:00;73842,0;73948,85;73808,0;73905,01
20/08/2026 22:10:00;73905,01;73998,99;73905,01;73990,49
20/08/2026 22:15:00;73990,49;74859,817709;73960,0;74664,98
20/08/2026 22:20:00;74680,82;74768,064057;74278,12;74511,84
20/08/2026 22:25:00;74511,84;74800,0;74489,51;74730,17
20/08/2026 22:30:00;74730,17;75004,74;74600,0;74746,341667
20/08/2026 22:35:00;74746,341667;74756,481431;74548,43;74605,26
20/08/2026 22:40:00;74605,26;74816,129906;74552,02;74741,368333
20/08/2026 22:45:00;74741,368333;75750,5;74722,35;75585,71
20/08/2026 22:50:00;75464,61;75603,791666;75382,6;75390,22
20/08/2026 22:55:00;75346,08;75369,177826;75100,0;75129,22
20/08/2026 23:00:00;75129,22;75129,22;74805,97;75074,22
20/08/2026 23:05:00;75074,22;75131,617103;74889,79;74941,84
20/08/2026 23:10:00;74917,81;74936,135;74681,89;74876,05
20/08/2026 23:15:00;74876,05;74925,999494;74729,61;74729,61
20/08/2026 23:20:00;74682,93;74807,113717;74662,99;74681,86
20/08/2026 23:25:00;74681,85;74991,7;74681,85;74971,73
20/08/2026 23:30:00;74971,73;75051,56;74603,76;74623,609167
20/08/2026 23:35:00;74623,609167;74805,44;74482,585342;74805,44
20/08/2026 23:40:00;74795,39;74795,39;74704,44;74747,048409
20/08/2026 23:45:00;74747,048409;74747,048409;74448,27;74476,84
20/08/2026 23:50:00;74476,84;74524,01;74400,0;74420,01
20/08/2026 23:55:00;74420,01;74482,25;74385,83;74439,23
21/08/2026 00:00:00;74439,23;74480,41;74350,01;74388,56
21/08/2026 00:05:00;74388,56;74388,56;74247,47;74310,13
21/08/2026 00:10:00;74310,13;74500,0;74309,080606;74459,3
21/08/2026 00:15:00;74417,61;74500,0;74309,15;74448,36
21/08/2026 00:20:00;74448,36;74606,78;74441,78;74441,78
21/08/2026 00:25:00;74441,78;74657,588031;74441,78;74657,588031
21/08/2026 00:30:00;74657,588031;74674,26;74602,55;74674,26
21/08/2026 00:35:00;74674,26;74674,26;74442,83;74530,33
21/08/2026 00:40:00;74530,33;74724,51;74504,63;74674,56
21/08/2026 00:45:00;74724,69;74816,38;74719,75;74785,68
21/08/2026 00:50:00;74785,68;74837,26;74653,07;74667,41
21/08/2026 00:55:00;74725,19;74725,19;74500,01;74510,77
21/08/2026 01:00:00;74510,77;74858,62;74510,77;74858,62
21/08/2026 01:05:00;74858,62;74876,270423;74704,9;74850,3
21/08/2026 01:10:00;74850,3;74911,326667;74763,1;74859,0
21/08/2026 01:15:00;74859,0;74920,13;74820,14;74820,14
21/08/2026 01:20:00;74820,14;74949,99;74781,82;74862,63
21/08/2026 01:25:00;74856,87;74918,3975;74787,5;74818,07
21/08/2026 01:30:00;74818,07;75003,165714;74783,01;74966,03
21/08/2026 01:35:00;74966,03;74993,88;74926,51;74926,51
21/08/2026 01:40:00;74926,51;74960,43;74876,12;74958,93
21/08/2026 01:45:00;74958,93;75038,48;74926,0;74988,0
21/08/2026 01:50:00;74988,0;75032,85;74940,17;75032,85
21/08/2026 01:55:00;75032,85;75049,13;74993,91;74993,91
21/08/2026 02:00:00;74993,91;75096,38;74918,79;74954,93
21/08/2026 02:05:00;74954,93;75194,92;74954,93;75153,346667
21/08/2026 02:10:00;75153,346667;75335,61;75132,16;75325,98
21/08/2026 02:15:00;75325,98;75477,33;75216,0;75383,33
21/08/2026 02:20:00;75383,33;75494,98;75282,61;75286,67
21/08/2026 02:25:00;75286,67;75293,56;75137,99;75202,82
21/08/2026 02:30:00;75202,82;75275,73;75106,32;75210,97
21/08/2026 02:35:00;75210,97;75330,0;75180,01;75326,37
21/08/2026 02:40:00;75326,37;75386,0;75209,25;75276,01
21/08/2026 02:45:00;75276,01;75278,71;75214,0;75263,22
21/08/2026 02:50:00;75263,22;75405,99;75263,22;75362,01
21/08/2026 02:55:00;75362,01;75464,69;75362,01;75460,9
21/08/2026 03:00:00;75472,72;75472,72;75348,0;75432,01
21/08/2026 03:05:00;75432,01;75521,46;75369,07;75442,39
21/08/2026 03:10:00;75442,39;75452,01;75274,02;75289,6
21/08/2026 03:15:00;75289,6;75436,94;75278,01;75368,01
21/08/2026 03:20:00;75368,01;75368,01;75104,01;75283,63
21/08/2026 03:25:00;75283,63;75491,41;75217,203586;75342,0
21/08/2026 03:30:00;75342,0;75616,59;75337,0;75559,997334
21/08/2026 03:35:00;75559,997334;75649,15;75494,53;75649,15
21/08/2026 03:40:00;75649,15;75722,822471;75349,643834;75394,98
21/08/2026 03:45:00;75304,95;75614,0;75297,29;75516,27
21/08/2026 03:50:00;75516,27;75565,97;75420,97;75565,95
21/08/2026 03:55:00;75565,95;75646,29;75540,0;75646,2
21/08/2026 04:00:00;75646,2;75851,84;75620,01;75745,66
21/08/2026 04:05:00;75745,66;75897,34;75654,0;75868,29
21/08/2026 04:10:00;75868,29;76000,0;75868,29;75963,99
21/08/2026 04:15:00;75963,99;76899,98;75931,79;76719,924334
21/08/2026 04:20:00;76719,924334;76719,924334;76263,16;76700,13
21/08/2026 04:25:00;76700,13;76700,13;76254,41;76671,86
21/08/2026 04:30:00;76671,86;76671,86;76300,0;76384,61
21/08/2026 04:35:00;76384,61;76546,87;76311,92;76523,53
21/08/2026 04:40:00;76523,53;76766,13;76445,16;76598,01
21/08/2026 04:45:00;76598,01;76640,06;76408,28;76460,01
21/08/2026 04:50:00;76460,01;76490,41;76300,01;76336,86
21/08/2026 04:55:00;76336,86;76429,31;76205,0;76313,01
21/08/2026 05:00:00;76313,01;76749,99;76256,13;76632,0
21/08/2026 05:05:00;76632,0;76785,92;76527,05612;76768,71
21/08/2026 05:10:00;76768,71;77092,59;76682,0;76902,04
21/08/2026 05:15:00;76902,04;77244,154411;76860,01;77173,0
21/08/2026 05:20:00;77173,01;77193,2;76975,3;77037,28
21/08/2026 05:25:00;77037,28;77284,04;77037,28;77188,84
21/08/2026 05:30:00;77200,84;77561,06;77167,117683;77561,06
21/08/2026 05:35:00;77561,06;77669,67;77437,72;77496,67
21/08/2026 05:40:00;77496,67;77800,0;77487,15388;77720,25
21/08/2026 05:45:00;77715,24;78089,11;77582,01;77823,027908
21/08/2026 05:50:00;77823,027908;78661,68;77750,969933;78661,68
21/08/2026 05:55:00;78661,68;79303,23;78500,01;79240,39
21/08/2026 06:00:00;79240,39;79452,07891;77622,12;79452,07891
21/08/2026 06:05:00;79452,07891;79452,07891;77267,85;77838,28
21/08/2026 06:10:00;77838,28;78151,11;77830,681085;77893,71
21/08/2026 06:15:00;77911,69;77935,46;77470,59;77650,01
21/08/2026 06:20:00;77650,01;77810,3;77626,532394;77719,435
21/08/2026 06:25:00;77719,435;77866,53;77580,0;77721,97
21/08/2026 06:30:00;77721,97;77972,48;77626,01;77917,91
21/08/2026 06:35:00;77917,91;77986,298571;77784,16;77913,37
21/08/2026 06:40:00;77913,37;78338,59;77883,15;78282,59
21/08/2026 06:45:00;78282,59;78367,29;78127,068223;78244,01
21/08/2026 06:50:00;78247,37;78273,55;78000,0;78096,92
21/08/2026 06:55:00;78071,98;78108,680333;77600,01;77910,72
21/08/2026 07:00:00;77910,72;77938,08;77698,073333;77698,073333
21/08/2026 07:05:00;77698,073333;77820,37;77647,988334;77677,924
21/08/2026 07:10:00;77677,924;78110,0;77677,924;78048,89
21/08/2026 07:15:00;78048,89;78247,76;78025,29;78240,85
21/08/2026 07:20:00;78240,85;78240,85;77972,12;78017,18
21/08/2026 07:25:00;78017,18;78017,99;77672,09;77928,53
21/08/2026 07:30:00;77928,53;77966,72;77675,39;77682,0
21/08/2026 07:35:00;77682,0;77790,0;77625,01;77722,0
21/08/2026 07:40:00;77722,0;77846,0;77722,0;77846,0
21/08/2026 07:45:00;77846,0;77994,03;77792,0;77806,65
21/08/2026 07:50:00;77765,88;77852,0;77744,0;77822,01
21/08/2026 07:55:00;77824,47;77888,23;77822,0;77878,01
21/08/2026 08:00:00;77878,01;77878,01;77626,01;77648,181609
21/08/2026 08:05:00;77648,181609;77836,0;77648,181609;77742,0
21/08/2026 08:10:00;77742,01;77801,828713;77511,99;77513,99
21/08/2026 08:15:00;77544,0;77551,2;77305,87;77334,88
21/08/2026 08:20:00;77334,88;77657,56;77271,97;77510,01
21/08/2026 08:25:00;77518,0;77518,0;77311,69;77419,01
21/08/2026 08:30:00;77419,01;77442,43;76439,51;76439,99
21/08/2026 08:35:00;76499,99;77032,0;76499,99;76985,85
21/08/2026 08:40:00;76985,84;77033,9;76780,84;76829,71
21/08/2026 08:45:00;76829,71;76905,93;76613,55;76696,02
21/08/2026 08:50:00;76696,02;77019,1;76672,01;77007,37
21/08/2026 08:55:00;77004,02;77027,610143;76854,5851;77027,610143
21/08/2026 09:00:00;77027,610143;77038,693714;76538,01;76668,42
21/08/2026 09:05:00;76668,42;76958,0;76668,42;76792,9
21/08/2026 09:10:00;76792,9;76986,94;76751,19;76912,29
21/08/2026 09:15:00;76912,29;76912,29;76755,95;76831,24
21/08/2026 09:20:00;76831,24;76853,71;76640,0;76798,72
21/08/2026 09:25:00;76798,72;76798,72;76669,04;76680,49
21/08/2026 09:30:00;76626,73;76773,49612;76626,73;76690,34
21/08/2026 09:35:00;76683,83;77271,29;76683,83;77231,0
21/08/2026 09:40:00;77231,0;77437,99;77200,85;77424,0
21/08/2026 09:45:00;77424,0;77477,24;77306,441894;77386,01
21/08/2026 09:50:00;77386,01;77451,99;77121,6;77173,99
21/08/2026 09:55:00;77173,99;77264,3;77144,0;77194,94
21/08/2026 10:00:00;77213,15;77286,01;77078,01;77286,01
21/08/2026 10:05:00;77295,99;77358,73;77220,0;77261,7
21/08/2026 10:10:00;77252,01;77252,01;77051,43;77194,0
21/08/2026 10:15:00;77138,01;77138,01;76868,07;76969,69
21/08/2026 10:20:00;76969,69;76969,69;76846,0;76960,23
21/08/2026 10:25:00;76960,23;77194,06;76892,641667;77083,94
21/08/2026 10:30:00;77083,94;77083,94;76578,06;76608,0
21/08/2026 10:35:00;76608,0;76983,04;76463,131686;76983,04
21/08/2026 10:40:00;76983,04;77319,99;76980,08;77298,0
21/08/2026 10:45:00;77298,0;77529,7;77162,01;77463,24
21/08/2026 10:50:00;77463,24;77700,0;77254,02;77299,99
21/08/2026 10:55:00;77299,99;77462,0;77137,37;77277,0
21/08/2026 11:00:00;77277,0;77277,0;76752,22;76752,22
21/08/2026 11:05:00;76752,22;77127,808343;76752,22;77024,0
21/08/2026 11:10:00;77040,63;77096,0;76728,01;76771,65
21/08/2026 11:15:00;76771,65;76971,18;76593,42566;76682,01
21/08/2026 11:20:00;76669,54;77081,08;76552,83;77035,5
21/08/2026 11:25:00;77090,0;77168,0;77041,0285;77067,99
21/08/2026 11:30:00;77091,99;77223,29;77060,913928;77100,47
21/08/2026 11:35:00;77100,47;77162,875669;76907,6;76907,6
21/08/2026 11:40:00;76908,0;77151,78;76908,0;77144,0
21/08/2026 11:45:00;77126,01;77341,97;77124,0;77330,0
21/08/2026 11:50:00;77387,96;77435,23;77300,0;77307,07
21/08/2026 11:55:00;77307,07;77444,0;77276,28;77380,18
21/08/2026 12:00:00;77384,69;77590,42;77332,75;77526,01
21/08/2026 12:05:00;77568,0;77682,886757;77532,480285;77682,886757
21/08/2026 12:10:00;77682,886757;77729,506737;77600,0;77721,640752
21/08/2026 12:15:00;77721,640752;77866,419703;77562,0;77604,01
21/08/2026 12:20:00;77633,76;77724,313333;77561,13;77632,0
21/08/2026 12:25:00;77632,01;77794,0;77610,01;77614,37
21/08/2026 12:30:00;77604,0;77749,39;77542,0;77542,01
21/08/2026 12:35:00;77542,01;77652,97;77487,98;77622,0
21/08/2026 12:40:00;77622,0;77652,0;77530,0;77557,066754
21/08/2026 12:45:00;77557,066754;77561,363409;77368,63;77368,63
21/08/2026 12:50:00;77368,63;77470,8;77302,0;77303,26
21/08/2026 12:55:00;77303,26;77331,99;77170,0;77214,0
21/08/2026 13:00:00;77214,0;77290,0;77094,53;77104,0
21/08/2026 13:05:00;77052,0;77081,802014;76920,01;76974,01
21/08/2026 13:10:00;76974,01;77144,01;76870,01;76870,01
21/08/2026 13:15:00;76886,78;77194,0;76874,403333;77140,223
21/08/2026 13:20:00;77140,223;77192,01;77070,64;77150,01
21/08/2026 13:25:00;77154,27;77283,001143;77110,28978;77283,001143
21/08/2026 13:30:00;77345,19;77383,87;77280,0;77329,76
21/08/2026 13:35:00;77324,73;77333,06;77250,01;77278,8
21/08/2026 13:40:00;77316,27;77362,04;77274,01;77362,04
21/08/2026 13:45:00;77362,04;77535,99;77318,0;77526,0
21/08/2026 13:50:00;77526,0;77553,7;77444,01;77530,784335
21/08/2026 13:55:00;77530,784335;77538,62;77451,95;77486,0
21/08/2026 14:00:00;77486,0;77621,15734;77470,8;77521,99
21/08/2026 14:05:00;77506,01;77722,11;77506,01;77617,36
21/08/2026 14:10:00;77617,36;77655,66;77532,0;77558,47
21/08/2026 14:15:00;77558,47;77562,0;77368,0;77397,03
21/08/2026 14:20:00;77397,03;77397,03;77208,531667;77234,299833
21/08/2026 14:25:00;77234,299833;77558,65;77234,299833;77558,65
21/08/2026 14:30:00;77558,65;77650,0;77538,0;77633,99
21/08/2026 14:35:00;77633,99;77633,99;77500,0;77553,99
21/08/2026 14:40:00;77553,99;77560,0;77349,34;77379,37
21/08/2026 14:45:00;77379,37;77513,26;77324,0;77414,0
21/08/2026 14:50:00;77414,0;77443,91;77358,0;77367,41
21/08/2026 14:55:00;77367,41;77472,0;77367,41;77392,68
21/08/2026 15:00:00;77392,68;77484,73;77392,0;77449,19
21/08/2026 15:05:00;77449,19;77548,58;77362,0;77362,01
21/08/2026 15:10:00;77362,01;77389,99;77278,62;77326,01
21/08/2026 15:15:00;77326,01;77420,0;77266,0;77420,0
21/08/2026 15:20:00;77420,0;77495,57;77416,54;77430,0
21/08/2026 15:25:00;77430,0;77470,8;77382,67;77388,0
21/08/2026 15:30:00;77388,0;77442,030597;77301,12;77308,0
21/08/2026 15:35:00;77308,0;77308,0;77112,16;77234,98
21/08/2026 15:40:00;77234,98;77234,98;76869,39;76946,0
21/08/2026 15:45:00;76946,0;76946,0;76643,72;76699,22
21/08/2026 15:50:00;76699,22;76944,59;76699,22;76830,74
21/08/2026 15:55:00;76830,74;77142,0;76830,74;77141,99
21/08/2026 16:00:00;77141,99;77190,0;76956,0;77045,8
21/08/2026 16:05:00;77045,8;77064,0;76856,2;77057,98
21/08/2026 16:10:00;77057,98;77186,83;77020,01;77145,47
21/08/2026 16:15:00;77145,47;77145,47;76973,72;77111,99
21/08/2026 16:20:00;77111,99;77235,89;77058,0;77200,37
21/08/2026 16:25:00;77252,01;77336,01;77205,945003;77322,8
21/08/2026 16:30:00;77322,8;77360,0;77198,0;77200,0
21/08/2026 16:35:00;77200,0;77249,735663;77125,11;77249,735663
21/08/2026 16:40:00;77249,735663;77249,735663;77106,66;77173,99
21/08/2026 16:45:00;77159,17;77251,3;77101,89;77221,03
21/08/2026 16:50:00;77221,03;77223,83;77119,84;77181,98
21/08/2026 16:55:00;77181,98;77181,98;77019,25;77027,97
21/08/2026 17:00:00;77027,97;77158,01;76876,62;77158,01
21/08/2026 17:05:00;77170,0;77170,0;76970,01;77123,99
21/08/2026 17:10:00;77123,99;77302,75;77074,01;77275,03
21/08/2026 17:15:00;77275,03;77506,0;77275,03;77479,01
21/08/2026 17:20:00;77479,01;77531,53;77392,32;77524,31
21/08/2026 17:25:00;77524,31;77524,31;77392,31;77489,99
21/08/2026 17:30:00;77489,99;77535,77;77477,65;77510,0
21/08/2026 17:35:00;77510,0;77533,81;77354,32;77397,41
21/08/2026 17:40:00;77397,41;77524,37;77397,41;77474,01
21/08/2026 17:45:00;77474,01;77489,99;77341,99;77425,68
21/08/2026 17:50:00;77431,99;77540,45772;77410,77;77494,0
21/08/2026 17:55:00;77494,0;77524,43;77470,8;77521,45
21/08/2026 18:00:00;77521,45;77521,45;77455,346203;77479,99
21/08/2026 18:05:00;77479,99;77484,0;77390,0;77419,99
21/08/2026 18:10:00;77419,99;77814,99;77419,99;77806,52
21/08/2026 18:15:00;77806,52;77806,52;77600,0;77712,0
21/08/2026 18:20:00;77712,0;78082,18;77588,0;78025,99
21/08/2026 18:25:00;78026,0;78174,01;77929,01;78067,99
21/08/2026 18:30:00;78067,99;78430,0;78067,99;78401,6
21/08/2026 18:35:00;78415,72;78425,76;78056,49;78056,49
21/08/2026 18:40:00;78025,82;78261,11;78000,0;78240,31
21/08/2026 18:45:00;78240,31;78407,98;78233,01;78339,98
21/08/2026 18:50:00;78287,0;78661,99;78286,01;78661,99
21/08/2026 18:55:00;78661,99;78661,99;78423,97;78505,14
21/08/2026 19:00:00;78474,4;78512,791094;78207,72;78414,07
21/08/2026 19:05:00;78411,59;78759,99;78407,666399;78734,48
21/08/2026 19:10:00;78734,48;78743,67;78583,338883;78737,7
21/08/2026 19:15:00;78697,09;78761,393334;78526,47;78606,64
21/08/2026 19:20:00;78606,64;78684,23;78349,99;78518,07
21/08/2026 19:25:00;78518,07;78655,21;78470,01;78499,84
21/08/2026 19:30:00;78499,84;78522,67;78087,06;78320,93
21/08/2026 19:35:00;78320,93;78510,76;78280,0;78447,231964
21/08/2026 19:40:00;78447,231964;78582,15;78426,01;78431,03
21/08/2026 19:45:00;78431,03;78450,598109;78281,96;78292,48
21/08/2026 19:50:00;78286,79;78608,577671;78286,79;78556,0
21/08/2026 19:55:00;78553,31;78579,05;78436,0;78453,48
21/08/2026 20:00:00;78453,48;78467,87;78317,081;78383,99
21/08/2026 20:05:00;78367,46;78549,99;78367,46;78532,0
21/08/2026 20:10:00;78523,33;78655,67786;78499,99;78634,25286
21/08/2026 20:15:00;78634,25286;78672,9;78606,54536;78634,285
21/08/2026 20:20:00;78634,285;78755,00125;78628,04;78755,00125
21/08/2026 20:25:00;78755,00125;78755,00125;78327,325979;78327,325979
21/08/2026 20:30:00;78327,325979;78500,65;78316,010073;78316,010073
21/08/2026 20:35:00;78316,010073;78430,0;78217,74;78229,68
21/08/2026 20:40:00;78248,01;78252,261449;78156,31;78187,128949
21/08/2026 20:45:00;78187,128949;78350,01;78187,128949;78280,0
21/08/2026 20:50:00;78212,0;78334,55;78130,620987;78315,13
21/08/2026 20:55:00;78292,0;78340,86;78262,813357;78338,02
21/08/2026 21:00:00;78338,02;78500,0;78106,01;78193,07
21/08/2026 21:05:00;78193,07;78193,07;77743,747057;77883,99
21/08/2026 21:10:00;77883,99;77988,24;77816,01;77909,02
21/08/2026 21:15:00;77909,02;78067,99;77864,01;78062,0
21/08/2026 21:20:00;78071,56;78098,17;78041,29;78089,99
21/08/2026 21:25:00;78089,99;78089,99;77915,53;77919,99
21/08/2026 21:30:00;77920,0;78038,0;77900,01;77929,452876
21/08/2026 21:35:00;77929,452876;78013,94;77927,123917;77942,0
21/08/2026 21:40:00;77942,0;77942,0;77755,05;77832,85
21/08/2026 21:45:00;77812,01;77873,637903;77720,27;77797,264497
21/08/2026 21:50:00;77797,264497;77859,13;77756,01;77836,49
21/08/2026 21:55:00;77843,61;77988,0;77833,773335;77946,0
21/08/2026 22:00:00;77946,0;78065,88;77908,0;78065,88
21/08/2026 22:05:00;78075,98;78138,75;78068,0;78076,0
21/08/2026 22:10:00;78076,0;78180,45;78076,0;78110,71
21/08/2026 22:15:00;78110,71;78168,1;77994,81;78004,08
21/08/2026 22:20:00;78004,08;78027,633415;77912,55214;78007,53
21/08/2026 22:25:00;78007,53;78065,403231;78000,01;78016,0
21/08/2026 22:30:00;78016,0;78223,93;78015,99;78129,99
21/08/2026 22:35:00;78129,99;78168,0;78040,49;78132,956609
21/08/2026 22:40:00;78132,956609;78135,078977;77900,01;77923,91
21/08/2026 22:45:00;77963,0;77968,68;77850,0;77850,0
21/08/2026 22:50:00;77850,0;77878,005191;77816,66;77834,057499
21/08/2026 22:55:00;77834,057499;78000,0;77834,057499;77881,53
21/08/2026 23:00:00;77835,99;77989,99;77794,37;77968,0
21/08/2026 23:05:00;77968,0;78050,38;77938,01;78017,99
21/08/2026 23:10:00;78017,99;78113,89;78017,99;78058,01
21/08/2026 23:15:00;78058,01;78188,0;78048,0;78137,110411
21/08/2026 23:20:00;78137,110411;78199,48;78115,0;78195,59
21/08/2026 23:25:00;78195,59;78473,72;78188,09;78398,0
21/08/2026 23:30:00;78398,0;78508,0;78286,0;78300,0
21/08/2026 23:35:00;78300,0;78411,68;78172,0;78411,33
21/08/2026 23:40:00;78411,33;78519,99;78360,33;78508,0
21/08/2026 23:45:00;78508,0;78542,0;78320,92;78374,0
21/08/2026 23:50:00;78374,0;78470,060737;78344,01;78455,37
21/08/2026 23:55:00;78455,38;78563,83;78437,06;78470,0
22/08/2026 00:00:00;78470,0;78607,37;78420,25;78580,01
22/08/2026 00:05:00;78592,0;78680,0;78574,14;78574,14
22/08/2026 00:10:00;78574,14;78574,14;78373,0;78373,0
22/08/2026 00:15:00;78373,0;78599,48;78355,116789;78599,48
22/08/2026 00:20:00;78540,0;78607,23;78505,9;78589,8
22/08/2026 00:25:00;78630,0;78792,22;78503,5;78782,42
22/08/2026 00:30:00;78782,42;78860,0;78680,0;78860,0
22/08/2026 00:35:00;78860,0;78898,0;78638,0;78878,0
22/08/2026 00:40:00;78878,0;79009,99;78529,99;79009,99
22/08/2026 00:45:00;79009,99;79009,99;78492,415106;78492,415106
22/08/2026 00:50:00;78492,415106;78685,27;78478,82;78552,0
22/08/2026 00:55:00;78548,74;78549,99;78395,957;78395,957
22/08/2026 01:00:00;78395,957;78482,453943;78295,36;78295,36
22/08/2026 01:05:00;78297,89;78433,64;78297,89;78307,99
22/08/2026 01:10:00;78354,0;78416,065;78282,0;78416,065
22/08/2026 01:15:00;78416,065;78416,065;78207,61;78256,0
22/08/2026 01:20:00;78256,0;78507,21;78256,0;78488,22
22/08/2026 01:25:00;78488,22;78571,19;78480,01;78565,77
22/08/2026 01:30:00;78565,77;78731,99;78522,0;78720,01
22/08/2026 01:35:00;78666,0;78760,0;78666,0;78760,0
22/08/2026 01:40:00;78760,0;78817,99;78664,01;78770,65
22/08/2026 01:45:00;78770,65;78828,14;78544,14;78828,14
22/08/2026 01:50:00;78828,14;78828,14;78470,28;78470,28
22/08/2026 01:55:00;78470,28;78544,0;78456,0;78484,38
22/08/2026 02:00:00;78484,38;78584,0;78438,5;78516,01
22/08/2026 02:05:00;78516,01;78553,08;77879,61;77906,7
22/08/2026 02:10:00;77906,7;77916,104286;76523,91;76523,91
22/08/2026 02:15:00;76523,91;77455,28;76416,644948;76416,644948
22/08/2026 02:20:00;76416,644948;77170,344971;76416,644948;77144,92
22/08/2026 02:25:00;77144,92;77311,95;77099,746534;77193,02
22/08/2026 02:30:00;77193,02;77349,99;76933,96;77349,99
22/08/2026 02:35:00;77349,99;77571,22;77180,85;77263,104333
22/08/2026 02:40:00;77263,104333;77280,677003;77000,01;77008,305
22/08/2026 02:45:00;77008,305;77417,82;76914,859166;76914,859166
22/08/2026 02:50:00;76914,859166;77508,95;76832,88469;77355,93
22/08/2026 02:55:00;77355,93;77463,91;77325,17;77418,327306
22/08/2026 03:00:00;77418,327306;77419,704837;77305,27;77306,83
22/08/2026 03:05:00;77306,83;77365,28;77150,01;77333,2
22/08/2026 03:10:00;77288,2;77299,319623;77143,96;77143,96
22/08/2026 03:15:00;77143,96;77358,21;77131,44;77229,99
22/08/2026 03:20:00;77229,99;77384,68;77229,99;77377,88
22/08/2026 03:25:00;77377,88;77399,5;77217,89;77245,6
22/08/2026 03:30:00;77245,6;77245,6;76985,15;77088,27
22/08/2026 03:35:00;77088,27;77531,52;77088,27;77267,758792
22/08/2026 03:40:00;77267,758792;77562,74;77267,758792;77411,35
22/08/2026 03:45:00;77411,35;77470,8;77388,64;77449,0
22/08/2026 03:50:00;77449,0;77541,19;77383,45;77479,49
22/08/2026 03:55:00;77479,49;77498,0;77422,01;77486,09
22/08/2026 04:00:00;77486,09;77647,59;77447,22;77625,18
22/08/2026 04:05:00;77625,18;77662,28;77469,43;77482,2
22/08/2026 04:10:00;77482,2;77482,2;77278,0;77375,3
22/08/2026 04:15:00;77375,3;77402,14;77220,01;77260,35
22/08/2026 04:20:00;77260,35;77458,0;77260,35;77435,65
22/08/2026 04:25:00;77435,65;77488,3;77390,0;77485,44
22/08/2026 04:30:00;77485,44;77506,0;77417,54;77442,91
22/08/2026 04:35:00;77442,91;77466,0;77388,62;77405,98
22/08/2026 04:40:00;77405,98;77436,0;77302,0;77418,25
22/08/2026 04:45:00;77418,25;77442,0;77320,01;77344,0
22/08/2026 04:50:00;77344,0;77367,89;77300,0;77349,34
22/08/2026 04:55:00;77349,34;77363,25;77274,4;77289,17
22/08/2026 05:00:00;77289,17;77396,77;77258,92;77258,92
22/08/2026 05:05:00;77258,92;77400,34;77194,0;77342,0
22/08/2026 05:10:00;77368,6;77435,34;77341,54;77424,28
22/08/2026 05:15:00;77424,28;77445,6;77340,0;77358,18
22/08/2026 05:20:00;77358,18;77388,01;77278,0;77293,0
22/08/2026 05:25:00;77293,0;77299,99;77115,38;77226,0
22/08/2026 05:30:00;77226,0;77226,0;77078,01;77112,01
22/08/2026 05:35:00;77124,67;77197,25;77079,0;77093,35
22/08/2026 05:40:00;77093,35;77321,99;77041,18;77297,52
22/08/2026 05:45:00;77297,52;77297,52;77117,11;77134,103332
22/08/2026 05:50:00;77134,103332;77220,64;77116,76;77220,64
22/08/2026 05:55:00;77220,64;77220,64;77150,01;77210,55
22/08/2026 06:00:00;77210,55;77226,85;77064,57;77112,94
22/08/2026 06:05:00;77112,94;77262,12;77085,31;77254,0
22/08/2026 06:10:00;77254,0;77376,04;77206,17;77376,04
22/08/2026 06:15:00;77353,02;77385,27;77280,32;77288,61
22/08/2026 06:20:00;77288,61;77381,16;77240,51;77244,84
22/08/2026 06:25:00;77235,24;77238,38;77172,18;77222,36
22/08/2026 06:30:00;77222,36;77261,81;77196,31;77197,47
22/08/2026 06:35:00;77217,61;77221,71;77162,01;77162,02
22/08/2026 06:40:00;77162,02;77204,35;77162,02;77200,55
22/08/2026 06:45:00;77200,55;77203,46;76851,25;76980,3
22/08/2026 06:50:00;76980,3;77032,28;76898,01;76901,055
22/08/2026 06:55:00;76901,055;77012,329786;76802,329786;76802,329786
22/08/2026 07:00:00;76802,329786;76984,13282;76780,211857;76888,769169
22/08/2026 07:05:00;76888,769169;76933,3;0,0;76780,05
22/08/2026 07:10:00;76780,06;76876,0;76680,2;76714,42
22/08/2026 07:15:00;76714,42;76836,0;76674,01;76674,01
22/08/2026 07:20:00;76674,01;76758,41;76533,88;76723,152333
22/08/2026 07:25:00;76723,152333;76946,0;76613,393929;76946,0
22/08/2026 07:30:00;76934,02;76970,67;76870,01;76942,0
22/08/2026 07:35:00;76942,0;77129,76;76942,0;77085,03
22/08/2026 07:40:00;77085,03;77177,49;77085,03;77167,18
22/08/2026 07:45:00;77167,18;77187,46;77050,0;77050,0
22/08/2026 07:50:00;77050,0;77079,99;76989,99;76989,99
22/08/2026 07:55:00;76989,99;77010,0;76884,85;76978,0
22/08/2026 08:00:00;76978,0;76990,62;76822,0;76955,73
22/08/2026 08:05:00;76955,73;77062,0;76890,0;76890,0
22/08/2026 08:10:00;76890,0;76961,02;76877,23;76877,23
22/08/2026 08:15:00;76863,56;76887,7;76810,35;76815,86
22/08/2026 08:20:00;76856,0;76919,51;76838,47;76838,47
22/08/2026 08:25:00;76838,47;76987,85;76838,47;76987,22
22/08/2026 08:30:00;76987,22;77094,0;76946,89;77091,54
22/08/2026 08:35:00;77102,39;77185,98;77073,113983;77130,5
22/08/2026 08:40:00;77130,5;77179,44;77114,68;77175,02
22/08/2026 08:45:00;77175,02;77204,68;77106,45;77177,5
22/08/2026 08:50:00;77177,5;77178,82843;77060,789958;77060,789958
22/08/2026 08:55:00;77060,789958;77175,7;77060,789958;77130,02
22/08/2026 09:00:00;77130,02;77268,0;77073,86;77135,28
22/08/2026 09:05:00;77135,28;77273,0;77135,28;77241,99
22/08/2026 09:10:00;77241,99;77279,6;77220,0;77242,63
22/08/2026 09:15:00;77242,63;77280,0;77199,93;77255,361879
22/08/2026 09:20:00;77255,361879;77308,88;77255,361879;77284,482322
22/08/2026 09:25:00;77284,482322;77334,83;77252,34;77262,46
22/08/2026 09:30:00;77262,46;77330,01;77218,06;77218,06
22/08/2026 09:35:00;77218,06;77280,54;77208,13;77270,6
22/08/2026 09:40:00;77270,6;77344,0;77251,22;77344,0
22/08/2026 09:45:00;77344,0;77375,3;77332,66;77375,3
22/08/2026 09:50:00;77375,3;77375,3;77258,452389;77310,16
22/08/2026 09:55:00;77307,28;77340,0;77290,717799;77300,26
22/08/2026 10:00:00;77300,26;77310,29;77198,546003;77198,546003
22/08/2026 10:05:00;77198,546003;77260,92;77198,546003;77260,92
22/08/2026 10:10:00;77260,92;77260,92;77214,4;77225,91
22/08/2026 10:15:00;77225,91;77252,0;77137,52;77137,52
22/08/2026 10:20:00;77137,53;77183,75;77127,29;77173,87
22/08/2026 10:25:00;77173,87;77250,03;77170,86;77170,86
22/08/2026 10:30:00;77185,98;77185,99;77138,86;77138,86
22/08/2026 10:35:00;77138,86;77177,52;77116,0;77116,77
22/08/2026 10:40:00;77116,77;77177,53;77116,76;77168,0
22/08/2026 10:45:00;77168,0;77285,82;77151,9;77250,75
22/08/2026 10:50:00;77250,75;77362,03;77250,75;77295,98
22/08/2026 10:55:00;77295,98;77298,84;77256,0;77288,62
22/08/2026 11:00:00;77288,63;77305,14;77180,23;77197,27
22/08/2026 11:05:00;77197,27;77217,29;76980,16;77086,38
22/08/2026 11:10:00;77086,38;77103,22;77010,06;77028,775333
22/08/2026 11:15:00;77028,775333;77065,44;76957,82;77003,17
22/08/2026 11:20:00;77003,17;77049,27;77003,17;77043,885712
22/08/2026 11:25:00;77043,885712;77093,22;77008,0;77093,21
22/08/2026 11:30:00;77093,22;77176,78;77044,06;77169,78
22/08/2026 11:35:00;77169,78;77176,658571;77042,607539;77042,607539
22/08/2026 11:40:00;77042,607539;77046,78;76959,95;76959,95
22/08/2026 11:45:00;76959,95;77007,4;76950,75;76967,31
22/08/2026 11:50:00;76967,31;77000,0;76939,14;76950,76
22/08/2026 11:55:00;76952,0;77081,73;76950,0;77003,63
22/08/2026 12:00:00;77003,63;77086,56;76958,25;77022,93
22/08/2026 12:05:00;77022,93;77054,0;76964,4;76964,41
22/08/2026 12:10:00;76964,41;77002,318134;76949,635444;76950,01
22/08/2026 12:15:00;76934,01;77011,51;76931,61;76957,05
22/08/2026 12:20:00;76957,06;77028,05;76934,108333;77002,47
22/08/2026 12:25:00;77002,47;77022,0;76970,23;76992,0
22/08/2026 12:30:00;76992,0;77100,77;76989,79;77093,22
22/08/2026 12:35:00;77093,22;77093,22;77023,99;77043,2
22/08/2026 12:40:00;77043,2;77077,92;77014,0;77060,01
22/08/2026 12:45:00;77060,01;77091,91;77000,0;77000,01
22/08/2026 12:50:00;77000,01;77002,93;76922,0;76967,94
22/08/2026 12:55:00;76967,94;77022,0;76965,39;76978,82
22/08/2026 13:00:00;76978,82;77023,42;76967,68;77023,42
22/08/2026 13:05:00;77023,42;77062,0;77012,777034;77020,32
22/08/2026 13:10:00;77014,84;77063,99;76956,36;77053,39
22/08/2026 13:15:00;77053,39;77168,17;77046,81;77168,17
22/08/2026 13:20:00;77168,17;77228,99;77155,33;77220,99
22/08/2026 13:25:00;77220,99;77239,52;77175,01;77239,52
22/08/2026 13:30:00;77239,52;77239,52;77172,679932;77172,679932
22/08/2026 13:35:00;77172,679932;77324,6225;77172,679932;77324,6225
22/08/2026 13:40:00;77324,6225;77459,99;77317,43;77395,87
22/08/2026 13:45:00;77395,87;77480,0;77395,87;77478,01
22/08/2026 13:50:00;77478,01;77482,983294;77335,71;77368,72
22/08/2026 13:55:00;77368,72;77368,72;77318,01;77357,0675
22/08/2026 14:00:00;77357,0675;77357,0675;77280,012667;77280,826122
22/08/2026 14:05:00;77280,826122;77308,04;77240,0;77246,71
22/08/2026 14:10:00;77246,71;77298,84;77246,71;77282,02
22/08/2026 14:15:00;77282,02;77334,34;77275,02;77334,34
22/08/2026 14:20:00;77298,83;77331,13;77286,0;77286,0
22/08/2026 14:25:00;77285,72;77289,73;77101,81;77117,645276
22/08/2026 14:30:00;77117,645276;77190,0;77116,035011;77167,19
22/08/2026 14:35:00;77167,19;77196,03;77122,01;77122,01
22/08/2026 14:40:00;77122,01;77220,75;77122,0;77218,0
22/08/2026 14:45:00;77220,74;77292,92;77220,74;77289,496
22/08/2026 14:50:00;77289,496;77365,63;77272,95;77301,73
22/08/2026 14:55:00;77301,73;77308,52;77275,83;77278,01
22/08/2026 15:00:00;77278,01;77351,18;77278,01;77346,27
22/08/2026 15:05:00;77346,27;77360,92;77251,3;77251,31
22/08/2026 15:10:00;77251,31;77263,21;77225,729783;77240,25
22/08/2026 15:15:00;77242,0;77298,83;77232,99;77284,98
22/08/2026 15:20:00;77275,13;77344,0;77270,68;77308,742537
22/08/2026 15:25:00;77308,742537;77324,0;77280,57;77317,373705
22/08/2026 15:30:00;77317,373705;77318,276894;77269,96;77318,01
22/08/2026 15:35:00;77318,02;77318,02;77259,24;77259,24
22/08/2026 15:40:00;77259,28;77280,067191;77227,9;77227,9
22/08/2026 15:45:00;77227,9;77234,87;77180,14;77217,08
22/08/2026 15:50:00;77217,08;77217,08;77138,0;77205,11
22/08/2026 15:55:00;77205,11;77257,86;77197,38;77257,86
22/08/2026 16:00:00;77257,86;77284,0;77244,0;77256,72
22/08/2026 16:05:00;77256,72;77261,06;77206,53;77253,99
22/08/2026 16:10:00;77253,99;77337,72;77242,35;77329,78
22/08/2026 16:15:00;77329,78;77337,69;77268,0;77268,01
22/08/2026 16:20:00;77283,45;77294,38;77265,32;77277,72
22/08/2026 16:25:00;77277,72;77303,53;77254,0;77281,97
22/08/2026 16:30:00;77281,97;77349,32;77281,97;77328,01
22/08/2026 16:35:00;77328,01;77382,92;77328,01;77354,31
22/08/2026 16:40:00;77354,31;77421,99;77354,3;77421,99
22/08/2026 16:45:00;77421,99;77446,35;77410,08;77442,0
22/08/2026 16:50:00;77442,0;77469,63;77438,31;77453,23
22/08/2026 16:55:00;77453,23;77465,55;77418,26;77418,26
22/08/2026 17:00:00;77418,26;77430,9;77366,02;77401,62
22/08/2026 17:05:00;77388,01;77436,0;77388,01;77429,93
22/08/2026 17:10:00;77429,93;77462,639694;77412,24;77412,25
22/08/2026 17:15:00;77412,25;77428,1;77349,34;77349,35
22/08/2026 17:20:00;77336,0;77339,94;77330,0;77330,01
22/08/2026 17:25:00;77330,01;77348,8;77298,15;77298,16
22/08/2026 17:30:00;77298,16;77314,08;77262,0;77277,99
22/08/2026 17:35:00;77277,99;77370,0;77273,58;77370,0
22/08/2026 17:40:00;77370,0;77407,99;77339,0;77352,18
22/08/2026 17:45:00;77352,18;77374,62;77342,04;77342,05
22/08/2026 17:50:00;77342,05;77342,05;77316,0;77332,02
22/08/2026 17:55:00;77332,02;77332,02;77275,4;77320,65
22/08/2026 18:00:00;77316,84;77316,84;77026,0;77075,99
22/08/2026 18:05:00;77075,99;77151,11;77075,99;77140,0
22/08/2026 18:10:00;77140,0;77141,95;77048,0;77048,0
22/08/2026 18:15:00;77073,41;77187,06;77047,999999;77185,83
22/08/2026 18:20:00;77185,83;77206,8;77138,0;77138,0
22/08/2026 18:25:00;77138,0;77200,0;77122,0;77183,47
22/08/2026 18:30:00;77183,47;77196,03;77086,0;77113,98
22/08/2026 18:35:00;77113,98;77114,17;76990,4;76999,65
22/08/2026 18:40:00;76999,65;77001,914061;76921,461678;76921,461678
22/08/2026 18:45:00;76921,461678;76998,0;76906,884883;76973,09
22/08/2026 18:50:00;76973,09;76979,99;76933,52;76936,51
22/08/2026 18:55:00;76936,51;76945,68;76830,0;76856,0
22/08/2026 19:00:00;76856,0;76964,79;76772,01;76964,79
22/08/2026 19:05:00;76964,79;77155,46;76964,79;77110,01
22/08/2026 19:10:00;77110,01;77145,28;77074,01;77101,69
22/08/2026 19:15:00;77101,69;77127,86;77042,47;77055,98
22/08/2026 19:20:00;77055,98;77150,0;77055,98;77116,0
22/08/2026 19:25:00;77116,0;77164,07;77082,997686;77107,997686
22/08/2026 19:30:00;77107,997686;77107,997686;76876,01;76909,26
22/08/2026 19:35:00;76909,26;77038,925001;76903,925001;76903,925001
22/08/2026 19:40:00;76903,925001;77090,01;76903,925001;77070,0
22/08/2026 19:45:00;77070,0;77107,99;77031,18;77077,78
22/08/2026 19:50:00;77077,78;77147,99;77046,97;77103,83
22/08/2026 19:55:00;77103,83;77119,38;76958,1;76997,77
22/08/2026 20:00:00;76997,77;77045,74;76955,7;76955,7
22/08/2026 20:05:00;76955,7;77074,0;76955,7;76975,027004
22/08/2026 20:10:00;76975,027004;77033,57;76946,46;76974,79
22/08/2026 20:15:00;76974,79;77014,07;76974,79;77014,07
22/08/2026 20:20:00;77014,07;77021,57;76993,99;77020,324895
22/08/2026 20:25:00;77020,324895;77022,735997;76931,0;76931,0
22/08/2026 20:30:00;76931,0;76978,54;76920,0;76920,0
22/08/2026 20:35:00;76920,0;76983,41;76900,0;76983,41
22/08/2026 20:40:00;76983,41;77034,0;76983,4;77022,58
22/08/2026 20:45:00;77022,58;77093,22;77008,0;77093,22
22/08/2026 20:50:00;77093,22;77128,27;77057,125757;77128,27
22/08/2026 20:55:00;77128,27;77128,27;77074,93;77074,94
22/08/2026 21:00:00;77074,94;77136,0;77074,94;77135,99
22/08/2026 21:05:00;77135,99;77143,94;77093,46;77093,47
22/08/2026 21:10:00;77093,47;77093,47;77042,91;77082,68
22/08/2026 21:15:00;77082,68;77130,0;77055,99;77104,05
22/08/2026 21:20:00;77104,05;77166,18;77093,34;77166,18
22/08/2026 21:25:00;77166,18;77251,95;77166,18;77251,95
22/08/2026 21:30:00;77251,95;77278,58;77227,9;77277,01
22/08/2026 21:35:00;77283,39;77310,91;77236,92;77310,91
22/08/2026 21:40:00;77310,91;77316,72;77228,74;77282,47
22/08/2026 21:45:00;77282,48;77325,73;77253,445;77319,53
22/08/2026 21:50:00;77310,35;77360,41;77310,35;77360,41
22/08/2026 21:55:00;77360,41;77360,41;77311,09;77311,09
22/08/2026 22:00:00;77311,09;77311,09;77178,01;77180,48
22/08/2026 22:05:00;77180,47;77260,0;77179,0;77247,12
22/08/2026 22:10:00;77247,12;77288,63;77245,28;77288,63
22/08/2026 22:15:00;77288,63;77390,05;77288,63;77306,47
22/08/2026 22:20:00;77306,47;77329,99;77306,47;77308,01
22/08/2026 22:25:00;77260,0;77308,51;77250,01;77250,01
22/08/2026 22:30:00;77250,01;77318,26;77191,3;77210,75
22/08/2026 22:35:00;77210,75;77252,97;77188,0;77243,87
22/08/2026 22:40:00;77243,87;77276,0;77185,7;77250,029
22/08/2026 22:45:00;77250,029;77329,41;77236,47;77242,96
22/08/2026 22:50:00;77242,96;77277,99;77198,41;77236,492882
22/08/2026 22:55:00;77236,492882;77259,77;77158,0;77190,29
22/08/2026 23:00:00;77190,29;77211,392537;77136,0;77136,01
22/08/2026 23:05:00;77136,01;77142,42;77093,21;77106,46
22/08/2026 23:10:00;77106,46;77132,29;77050,01;77050,01
22/08/2026 23:15:00;77050,01;77125,02;77050,01;77107,82
22/08/2026 23:20:00;77107,82;77107,82;77014,71;77024,41
22/08/2026 23:25:00;77024,41;77115,29;77024,41;77110,6
22/08/2026 23:30:00;77114,47;77206,0;77114,47;77206,0
22/08/2026 23:35:00;77206,0;77207,3;77174,0;77190,05
22/08/2026 23:40:00;77196,02;77201,58;77170,08;77175,96
22/08/2026 23:45:00;77175,96;77209,91;77162,0;77183,48
22/08/2026 23:50:00;77183,48;77204,0;77064,22;77064,23
22/08/2026 23:55:00;77064,23;77084,0;77063,46;77063,46
23/08/2026 00:00:00;77063,46;77115,0;77063,073901;77063,073901
23/08/2026 00:05:00;77063,073901;77072,01;77019,99;77020,0
23/08/2026 00:10:00;77020,0;77085,01;77002,4;77083,77
23/08/2026 00:15:00;77083,77;77136,77;77055,16;77106,31
23/08/2026 00:20:00;77106,31;77106,31;77006,01;77016,38
23/08/2026 00:25:00;77016,38;77036,6;77001,35;77002,99
23/08/2026 00:30:00;77002,99;77002,99;76889,81;76889,81
23/08/2026 00:35:00;76889,81;76987,3;76870,204674;76870,204674
23/08/2026 00:40:00;76870,204674;76948,748806;76840,748806;76840,748806
23/08/2026 00:45:00;76840,748806;76976,26;76840,748806;76976,26
23/08/2026 00:50:00;76976,26;76985,01;76878,19;76878,19
23/08/2026 00:55:00;76878,19;76958,73;76878,19;76958,73
23/08/2026 01:00:00;76958,73;76979,59;76844,59;76979,59
23/08/2026 01:05:00;76979,59;76979,59;76680,65;76680,65
23/08/2026 01:10:00;76680,65;77020,37;76537,210486;77004,31
23/08/2026 01:15:00;77004,31;77052,01;76896,01;77052,01
23/08/2026 01:20:00;77052,01;77052,01;76802,83;76881,99
23/08/2026 01:25:00;76881,99;76971,99;76881,99;76934,01
23/08/2026 01:30:00;76934,01;76981,86;76846,86;76981,86
23/08/2026 01:35:00;76981,86;76981,86;76805,99;76805,99
23/08/2026 01:40:00;76805,99;76896,43;76792,16;76792,16
23/08/2026 01:45:00;76792,16;76819,104049;76586,0;76819,104049
23/08/2026 01:50:00;76819,104049;76819,104049;76665,88;76690,93
23/08/2026 01:55:00;76658,2;76658,2;76501,99;76602,0
23/08/2026 02:00:00;76602,0;76730,99;76483,56;76525,98
23/08/2026 02:05:00;76525,98;76632,76;76323,790666;76323,790666
23/08/2026 02:10:00;76323,790666;76412,96;76257,01;76257,01
23/08/2026 02:15:00;76257,01;76257,01;75558,981357;75558,981357
23/08/2026 02:20:00;75558,981357;76263,36;75474,059714;75474,059714
23/08/2026 02:25:00;75474,059714;76312,0;75474,059714;76228,07
23/08/2026 02:30:00;76228,07;76333,82;76195,59;76215,3
23/08/2026 02:35:00;76215,3;76302,31;76177,31;76220,0
23/08/2026 02:40:00;76220,0;76274,07;76148,06;76274,07
23/08/2026 02:45:00;76274,07;76274,07;76111,82;76172,01
23/08/2026 02:50:00;76172,01;76247,07;76030,0;76141,46
23/08/2026 02:55:00;76141,46;76178,0;76060,01;76060,01
23/08/2026 03:00:00;76060,01;76103,98;76002,0;76055,607523
23/08/2026 03:05:00;76055,607523;76129,99;75919,23;75921,79
23/08/2026 03:10:00;75921,79;76115,81;75872,97;75872,97
23/08/2026 03:15:00;75872,97;76241,57;75872,97;76241,57
23/08/2026 03:20:00;76241,57;76302,4;76194,0;76272,0
23/08/2026 03:25:00;76272,0;76272,01;76176,25;76176,25
23/08/2026 03:30:00;76176,25;76357,51;76176,25;76342,15
23/08/2026 03:35:00;76342,15;76379,82;76206,0;76379,82
23/08/2026 03:40:00;76379,82;76379,82;76250,0;76312,01
23/08/2026 03:45:00;76312,01;76312,01;76193,84;76194,26
23/08/2026 03:50:00;76194,27;76208,176146;76136,39;76136,4
23/08/2026 03:55:00;76136,4;76164,1;76025,4;76096,96
23/08/2026 04:00:00;76096,96;76105,99;76036,07;76052,166667
23/08/2026 04:05:00;76052,166667;76256,0;76012,51;76012,51
23/08/2026 04:10:00;76012,51;76310,67;76012,51;76299,37
23/08/2026 04:15:00;76299,37;76345,31;76299,37;76329,99
23/08/2026 04:20:00;76329,99;76352,869334;76242,0;76242,01
23/08/2026 04:25:00;76246,99;76274,7;76230,0;76234,11
23/08/2026 04:30:00;76234,11;76234,11;76100,0;76100,01
23/08/2026 04:35:00;76100,01;76128,0;76080,0;76117,99
23/08/2026 04:40:00;76117,99;76124,01;76051,17;76058,72
23/08/2026 04:45:00;76058,72;76083,41;76045,7;76051,59
23/08/2026 04:50:00;76051,59;76148,0;76050,01;76050,01
23/08/2026 04:55:00;76050,01;76050,01;75908,01;75998,68
23/08/2026 05:00:00;75998,68;76042,03;75952,09;76042,03
23/08/2026 05:05:00;76042,03;76260,05;76035,99;76247,46
23/08/2026 05:10:00;76247,46;76300,0;76190,39;76206,12
23/08/2026 05:15:00;76206,12;76297,99;76203,83;76270,38
23/08/2026 05:20:00;76270,38;76270,38;76220,84;76237,56
23/08/2026 05:25:00;76237,56;76250,51;76219,97;76236,35
23/08/2026 05:30:00;76236,35;76312,24;76236,35;76300,0
23/08/2026 05:35:00;76300,0;76483,68;76294,0;76441,19
23/08/2026 05:40:00;76441,19;76654,78;76430,0;76531,34
23/08/2026 05:45:00;76531,34;76612,39;76494,0;76538,0
23/08/2026 05:50:00;76538,0;76538,0;76466,34;76509,32
23/08/2026 05:55:00;76509,32;76534,000001;76453,19;76476,37
23/08/2026 06:00:00;76476,37;76616,27;76469,325714;76578,623333
23/08/2026 06:05:00;76578,623333;76639,99;76564,275711;76585,58
23/08/2026 06:10:00;76585,58;76604,230001;76544,49;76579,18
23/08/2026 06:15:00;76603,99;76603,99;76513,34;76541,78
23/08/2026 06:20:00;76541,78;76543,99;76476,36;76500,01
23/08/2026 06:25:00;76500,01;76579,18;76499,69;76556,0
23/08/2026 06:30:00;76515,74;76554,005;76466,173335;76493,19
23/08/2026 06:35:00;76493,19;76536,35;76467,0;76526,0
23/08/2026 06:40:00;76526,0;76575,98;76526,0;76564,5
23/08/2026 06:45:00;76564,5;76607,64;76505,01;76589,89
23/08/2026 06:50:00;76589,89;76640,21;76586,0;76606,65
23/08/2026 06:55:00;76606,65;76606,65;76550,0;76550,0
23/08/2026 07:00:00;76550,0;76638,31;76542,0;76617,99
23/08/2026 07:05:00;76617,99;76732,36;76617,99;76678,83
23/08/2026 07:10:00;76678,83;76695,32;76612,0;76656,55
23/08/2026 07:15:00;76656,55;76682,35;76612,954886;76656,01
23/08/2026 07:20:00;76656,01;76909,89176;76656,01;76805,38
23/08/2026 07:25:00;76805,38;76879,97;76749,23;76757,53
23/08/2026 07:30:00;76757,53;76920,0;76749,27;76920,0
23/08/2026 07:35:00;76920,0;76920,0;76806,0;76832,29
23/08/2026 07:40:00;76832,29;76875,86;76807,52;76856,68
23/08/2026 07:45:00;76856,68;76877,19;76813,69;76813,7
23/08/2026 07:50:00;76812,01;76854,0;76806,01;76815,06
23/08/2026 07:55:00;76815,06;76815,07;76780,16;76790,35
23/08/2026 08:00:00;76790,35;76843,99;76744,94;76744,95
23/08/2026 08:05:00;76744,95;76845,68;76744,94;76805,24
23/08/2026 08:10:00;76805,24;76891,99;76803,38;76881,01
23/08/2026 08:15:00;76881,01;76959,99;76824,01;76958,018333
23/08/2026 08:20:00;76958,018333;77313,99;76958,018333;77286,43
23/08/2026 08:25:00;77286,43;77298,84;77146,01;77170,0
23/08/2026 08:30:00;77170,0;77254,53;77132,0;77206,0
23/08/2026 08:35:00;77206,0;77392,43;77200,01;77392,43
23/08/2026 08:40:00;77392,43;77392,43;77274,0;77283,0
23/08/2026 08:45:00;77283,0;77308,27;77190,0;77210,02
23/08/2026 08:50:00;77210,02;77395,87;77200,0;77360,11
23/08/2026 08:55:00;77360,11;77360,11;77305,01;77311,01
23/08/2026 09:00:00;77311,01;77311,99;77191,58;77191,58
23/08/2026 09:05:00;77191,58;77200,0;77088,0;77142,37
23/08/2026 09:10:00;77142,37;77143,1;77000,49;77080,06
23/08/2026 09:15:00;77080,06;77101,77;77048,16;77093,22
23/08/2026 09:20:00;77093,22;77127,72;77093,21;77109,92
23/08/2026 09:25:00;77109,92;77109,93;77020,0;77047,83
23/08/2026 09:30:00;77047,83;77093,22;77047,83;77082,86
23/08/2026 09:35:00;77082,86;77136,0;77052,55;77136,0
23/08/2026 09:40:00;77136,0;77248,0;77136,0;77238,09
23/08/2026 09:45:00;77238,09;77260,0;77202,0;77211,24
23/08/2026 09:50:00;77211,24;77216,0;77164,0;77164,01
23/08/2026 09:55:00;77164,01;77226,34;77164,01;77206,0
23/08/2026 10:00:00;77206,0;77226,0;77202,0;77207,05
23/08/2026 10:05:00;77207,05;77240,34;77204,0;77240,34
23/08/2026 10:10:00;77240,34;77341,35;77240,34;77338,87
23/08/2026 10:15:00;77338,87;77765,67;77338,22;77678,74
23/08/2026 10:20:00;77678,74;77680,97;77422,0;77644,21
23/08/2026 10:25:00;77644,21;77644,21;77434,0;77440,0
23/08/2026 10:30:00;77440,0;77500,0;77372,0;77398,44
23/08/2026 10:35:00;77398,44;77602,54;77350,72;77578,64
23/08/2026 10:40:00;77578,64;77623,06;77492,88;77522,0
23/08/2026 10:45:00;77522,0;77564,0;77408,01;77468,03
23/08/2026 10:50:00;77468,03;77495,54;77372,376667;77495,54
23/08/2026 10:55:00;77478,01;77485,99;77447,659351;77485,99
23/08/2026 11:00:00;77487,61;77617,89;77487,61;77557,5
23/08/2026 11:05:00;77557,5;77566,23;77330,41;77423,26
23/08/2026 11:10:00;77423,27;77574,3;77423,27;77552,72
23/08/2026 11:15:00;77552,72;77630,45932;77468,05;77478,0
23/08/2026 11:20:00;77478,01;77504,45;77428,38;77436,95
23/08/2026 11:25:00;77436,95;77504,43;77421,06;77452,55
23/08/2026 11:30:00;77452,55;77471,99;77422,0;77425,45
23/08/2026 11:35:00;77425,45;77487,99;77425,0;77439,45
23/08/2026 11:40:00;77439,45;77464,75;76840,98;77014,01
23/08/2026 11:45:00;77022,0;77214,44;77022,0;77203,75
23/08/2026 11:50:00;77203,75;77314,01;77182,09;77273,53
23/08/2026 11:55:00;77273,53;77273,53;77150,0;77186,0
23/08/2026 12:00:00;77186,0;77285,74;77076,0;77267,99
23/08/2026 12:05:00;77267,99;77334,11;77242,57;77278,0
23/08/2026 12:10:00;77294,0;77308,0;77170,0;77170,0
23/08/2026 12:15:00;77170,0;77173,99;76929,7;77022,43
23/08/2026 12:20:00;77022,43;77250,887469;77005,99;77220,25
23/08/2026 12:25:00;77225,49;77227,99;77191,149043;77191,149043
23/08/2026 12:30:00;77191,149043;77277,26;77144,0;77168,91
23/08/2026 12:35:00;77168,91;77273,0;77168,91;77273,0
23/08/2026 12:40:00;77273,0;77332,127451;77267,95;77332,127451
23/08/2026 12:45:00;77332,127451;77332,127451;77196,03;77205,09
23/08/2026 12:50:00;77205,09;77218,563333;77182,24;77191,47
23/08/2026 12:55:00;77191,47;77206,44;77137,061443;77137,061443
23/08/2026 13:00:00;77137,061443;77238,22;77121,959241;77121,959241
23/08/2026 13:05:00;77121,959241;77256,24;77121,959241;77219,33
23/08/2026 13:10:00;77219,33;77277,67;77212,02;77277,67
23/08/2026 13:15:00;77256,82;77322,0;77243,85;77243,86
23/08/2026 13:20:00;77243,86;77290,895;77216,81;77290,895
23/08/2026 13:25:00;77290,895;77328,0;77265,39;77328,0
23/08/2026 13:30:00;77332,82;77400,0;77313,914021;77400,0
23/08/2026 13:35:00;77400,0;77428,19426;77361,14;77412,55
23/08/2026 13:40:00;77412,55;77440,42;77370,88;77389,1
23/08/2026 13:45:00;77388,0;77415,54;77360,0;77382,94
23/08/2026 13:50:00;77382,94;77469,65;77382,62869;77406,01
23/08/2026 13:55:00;77406,01;77461,01;77406,0;77461,01
23/08/2026 14:00:00;77461,01;77461,01;77148,2;77436,338889
23/08/2026 14:05:00;77436,338889;77436,338889;77272,0;77333,03
23/08/2026 14:10:00;77333,03;77336,0;77276,0;77283,27
23/08/2026 14:15:00;77283,27;77366,0;77196,18;77366,0
23/08/2026 14:20:00;77366,0;77380,0;77294,0;77294,0
23/08/2026 14:25:00;77294,0;77301,72;77232,54;77250,0
23/08/2026 14:30:00;77250,0;77257,99;77161,81;77257,99
23/08/2026 14:35:00;77257,99;77326,178166;77257,99;77326,178166
23/08/2026 14:40:00;77326,178166;77326,178166;77204,0;77221,05
23/08/2026 14:45:00;77221,05;77320,0;77221,05;77243,99
23/08/2026 14:50:00;77243,99;77285,14;77243,13;77243,14
23/08/2026 14:55:00;77243,14;77243,14;77189,4;77189,4
23/08/2026 15:00:00;77189,4;77204,060877;77151,07;77167,19
23/08/2026 15:05:00;77167,19;77211,95;77116,0;77187,95
23/08/2026 15:10:00;77187,95;77411,07;77187,95;77355,18
23/08/2026 15:15:00;77355,18;77417,34;77344,77;77365,81
23/08/2026 15:20:00;77365,81;77365,81;77302,99;77322,86
23/08/2026 15:25:00;77322,87;77401,2;77320,0;77390,391233
23/08/2026 15:30:00;77390,391233;77396,473811;77307,83;77307,83
23/08/2026 15:35:00;77307,83;77349,69;77296,43;77338,51
23/08/2026 15:40:00;77338,51;77369,91;77329,34;77345,51
23/08/2026 15:45:00;77345,51;77349,77;77263,15;77298,84
23/08/2026 15:50:00;77298,84;77317,73;77280,0;77296,5
23/08/2026 15:55:00;77296,5;77336,03;77296,5;77336,03
23/08/2026 16:00:00;77371,64;77411,02;77331,39;77342,0
23/08/2026 16:05:00;77342,0;77358,94;77328,84;77332,01
23/08/2026 16:10:00;77332,01;77332,01;77255,99;77321,99
23/08/2026 16:15:00;77321,99;77377,48;77301,5;77377,47
23/08/2026 16:20:00;77377,47;77396,94;77363,18;77371,21
23/08/2026 16:25:00;77365,17;77383,17;77333,92;77355,24
23/08/2026 16:30:00;77355,24;77355,25;77257,99;77343,58
23/08/2026 16:35:00;77343,58;77368,47;77329,47;77329,47
23/08/2026 16:40:00;77329,47;77445,11;77329,47;77445,1
23/08/2026 16:45:00;77445,1;77484,99;77385,78;77404,0
23/08/2026 16:50:00;77404,0;77404,01;77381,0;77384,59
23/08/2026 16:55:00;77384,6;77384,6;77329,105538;77346,0
23/08/2026 17:00:00;77346,0;77346,0;77200,03;77200,04
23/08/2026 17:05:00;77200,04;77261,2;77200,04;77261,19
23/08/2026 17:10:00;77261,2;77297,01;77261,19;77272,0
23/08/2026 17:15:00;77272,01;77307,12;77272,0;77305,47
23/08/2026 17:20:00;77305,47;77372,43;77305,47;77367,11
23/08/2026 17:25:00;77367,11;77414,31;77367,11;77414,31
23/08/2026 17:30:00;77414,31;77424,98;77379,26;77424,98
23/08/2026 17:35:00;77424,98;77442,41;77396,99;77442,41
23/08/2026 17:40:00;77442,41;77457,01;77422,7;77457,01
23/08/2026 17:45:00;77457,01;77473,17;77379,725914;77473,17
23/08/2026 17:50:00;77473,17;77473,17;77390,94;77396,12
23/08/2026 17:55:00;77396,12;77445,6;77394,89;77445,6
23/08/2026 18:00:00;77445,6;77678,99;77408,41;77678,99
23/08/2026 18:05:00;77678,99;77718,23;77618,67;77648,9
23/08/2026 18:10:00;77648,9;77709,86;77628,68;77697,68
23/08/2026 18:15:00;77726,0;77987,067909;77726,0;77987,067909
23/08/2026 18:20:00;77987,067909;77997,72;77910,0;77997,01
23/08/2026 18:25:00;77997,01;78015,0;77899,23;78015,0
23/08/2026 18:30:00;78015,0;78032,95;77966,03;78027,25
23/08/2026 18:35:00;78027,25;78027,25;77734,01;77737,088769
23/08/2026 18:40:00;77737,088769;77737,088769;77545,87;77585,32
23/08/2026 18:45:00;77585,32;77795,138549;77579,313131;77769,51
23/08/2026 18:50:00;77769,51;77827,92;77759,99;77792,339594
23/08/2026 18:55:00;77792,339594;77853,187083;77746,01;77828,958958
23/08/2026 19:00:00;77828,958958;77938,587451;77593,09;77829,15
23/08/2026 19:05:00;77829,15;77829,15;77638,243923;77638,243923
23/08/2026 19:10:00;77638,243923;77791,89;77638,243923;77703,56
23/08/2026 19:15:00;77703,56;77771,48;77638,0;77747,99
23/08/2026 19:20:00;77747,99;77807,99;77704,0;77758,79
23/08/2026 19:25:00;77758,79;77798,17;77668,0;77668,0
23/08/2026 19:30:00;77668,0;77727,16;77617,03;77617,03
23/08/2026 19:35:00;77617,03;77709,6;77610,01;77705,99
23/08/2026 19:40:00;77685,05;77691,586203;77625,97;77642,040998
23/08/2026 19:45:00;77642,040998;77665,74;77560,02;77663,59
23/08/2026 19:50:00;77663,59;77703,04;77630,9;77636,3
23/08/2026 19:55:00;77636,3;77652,38;77578,0;77598,87
23/08/2026 20:00:00;77598,87;77618,87;77425,0;77454,2025
23/08/2026 20:05:00;77454,2025;77497,58;77313,12;77489,472667
23/08/2026 20:10:00;77492,516667;77523,05;77384,31;77409,463904
23/08/2026 20:15:00;77409,463904;77613,57;77409,463904;77606,419166
23/08/2026 20:20:00;77606,419166;77606,419166;77469,27;77490,02
23/08/2026 20:25:00;77490,02;77604,0;77445,34;77598,0
23/08/2026 20:30:00;77598,0;77827,99;77598,0;77678,0
23/08/2026 20:35:00;77678,0;77708,87;77502,99;77542,66
23/08/2026 20:40:00;77542,66;77565,21;77411,2975;77411,2975
23/08/2026 20:45:00;77411,2975;77585,305953;77411,2975;77585,305953
23/08/2026 20:50:00;77585,305953;77645,6;77541,97;77622,0
23/08/2026 20:55:00;77622,0;77793,85;77622,0;77727,99
23/08/2026 21:00:00;77727,99;77742,0;77616,72;77616,72
23/08/2026 21:05:00;77616,72;77700,0;77519,99;77695,36
23/08/2026 21:10:00;77699,99;77710,0;77608,93;77627,9
23/08/2026 21:15:00;77627,9;77643,88;77504,44;77536,0
23/08/2026 21:20:00;77536,0;77536,0;77462,01;77499,98
23/08/2026 21:25:00;77499,98;77499,98;77269,61;77426,37
23/08/2026 21:30:00;77426,37;77478,29;77357,95;77474,57
23/08/2026 21:35:00;77474,57;77586,0;77414,383714;77414,383714
23/08/2026 21:40:00;77414,383714;77436,5;77219,35;77236,03
23/08/2026 21:45:00;77236,03;77419,99;77170,0;77353,58
23/08/2026 21:50:00;77353,58;77527,59;77351,94;77520,06
23/08/2026 21:55:00;77520,06;77675,88;77487,28;77675,23
23/08/2026 22:00:00;77675,23;77702,92;77552,72;77683,9125
23/08/2026 22:05:00;77683,9125;77707,424403;77442,0;77446,91
23/08/2026 22:10:00;77446,91;77550,0;77444,01;77444,01
23/08/2026 22:15:00;77444,01;77464,29;77370,91;77408,33
23/08/2026 22:20:00;77408,33;77408,33;77262,48;77262,48
23/08/2026 22:25:00;77262,48;77317,76;77247,27;77247,27
23/08/2026 22:30:00;77227,09;77364,0;77222,893077;77364,0
23/08/2026 22:35:00;77364,0;77364,0;77178,07;77188,80625
23/08/2026 22:40:00;77188,80625;77300,74;77188,80625;77213,99
23/08/2026 22:45:00;77213,99;77264,0;77163,0;77223,03
23/08/2026 22:50:00;77223,03;77247,82;77115,06;77177,96
23/08/2026 22:55:00;77177,96;77194,799426;76922,1;76922,1
23/08/2026 23:00:00;76922,11;76978,0;76883,62;76887,746042
23/08/2026 23:05:00;76887,746042;77181,79;76887,746042;77122,695
23/08/2026 23:10:00;77122,695;77385,99;77086,43;77385,99
23/08/2026 23:15:00;77385,99;77478,443333;77385,99;77478,443333
23/08/2026 23:20:00;77478,443333;77496,0;77401,98;77485,99
23/08/2026 23:25:00;77485,99;77499,865917;77394,69;77447,93
23/08/2026 23:30:00;77447,93;77512,0;77432,02;77504,0
23/08/2026 23:35:00;77504,0;77545,08;77404,84;77415,99
23/08/2026 23:40:00;77415,99;77499,99;77409,39;77437,92
23/08/2026 23:45:00;77437,92;77455,2;77244,42;77269,060885
23/08/2026 23:50:00;77269,060885;77401,64;77269,060885;77396,01
23/08/2026 23:55:00;77396,01;77525,85;77394,76;77478,7
24/08/2026 00:00:00;77478,7;77532,37;77332,32;77352,23
24/08/2026 00:05:00;77332,0;77354,64;77257,6807;77298,0
24/08/2026 00:10:00;77298,0;77324,0;77204,91;77204,91
24/08/2026 00:15:00;77204,0;77214,71;77151,0;77196,58
24/08/2026 00:20:00;77182,0;77267,55;77156,0;77218,0
24/08/2026 00:25:00;77218,0;77258,0;77123,85;77123,85
24/08/2026 00:30:00;77104,23;77161,36;77041,2;77108,38
24/08/2026 00:35:00;77108,38;77119,99;76989,584691;77053,28
24/08/2026 00:40:00;77053,28;77053,28;76964,01;76987,0
24/08/2026 00:45:00;76987,0;77054,26;76987,0;77014,48
24/08/2026 00:50:00;77014,48;77152,0;76943,01;76984,0
24/08/2026 00:55:00;76984,0;76994,33;76933,0;76933,01
24/08/2026 01:00:00;76933,01;77057,92;76933,01;77043,27
24/08/2026 01:05:00;77091,15;77091,15;77003,54;77007,42
24/08/2026 01:10:00;77007,42;77037,5;76995,36;77009,0
24/08/2026 01:15:00;77009,0;77219,43;77009,0;77162,03
24/08/2026 01:20:00;77162,03;77239,07;77158,17;77158,18
24/08/2026 01:25:00;77158,18;77219,0;77158,02;77208,5
24/08/2026 01:30:00;77208,5;77228,95;77170,1;77196,59
24/08/2026 01:35:00;77196,59;77196,6;77132,01;77149,1
24/08/2026 01:40:00;77149,1;77179,46;77050,01;77098,94
24/08/2026 01:45:00;77098,94;77110,01;76950,76;76950,76
24/08/2026 01:50:00;76950,76;76950,76;76666,68;76828,0
24/08/2026 01:55:00;76810,0;76894,0;76771,14;76894,0
24/08/2026 02:00:00;76894,01;76960,0;76844,0;76958,59
24/08/2026 02:05:00;76958,59;77046,56;76902,13;77032,0
24/08/2026 02:10:00;77029,99;77208,59;77000,0;77208,58
24/08/2026 02:15:00;77164,0;77246,0;77044,4;77246,0
24/08/2026 02:20:00;77246,0;77246,0;76946,01;77073,68
24/08/2026 02:25:00;77073,68;77123,99;77042,19;77055,03
24/08/2026 02:30:00;77055,03;77055,03;76909,02;76968,01
24/08/2026 02:35:00;76968,01;77080,5;76842,72;76996,992422
24/08/2026 02:40:00;76996,992422;77176,68;76996,992422;77079,22
24/08/2026 02:45:00;77079,22;77122,0;77055,0;77055,01
24/08/2026 02:50:00;77055,01;77126,6;76987,61;77118,0
24/08/2026 02:55:00;77118,0;77177,33;77086,0;77149,39
24/08/2026 03:00:00;77149,39;77180,22;77084,23;77164,43
24/08/2026 03:05:00;77164,43;77207,1;77071,0;77185,28
24/08/2026 03:10:00;77187,99;77435,64;77186,943466;77400,0
24/08/2026 03:15:00;77400,0;77465,96;77350,0;77380,01
24/08/2026 03:20:00;77380,01;77388,0;77296,16;77310,158113
24/08/2026 03:25:00;77310,158113;77411,19;77310,158113;77365,2
24/08/2026 03:30:00;77365,2;77382,7;77272,47;77296,92
24/08/2026 03:35:00;77296,92;77312,61;77249,12;77249,13
24/08/2026 03:40:00;77236,01;77346,0;77231,147047;77346,0
24/08/2026 03:45:00;77346,0;77495,7;77338,0;77338,0
24/08/2026 03:50:00;77338,0;77496,0;77338,0;77487,43
24/08/2026 03:55:00;77487,43;77500,31;77442,43;77500,31
24/08/2026 04:00:00;77500,31;77516,45;77464,31;77511,47
24/08/2026 04:05:00;77511,47;77535,33;77499,33;77499,33
24/08/2026 04:10:00;77499,33;77767,65;77453,638745;77621,96
24/08/2026 04:15:00;77621,96;77760,0;77599,11;77640,18
24/08/2026 04:20:00;77640,18;77671,89;77583,08;77583,33
24/08/2026 04:25:00;77583,33;77678,0;77552,0;77568,4
24/08/2026 04:30:00;77568,4;77590,91;77473,91;77590,91
24/08/2026 04:35:00;77590,91;77590,91;77442,42;77457,99
24/08/2026 04:40:00;77457,99;77460,67;77344,07;77344,07
24/08/2026 04:45:00;77344,07;77429,957666;77333,33;77429,957666
24/08/2026 04:50:00;77429,957666;77434,164414;77288,13;77351,76
24/08/2026 04:55:00;77345,6;77355,43;77289,31;77289,32
24/08/2026 05:00:00;77289,32;77339,04;77215,98;77250,01
24/08/2026 05:05:00;77250,01;77414,87;77250,01;77342,01
24/08/2026 05:10:00;77342,01;77342,01;77232,77;77248,96
24/08/2026 05:15:00;77248,96;77248,97;77077,01;77134,01
24/08/2026 05:20:00;77134,01;77148,73;76955,99;76955,99
24/08/2026 05:25:00;76955,99;76972,45;76838,0;76915,99
24/08/2026 05:30:00;76932,08;77073,86;76926,242794;77034,01
24/08/2026 05:35:00;77034,01;77122,0;77030,0;77118,0
24/08/2026 05:40:00;77118,01;77128,19;77052,96;77128,19
24/08/2026 05:45:00;77128,19;77145,07;77068,41;77145,04
24/08/2026 05:50:00;77104,01;77194,997814;77053,2;77059,18
24/08/2026 05:55:00;77059,18;77064,63;77020,06;77041,47
24/08/2026 06:00:00;77041,47;77178,0;77028,0;77178,0
24/08/2026 06:05:00;77174,8;77260,0;77159,0;77240,99
24/08/2026 06:10:00;77240,99;77292,0;77196,58;77288,25
24/08/2026 06:15:00;77288,25;77391,03;77253,49;77305,71
24/08/2026 06:20:00;77305,71;77330,01;77270,159167;77270,159167
24/08/2026 06:25:00;77270,159167;77420,0;77218,24;77418,79
24/08/2026 06:30:00;77418,79;77475,21;77399,82;77431,99
24/08/2026 06:35:00;77431,99;77483,38;77402,01;77460,115
24/08/2026 06:40:00;77460,115;77510,09;77454,01;77467,96
24/08/2026 06:45:00;77467,96;77536,43;77442,43;77515,98
24/08/2026 06:50:00;77515,98;77594,42;77488,05;77588,45
24/08/2026 06:55:00;77588,45;77602,8;77530,0;77554,09
24/08/2026 07:00:00;77554,09;77690,0;77542,0;77650,0
24/08/2026 07:05:00;77650,0;77782,0;77542,35;77692,0
24/08/2026 07:10:00;77692,0;77884,98;77692,0;77846,42
24/08/2026 07:15:00;77846,42;77928,52;77774,94;77928,52
24/08/2026 07:20:00;77928,52;77937,79;77792,588665;77792,588665
24/08/2026 07:25:00;77792,588665;77953,044;77792,588665;77953,044
24/08/2026 07:30:00;77953,044;78015,75;77874,3;77976,0
24/08/2026 07:35:00;77976,0;78000,0;77841,16;77846,82
24/08/2026 07:40:00;77846,82;77847,22;77696,14;77726,31
24/08/2026 07:45:00;77726,31;77827,79;77726,31;77804,69
24/08/2026 07:50:00;77804,69;77821,82;77601,0;77601,0
24/08/2026 07:55:00;77601,0;77627,59;77547,05;77617,22
24/08/2026 08:00:00;77616,01;77616,156192;77485,99;77494,545
24/08/2026 08:05:00;77494,545;77678,0;77494,545;77625,144979
24/08/2026 08:10:00;77625,144979;77855,833333;77625,144979;77846,421445
24/08/2026 08:15:00;77841,421445;77853,01;77723,07;77850,01
24/08/2026 08:20:00;77850,01;77881,78;77776,01;77809,16
24/08/2026 08:25:00;77809,16;77887,98;77804,0;77835,22
24/08/2026 08:30:00;77835,22;78140,0;77822,42;78140,0
24/08/2026 08:35:00;78292,0;78440,0;78259,52;78343,21
24/08/2026 08:40:00;78343,21;78567,19;78290,0;78562,43
24/08/2026 08:45:00;78562,43;78600,0;78168,15;78190,58
24/08/2026 08:50:00;78190,58;78224,1;78096,6;78141,62
24/08/2026 08:55:00;78141,62;78443,65;78141,62;78443,65
24/08/2026 09:00:00;78443,65;78443,65;78210,9;78210,9
24/08/2026 09:05:00;78210,9;78225,17;78121,3;78216,57
24/08/2026 09:10:00;78216,57;78251,82;78110,0;78154,01
24/08/2026 09:15:00;78154,01;78265,88;77982,0;78252,49
24/08/2026 09:20:00;78252,49;78436,61;78217,54;78427,44
24/08/2026 09:25:00;78427,44;78509,56;78398,01;78460,01
24/08/2026 09:30:00;78460,01;78733,99;78380,01;78540,89
24/08/2026 09:35:00;78540,89;78737,56;78484,52;78684,4
24/08/2026 09:40:00;78684,4;78881,99;78600,01;78729,25
24/08/2026 09:45:00;78729,25;78972,0;78729,25;78967,99
24/08/2026 09:50:00;78967,99;79278,17;78922,01;79139,65
24/08/2026 09:55:00;79139,65;79324,71;79088,0;79159,99
24/08/2026 10:00:00;79159,99;79179,2;78962,93;79021,53
24/08/2026 10:05:00;79021,53;79218,49;79020,0;79218,49
24/08/2026 10:10:00;79235,0;79429,9;79157,75;79222,41
24/08/2026 10:15:00;79222,41;79238,53;78888,0;79035,55
24/08/2026 10:20:00;79035,55;79085,99;78922,0;79013,9
24/08/2026 10:25:00;79013,9;79095,57;78923,99;79022,39
24/08/2026 10:30:00;79022,39;79049,35;78589,0;78796,0
24/08/2026 10:35:00;78796,0;78931,31;78578,01;78627,99
24/08/2026 10:40:00;78627,99;78627,99;78210,0;78307,47
24/08/2026 10:45:00;78307,47;78371,99;77886,3;78295,99
24/08/2026 10:50:00;78295,99;78442,34;78081,12;78376,0
24/08/2026 10:55:00;78376,0;78621,99;78322,0;78596,0
24/08/2026 11:00:00;78596,0;78863,63;78596,0;78725,99
24/08/2026 11:05:00;78725,99;78982,12;78714,01;78982,12
24/08/2026 11:10:00;78982,12;79243,71;78958,64;79213,91
24/08/2026 11:15:00;79213,91;79359,96;79130,25;79235,25
24/08/2026 11:20:00;79235,25;79646,43;78883,02;78935,99
24/08/2026 11:25:00;78935,99;79414,64;78935,99;79400,893
24/08/2026 11:30:00;79400,893;79777,13;79356,01;79646,28
24/08/2026 11:35:00;79646,28;79798,99;79600,0;79759,675145
24/08/2026 11:40:00;79759,675145;79759,675145;79484,0;79662,15
24/08/2026 11:45:00;79662,15;79764,75;79538,22;79555,27
24/08/2026 11:50:00;79570,32;79584,0;79312,32;79322,69
24/08/2026 11:55:00;79306,01;79541,16;79281,45;79510,93
24/08/2026 12:00:00;79510,93;79653,45;79364,0;79500,01
24/08/2026 12:05:00;79500,01;79728,86;79409,44;79600,94
24/08/2026 12:10:00;79600,94;79700,0;79530,69;79559,61
24/08/2026 12:15:00;79559,61;79811,03;79528,01;79755,4
24/08/2026 12:20:00;79755,4;79919,99;79698,0;79902,0
24/08/2026 12:25:00;79902,0;79988,99;79730,0;79905,97
24/08/2026 12:30:00;79905,97;79970,0;79771,29;79809,89
24/08/2026 12:35:00;79809,89;79908,0;79518,03;79547,31
24/08/2026 12:40:00;79547,31;79663,99;79023,27;79286,45
24/08/2026 12:45:00;79286,45;79552,09;79114,0;79272,0
24/08/2026 12:50:00;79272,0;79340,02;79130,01;79175,99
24/08/2026 12:55:00;79175,99;79175,99;78834,0;79101,01
24/08/2026 13:00:00;79101,01;79338,96;79101,01;79288,01
24/08/2026 13:05:00;79288,01;79539,26;79283,83;79471,870037
24/08/2026 13:10:00;79471,870037;79492,0;79334,212566;79488,01
24/08/2026 13:15:00;79488,01;79833,434545;79486,0;79820,542253
24/08/2026 13:20:00;79820,542253;79850,0;79708,0;79737,99
24/08/2026 13:25:00;79737,99;79758,0;79636,56;79682,91
24/08/2026 13:30:00;79667,99;79745,99;79640,89;79680,0
24/08/2026 13:35:00;79746,0;79755,891349;79638,01;79638,01
24/08/2026 13:40:00;79630,98;79630,98;79368,0;79368,77
24/08/2026 13:45:00;79368,77;79389,97;79265,76;79291,99
24/08/2026 13:50:00;79291,99;79330,01;78903,0;78950,51
24/08/2026 13:55:00;79004,63;79160,85;78921,305;79045,0
24/08/2026 14:00:00;79045,0;79050,0;78606,93;78848,46
24/08/2026 14:05:00;78848,46;79181,99;78848,46;79174,01
24/08/2026 14:10:00;79174,01;79198,0;79100,01;79110,0
24/08/2026 14:15:00;79103,98;79173,92;78769,83;78994,0
24/08/2026 14:20:00;78994,0;78994,0;78502,97;78599,68
24/08/2026 14:25:00;78599,68;78794,5;78482,54;78530,0
24/08/2026 14:30:00;78530,0;78670,0;78485,14;78560,58
24/08/2026 14:35:00;78583,99;78832,6;78571,015;78804,8
24/08/2026 14:40:00;78804,8;78848,61;78635,96;78635,96
24/08/2026 14:45:00;78635,96;78782,988923;78561,99;78728,0
24/08/2026 14:50:00;78729,01;78825,99;78681,96;78691,99
24/08/2026 14:55:00;78691,99;78777,0;78602,0;78761,13
24/08/2026 15:00:00;78761,13;78912,0;78761,13;78900,19
24/08/2026 15:05:00;78900,19;78981,91;78746,91;78818,01
24/08/2026 15:10:00;78818,01;79017,08;78818,01;79012,0
24/08/2026 15:15:00;79012,0;79045,21;78954,01;78990,74
24/08/2026 15:20:00;78990,74;79064,78;78933,86;78972,31
24/08/2026 15:25:00;78972,31;79070,88;78966,01;79012,0
24/08/2026 15:30:00;79012,0;79084,22;78948,03;78948,03
24/08/2026 15:35:00;78948,03;78986,0;78718,01;78829,99
24/08/2026 15:40:00;78829,99;78967,99;78829,99;78967,99
24/08/2026 15:45:00;78967,99;79060,0;78950,0;79042,0
24/08/2026 15:50:00;79042,0;79080,0;78900,0;78980,160334
24/08/2026 15:55:00;78980,160334;78984,36;78878,109786;78924,0
24/08/2026 16:00:00;78948,0;79029,99;78894,1;78894,1
24/08/2026 16:05:00;78900,0;79015,88;78786,01;78908,0
24/08/2026 16:10:00;78908,0;79118,42;78884,0;79029,6
24/08/2026 16:15:00;79029,6;79045,99;78692,16;78736,0
24/08/2026 16:20:00;78726,01;78800,01;78646,21;78750,38
24/08/2026 16:25:00;78750,38;78892,0;78750,38;78875,95
24/08/2026 16:30:00;78875,95;78923,18;78830,01;78898,01
24/08/2026 16:35:00;78898,01;78936,57;78872,67;78914,9975
24/08/2026 16:40:00;78914,9975;78914,9975;78766,53;78886,0
24/08/2026 16:45:00;78886,0;78890,73;78749,16;78806,0
24/08/2026 16:50:00;78806,0;78833,2;78600,0;78750,0
24/08/2026 16:55:00;78750,0;78777,0;78714,35;78757,99
24/08/2026 17:00:00;78757,99;78820,0;78564,0;78564,0
24/08/2026 17:05:00;78564,0;78770,0;78564,0;78770,0
24/08/2026 17:10:00;78770,0;78813,99;78627,41;78689,99
24/08/2026 17:15:00;78686,07;78732,78;78617,11;78732,77
24/08/2026 17:20:00;78732,77;78792,0;78705,01;78713,99
24/08/2026 17:25:00;78713,99;78720,75;78625,54;78695,56
24/08/2026 17:30:00;78689,57;78804,0;78639,05;78796,25
24/08/2026 17:35:00;78796,25;78992,35;78788,0;78992,09
24/08/2026 17:40:00;78992,09;78992,09;78902,0;78904,53
24/08/2026 17:45:00;78904,53;78920,0;78847,56;78864,23
24/08/2026 17:50:00;78864,23;78870,0;78824,0;78870,0
24/08/2026 17:55:00;78870,0;78942,73;78870,0;78922,72
24/08/2026 18:00:00;78922,72;79012,0;78922,72;79005,27
24/08/2026 18:05:00;79005,27;79008,0;78968,01;78970,55
24/08/2026 18:10:00;78970,55;79044,0;78970,55;79027,19
24/08/2026 18:15:00;79027,19;79036,0;78860,0;78860,0
24/08/2026 18:20:00;78860,0;78953,61;78853,43;78949,799999
24/08/2026 18:25:00;78949,799999;78953,6;78901,27;78917,99
24/08/2026 18:30:00;78917,99;79023,72;78917,99;78939,15
24/08/2026 18:35:00;78939,15;78968,0;78936,0;78968,0
24/08/2026 18:40:00;78972,0;78991,738294;78962,287642;78982,0
24/08/2026 18:45:00;78981,99;79048,08;78967,36;79026,0
24/08/2026 18:50:00;79026,0;79028,0;78922,0;78935,81
24/08/2026 18:55:00;78935,81;78990,51;78935,81;78984,23
24/08/2026 19:00:00;78984,23;78984,23;78845,5025;78899,99
24/08/2026 19:05:00;78948,01;78978,0;78904,0;78904,01
24/08/2026 19:10:00;78904,01;78918,0;78833,33;78869,99
24/08/2026 19:15:00;78869,99;78931,89;78860,01;78860,01
24/08/2026 19:20:00;78860,01;78882,0;78826,01;78852,55
24/08/2026 19:25:00;78852,55;78852,55;78758,11;78773,99
24/08/2026 19:30:00;78773,99;78907,99;78750,0;78880,73
24/08/2026 19:35:00;78880,73;78940,851526;78864,01;78864,01
24/08/2026 19:40:00;78864,01;78864,01;78749,321454;78772,01
24/08/2026 19:45:00;78772,01;78822,0;78764,0;78810,62
24/08/2026 19:50:00;78810,62;78838,0;78756,0;78800,0
24/08/2026 19:55:00;78800,0;78800,0;78710,75;78711,6
24/08/2026 20:00:00;78711,6;78764,0;78626,0;78740,01
24/08/2026 20:05:00;78740,01;78780,0;78721,532646;78721,532646
24/08/2026 20:10:00;78721,532646;78816,0;78721,532646;78815,416226
24/08/2026 20:15:00;78815,416226;78821,78534;78748,48;78769,22
24/08/2026 20:20:00;78769,22;78973,99;78769,22;78935,1
24/08/2026 20:25:00;78935,1;78976,74;78903,2;78906,01
24/08/2026 20:30:00;78906,01;78978,0;78872,0;78886,0
24/08/2026 20:35:00;78886,0;78957,58;78867,18;78947,07
24/08/2026 20:40:00;78947,07;78990,35;78927,08;78927,08
24/08/2026 20:45:00;78927,08;78975,983326;78876,01;78910,0
24/08/2026 20:50:00;78910,0;78910,0;78858,47506;78865,99
24/08/2026 20:55:00;78839,27;78995,62;78828,538834;78992,48
24/08/2026 21:00:00;78992,48;79004,02;78938,0;78946,37
24/08/2026 21:05:00;78946,37;79036,0;78900,84;78919,99
24/08/2026 21:10:00;78983,97;79048,0;78895,410106;78963,99
24/08/2026 21:15:00;78963,99;78963,99;78715,64;78792,01
24/08/2026 21:20:00;78792,01;78847,418571;78750,49;78798,1
24/08/2026 21:25:00;78800,64;78882,0;78752,86;78800,09
24/08/2026 21:30:00;78782,0;78829,46;78743,32;78779,93
24/08/2026 21:35:00;78779,93;79016,67;78779,93;78964,0
24/08/2026 21:40:00;78964,0;79353,717152;78896,495897;79353,717152
24/08/2026 21:45:00;79353,717152;79786,99;79340,57;79578,38
24/08/2026 21:50:00;79578,38;79730,95;79480,11;79730,95
24/08/2026 21:55:00;79730,95;79888,0;79722,0;79739,99
24/08/2026 22:00:00;79739,99;79984,42;79700,0;79936,77
24/08/2026 22:05:00;79936,77;79949,31;79748,01;79815,31
24/08/2026 22:10:00;79815,31;79815,31;79609,84;79648,0
24/08/2026 22:15:00;79648,0;79796,0;79487,08;79734,0
24/08/2026 22:20:00;79734,0;79804,59;79678,01;79786,01
24/08/2026 22:25:00;79743,12;79958,33;79736,0;79823,2
24/08/2026 22:30:00;79823,2;79856,35;79670,89;79716,0
24/08/2026 22:35:00;79716,0;79876,66;79686,0;79815,84
24/08/2026 22:40:00;79815,84;79918,68;79682,01;79701,2
24/08/2026 22:45:00;79701,2;79761,18;79658,01;79707,99
24/08/2026 22:50:00;79685,99;79705,185833;79528,01;79605,99
24/08/2026 22:55:00;79606,0;79846,0;79606,0;79822,7
24/08/2026 23:00:00;79822,7;79925,09;79742,01;79778,72
24/08/2026 23:05:00;79778,72;79848,96;79746,08;79791,99
24/08/2026 23:10:00;79791,99;79920,0;79791,99;79862,69
24/08/2026 23:15:00;79868,0;80896,0;79826,0;80860,4
24/08/2026 23:20:00;80860,4;81073,1;80632,0;80869,037017
24/08/2026 23:25:00;80869,037017;81027,274666;80800,01;81027,274666
24/08/2026 23:30:00;81027,274666;81027,274666;80820,38;81019,865336
24/08/2026 23:35:00;81019,865336;81019,865336;80796,750246;80955,81
24/08/2026 23:40:00;80955,81;81204,288333;80821,65;80852,048
24/08/2026 23:45:00;80833,766;80841,99;80642,54;80642,54
24/08/2026 23:50:00;80642,54;80715,8;80433,83;80638,0
24/08/2026 23:55:00;80638,0;80738,65;80600,3;80649,63
25/08/2026 00:00:00;80649,63;80852,69;80590,68;80831,99
25/08/2026 00:05:00;80831,99;80955,99;80830,0;80936,128953
25/08/2026 00:10:00;80936,128953;80938,985749;80772,01;80791,99
25/08/2026 00:15:00;80791,99;80802,79;80700,875509;80755,0
25/08/2026 00:20:00;80755,0;80809,34;80600,01;80662,0
25/08/2026 00:25:00;80662,0;80662,0;80508,77;80636,68
25/08/2026 00:30:00;80636,68;80835,99;80600,01;80744,08
25/08/2026 00:35:00;80732,0;80880,16;80730,327771;80840,1
25/08/2026 00:40:00;80840,1;80847,145245;80544,0;80592,0
25/08/2026 00:45:00;80592,0;80672,695;80418,22968;80458,66
25/08/2026 00:50:00;80526,91;80666,13;80422,09;80435,23
25/08/2026 00:55:00;80435,23;80558,5;80320,93;80496,92
25/08/2026 01:00:00;80496,92;80608,0;80381,84;80390,0
25/08/2026 01:05:00;80390,0;80458,0;80277,76;80447,99
25/08/2026 01:10:00;80447,99;80518,25;80378,0;80500,0
25/08/2026 01:15:00;80496,13;80498,65;80287,386667;80287,386667
25/08/2026 01:20:00;80287,386667;80408,0;80268,3;80408,0
25/08/2026 01:25:00;80408,0;80409,39;80209,019097;80209,019097
25/08/2026 01:30:00;80209,019097;80343,99;80148,358189;80312,09
25/08/2026 01:35:00;80312,09;80390,0;80299,86;80341,19
25/08/2026 01:40:00;80341,19;80344,0;80218,08;80237,25
25/08/2026 01:45:00;80237,25;80343,29;80232,0;80299,99
25/08/2026 01:50:00;80299,99;80359,374937;80242,0;80242,01
25/08/2026 01:55:00;80232,0;80363,74;80232,0;80363,74
25/08/2026 02:00:00;80363,74;80474,0;80322,0;80464,0
25/08/2026 02:05:00;80481,4;80559,26;80476,0;80559,25
25/08/2026 02:10:00;80559,25;80568,777231;80513,081118;80565,350369
25/08/2026 02:15:00;80565,350369;80583,32;80486,41;80581,52
25/08/2026 02:20:00;80581,52;80600,238;80488,0;80557,82
25/08/2026 02:25:00;80594,0;80739,5;80552,046904;80641,99
25/08/2026 02:30:00;80641,99;80813,99;80598,01;80811,32
25/08/2026 02:35:00;80811,32;80821,53;80747,55;80790,95
25/08/2026 02:40:00;80790,95;80799,99;80708,0;80708,01
25/08/2026 02:45:00;80727,03;80758,9;80618,711226;80758,07
25/08/2026 02:50:00;80758,07;80810,0;80658,0;80666,15
25/08/2026 02:55:00;80762,0;80777,93;80651,742476;80744,542476
25/08/2026 03:00:00;80744,542476;80784,1;80696,6;80724,99
25/08/2026 03:05:00;80724,99;80776,5;80684,0;80776,5
25/08/2026 03:10:00;80776,5;80783,51;80713,830066;80745,51
25/08/2026 03:15:00;80745,51;80860,136386;80745,51;80822,67
25/08/2026 03:20:00;80822,67;80923,69;80770,55;80791,69
25/08/2026 03:25:00;80791,69;80898,99;80765,21;80898,99
25/08/2026 03:30:00;80898,99;80898,99;80622,95;80726,01
25/08/2026 03:35:00;80678,0;80716,852348;80546,36;80706,36
25/08/2026 03:40:00;80706,36;80706,36;80512,01;80532,35
25/08/2026 03:45:00;80532,35;80566,32;80510,263334;80546,12
25/08/2026 03:50:00;80546,12;80546,12;80466,0;80485,75
25/08/2026 03:55:00;80485,75;80572,22;80420,0;80572,21
25/08/2026 04:00:00;80572,21;80780,0;80541,67;80762,13
25/08/2026 04:05:00;80779,99;80789,15;80710,01;80710,214166
25/08/2026 04:10:00;80710,214166;80758,0;80707,55;80718,01
25/08/2026 04:15:00;80711,57;80742,71;80632,01;80632,02
25/08/2026 04:20:00;80632,02;80693,99;80624,0;80624,36
25/08/2026 04:25:00;80624,36;80692,21;80606,32;80670,0
25/08/2026 04:30:00;80670,0;80686,28;80598,75;80607,24
25/08/2026 04:35:00;80607,24;80645,24;80484,0;80484,89
25/08/2026 04:40:00;80484,89;80541,76;80484,89;80513,18
25/08/2026 04:45:00;80513,18;80523,28;79712,65;79892,0
25/08/2026 04:50:00;79912,6;79920,417857;79401,879323;79788,72
25/08/2026 04:55:00;79788,72;79788,72;79660,04;79774,796667
25/08/2026 05:00:00;79774,796667;79877,01;79622,0;79870,81
25/08/2026 05:05:00;79870,81;79875,34;79792,0;79843,6
25/08/2026 05:10:00;79843,6;79975,67;79842,0;79926,08
25/08/2026 05:15:00;79926,08;80070,0;79913,663332;79913,663332
25/08/2026 05:20:00;79913,663332;80188,56;79889,778333;79902,84
25/08/2026 05:25:00;79902,84;80248,99;79895,73;79895,73
25/08/2026 05:30:00;79895,73;80194,0;79895,73;80186,34
25/08/2026 05:35:00;80186,34;80226,24;80025,99;80226,24
25/08/2026 05:40:00;80226,24;80226,24;79939,01;80120,342666
25/08/2026 05:45:00;80120,342666;80132,950534;79922,0;79922,0
25/08/2026 05:50:00;79922,0;79948,01;79858,08;79895,99
25/08/2026 05:55:00;79895,99;79948,0;79840,0;79930,76
25/08/2026 06:00:00;79930,76;79941,53;79720,02;79873,640932
25/08/2026 06:05:00;79873,640932;79873,640932;79694,449;79790,83
25/08/2026 06:10:00;79790,83;79952,06;79743,96;79844,01
25/08/2026 06:15:00;79844,01;79904,55;79782,0;79844,0
25/08/2026 06:20:00;79844,0;79957,99;79831,87;79936,81
25/08/2026 06:25:00;79936,81;79936,81;79789,333333;79822,0
25/08/2026 06:30:00;79822,0;79940,0;79822,0;79916,0
25/08/2026 06:35:00;79916,0;79916,0;79823,48;79860,59
25/08/2026 06:40:00;79860,59;79919,99;79748,0;79748,0
25/08/2026 06:45:00;79748,0;79776,0;79585,99;79586,0
25/08/2026 06:50:00;79464,29;79539,785428;79094,08;79094,08
25/08/2026 06:55:00;79094,0;79252,36;79020,01;79158,058334
25/08/2026 07:00:00;79158,058334;79191,14;78992,0;79179,17
25/08/2026 07:05:00;79179,17;79265,26;79110,96;79224,0
25/08/2026 07:10:00;79224,0;79326,36;79224,0;79304,0
25/08/2026 07:15:00;79304,0;79416,21;79268,0;79379,32
25/08/2026 07:20:00;79379,32;79389,67;79263,88;79312,01
25/08/2026 07:25:00;79312,01;79316,91;79219,96;79270,79
25/08/2026 07:30:00;79274,01;79316,9;79258,0;79279,19
25/08/2026 07:35:00;79279,19;79284,0;79250,0;79260,0
25/08/2026 07:40:00;79260,0;79327,76;79260,0;79320,74
25/08/2026 07:45:00;79320,74;79467,51;79320,74;79388,95
25/08/2026 07:50:00;79388,95;79427,64;79337,85;79380,77
25/08/2026 07:55:00;79380,77;79412,21;79306,0;79306,0
25/08/2026 08:00:00;79309,63;79334,0;79255,35;79268,02
25/08/2026 08:05:00;79268,02;79396,0;79224,74;79263,57
25/08/2026 08:10:00;79264,0;79271,37;79094,24;79095,79
25/08/2026 08:15:00;79095,79;79258,45;79070,92;79188,0
25/08/2026 08:20:00;79188,0;79300,15;79188,0;79277,22
25/08/2026 08:25:00;79277,22;79287,03;79196,3;79252,0
25/08/2026 08:30:00;79252,0;79357,16;79252,0;79357,16
25/08/2026 08:35:00;79357,16;79458,84;79324,22;79324,23
25/08/2026 08:40:00;79324,23;79324,23;79174,0;79174,0
25/08/2026 08:45:00;79160,74;79180,4;79082,35;79082,35
25/08/2026 08:50:00;79082,35;79177,58;79077,25;79077,26
25/08/2026 08:55:00;79077,26;79171,88;79044,18;79117,99
25/08/2026 09:00:00;79117,99;79168,0;78954,0;78991,21
25/08/2026 09:05:00;78991,21;78991,21;78682,01;78848,0
25/08/2026 09:10:00;78848,0;79080,83;78826,0;79075,6
25/08/2026 09:15:00;79075,6;79083,6;78890,98;78932,43
25/08/2026 09:20:00;78932,43;78946,01;78852,01;78876,14
25/08/2026 09:25:00;78880,01;78926,0;78640,01;78809,392
25/08/2026 09:30:00;78809,392;78975,76;78808,73;78965,89
25/08/2026 09:35:00;78965,89;79000,0;78905,7;78908,01
25/08/2026 09:40:00;78908,01;78985,0;78772,0;78925,99
25/08/2026 09:45:00;78925,99;79057,99;78898,59;79042,01
25/08/2026 09:50:00;79042,01;79090,09;78997,72;79031,39
25/08/2026 09:55:00;79031,38;79036,7525;78944,0;78980,0
25/08/2026 10:00:00;78980,0;79062,0;78932,91;79059,99
25/08/2026 10:05:00;79059,99;79078,0;78808,0;78866,74
25/08/2026 10:10:00;78866,74;78920,81;78732,0;78812,0
25/08/2026 10:15:00;78812,0;78812,0;78648,0;78739,99
25/08/2026 10:20:00;78739,99;78819,99;78582,57;78758,0
25/08/2026 10:25:00;78758,0;78811,74;78595,83;78648,0
25/08/2026 10:30:00;78648,0;79009,0;78622,0;79009,0
25/08/2026 10:35:00;79009,0;79222,0;78986,0;79058,12
25/08/2026 10:40:00;79058,12;79058,19;78618,01;78646,01
25/08/2026 10:45:00;78646,01;78660,83;78376,33;78488,0
25/08/2026 10:50:00;78488,0;78489,99;78131,32;78352,0
25/08/2026 10:55:00;78352,0;78660,73;78252,66;78642,0
25/08/2026 11:00:00;78642,0;78807,47;78534,18;78800,0
25/08/2026 11:05:00;78800,0;78950,0;78763,98;78950,0
25/08/2026 11:10:00;78950,0;79056,182631;78898,01;78986,01
25/08/2026 11:15:00;78995,3;79060,836071;78909,15;78960,61
25/08/2026 11:20:00;78954,0;79115,99;78915,27;79106,17
25/08/2026 11:25:00;79126,27;79303,92;79081,111191;79218,0
25/08/2026 11:30:00;79218,0;79316,0;79042,0;79231,99
25/08/2026 11:35:00;79231,99;79298,0;79102,0;79111,53
25/08/2026 11:40:00;79111,53;79190,0;79064,0;79167,52
25/08/2026 11:45:00;79167,52;79298,0;79159,75;79209,0
25/08/2026 11:50:00;79209,0;79345,99;79188,946674;79255,82
25/08/2026 11:55:00;79255,82;79375,99;79174,03;79234,0
25/08/2026 12:00:00;79234,0;79295,04;79154,0;79187,28
25/08/2026 12:05:00;79187,28;79360,0;79187,28;79287,99
25/08/2026 12:10:00;79287,99;79320,72;79060,28;79098,16
25/08/2026 12:15:00;79098,16;79253,45;79021,03;79218,72
25/08/2026 12:20:00;79218,72;79280,0;79156,0;79174,01
25/08/2026 12:25:00;79174,01;79240,0;79086,01;79235,8
25/08/2026 12:30:00;79235,8;79337,99;79184,0;79320,035
25/08/2026 12:35:00;79320,035;79473,24;79320,035;79380,19
25/08/2026 12:40:00;79380,19;79390,0;79306,31;79382,06
25/08/2026 12:45:00;79382,06;79433,583811;79284,0;79315,83
25/08/2026 12:50:00;79315,83;79365,074286;79263,09;79336,07
25/08/2026 12:55:00;79336,07;79527,09;79324,702778;79502,0
25/08/2026 13:00:00;79502,0;79563,71;79434,84;79551,970171
25/08/2026 13:05:00;79551,970171;79551,970171;79336,01;79336,01
25/08/2026 13:10:00;79336,01;79344,02;79158,26;79168,99
25/08/2026 13:15:00;79168,99;79251,99;79136,0;79184,95
25/08/2026 13:20:00;79184,95;79244,79194;79075,77;79120,0
25/08/2026 13:25:00;79120,0;79150,0;79084,69;79149,99
25/08/2026 13:30:00;79149,99;79357,99;79145,05;79299,78
25/08/2026 13:35:00;79299,78;79326,0;79214,0;79235,0
25/08/2026 13:40:00;79235,0;79329,97;79196,01;79228,01
25/08/2026 13:45:00;79228,01;79366,62;79226,0;79282,0
25/08/2026 13:50:00;79282,0;79282,0;79130,0;79130,0
25/08/2026 13:55:00;79130,01;79177,7;79092,1;79127,705856
25/08/2026 14:00:00;79127,705856;79132,0;79058,0;79076,82
25/08/2026 14:05:00;79101,64;79134,26;78889,66;78969,88
25/08/2026 14:10:00;78962,31;78990,0;78900,01;78966,0
25/08/2026 14:15:00;78984,0;79020,0;78953,0;78958,0
25/08/2026 14:20:00;78958,01;78995,0;78800,0;78865,99
25/08/2026 14:25:00;78865,99;78866,01;78752,5;78797,99
25/08/2026 14:30:00;78798,0;79098,6;78798,0;79051,92
25/08/2026 14:35:00;79051,92;79091,19;79005,17;79055,01
25/08/2026 14:40:00;79055,01;79168,4;79055,0;79139,91
25/08/2026 14:45:00;79139,91;79220,52;79139,91;79204,29
25/08/2026 14:50:00;79204,29;79224,0;79152,0;79224,0
25/08/2026 14:55:00;79194,0;79259,603523;79186,0;79259,603523
25/08/2026 15:00:00;79259,603523;79323,01;79217,51;79236,5
25/08/2026 15:05:00;79236,5;79275,88;79220,32;79270,71
25/08/2026 15:10:00;79270,71;79365,41;79228,0;79317,55
25/08/2026 15:15:00;79317,55;79332,59;79258,0;79282,01
25/08/2026 15:20:00;79282,01;79289,54;79238,2;79267,01
25/08/2026 15:25:00;79264,0;79293,58;79246,0;79276,0
25/08/2026 15:30:00;79276,0;79276,01;79148,0;79166,0
25/08/2026 15:35:00;79166,0;79187,44;79108,0;79162,0
25/08/2026 15:40:00;79162,0;79181,09;79139,13;79172,02
25/08/2026 15:45:00;79172,02;79232,0;79165,94;79213,99
25/08/2026 15:50:00;79213,99;79220,0;79056,0;79067,58
25/08/2026 15:55:00;79067,58;79132,28;79048,88;79107,51
25/08/2026 16:00:00;79107,51;79189,99;79025,89;79025,89
25/08/2026 16:05:00;79025,89;79102,02;79018,0;79079,59
25/08/2026 16:10:00;79079,58;79169,41;79056,861431;79161,48
25/08/2026 16:15:00;79177,58;79233,57;79154,79;79232,28
25/08/2026 16:20:00;79232,28;79232,28;79118,21238;79169,99
25/08/2026 16:25:00;79169,99;79169,99;78909,29;78933,88
25/08/2026 16:30:00;78933,88;78933,88;78833,78;78872,0
25/08/2026 16:35:00;78872,0;78943,99;78872,0;78890,0
25/08/2026 16:40:00;78890,0;78890,01;78730,0;78746,23
25/08/2026 16:45:00;78746,72;78820,76;78746,72;78767,71
25/08/2026 16:50:00;78767,71;78918,02;78750,01;78918,02
25/08/2026 16:55:00;78905,32;78942,0;78850,01;78919,67
25/08/2026 17:00:00;78966,01;78966,01;78696,054317;78789,97
25/08/2026 17:05:00;78769,94;78867,36;78769,94;78853,99
25/08/2026 17:10:00;78863,99;78881,99;78800,0;78881,99
25/08/2026 17:15:00;78868,01;78962,0;78852,013665;78961,99
25/08/2026 17:20:00;78961,99;78964,65;78879,8;78964,65
25/08/2026 17:25:00;78964,65;78964,65;78768,01;78768,01
25/08/2026 17:30:00;78772,02;78787,99;78694,0;78753,95
25/08/2026 17:35:00;78753,95;78780,0;78557,13;78557,13
25/08/2026 17:40:00;78557,13;78585,167143;78411,36;78416,0
25/08/2026 17:45:00;78416,0;78536,0;78178,0;78222,0
25/08/2026 17:50:00;78222,0;78417,68;78208,0;78286,24
25/08/2026 17:55:00;78272,01;78295,520677;78180,0;78206,14
25/08/2026 18:00:00;78206,14;78232,0;78121,67;78212,1
25/08/2026 18:05:00;78212,1;78290,0;77851,01;77980,01
25/08/2026 18:10:00;77980,01;78298,0;77952,0;78286,0
25/08/2026 18:15:00;78286,0;78439,39;78168,090111;78439,39
25/08/2026 18:20:00;78444,0;78450,0;78276,0;78352,746181
25/08/2026 18:25:00;78352,746181;78480,0;78332,096717;78466,47
25/08/2026 18:30:00;78466,47;78474,0;78380,86;78468,95
25/08/2026 18:35:00;78468,95;78625,32;78466,0;78613,31
25/08/2026 18:40:00;78613,31;78654,0;78568,0;78584,0
25/08/2026 18:45:00;78584,0;78626,0;78565,804;78621,07
25/08/2026 18:50:00;78621,99;78623,99;78542,01;78605,04
25/08/2026 18:55:00;78611,99;78660,525;78514,904166;78570,0
25/08/2026 19:00:00;78570,0;78725,65;78570,0;78717,64
25/08/2026 19:05:00;78717,64;78876,47;78705,27;78813,27
25/08/2026 19:10:00;78813,27;78943,99;78813,27;78932,44
25/08/2026 19:15:00;78932,44;79000,0;78885,99;78965,99
25/08/2026 19:20:00;78965,99;78965,99;78820,01;78856,0
25/08/2026 19:25:00;78862,0;78868,0;78606,01;78609,010996
25/08/2026 19:30:00;78609,010996;78843,99;78596,0;78843,99
25/08/2026 19:35:00;78837,69;78859,67;78778,0;78810,01
25/08/2026 19:40:00;78809,87;78848,802383;78777,99;78784,0
25/08/2026 19:45:00;78784,0;78872,64;78755,84333;78858,0
25/08/2026 19:50:00;78861,99;78913,256492;78854,58;78913,256492
25/08/2026 19:55:00;78913,256492;78959,14;78871,14;78889,51
25/08/2026 20:00:00;78889,51;78970,32;78864,01;78957,99
25/08/2026 20:05:00;78957,99;78968,43;78832,0;78834,01
25/08/2026 20:10:00;78837,01;78974,95;78807,97;78952,92
25/08/2026 20:15:00;78934,01;78965,605714;78768,0;78806,18
25/08/2026 20:20:00;78806,18;78806,18;78667,54;78671,39
25/08/2026 20:25:00;78671,39;78748,58;78630,29;78748,57
25/08/2026 20:30:00;78734,93;78785,333314;78598,841971;78770,0
25/08/2026 20:35:00;78770,0;78777,37;78643,61;78643,61
25/08/2026 20:40:00;78643,6;78672,634286;78563,45;78569,45
25/08/2026 20:45:00;78569,45;78576,38631;78420,12;78477,99
25/08/2026 20:50:00;78477,99;78503,43;78400,82;78485,99
25/08/2026 20:55:00;78478,01;78607,44;78464,728285;78539,14
25/08/2026 21:00:00;78539,14;78625,06;78464,0;78618,29
25/08/2026 21:05:00;78618,29;78618,29;78333,25;78361,99
25/08/2026 21:10:00;78365,99;78462,7;78312,01;78356,0
25/08/2026 21:15:00;78356,0;78582,0;78338,0;78527,55
25/08/2026 21:20:00;78527,55;78605,99;78464,0;78589,73
25/08/2026 21:25:00;78589,73;78591,99;78510,56;78591,98
25/08/2026 21:30:00;78591,98;78663,404346;78581,38;78589,46
25/08/2026 21:35:00;78589,46;78589,46;78394,0;78394,01
25/08/2026 21:40:00;78394,01;78461,896547;78372,01;78390,62
25/08/2026 21:45:00;78408,83;78549,99;78377,24;78528,97
25/08/2026 21:50:00;78528,97;78719,91;78526,0;78712,36
25/08/2026 21:55:00;78710,9;78735,376317;78622,0;78634,32
25/08/2026 22:00:00;78663,38;78806,0;78644,0;78806,0
25/08/2026 22:05:00;78806,0;78902,0;78797,26;78810,19
25/08/2026 22:10:00;78810,19;78810,19;78710,0;78745,99
25/08/2026 22:15:00;78745,99;78869,98;78718,0;78863,99
25/08/2026 22:20:00;78863,99;78876,21;78810,12;78830,0
25/08/2026 22:25:00;78830,0;78830,0;78719,635463;78719,635463
25/08/2026 22:30:00;78719,635463;78916,65;78719,635463;78916,65
25/08/2026 22:35:00;78916,65;78959,99;78890,0;78912,97
25/08/2026 22:40:00;78912,97;78912,97;78844,01;78877,92
25/08/2026 22:45:00;78877,92;78877,92;78819,283657;78844,975
25/08/2026 22:50:00;78844,975;78844,975;78784,0;78829,94
25/08/2026 22:55:00;78829,94;78829,94;78764,2;78815,13
25/08/2026 23:00:00;78815,13;78879,08;78795,0;78850,17
25/08/2026 23:05:00;78844,92;78856,0;78748,56;78750,0
25/08/2026 23:10:00;78750,0;78823,19;78750,0;78782,01
25/08/2026 23:15:00;78782,01;78929,488889;78762,09;78894,59
25/08/2026 23:20:00;78898,0;78972,97984;78898,0;78972,97984
25/08/2026 23:25:00;78972,97984;79251,64;78972,97984;79251,64
25/08/2026 23:30:00;79251,64;79260,767124;79136,8;79175,94
25/08/2026 23:35:00;79207,96;79207,96;79155,0;79182,2
25/08/2026 23:40:00;79182,2;79200,0;79155,79;79196,074284
25/08/2026 23:45:00;79196,074284;79196,18326;79100,01;79119,99
25/08/2026 23:50:00;79119,99;79126,79;79049,78;79064,18
25/08/2026 23:55:00;79064,18;79129,97;79064,18;79108,01
26/08/2026 00:00:00;79110,0;79181,15;79067,41;79067,41
26/08/2026 00:05:00;79067,41;79110,93;79049,99;79050,0
26/08/2026 00:10:00;79049,99;79093,357143;79049,99;79067,93
26/08/2026 00:15:00;79065,07;79065,1;78993,72;78993,73
26/08/2026 00:20:00;78993,73;79120,02;78993,73;79100,41
26/08/2026 00:25:00;79100,41;79139,78;79038,475911;79139,743229
26/08/2026 00:30:00;79139,743229;79211,554864;78960,0;78960,0
26/08/2026 00:35:00;78960,0;79200,0;78960,0;79200,0
26/08/2026 00:40:00;79200,0;79214,395;79043,38;79188,0
26/08/2026 00:45:00;79188,0;79197,91;78946,900092;78946,900092
26/08/2026 00:50:00;78946,900092;78978,520119;78913,53;78940,568126
26/08/2026 00:55:00;78940,568126;79100,78;78940,568126;79100,78
26/08/2026 01:00:00;79100,78;79100,78;78980,024975;79035,986531
26/08/2026 01:05:00;79035,986531;79098,408249;79015,278579;79098,408249
26/08/2026 01:10:00;79098,408249;79194,603138;78980,0;79039,51
26/08/2026 01:15:00;79039,51;79128,026067;78978,67676;79126,517714
26/08/2026 01:20:00;79126,517714;79126,517714;79007,338899;79041,114248
26/08/2026 01:25:00;79041,114248;79057,16326;79006,38;79008,098622
26/08/2026 01:30:00;79008,098622;79038,40581;78913,887317;78956,386993
26/08/2026 01:35:00;78956,386993;78993,75;78917,23124;78938,66
26/08/2026 01:40:00;78938,67;78984,54;78921,17;78921,17
26/08/2026 01:45:00;78921,17;78950,315;78770,58;78920,58
26/08/2026 01:50:00;78920,58;78920,58;78758,74;78758,74
26/08/2026 01:55:00;78758,74;78845,95;78738,45;78738,45
26/08/2026 02:00:00;78738,45;78834,0;78719,946167;78751,630377
26/08/2026 02:05:00;78751,630377;78757,378414;78606,5765;78675,06673
26/08/2026 02:10:00;78675,06673;78905,404874;78675,06673;78905,404874
26/08/2026 02:15:00;78902,879023;78902,879023;78686,847;78752,01
26/08/2026 02:20:00;78752,0;79022,01;78752,0;79022,01
26/08/2026 02:25:00;79022,01;79073,33;78953,41;79026,26
26/08/2026 02:30:00;79026,26;79119,621534;78984,82;79062,0
26/08/2026 02:35:00;79062,0;79077,36;78988,0;79068,92
26/08/2026 02:40:00;79068,92;79127,76;79062,0;79126,45
26/08/2026 02:45:00;79126,45;79126,45;79034,01;79062,12
26/08/2026 02:50:00;79062,12;79066,0;78960,29;78960,29
26/08/2026 02:55:00;78960,29;79085,99;78960,29;79085,98
26/08/2026 03:00:00;79085,99;79139,546457;79024,01;79100,46
26/08/2026 03:05:00;79100,46;79206,0;79100,46;79166,26
26/08/2026 03:10:00;79166,26;79166,26;78970,0;79008,0
26/08/2026 03:15:00;79008,0;79056,0;78896,23;78896,24
26/08/2026 03:20:00;79006,53;79006,54;78862,01;78862,01
26/08/2026 03:25:00;78845,07;78953,39;78821,905;78898,19
26/08/2026 03:30:00;78898,19;78955,99;78866,6;78894,99
26/08/2026 03:35:00;78910,0;78941,48;78816,01;78870,7
26/08/2026 03:40:00;78870,7;78957,81;78865,41;78933,99
26/08/2026 03:45:00;78934,1;78969,06;78866,37;78888,9
26/08/2026 03:50:00;78888,9;78928,0;78873,96;78928,0
26/08/2026 03:55:00;78928,0;78947,93;78902,31;78947,92
26/08/2026 04:00:00;78947,92;79020,0;78867,0;79020,0
26/08/2026 04:05:00;79020,0;79096,0;78969,06;78969,06
26/08/2026 04:10:00;78969,06;79028,0;78954,576003;78992,72
26/08/2026 04:15:00;78992,72;79016,29;78958,02;78964,74
26/08/2026 04:20:00;78964,75;79006,0;78900,92;78948,92
26/08/2026 04:25:00;78948,92;79033,08;78941,02;78955,08
26/08/2026 04:30:00;78955,08;78970,65;78900,01;78970,64
26/08/2026 04:35:00;78970,64;79050,5;78969,104286;79006,44
26/08/2026 04:40:00;79003,18;79035,99;78972,21;78997,46
26/08/2026 04:45:00;78997,46;79012,01;78964,24;79000,96
26/08/2026 04:50:00;79000,96;79062,0;78964,4;78964,41
26/08/2026 04:55:00;78964,41;79002,83;78920,01;78925,57
26/08/2026 05:00:00;78925,57;78944,19;78849,82;78893,33
26/08/2026 05:05:00;78893,33;79075,71;78828,0;78934,99
26/08/2026 05:10:00;78934,99;79119,37;78934,99;79056,0
26/08/2026 05:15:00;79056,0;79116,3;78980,48;78993,73
26/08/2026 05:20:00;78993,73;79003,38;78914,16;78971,06
26/08/2026 05:25:00;78971,06;79011,34;78968,88;78989,68
26/08/2026 05:30:00;78989,68;79016,0;78926,0;78938,51
26/08/2026 05:35:00;78938,51;78951,88;78896,02;78918,06
26/08/2026 05:40:00;78918,06;79019,79;78900,82;78998,98
26/08/2026 05:45:00;78998,98;79011,09;78905,51;78918,01
26/08/2026 05:50:00;78918,01;78939,09;78724,55;78724,55
26/08/2026 05:55:00;78700,0;78710,33;78607,74;78702,0
26/08/2026 06:00:00;78702,0;78862,23;78668,49;78815,0
26/08/2026 06:05:00;78815,0;78868,15;78800,0;78800,01
26/08/2026 06:10:00;78800,01;78840,0;78750,0;78775,31
26/08/2026 06:15:00;78775,31;78775,31;78428,91;78438,57
26/08/2026 06:20:00;78438,57;78514,0;78387,12;78399,41
26/08/2026 06:25:00;78399,41;78538,26;78399,41;78525,05
26/08/2026 06:30:00;78525,05;78592,0;78473,02;78557,69
26/08/2026 06:35:00;78557,69;78571,21;78490,19;78534,0
26/08/2026 06:40:00;78534,0;78534,0;78403,58;78403,71
26/08/2026 06:45:00;78403,71;78427,62;78244,83;78427,62
26/08/2026 06:50:00;78427,62;78492,0;78381,57;78381,57
26/08/2026 06:55:00;78381,57;78452,0;78377,581429;78444,49
26/08/2026 07:00:00;78444,49;78444,49;78291,09;78301,08
26/08/2026 07:05:00;78301,08;78386,0;78301,08;78359,27
26/08/2026 07:10:00;78359,27;78473,99;78329,87;78430,46
26/08/2026 07:15:00;78430,46;78534,0;78424,4;78533,99
26/08/2026 07:20:00;78533,99;78582,01;78505,01;78505,01
26/08/2026 07:25:00;78505,01;78636,0;78505,01;78624,13
26/08/2026 07:30:00;78624,13;78646,0;78570,77;78612,55
26/08/2026 07:35:00;78612,55;78808,14;78612,55;78750,01
26/08/2026 07:40:00;78750,01;78757,74;78662,0;78722,01
26/08/2026 07:45:00;78722,01;78843,98;78700,0;78838,86
26/08/2026 07:50:00;78838,86;78838,86;78764,68;78778,11
26/08/2026 07:55:00;78778,11;78786,46;78720,0;78727,45
26/08/2026 08:00:00;78727,45;78782,0;78705,098814;78757,48
26/08/2026 08:05:00;78757,48;78768,0;78662,44;78678,46
26/08/2026 08:10:00;78678,46;78711,83;78666,0;78709,31
26/08/2026 08:15:00;78709,31;78736,57;78673,39;78673,4
26/08/2026 08:20:00;78673,4;78702,0;78648,07;78697,59
26/08/2026 08:25:00;78697,59;78704,0;78617,75;78629,77
26/08/2026 08:30:00;78629,77;78629,77;78575,0;78575,01
26/08/2026 08:35:00;78575,01;78620,0;78359,2168;78385,99
26/08/2026 08:40:00;78385,99;78483,790082;78356,785;78429,176
26/08/2026 08:45:00;78429,176;78482,4;78380,01;78384,77
26/08/2026 08:50:00;78384,77;78540,8;78384,77;78524,48
26/08/2026 08:55:00;78524,48;78574,0;78478,14;78487,27
26/08/2026 09:00:00;78487,27;78562,0;78464,0;78520,05
26/08/2026 09:05:00;78520,05;78520,05;78359,12;78430,17
26/08/2026 09:10:00;78430,17;78466,0;78400,0;78400,0
26/08/2026 09:15:00;78400,0;78426,0;78288,01;78384,09
26/08/2026 09:20:00;78384,09;78587,55;78380,86;78567,48
26/08/2026 09:25:00;78567,48;78699,61;78567,48;78691,47
26/08/2026 09:30:00;78691,47;78694,84;78031,78;78442,15
26/08/2026 09:35:00;78400,0;78482,0;78173,01;78240,0
26/08/2026 09:40:00;78240,0;78381,16;78220,44;78267,92
26/08/2026 09:45:00;78267,92;78375,95;78206,26;78311,31
26/08/2026 09:50:00;78311,31;78437,99;78292,95;78314,45
26/08/2026 09:55:00;78314,45;78422,72;78291,97;78319,59
26/08/2026 10:00:00;78319,59;78444,0;78244,0;78244,0
26/08/2026 10:05:00;78244,0;78270,0;78075,34;78113,74
26/08/2026 10:10:00;78113,74;78159,3;77983,75;78120,68
26/08/2026 10:15:00;78120,68;78172,79;78074,71;78147,55
26/08/2026 10:20:00;78136,72;78148,063889;77998,0;78020,01
26/08/2026 10:25:00;78020,01;78070,72;77986,0;78052,01
26/08/2026 10:30:00;78052,01;78370,53;78052,01;78340,0
26/08/2026 10:35:00;78340,0;78492,0;78268,0;78424,0455
26/08/2026 10:40:00;78424,0455;78492,0;78356,47134;78492,0
26/08/2026 10:45:00;78492,0;78544,14;78374,02;78381,1
26/08/2026 10:50:00;78381,1;78381,1;78140,967451;78222,0
26/08/2026 10:55:00;78222,0;78460,05;78204,17;78448,66
26/08/2026 11:00:00;78448,66;78591,26;78297,71;78536,71
26/08/2026 11:05:00;78536,0;78597,577213;78485,36;78597,577213
26/08/2026 11:10:00;78597,577213;78597,577213;78450,0;78456,0
26/08/2026 11:15:00;78456,0;78572,0;78447,1;78516,52
26/08/2026 11:20:00;78516,52;78546,0;78401,36;78401,36
26/08/2026 11:25:00;78401,36;78401,36;78202,86;78247,98
26/08/2026 11:30:00;78247,98;78278,02;78179,494914;78179,494914
26/08/2026 11:35:00;78194,567397;78259,25;78094,02;78143,85
26/08/2026 11:40:00;78150,47;78196,0;77923,413643;77979,87
26/08/2026 11:45:00;77979,87;78015,42;77852,21;77982,91
26/08/2026 11:50:00;77976,0;77999,79;77789,23;77799,06
26/08/2026 11:55:00;77789,23;77856,0;77773,18;77791,72
26/08/2026 12:00:00;77790,47;77882,0;77647,39;77647,39
26/08/2026 12:05:00;77647,39;77953,99;77647,39;77927,4
26/08/2026 12:10:00;77927,4;77940,0;77832,24;77837,0
26/08/2026 12:15:00;77837,0;77862,75;77732,0;77783,6
26/08/2026 12:20:00;77783,6;77960,71;77783,6;77935,35
26/08/2026 12:25:00;77935,35;78161,4;77935,35;78159,64
26/08/2026 12:30:00;78159,64;78166,33;77947,49;77947,49
26/08/2026 12:35:00;77948,72;78006,53;77918,0;78003,69
26/08/2026 12:40:00;78003,69;78120,0;78003,69;78035,7
26/08/2026 12:45:00;78035,7;78145,79;78035,7;78140,01
26/08/2026 12:50:00;78140,01;78145,78;78030,0;78045,11
26/08/2026 12:55:00;78045,1;78115,08;78038,23;78040,921131
26/08/2026 13:00:00;78040,921131;78089,608037;77981,744094;78089,53
26/08/2026 13:05:00;78079,02;78159,98;78074,44;78132,51
26/08/2026 13:10:00;78132,51;78139,0;78048,0;78080,87
26/08/2026 13:15:00;78080,87;78106,0;77984,01;78034,0
26/08/2026 13:20:00;78034,64;78130,55;78019,64;78034,11
26/08/2026 13:25:00;78034,11;78065,05;77984,0;78060,63
26/08/2026 13:30:00;78060,63;78104,0;78012,32;78104,0
26/08/2026 13:35:00;78104,0;78145,2;77969,22;77969,23
26/08/2026 13:40:00;77969,23;78018,0;77858,0;77874,0
26/08/2026 13:45:00;77874,0;78161,73;77874,0;78087,0
26/08/2026 13:50:00;78087,0;78122,17;77992,09;78023,97
26/08/2026 13:55:00;78023,97;78034,0;77970,66;78018,504204
26/08/2026 14:00:00;78018,504204;78072,0;77991,29;78043,97
26/08/2026 14:05:00;78043,97;78121,98;78004,1;78091,69
26/08/2026 14:10:00;78091,69;78128,91;78052,0;78128,91
26/08/2026 14:15:00;78128,91;78277,57;78128,9;78246,26
26/08/2026 14:20:00;78246,26;78345,99;78244,01;78345,79
26/08/2026 14:25:00;78345,79;78483,11;78340,0;78480,01
26/08/2026 14:30:00;78480,01;78578,0;78480,01;78578,0
26/08/2026 14:35:00;78578,0;78578,0;78493,62;78536,96
26/08/2026 14:40:00;78536,96;78603,0;78510,42;78514,76
26/08/2026 14:45:00;78514,76;78514,81;78368,0;78405,54
26/08/2026 14:50:00;78405,54;78466,0;78400,01;78465,99
26/08/2026 14:55:00;78465,99;78476,12;78414,0;78440,0
26/08/2026 15:00:00;78440,0;78520,0;78402,8;78474,0
26/08/2026 15:05:00;78474,0;78528,0;78448,01;78524,99
26/08/2026 15:10:00;78524,99;78650,26;78508,01;78562,52
26/08/2026 15:15:00;78519,29;78579,71;78500,0;78543,67
26/08/2026 15:20:00;78543,67;78574,01;78492,08;78511,99
26/08/2026 15:25:00;78511,99;78526,63;78442,16;78468,0
26/08/2026 15:30:00;78468,0;78490,0;78410,0;78410,0
26/08/2026 15:35:00;78426,36;78432,0;78384,26;78384,26
26/08/2026 15:40:00;78384,25;78384,25;78280,01;78296,59
26/08/2026 15:45:00;78296,59;78415,32;78293,83;78403,57
26/08/2026 15:50:00;78403,57;78456,61;78395,57;78456,6
26/08/2026 15:55:00;78456,6;78502,9;78442,16;78472,4
26/08/2026 16:00:00;78472,4;78514,0;78446,75;78450,85
26/08/2026 16:05:00;78450,85;78450,86;78400,0;78400,13
26/08/2026 16:10:00;78440,0;78455,27;78381,27;78381,97
26/08/2026 16:15:00;78419,26;78452,0;78388,0;78411,35
26/08/2026 16:20:00;78411,35;78411,36;78296,43;78342,0
26/08/2026 16:25:00;78342,0;78572,0;78316,01;78531,97
26/08/2026 16:30:00;78527,38;78541,92;78488,0;78489,98
26/08/2026 16:35:00;78489,98;78500,0;78416,01;78416,01
26/08/2026 16:40:00;78416,0;78436,57;78384,01;78436,57
26/08/2026 16:45:00;78436,56;78492,01;78436,56;78457,01
26/08/2026 16:50:00;78457,01;78533,75;78450,824286;78455,81
26/08/2026 16:55:00;78455,81;78492,0;78444,05;78460,89
26/08/2026 17:00:00;78446,01;78488,0;78400,0;78477,96
26/08/2026 17:05:00;78477,96;78521,7;78475,33516;78480,0
26/08/2026 17:10:00;78480,0;78480,39;78420,0;78420,0
26/08/2026 17:15:00;78420,0;78459,78;78396,0;78411,57
26/08/2026 17:20:00;78411,57;78411,57;78200,0;78328,0
26/08/2026 17:25:00;78328,0;78396,6;78328,0;78396,59
26/08/2026 17:30:00;78396,59;78409,91;78337,33;78337,33
26/08/2026 17:35:00;78337,33;78378,0;78293,85;78377,99
26/08/2026 17:40:00;78375,38;78433,86;78375,37;78404,9
26/08/2026 17:45:00;78404,9;78415,68;78391,02;78391,03
26/08/2026 17:50:00;78391,03;78426,04;78388,0;78425,89
26/08/2026 17:55:00;78430,31;78466,16;78430,31;78452,04
26/08/2026 18:00:00;78452,04;78465,08;78392,2;78414,0
26/08/2026 18:05:00;78414,0;78611,487092;78414,0;78611,487092
26/08/2026 18:10:00;78611,487092;78800,0;78565,27;78774,01
26/08/2026 18:15:00;78774,01;78829,28;78735,16;78755,99
26/08/2026 18:20:00;78760,8;78844,432;78730,06;78844,432
26/08/2026 18:25:00;78844,432;78859,555731;78707,99;78767,25
26/08/2026 18:30:00;78767,25;78767,25;78652,15;78748,08
26/08/2026 18:35:00;78748,08;78840,0;78748,07;78781,08
26/08/2026 18:40:00;78745,74;78785,78;78707,77;78708,82
26/08/2026 18:45:00;78708,83;78722,0;78684,44;78699,67
26/08/2026 18:50:00;78700,76;78802,38;78700,75;78796,27
26/08/2026 18:55:00;78776,02;78776,02;78724,0;78724,01
26/08/2026 19:00:00;78724,01;78862,0;78680,0;78862,0
26/08/2026 19:05:00;78866,0;78867,07;78798,0;78798,01
26/08/2026 19:10:00;78798,01;78810,0;78719,32;78782,98
26/08/2026 19:15:00;78782,98;78909,87;78763,48;78887,56
26/08/2026 19:20:00;78887,56;78978,245812;78856,691818;78978,245812
26/08/2026 19:25:00;78978,245812;78982,01;78815,93;78982,01
26/08/2026 19:30:00;78982,01;78982,01;78693,35;78851,77
26/08/2026 19:35:00;78851,77;78851,77;78600,616786;78600,616786
26/08/2026 19:40:00;78600,616786;78684,0;78593,99;78593,99
26/08/2026 19:45:00;78593,99;78680,0;78583,57;78583,57
26/08/2026 19:50:00;78583,57;78604,77;78549,68;78581,59
26/08/2026 19:55:00;78581,59;78716,832166;78568,55;78709,41
26/08/2026 20:00:00;78700,0;78750,31;78686,6625;78750,31
26/08/2026 20:05:00;78750,31;78750,31;78668,02;78686,91
26/08/2026 20:10:00;78686,92;78717,59;78679,89;78708,73
26/08/2026 20:15:00;78696,77;78737,99;78696,77;78716,65
26/08/2026 20:20:00;78716,65;78748,77;78696,0;78740,4
26/08/2026 20:25:00;78740,4;78894,657571;78716,01;78868,74
26/08/2026 20:30:00;78865,34;78930,269165;78863,65;78925,432499
26/08/2026 20:35:00;78925,432499;79000,0;78919,941631;78990,0405
26/08/2026 20:40:00;78990,0405;79067,161285;78945,65;79043,386084
26/08/2026 20:45:00;79043,386084;79183,283782;79038,01;79183,283782
26/08/2026 20:50:00;79183,283782;79185,386114;79012,73;79078,01
26/08/2026 20:55:00;79078,01;79099,99;78984,78808;79023,75
26/08/2026 21:00:00;79023,75;79028,49;78855,174729;78878,88
26/08/2026 21:05:00;78856,54;78971,52;78842,57;78971,52
26/08/2026 21:10:00;78968,01;78972,01;78820,54;78837,5
26/08/2026 21:15:00;78837,5;78911,99;78821,39;78910,73
26/08/2026 21:20:00;78931,16;78939,99;78858,6;78858,6
26/08/2026 21:25:00;78858,6;78902,0;78819,88;78902,0
26/08/2026 21:30:00;78871,14;78877,77;78835,22;78835,22
26/08/2026 21:35:00;78835,22;78848,52;78795,0;78807,59
26/08/2026 21:40:00;78807,59;78899,13;78791,99;78899,0
26/08/2026 21:45:00;78897,99;78897,99;78764,01;78794,0
26/08/2026 21:50:00;78819,99;78831,99;78722,0;78722,0
26/08/2026 21:55:00;78722,0;78751,99;78698,01;78708,0
26/08/2026 22:00:00;78708,0;78753,32;78675,643758;78675,643758
26/08/2026 22:05:00;78675,643758;78770,07;78675,643758;78727,53
26/08/2026 22:10:00;78727,53;78766,0;78654,078571;78674,7
26/08/2026 22:15:00;78674,7;78687,68;78553,71;78671,35
26/08/2026 22:20:00;78671,35;78791,99;78671,35;78791,09
26/08/2026 22:25:00;78791,09;78961,48;78783,9;78936,05
26/08/2026 22:30:00;78936,05;78978,64;78803,347039;78803,347039
26/08/2026 22:35:00;78803,347039;78916,63;78795,326142;78841,97
26/08/2026 22:40:00;78841,97;78841,97;78717,99;78717,99
26/08/2026 22:45:00;78717,99;78958,0;78708,01;78958,0
26/08/2026 22:50:00;78958,0;79017,99;78912,0;78933,17
26/08/2026 22:55:00;78965,47;78979,45334;78889,227143;78898,67
26/08/2026 23:00:00;78898,67;78978,0;78893,13;78941,16
26/08/2026 23:05:00;78941,16;78945,09;78914,0;78936,77
26/08/2026 23:10:00;78936,77;78948,71;78859,38;78894,58
26/08/2026 23:15:00;78871,98;78906,0;78809,86;78906,0
26/08/2026 23:20:00;78906,0;78906,0;78751,03;78757,78
26/08/2026 23:25:00;78750,01;78779,632654;78733,28;78757,22
26/08/2026 23:30:00;78757,21;78786,05;78748,57;78786,04
26/08/2026 23:35:00;78786,04;78800,0;78742,0;78742,0
26/08/2026 23:40:00;78744,52;78784,57;78722,71;78736,64
26/08/2026 23:45:00;78736,66;78756,749999;78714,0;78756,749999
26/08/2026 23:50:00;78756,749999;78791,99;78736,91;78751,43
26/08/2026 23:55:00;78751,43;78752,79;78693,415;78693,415
27/08/2026 00:00:00;78693,415;78730,29;78674,18;78674,18
27/08/2026 00:05:00;78674,18;78796,89;78668,18;78796,89
27/08/2026 00:10:00;78796,89;78821,46;78686,43;78821,46
27/08/2026 00:15:00;78821,46;78839,33;78621,72;78621,72
27/08/2026 00:20:00;78621,72;78903,05;78589,72;78589,72
27/08/2026 00:25:00;78589,72;78937,83;78589,72;78896,01
27/08/2026 00:30:00;78896,01;78902,45;78844,24;78868,1
27/08/2026 00:35:00;78863,11;78889,45;78848,0;78851,96
27/08/2026 00:40:00;78851,96;78924,45;78834,51;78876,5
27/08/2026 00:45:00;78876,5;78919,97;78845,99;78846,0
27/08/2026 00:50:00;78846,0;78848,87;78775,44;78818,975
27/08/2026 00:55:00;78818,975;78843,11;78798,11;78830,67
27/08/2026 01:00:00;78830,67;78888,69;78827,8;78856,77
27/08/2026 01:05:00;78856,77;78885,87;78800,0;78885,87
27/08/2026 01:10:00;78885,87;78894,45;78853,46;78862,46
27/08/2026 01:15:00;78878,01;78904,01;78842,69;78878,34
27/08/2026 01:20:00;78878,34;78878,34;78825,3;78848,26
27/08/2026 01:25:00;78848,26;78848,26;78800,0;78805,01
27/08/2026 01:30:00;78805,01;78805,01;78708,0;78708,0
27/08/2026 01:35:00;78708,0;78756,0;78684,19;78692,98
27/08/2026 01:40:00;78692,98;78823,0;78692,98;78823,0
27/08/2026 01:45:00;78823,0;78823,0;78733,05;78739,28
27/08/2026 01:50:00;78739,29;78746,0;78708,95;78746,0
27/08/2026 01:55:00;78746,0;78786,25;78731,15;78784,0
27/08/2026 02:00:00;78784,0;78784,0;78681,95;78681,95
27/08/2026 02:05:00;78681,95;78729,5;78658,0;78715,12
27/08/2026 02:10:00;78715,12;78722,11;78650,0;78650,01
27/08/2026 02:15:00;78650,01;78650,01;78635,39;78650,0
27/08/2026 02:20:00;78650,0;78737,75;78645,88;78737,74
27/08/2026 02:25:00;78737,74;78804,0;78658,0;78658,01
27/08/2026 02:30:00;78658,0;78678,21;78613,99;78670,98
27/08/2026 02:35:00;78670,98;78708,0;78600,0;78693,09
27/08/2026 02:40:00;78693,09;78801,85;78682,08;78736,09
27/08/2026 02:45:00;78736,09;78808,0;78686,915714;78808,0
27/08/2026 02:50:00;78808,0;78888,799391;78808,0;78862,29
27/08/2026 02:55:00;78862,29;78892,0;78799,04;78861,102
27/08/2026 03:00:00;78861,102;78874,01;78810,0;78819,18
27/08/2026 03:05:00;78819,18;78856,0;78802,43;78856,0
27/08/2026 03:10:00;78856,0;78856,0;78652,01;78677,78
27/08/2026 03:15:00;78677,78;78734,0;78607,43;78715,81
27/08/2026 03:20:00;78722,82;78796,0;78670,0;78673,88
27/08/2026 03:25:00;78673,88;78686,57;78620,99;78651,84
27/08/2026 03:30:00;78651,84;78794,0;78651,84;78744,88
27/08/2026 03:35:00;78744,88;78776,65;78739,98;78743,12
27/08/2026 03:40:00;78743,12;78778,0;78699,863332;78699,863332
27/08/2026 03:45:00;78699,863332;78790,0;78699,863332;78785,01
27/08/2026 03:50:00;78785,01;78841,04;78784,1;78811,0
27/08/2026 03:55:00;78811,0;78842,38;78810,99;78833,81
27/08/2026 04:00:00;78833,81;78833,81;78768,87;78790,31
27/08/2026 04:05:00;78790,31;78790,31;78768,87;78779,52
27/08/2026 04:10:00;78779,52;78861,46;78779,52;78787,18
27/08/2026 04:15:00;78787,18;78843,1;78777,854286;78827,43
27/08/2026 04:20:00;78827,43;78840,94;78784,93;78784,93
27/08/2026 04:25:00;78784,93;78804,0;78754,0;78795,45
27/08/2026 04:30:00;78795,45;78868,0;78795,44;78867,99
27/08/2026 04:35:00;78867,99;78877,676668;78832,0;78877,676668
27/08/2026 04:40:00;78877,676668;78877,92;78839,8;78840,01
27/08/2026 04:45:00;78840,01;78868,25;78840,01;78850,873333
27/08/2026 04:50:00;78850,873333;79049,86;78850,873333;79032,07
27/08/2026 04:55:00;79032,07;79095,99;79032,07;79082,17
27/08/2026 05:00:00;79082,17;79500,0;79048,0;79439,73
27/08/2026 05:05:00;79439,73;79748,61;79292,0;79748,61
27/08/2026 05:10:00;79748,61;79874,99;79549,44;79631,85
27/08/2026 05:15:00;79631,85;79641,27;79478,21;79525,11
27/08/2026 05:20:00;79525,11;79610,0;79442,55;79577,9
27/08/2026 05:25:00;79577,9;79745,99;79577,9;79745,99
27/08/2026 05:30:00;79745,99;79880,0;79745,99;79850,01
27/08/2026 05:35:00;79850,01;79850,01;79718,0;79774,96
27/08/2026 05:40:00;79774,96;79995,85;79749,59;79917,31
27/08/2026 05:45:00;79917,31;80021,99;79804,0;79804,0
27/08/2026 05:50:00;79804,0;79876,0;79776,674903;79781,98
27/08/2026 05:55:00;79781,99;79789,44;79700,0;79755,99
27/08/2026 06:00:00;79755,99;79838,917332;79683,09;79838,917332
27/08/2026 06:05:00;79838,917332;79851,71;79714,0;79794,3
27/08/2026 06:10:00;79794,3;79882,6;79794,3;79877,28
27/08/2026 06:15:00;79877,28;79974,28;79798,0;79974,28
27/08/2026 06:20:00;79974,28;80090,85;79974,28;80085,37
27/08/2026 06:25:00;80085,37;80497,75;80085,37;80493,86
27/08/2026 06:30:00;80493,86;80519,56;80220,0;80220,0
27/08/2026 06:35:00;80220,0;80320,01;80204,0;80274,015
27/08/2026 06:40:00;80274,015;80320,0;80217,404774;80258,59
27/08/2026 06:45:00;80253,56;80277,0;80199,19;80199,2
27/08/2026 06:50:00;80199,2;80199,2;80038,83;80070,5
27/08/2026 06:55:00;80070,5;80070,5;79920,02;79986,0
27/08/2026 07:00:00;79986,0;80046,57;79922,02;80046,57
27/08/2026 07:05:00;80046,57;80154,0;80046,57;80154,0
27/08/2026 07:10:00;80154,0;80158,15;79806,17;79932,75
27/08/2026 07:15:00;79932,75;79987,7;79838,06;79964,0
27/08/2026 07:20:00;79964,0;80020,0;79764,71;79802,0
27/08/2026 07:25:00;79802,0;79802,0;79343,85;79663,27
27/08/2026 07:30:00;79663,27;79675,99;79538,0;79618,0
27/08/2026 07:35:00;79618,0;79646,0;79368,5;79458,69
27/08/2026 07:40:00;79458,69;79645,93;79456,02;79609,1
27/08/2026 07:45:00;79609,1;79617,79;79496,0;79534,01
27/08/2026 07:50:00;79534,01;79624,0;79509,25;79590,12
27/08/2026 07:55:00;79590,12;79618,0;79546,0;79618,0
27/08/2026 08:00:00;79618,0;79726,0;79559,09;79704,01
27/08/2026 08:05:00;79704,01;79720,0;79638,0;79683,19
27/08/2026 08:10:00;79683,19;79754,0;79650,0;79754,0
27/08/2026 08:15:00;79754,0;79761,99;79632,01;79678,82
27/08/2026 08:20:00;79678,82;79766,3;79678,81;79744,91
27/08/2026 08:25:00;79744,91;79750,0;79496,0;79524,0
27/08/2026 08:30:00;79524,0;79556,0;79390,0;79526,65
27/08/2026 08:35:00;79526,65;79534,0;79397,0;79411,0
27/08/2026 08:40:00;79411,0;79448,49;79391,0;79438,5
27/08/2026 08:45:00;79438,5;79475,99;79390,0;79390,0
27/08/2026 08:50:00;79390,0;79484,01;79198,01;79484,01
27/08/2026 08:55:00;79484,01;79500,0;79472,71;79477,66
27/08/2026 09:00:00;79477,66;79523,04;79436,0;79438,01
27/08/2026 09:05:00;79438,01;79459,95;79378,0;79436,0
27/08/2026 09:10:00;79436,0;79552,23;79436,0;79498,01
27/08/2026 09:15:00;79498,01;79548,6;79394,0;79399,35
27/08/2026 09:20:00;79399,35;79530,04;79399,35;79530,0
27/08/2026 09:25:00;79530,0;79586,43;79530,0;79551,0
27/08/2026 09:30:00;79551,0;79551,0;79406,47;79414,44
27/08/2026 09:35:00;79414,44;79414,44;79274,0;79363,02
27/08/2026 09:40:00;79357,72;79382,84;79269,89;79269,89
27/08/2026 09:45:00;79268,78;79321,205871;79268,78;79308,2
27/08/2026 09:50:00;79312,62;79335,99;79263,08;79266,08
27/08/2026 09:55:00;79266,08;79319,17;79266,0;79282,32
27/08/2026 10:00:00;79282,31;79321,5;79281,92;79281,93
27/08/2026 10:05:00;79281,93;79376,01;79269,52;79283,93
27/08/2026 10:10:00;79283,93;79377,89;79280,0;79341,92
27/08/2026 10:15:00;79355,82;79422,71;79304,61;79324,0
27/08/2026 10:20:00;79324,0;79429,99;79320,0;79411,33
27/08/2026 10:25:00;79411,33;79485,99;79352,01;79352,63
27/08/2026 10:30:00;79352,63;79355,61;79095,96;79167,99
27/08/2026 10:35:00;79167,99;79270,0;79138,08;79267,99
27/08/2026 10:40:00;79267,99;79328,0;79140,45;79236,24
27/08/2026 10:45:00;79236,24;79350,5;78954,01;79042,68
27/08/2026 10:50:00;79042,68;79326,0;79042,68;79300,15
27/08/2026 10:55:00;79300,15;79540,66;79300,15;79539,14
27/08/2026 11:00:00;79539,14;79733,98;79426,0;79705,99
27/08/2026 11:05:00;79705,99;79799,99;79475,0;79499,28
27/08/2026 11:10:00;79441,44;79459,0;79356,01;79413,04
27/08/2026 11:15:00;79457,23;79703,0;79432,04;79703,0
27/08/2026 11:20:00;79708,99;79910,0;79680,01;79805,99
27/08/2026 11:25:00;79805,99;79913,305165;79778,0;79913,305165
27/08/2026 11:30:00;79911,45;79961,66;79820,11;79961,2
27/08/2026 11:35:00;79959,93;80269,33196;79959,93;80199,99
27/08/2026 11:40:00;80199,99;80362,0;80139,86;80336,53
27/08/2026 11:45:00;80336,53;80338,53;80079,69;80079,69
27/08/2026 11:50:00;80079,69;80196,0;80060,01;80068,01
27/08/2026 11:55:00;80068,01;80243,37;80051,99;80243,37
27/08/2026 12:00:00;80243,37;80320,0;80094,0;80205,98
27/08/2026 12:05:00;80205,98;80380,94;80146,16;80316,0
27/08/2026 12:10:00;80316,0;80792,32;80282,12;80677,09
27/08/2026 12:15:00;80677,09;80729,99;80460,01;80633,59
27/08/2026 12:20:00;80633,59;80633,59;80411,4;80564,22
27/08/2026 12:25:00;80530,35;80686,54;80530,35;80593,29
27/08/2026 12:30:00;80593,29;80601,75;80375,45;80400,36
27/08/2026 12:35:00;80427,99;80508,0;80391,97;80437,92
27/08/2026 12:40:00;80437,92;80630,592686;80353,88;80491,78
27/08/2026 12:45:00;80491,78;80508,08;80307,12;80338,0
27/08/2026 12:50:00;80338,0;80397,99;80299,14;80396,42
27/08/2026 12:55:00;80396,42;80418,01;80302,32;80302,33
27/08/2026 13:00:00;80302,33;80436,01;80300,0;80411,01
27/08/2026 13:05:00;80411,01;80476,0;80189,39;80220,47
27/08/2026 13:10:00;80220,47;80535,99;80216,15;80425,12
27/08/2026 13:15:00;80425,12;80512,0;80392,01;80472,0
27/08/2026 13:20:00;80472,0;80519,59;80445,93;80484,01
27/08/2026 13:25:00;80484,01;80533,99;80392,0;80412,0
27/08/2026 13:30:00;80412,0;80412,0;80320,0;80330,0
27/08/2026 13:35:00;80286,01;80389,65;80259,913656;80389,65
27/08/2026 13:40:00;80389,65;80622,7;80389,64;80591,57
27/08/2026 13:45:00;80591,57;80603,36;80404,0;80445,52
27/08/2026 13:50:00;80445,52;80526,0;80416,0;80450,0
27/08/2026 13:55:00;80450,0;80450,0;80350,0;80374,01
27/08/2026 14:00:00;80374,01;80404,0;80230,0;80335,99
27/08/2026 14:05:00;80335,99;80526,0;80306,11;80514,0
27/08/2026 14:10:00;80514,0;80660,16;80500,72;80623,71
27/08/2026 14:15:00;80623,71;80836,87;80593,58;80801,86
27/08/2026 14:20:00;80801,86;80813,61;80676,0;80789,32
27/08/2026 14:25:00;80789,32;80802,83;80678,01;80713,58
27/08/2026 14:30:00;80713,58;80797,4;80694,85;80696,0
27/08/2026 14:35:00;80696,0;80710,0;80600,0;80679,99
27/08/2026 14:40:00;80679,99;80704,0;80462,0;80484,0
27/08/2026 14:45:00;80484,0;80508,0;80432,01;80508,0
27/08/2026 14:50:00;80526,0;80566,0;80465,02;80481,135835
27/08/2026 14:55:00;80481,135835;80528,0;80441,41;80442,46
27/08/2026 15:00:00;80442,46;80442,46;80325,88;80375,66
27/08/2026 15:05:00;80375,66;80416,0;80346,01;80379,54
27/08/2026 15:10:00;80379,54;80379,54;79985,44;80076,75
27/08/2026 15:15:00;80076,75;80194,0;79860,35;79894,99
27/08/2026 15:20:00;79894,99;79982,78;79749,7;79945,561643
27/08/2026 15:25:00;79945,561643;79982,79;79864,01;79911,97
27/08/2026 15:30:00;79911,97;79948,705;79828,0;79867,49
27/08/2026 15:35:00;79867,49;80000,0;79858,84;80000,0
27/08/2026 15:40:00;80000,0;80014,8;79885,13;80002,0
27/08/2026 15:45:00;80002,0;80032,0;79921,99;79982,0
27/08/2026 15:50:00;79944,01;80026,0;79932,01;79974,450001
27/08/2026 15:55:00;79974,450001;80150,69;79974,450001;80150,69
27/08/2026 16:00:00;80150,69;80214,11;80115,45;80214,11
27/08/2026 16:05:00;80207,26;80294,11;80207,25;80226,01
27/08/2026 16:10:00;80226,01;80244,61;80139,71;80163,99
27/08/2026 16:15:00;80163,99;80231,99;80100,0;80149,03
27/08/2026 16:20:00;80149,03;80198,67;80098,0;80114,87
27/08/2026 16:25:00;80114,87;80177,03;80041,09;80177,03
27/08/2026 16:30:00;80177,04;80226,0;80118,87;80125,02
27/08/2026 16:35:00;80125,02;80125,02;80004,01;80009,78
27/08/2026 16:40:00;80009,78;80013,7;79980,0;80007,6
27/08/2026 16:45:00;80007,6;80045,99;79987,51;79995,0
27/08/2026 16:50:00;79995,0;80051,39;79967,29;80051,39
27/08/2026 16:55:00;80051,39;80051,4;79916,8;79929,3
27/08/2026 17:00:00;79929,3;79935,49;79882,86;79906,26
27/08/2026 17:05:00;79906,26;80051,68;79896,87;80023,99
27/08/2026 17:10:00;80023,99;80023,99;79957,21;79957,21
27/08/2026 17:15:00;79957,21;80011,39;79952,01;80011,39
27/08/2026 17:20:00;80011,39;80120,0;80011,39;80043,99
27/08/2026 17:25:00;80043,99;80043,99;79986,75;79988,03
27/08/2026 17:30:00;79988,03;80005,94;79978,01;79995,43
27/08/2026 17:35:00;79995,43;80008,02;79986,0;79997,4
27/08/2026 17:40:00;79997,4;80051,75;79997,4;80020,01
27/08/2026 17:45:00;80020,01;80049,38;79968,61;79975,95
27/08/2026 17:50:00;79975,95;80018,0;79974,68;79991,34
27/08/2026 17:55:00;79991,34;80096,0;79989,2;80096,0
27/08/2026 18:00:00;80096,0;80113,96;80033,8;80074,96
27/08/2026 18:05:00;80056,31;80133,14;80056,31;80074,0
27/08/2026 18:10:00;80073,99;80152,94;80073,99;80097,55
27/08/2026 18:15:00;80097,55;80132,01;80021,69;80132,01
27/08/2026 18:20:00;80132,01;80133,303571;79992,0;80072,61
27/08/2026 18:25:00;80072,6;80089,6;80034,18;80034,18
27/08/2026 18:30:00;80034,18;80126,0;80034,18;80096,31
27/08/2026 18:35:00;80096,31;80104,45;80051,04;80104,45
27/08/2026 18:40:00;80104,45;80104,45;79975,74;80023,99
27/08/2026 18:45:00;80024,88;80098,0;80024,88;80066,0
27/08/2026 18:50:00;80066,0;80121,08;80066,0;80112,94
27/08/2026 18:55:00;80112,94;80184,0;80112,94;80184,0
27/08/2026 19:00:00;80184,0;80311,69;80184,0;80268,05
27/08/2026 19:05:00;80268,05;80320,28;80235,14;80235,84
27/08/2026 19:10:00;80235,84;80282,0;80213,2;80250,11
27/08/2026 19:15:00;80250,11;80434,48;80250,1;80434,48
27/08/2026 19:20:00;80434,48;80440,07;80328,0;80328,0
27/08/2026 19:25:00;80323,14;80328,85;80204,33;80238,7
27/08/2026 19:30:00;80238,7;80288,0;80192,0;80286,47
27/08/2026 19:35:00;80286,47;80286,47;80150,0;80265,49
27/08/2026 19:40:00;80265,49;80289,61;80188,42;80284,04
27/08/2026 19:45:00;80284,04;80284,04;80218,01;80236,58
27/08/2026 19:50:00;80273,99;80273,99;80202,099517;80202,099517
27/08/2026 19:55:00;80202,099517;80303,22;80199,044209;80303,21
27/08/2026 20:00:00;80275,84;80314,113286;80228,22;80228,23
27/08/2026 20:05:00;80228,23;80269,98;80210,04;80210,05
27/08/2026 20:10:00;80210,05;80251,72;80150,0;80167,03
27/08/2026 20:15:00;80144,44;80321,1;80128,673333;80284,27
27/08/2026 20:20:00;80317,52;80393,6;80265,538431;80366,01
27/08/2026 20:25:00;80366,01;80366,01;80293,1;80321,96
27/08/2026 20:30:00;80323,99;80325,888;80277,22;80277,51
27/08/2026 20:35:00;80279,96;80304,10938;80268,0;80279,211543
27/08/2026 20:40:00;80279,211543;80305,36;80246,64;80246,64
27/08/2026 20:45:00;80246,64;80270,0;80192,09;80245,2
27/08/2026 20:50:00;80245,2;80315,25;80245,2;80287,53
27/08/2026 20:55:00;80287,53;80287,54;80239,389797;80249,58
27/08/2026 21:00:00;80258,4;80258,4;80158,19;80158,19
27/08/2026 21:05:00;80189,2;80201,75;80153,99;80175,19
27/08/2026 21:10:00;80175,19;80256,85;80168,06;80216,59
27/08/2026 21:15:00;80216,59;80413,37;80216,59;80379,86
27/08/2026 21:20:00;80379,87;80447,32;80341,61;80412,125
27/08/2026 21:25:00;80412,125;80460,52;80342,47;80449,73
27/08/2026 21:30:00;80449,73;80496,12;80379,9;80486,76
27/08/2026 21:35:00;80486,76;80547,18;80408,76;80537,18
27/08/2026 21:40:00;80537,18;80537,18;80388,413335;80388,413335
27/08/2026 21:45:00;80388,413335;80440,0;80349,1;80408,34
27/08/2026 21:50:00;80408,34;80482,27;80365,91;80452,73
27/08/2026 21:55:00;80452,73;80705,36;80442,38;80570,78
27/08/2026 22:00:00;80570,78;80815,26;80570,78;80786,01
27/08/2026 22:05:00;80786,01;80801,4;80691,18;80790,62
27/08/2026 22:10:00;80790,62;80876,03;80734,04;80754,45
27/08/2026 22:15:00;80754,45;80971,89;80693,64;80971,89
27/08/2026 22:20:00;80984,47;81115,0;80984,47;81038,88
27/08/2026 22:25:00;81042,01;81173,58;81002,56;81130,97
27/08/2026 22:30:00;81130,97;81325,086169;81066,0;81149,99
27/08/2026 22:35:00;81164,0;81172,35;80810,82;80920,0
27/08/2026 22:40:00;80920,0;80968,36;80844,03;80844,03
27/08/2026 22:45:00;80844,03;80896,612334;80689,25;80699,99
27/08/2026 22:50:00;80699,99;80759,44;80529,76;80616,64
27/08/2026 22:55:00;80616,64;80648,27;80435,42;80501,59
27/08/2026 23:00:00;80501,59;80501,59;80307,48;80420,93
27/08/2026 23:05:00;80419,97;80464,9;80365,42;80423,99
27/08/2026 23:10:00;80423,99;80474,71;80229,93;80235,82
27/08/2026 23:15:00;80289,9;80289,9;80053,02;80113,9
27/08/2026 23:20:00;80116,92;80153,99;79950,01;79994,411667
27/08/2026 23:25:00;79994,411667;80119,99;79920,01;79920,01
27/08/2026 23:30:00;79922,3;80052,18;79823,53;80052,18
27/08/2026 23:35:00;80052,18;80153,47;80047,73;80082,33
27/08/2026 23:40:00;80082,33;80104,2;79973,23;80027,99
27/08/2026 23:45:00;80027,99;80027,99;79803,3;79913,6
27/08/2026 23:50:00;79913,6;79927,72;79751,52;79920,9
27/08/2026 23:55:00;79920,9;79974,0;79867,57;79926,11
28/08/2026 00:00:00;79926,11;79932,01;79828,0;79888,0
28/08/2026 00:05:00;79888,0;79955,99;79802,01;79813,8
28/08/2026 00:10:00;79813,8;79969,99;79775,61;79882,0
28/08/2026 00:15:00;79891,46;79968,961257;79869,315333;79968,01
28/08/2026 00:20:00;80014,0;80049,66;79968,270609;80049,66
28/08/2026 00:25:00;80029,5;80055,5606;79910,0;79910,0
28/08/2026 00:30:00;79910,01;79994,11;79910,01;79924,01
28/08/2026 00:35:00;79925,0;79934,0;79838,2;79866,01
28/08/2026 00:40:00;79866,0;79890,893886;79814,0;79814,0
28/08/2026 00:45:00;79805,83;79851,98;79789,0;79826,07
28/08/2026 00:50:00;79826,07;79863,03;79786,0;79844,68
28/08/2026 00:55:00;79844,68;79844,69;79790,13;79810,48
28/08/2026 01:00:00;79810,48;79844,69;79775,07;79775,07
28/08/2026 01:05:00;79777,2;79777,2;79606,01;79629,93
28/08/2026 01:10:00;79629,93;79844,69;79603,81;79844,69
28/08/2026 01:15:00;79844,69;79970,5;79844,68;79903,24
28/08/2026 01:20:00;79903,24;79918,7;79844,32;79844,919998
28/08/2026 01:25:00;79844,919998;79855,11;79816,33;79836,38
28/08/2026 01:30:00;79836,38;79840,0;79697,27;79725,13
28/08/2026 01:35:00;79725,14;79734,9;79636,53;79636,53
28/08/2026 01:40:00;79636,53;79739,6;79636,53;79705,26
28/08/2026 01:45:00;79705,26;79744,75;79625,25;79629,99
28/08/2026 01:50:00;79629,99;79702,0;79629,99;79658,06
28/08/2026 01:55:00;79658,06;79675,66;79624,88;79643,8
28/08/2026 02:00:00;79643,8;79720,86;79580,76;79710,03
28/08/2026 02:05:00;79710,03;79710,03;79561,99;79570,01
28/08/2026 02:10:00;79570,01;79633,99;79564,54;79633,99
28/08/2026 02:15:00;79633,99;79681,09;79630,01;79630,01
28/08/2026 02:20:00;79630,01;79633,99;79574,919309;79633,99
28/08/2026 02:25:00;79633,99;79731,5;79633,99;79731,49
28/08/2026 02:30:00;79712,62;79814,0;79712,62;79807,99
28/08/2026 02:35:00;79807,99;79861,46;79807,99;79810,11
28/08/2026 02:40:00;79800,0;79814,0;79786,86;79806,23
28/08/2026 02:45:00;79806,23;79872,6;79798,49;79872,6
28/08/2026 02:50:00;79872,6;79872,6;79800,66;79800,67
28/08/2026 02:55:00;79800,67;79800,67;79653,88;79685,99
28/08/2026 03:00:00;79718,6;79842,47;79676,53;79796,15
28/08/2026 03:05:00;79796,15;79903,25;79796,15;79885,13
28/08/2026 03:10:00;79885,13;79903,26;79862,02;79903,26
28/08/2026 03:15:00;79903,26;79903,26;79853,38;79861,86
28/08/2026 03:20:00;79861,86;79871,09;79800,45;79844,78
28/08/2026 03:25:00;79844,79;79844,79;79824,58;79827,15
28/08/2026 03:30:00;79827,15;79870,0;79800,01;79833,74
28/08/2026 03:35:00;79833,74;79874,0;79822,3;79859,37
28/08/2026 03:40:00;79859,37;79862,0;79800,0;79861,99
28/08/2026 03:45:00;79861,99;79960,0;79861,98;79960,0
28/08/2026 03:50:00;79960,0;79999,0;79957,03;79957,03
28/08/2026 03:55:00;79957,03;79960,72;79904,1;79904,21
28/08/2026 04:00:00;79904,21;79904,21;79775,72;79775,72
28/08/2026 04:05:00;79755,01;79793,399166;79669,61;79690,19
28/08/2026 04:10:00;79690,18;79736,96;79687,61;79687,62
28/08/2026 04:15:00;79687,62;79758,0;79687,61;79720,87
28/08/2026 04:20:00;79720,87;79720,87;79678,01;79705,38
28/08/2026 04:25:00;79705,38;79813,74;79705,37;79805,28
28/08/2026 04:30:00;79805,28;79805,28;79717,52;79719,96
28/08/2026 04:35:00;79719,96;79728,63;79669,58;79677,36
28/08/2026 04:40:00;79677,36;79680,0;79573,36;79578,16
28/08/2026 04:45:00;79578,16;79667,94;79575,28;79667,93
28/08/2026 04:50:00;79667,93;79667,93;79618,35;79618,36
28/08/2026 04:55:00;79618,36;79673,02;79593,38;79660,0
28/08/2026 05:00:00;79660,0;79826,88;79660,0;79784,02
28/08/2026 05:05:00;79768,01;79808,04;79712,14;79734,113331
28/08/2026 05:10:00;79734,113331;79826,84;79734,113331;79738,52
28/08/2026 05:15:00;79738,52;79834,0;79738,51;79834,0
28/08/2026 05:20:00;79834,0;79835,81;79789,52;79789,52
28/08/2026 05:25:00;79789,52;79812,0;79788,72;79788,73
28/08/2026 05:30:00;79788,73;79801,39;79776,0;79800,22
28/08/2026 05:35:00;79800,22;79809,56;79750,83;79750,84
28/08/2026 05:40:00;79750,84;79807,003237;79716,49;79716,49
28/08/2026 05:45:00;79716,48;79724,53;79507,55;79508,02
28/08/2026 05:50:00;79508,02;79599,27;79481,29;79595,0
28/08/2026 05:55:00;79595,0;79595,0;79488,44;79516,78
28/08/2026 06:00:00;79516,78;79560,102;79343,3;79546,554
28/08/2026 06:05:00;79546,554;79546,554;79259,44;79427,52
28/08/2026 06:10:00;79416,33;79443,99;79383,98;79383,98
28/08/2026 06:15:00;79384,48;79416,87;79359,331;79359,331
28/08/2026 06:20:00;79359,331;79445,45;79359,331;79445,44
28/08/2026 06:25:00;79445,44;79460,41;79377,33;79377,33
28/08/2026 06:30:00;79377,34;79412,81;79348,09;79390,61
28/08/2026 06:35:00;79390,61;79396,01;79356,75;79396,0
28/08/2026 06:40:00;79396,0;79439,15;79277,81;79277,81
28/08/2026 06:45:00;79277,81;79380,104366;79275,5;79275,51
28/08/2026 06:50:00;79273,79;79348,0;79273,79;79316,01
28/08/2026 06:55:00;79316,01;79316,01;79285,19;79285,19
28/08/2026 07:00:00;79285,19;79308,01;79172,4;79186,35
28/08/2026 07:05:00;79186,35;79216,55;79017,31;79028,59
28/08/2026 07:10:00;79028,59;79233,74;79028,59;79220,49
28/08/2026 07:15:00;79220,49;79227,38;79157,0;79202,39
28/08/2026 07:20:00;79202,39;79202,39;79152,0;79173,98
28/08/2026 07:25:00;79173,98;79308,39;79156,79;79303,64
28/08/2026 07:30:00;79303,64;79363,82;79300,98;79331,51
28/08/2026 07:35:00;79331,51;79346,04;79294,57;79346,04
28/08/2026 07:40:00;79346,04;79356,11;79330,0;79330,01
28/08/2026 07:45:00;79330,01;79403,3;79316,17;79391,37
28/08/2026 07:50:00;79391,37;79460,0;79354,0;79453,42
28/08/2026 07:55:00;79453,42;79571,99;79453,41;79565,9
28/08/2026 08:00:00;79565,9;79711,33;79555,23;79697,3
28/08/2026 08:05:00;79697,3;79697,3;79623,99;79662,0
28/08/2026 08:10:00;79662,0;79694,0;79636,84;79693,99
28/08/2026 08:15:00;79693,99;79739,2;79652,43;79739,2
28/08/2026 08:20:00;79739,2;79766,0;79697,62;79766,0
28/08/2026 08:25:00;79766,0;79766,0;79654,11;79668,84
28/08/2026 08:30:00;79668,84;79745,2;79663,43;79699,62
28/08/2026 08:35:00;79699,62;79699,63;79583,04;79590,09
28/08/2026 08:40:00;79590,09;79631,66;79590,0;79626,03
28/08/2026 08:45:00;79626,03;79644,88;79626,02;79632,36
28/08/2026 08:50:00;79632,36;79632,36;79560,12;79592,24
28/08/2026 08:55:00;79592,24;79608,24;79564,68;79604,12
28/08/2026 09:00:00;79604,12;79627,62;79568,79;79611,75
28/08/2026 09:05:00;79611,74;79672,77;79570,01;79581,11
28/08/2026 09:10:00;79581,11;79581,11;79512,35;79528,81
28/08/2026 09:15:00;79528,81;79727,35;79528,81;79600,0
28/08/2026 09:20:00;79600,0;79673,84;79570,49;79594,7
28/08/2026 09:25:00;79594,7;79609,06;79526,0;79526,01
28/08/2026 09:30:00;79526,01;79526,01;79454,01;79464,96
28/08/2026 09:35:00;79464,96;79472,0;79372,53;79383,16
28/08/2026 09:40:00;79383,16;79416,88;79306,11;79416,88
28/08/2026 09:45:00;79416,88;79440,0;79374,0;79399,59
28/08/2026 09:50:00;79399,59;79399,59;79356,07;79390,31
28/08/2026 09:55:00;79390,31;79422,3;79370,62;79421,05
28/08/2026 10:00:00;79421,05;79467,649254;79390,11;79455,69
28/08/2026 10:05:00;79455,69;79473,08;79288,0;79309,65
28/08/2026 10:10:00;79309,65;79371,29;79309,65;79371,28
28/08/2026 10:15:00;79371,28;79375,24;79295,27;79360,44
28/08/2026 10:20:00;79360,44;79360,44;79273,42;79273,42
28/08/2026 10:25:00;79273,42;79308,01;79124,14;79199,21
28/08/2026 10:30:00;79199,21;79321,9;79184,0;79314,97
28/08/2026 10:35:00;79314,97;79356,08;79157,16;79164,01
28/08/2026 10:40:00;79164,01;79164,01;79034,56;79087,99
28/08/2026 10:45:00;79087,99;79322,0;79072,57;79196,36
28/08/2026 10:50:00;79196,36;79445,99;79174,51;79416,87
28/08/2026 10:55:00;79416,87;79542,43;79343,93;79343,93
28/08/2026 11:00:00;79343,93;79681,25;78777,77;78805,8
28/08/2026 11:05:00;78805,8;78991,28;78629,61;78849,79
28/08/2026 11:10:00;78849,79;78890,0;78583,33;78603,16
28/08/2026 11:15:00;78618,0;78891,99;78512,01;78887,15
28/08/2026 11:20:00;78887,15;79030,89;78702,01;78803,99
28/08/2026 11:25:00;78803,99;78978,76;78613,66;78948,61
28/08/2026 11:30:00;78948,61;79281,99;78848,01;79281,99
28/08/2026 11:35:00;79281,99;79593,424606;79250,0;79478,0
28/08/2026 11:40:00;79452,49;79593,96;79332,46;79427,21
28/08/2026 11:45:00;79416,88;79472,0;79100,0;79173,67
28/08/2026 11:50:00;79173,67;79507,25;79162,07;79497,27
28/08/2026 11:55:00;79497,27;79567,279311;79477,67;79549,0705
28/08/2026 12:00:00;79549,0705;79792,311313;79416,88;79487,05
28/08/2026 12:05:00;79487,05;79505,59;79332,0;79335,99
28/08/2026 12:10:00;79335,99;79455,35;79290,01;79306,14
28/08/2026 12:15:00;79306,14;79490,0;79306,14;79450,64
28/08/2026 12:20:00;79450,64;79504,05;79329,97;79399,99
28/08/2026 12:25:00;79399,99;79472,015066;79239,74;79334,0
28/08/2026 12:30:00;79334,0;79346,0;79144,01;79177,04
28/08/2026 12:35:00;79177,04;79225,51;79138,97;79142,32
28/08/2026 12:40:00;79142,32;79151,34;78776,45;78781,53
28/08/2026 12:45:00;78781,53;78895,82;78684,01;78692,35
28/08/2026 12:50:00;78692,35;78730,0;78530,0;78532,59
28/08/2026 12:55:00;78532,59;78540,75;78312,64;78332,38
28/08/2026 13:00:00;78332,38;78403,94;78004,0;78066,132443
28/08/2026 13:05:00;78054,49;78289,24;78054,49;78121,87
28/08/2026 13:10:00;78121,87;78121,87;77816,58;77816,58
28/08/2026 13:15:00;77816,58;77856,0;77566,01;77651,83
28/08/2026 13:20:00;77651,83;77824,44;77082,13;77108,61
28/08/2026 13:25:00;77108,61;77630,03;76880,039129;77529,96
28/08/2026 13:30:00;77529,96;77874,0;77512,02;77748,706783
28/08/2026 13:35:00;77748,706783;77892,757963;77719,92;77868,0
28/08/2026 13:40:00;77926,27;77926,27;77843,34;77904,339
28/08/2026 13:45:00;77904,339;77993,15;77796,213677;77991,76
28/08/2026 13:50:00;77991,77;77991,77;77824,01;77917,518297
28/08/2026 13:55:00;77917,518297;77917,518297;77780,02;77788,46
28/08/2026 14:00:00;77788,46;77853,846364;77685,29;77725,96
28/08/2026 14:05:00;77730,02;77872,655;77664,3;77810,29
28/08/2026 14:10:00;77777,2;77999,99;77777,2;77999,99
28/08/2026 14:15:00;77964,0;78095,99;77952,122543;78079,29
28/08/2026 14:20:00;78072,35;78072,35;77928,01;77939,06
28/08/2026 14:25:00;77939,06;78006,69;77832,0;77940,0
28/08/2026 14:30:00;77940,0;77997,4;77876,0;77912,01
28/08/2026 14:35:00;77912,01;77912,87;77698,0;77730,87
28/08/2026 14:40:00;77730,87;77794,58;77720,83;77783,58
28/08/2026 14:45:00;77783,58;77980,0;77783,58;77979,99
28/08/2026 14:50:00;77979,99;77984,52;77907,68;77907,7
28/08/2026 14:55:00;77907,7;77918,83;77856,34;77904,0
28/08/2026 15:00:00;77904,0;77935,5;77863,12;77890,55
28/08/2026 15:05:00;77890,55;77915,99;77777,0;77800,0
28/08/2026 15:10:00;77800,0;77833,5;77743,25;77812,01
28/08/2026 15:15:00;77812,01;77812,01;77672,02;77672,99
28/08/2026 15:20:00;77672,99;77680,8;77525,0;77525,01
28/08/2026 15:25:00;77525,01;77666,0;77500,01;77592,0
28/08/2026 15:30:00;77592,0;77621,61;77508,0;77566,01
28/08/2026 15:35:00;77566,01;77592,0;77340,08;77434,43
28/08/2026 15:40:00;77434,43;77494,0;77408,0;77408,13
28/08/2026 15:45:00;77408,13;77439,52;77270,0;77296,92
28/08/2026 15:50:00;77296,92;77492,0;77296,92;77492,0
28/08/2026 15:55:00;77492,0;77553,95;77442,0;77553,95
28/08/2026 16:00:00;77553,95;77658,01;77522,0;77547,67
28/08/2026 16:05:00;77547,67;77704,0;77539,37;77698,89
28/08/2026 16:10:00;77698,89;77742,0;77646,08;77678,18
28/08/2026 16:15:00;77678,18;77679,98;77633,28;77660,32
28/08/2026 16:20:00;77660,32;77791,68;77660,32;77730,04
28/08/2026 16:25:00;77730,04;77765,74;77708,46;77708,46
28/08/2026 16:30:00;77705,07;77705,07;77619,6;77634,01
28/08/2026 16:35:00;77634,01;77690,0;77619,6;77622,09
28/08/2026 16:40:00;77622,09;77655,21;77536,79;77536,79
28/08/2026 16:45:00;77538,05;77540,824623;77389,58;77417,88
28/08/2026 16:50:00;77417,88;77460,0;77388,56;77435,07
28/08/2026 16:55:00;77435,07;77585,8;77435,07;77565,93
28/08/2026 17:00:00;77565,93;77609,83;77482,75;77530,0
28/08/2026 17:05:00;77530,0;77557,79;77480,0;77547,02
28/08/2026 17:10:00;77561,9;77602,94;77512,0;77562,7
28/08/2026 17:15:00;77562,7;77562,7;77475,56;77475,96
28/08/2026 17:20:00;77475,96;77522,62;77421,89;77507,43
28/08/2026 17:25:00;77507,43;77521,27;77482,02;77510,72
28/08/2026 17:30:00;77510,72;77510,72;77310,24;77331,61
28/08/2026 17:35:00;77331,61;77409,82;77324,01;77409,81
28/08/2026 17:40:00;77409,81;77439,53;77400,0;77416,02
28/08/2026 17:45:00;77395,13;77467,51;77394,0;77430,02
28/08/2026 17:50:00;77430,02;77430,02;77346,0;77391,51
28/08/2026 17:55:00;77391,51;77407,34;77382,0;77407,34
28/08/2026 18:00:00;77407,34;77437,74;77356,21;77357,67
28/08/2026 18:05:00;77357,67;77405,87;77344,0;77344,0
28/08/2026 18:10:00;77344,0;77405,15;77332,81;77405,15
28/08/2026 18:15:00;77405,15;77425,77;77390,03;77393,48
28/08/2026 18:20:00;77393,48;77407,93;77325,37;77407,93
28/08/2026 18:25:00;77407,93;77432,0;77389,82;77389,99
28/08/2026 18:30:00;77390,0;77505,67;77390,0;77505,67
28/08/2026 18:35:00;77505,67;77529,18;77500,0;77527,51
28/08/2026 18:40:00;77526,8;77540,965;77453,01;77476,0
28/08/2026 18:45:00;77476,0;77476,0;77391,36;77391,37
28/08/2026 18:50:00;77391,37;77411,99;77349,91;77352,79
28/08/2026 18:55:00;77352,79;77381,47;77247,911048;77358,0
28/08/2026 19:00:00;77351,73;77396,192857;77346,81;77374,0
28/08/2026 19:05:00;77374,0;77442,38;77354,6;77442,38
28/08/2026 19:10:00;77442,38;77456,593977;77423,7;77451,29
28/08/2026 19:15:00;77451,29;77451,29;77403,33;77443,8
28/08/2026 19:20:00;77443,24;77511,0;77443,22;77457,25
28/08/2026 19:25:00;77457,25;77594,47;77457,25;77591,11
28/08/2026 19:30:00;77591,11;77606,83;77565,24;77606,83
28/08/2026 19:35:00;77606,83;77683,87;77605,89;77619,87
28/08/2026 19:40:00;77619,87;77747,0;77549,0;77549,0
28/08/2026 19:45:00;77549,0;77760,01;77523,01;77523,01
28/08/2026 19:50:00;77523,01;77768,2;77523,01;77768,2
28/08/2026 19:55:00;77768,2;77773,236394;77476,0;77476,0
28/08/2026 20:00:00;77476,0;77764,84;77476,0;77686,05
28/08/2026 20:05:00;77686,04;77723,7;77686,04;77723,7
28/08/2026 20:10:00;77723,7;77778,51;77701,1;77778,01
28/08/2026 20:15:00;77778,01;77778,01;77703,02;77765,02
28/08/2026 20:20:00;77765,02;77765,02;77669,5;77671,5
28/08/2026 20:25:00;77671,5;77723,32;77671,5;77680,03
28/08/2026 20:30:00;77680,03;77711,96;77678,106667;77711,95
28/08/2026 20:35:00;77711,95;77717,27;77666,776886;77686,0
28/08/2026 20:40:00;77674,73;77695,62;77670,74;77695,153174
28/08/2026 20:45:00;77695,153174;77698,07;77643,0;77643,01
28/08/2026 20:50:00;77643,01;77755,8;77637,51;77755,79
28/08/2026 20:55:00;77762,31;77838,12;77762,31;77838,12
28/08/2026 21:00:00;77845,88;77857,56;77804,01;77814,0
28/08/2026 21:05:00;77814,0;77881,79;77798,018691;77881,79
28/08/2026 21:10:00;77881,79;77890,34;77818,24;77818,24
28/08/2026 21:15:00;77818,24;77895,9;77818,24;77895,89
28/08/2026 21:20:00;77895,89;77931,73;77877,01;77901,93
28/08/2026 21:25:00;77901,93;77963,92;77893,23;77898,18
28/08/2026 21:30:00;77898,18;77926,65;77782,06;77786,37
28/08/2026 21:35:00;77789,15;77816,728426;77773,15;77792,0
28/08/2026 21:40:00;77794,58;77798,0;77773,72;77773,72
28/08/2026 21:45:00;77773,72;77788,72;77746,89;77746,89
28/08/2026 21:50:00;77746,89;77790,0;77732,01;77789,99
28/08/2026 21:55:00;77781,68;77808,38;77732,715731;77751,519238
28/08/2026 22:00:00;77751,519238;77751,519238;77691,02;77694,84
28/08/2026 22:05:00;77694,84;77705,07;77670,53;77675,09
28/08/2026 22:10:00;77675,09;77678,57;77631,28;77637,65
28/08/2026 22:15:00;77650,09;77683,72;77643,906667;77661,41241
28/08/2026 22:20:00;77661,41241;77762,19;77657,2;77762,18
28/08/2026 22:25:00;77769,95;77789,5;77748,23;77789,5
28/08/2026 22:30:00;77789,5;77824,0;77788,51;77823,99
28/08/2026 22:35:00;77823,99;77824,0;77762,57;77779,37
28/08/2026 22:40:00;77779,37;77829,63;77766,34;77828,38
28/08/2026 22:45:00;77828,38;77839,46;77759,15;77811,86
28/08/2026 22:50:00;77811,86;77849,28;77798,01;77816,22
28/08/2026 22:55:00;77816,22;77817,6;77776,37;77794,11
28/08/2026 23:00:00;77794,11;77802,9;77771,02;77781,31
28/08/2026 23:05:00;77781,31;77808,1;77777,37;77805,63
28/08/2026 23:10:00;77798,2;77810,507143;77780,79;77780,79
28/08/2026 23:15:00;77780,79;77798,01;77681,89;77681,91
28/08/2026 23:20:00;77681,91;77688,59;77576,72;77576,72
28/08/2026 23:25:00;77576,72;77629,44;77576,72;77629,44
28/08/2026 23:30:00;77629,44;77677,78;77596,01;77596,02
28/08/2026 23:35:00;77596,02;77675,35;0,0;77661,32
28/08/2026 23:40:00;77663,06;77665,19;77604,85;77609,92
28/08/2026 23:45:00;77609,92;77655,21;77609,92;77655,21
28/08/2026 23:50:00;77655,21;77688,126667;77634,41;77688,126667
28/08/2026 23:55:00;77688,126667;77725,18;77664,8;77725,18
29/08/2026 00:00:00;77725,18;77725,18;77671,18;77696,01
29/08/2026 00:05:00;77705,16;77725,0;77679,98;77698,33
29/08/2026 00:10:00;77698,33;77721,35;77680,97;77720,97
29/08/2026 00:15:00;77720,97;77720,97;77634,81;77654,16
29/08/2026 00:20:00;77654,16;77715,56;77651,11;77669,27
29/08/2026 00:25:00;77669,27;77686,11;77657,49;77684,45
29/08/2026 00:30:00;77684,45;77721,8;77641,79;77721,8
29/08/2026 00:35:00;77721,8;77721,8;77571,13;77571,13
29/08/2026 00:40:00;77571,13;77671,2;77571,13;77622,72
29/08/2026 00:45:00;77611,42;77613,41;77580,0;77584,31
29/08/2026 00:50:00;77584,31;77584,31;77537,9;77537,9
29/08/2026 00:55:00;77537,9;77539,04;77517,74;77517,74
29/08/2026 01:00:00;77517,74;77576,89;77509,18;77576,89
29/08/2026 01:05:00;77576,88;77632,02;77557,0;77632,02
29/08/2026 01:10:00;77632,02;77634,41;77574,41;77583,75
29/08/2026 01:15:00;77583,76;77597,66;77576,08788;77597,65
29/08/2026 01:20:00;77597,65;77620,13;77597,65;77620,13
29/08/2026 01:25:00;77620,13;77633,293332;77606,89;77633,293332
29/08/2026 01:30:00;77633,293332;77633,293332;77590,27;77605,27
29/08/2026 01:35:00;77605,27;77626,0;77582,83;77625,99
29/08/2026 01:40:00;77625,99;77645,57;77620,48;77620,48
29/08/2026 01:45:00;77620,48;77648,0;77613,9;77640,45
29/08/2026 01:50:00;77640,45;77670,76;77627,22;77653,32
29/08/2026 01:55:00;77653,32;77678,67;77618,99;77653,9
29/08/2026 02:00:00;77653,9;77675,27;77624,81;77659,73
29/08/2026 02:05:00;77659,73;77695,07;77659,73;77695,07
29/08/2026 02:10:00;77695,07;77716,12;77670,98;77711,74
29/08/2026 02:15:00;77711,74;77711,74;77687,33;77693,06
29/08/2026 02:20:00;77693,06;77694,5;77644,19;77670,28
29/08/2026 02:25:00;77670,28;77676,28;77660,0;77660,0
29/08/2026 02:30:00;77660,0;77660,61;77652,6;77652,61
29/08/2026 02:35:00;77634,71;77702,0;77634,71;77701,99
29/08/2026 02:40:00;77701,99;77714,0;77672,85;77688,34
29/08/2026 02:45:00;77688,35;77702,94;77682,94;77682,94
29/08/2026 02:50:00;77682,94;77682,94;77619,07;77619,08
29/08/2026 02:55:00;77619,08;77632,53;77604,06;77612,53
29/08/2026 03:00:00;77612,53;77632,53;77560,6;77583,34
29/08/2026 03:05:00;77583,34;77594,06;77564,05;77594,06
29/08/2026 03:10:00;77594,06;77598,73;77478,62;77478,62
29/08/2026 03:15:00;77478,62;77516,78;77462,06;77462,07
29/08/2026 03:20:00;77462,07;77462,07;77388,27;77389,98
29/08/2026 03:25:00;77389,98;77444,86;77382,38;77444,86
29/08/2026 03:30:00;77444,86;77462,0;77417,87;77459,98
29/08/2026 03:35:00;77459,98;77462,0;77422,85;77422,86
29/08/2026 03:40:00;77422,86;77491,16;77418,19;77446,13
29/08/2026 03:45:00;77446,13;77475,84;77446,12;77458,57
29/08/2026 03:50:00;77458,57;77475,31;77428,6;77428,61
29/08/2026 03:55:00;77428,61;77468,65;77428,61;77466,82
29/08/2026 04:00:00;77466,82;77524,48;77466,82;77515,55
29/08/2026 04:05:00;77515,55;77536,68;77438,01;77438,01
29/08/2026 04:10:00;77444,16;77475,85;77444,16;77466,65
29/08/2026 04:15:00;77450,34;77509,34;77450,34;77507,54
29/08/2026 04:20:00;77507,54;77518,42;77500,01;77503,27
29/08/2026 04:25:00;77503,27;77530,6;77494,73;77494,73
29/08/2026 04:30:00;77494,73;77535,47;77494,73;77531,68
29/08/2026 04:35:00;77531,68;77613,72;77531,67;77592,73
29/08/2026 04:40:00;77592,73;77655,15;77592,73;77595,15
29/08/2026 04:45:00;77595,15;77655,05;77595,15;77633,07
29/08/2026 04:50:00;77633,07;77634,98;77625,63;77634,98
29/08/2026 04:55:00;77647,99;77656,0;77626,0;77626,0
29/08/2026 05:00:00;77626,0;77626,01;77487,74;77489,74
29/08/2026 05:05:00;77489,74;77520,01;77487,73;77505,82
29/08/2026 05:10:00;77505,82;77546,56;77504,1;77518,12
29/08/2026 05:15:00;77518,12;77526,0;77512,59;77515,99
29/08/2026 05:20:00;77515,99;77566,44;77515,99;77561,44
29/08/2026 05:25:00;77561,45;77593,06;77561,44;77589,75
29/08/2026 05:30:00;77589,76;77592,74;77508,99;77508,99
29/08/2026 05:35:00;77508,99;77544,82;77508,99;77544,8
29/08/2026 05:40:00;77555,0;77580,0;77548,05;77580,0
29/08/2026 05:45:00;77580,0;77617,65;77538,0;77576,47
29/08/2026 05:50:00;77576,47;77615,4;77568,72;77568,73
29/08/2026 05:55:00;77568,73;77616,0;77568,73;77615,16
29/08/2026 06:00:00;77615,16;77653,99;77609,91;77638,88
29/08/2026 06:05:00;77657,98;77674,0;77566,01;77601,98
29/08/2026 06:10:00;77601,98;77644,0;77601,98;77644,0
29/08/2026 06:15:00;77644,0;77664,28;77643,99;77654,17
29/08/2026 06:20:00;77654,17;77654,18;77612,07;77641,99
29/08/2026 06:25:00;77641,99;77642,0;77622,49;77622,49
29/08/2026 06:30:00;77622,49;77664,28;77622,49;77664,27
29/08/2026 06:35:00;77664,27;77726,0;77664,27;77725,99
29/08/2026 06:40:00;77725,99;77760,01;77661,84;77661,84
29/08/2026 06:45:00;77661,84;77673,34;77654,84;77665,08
29/08/2026 06:50:00;77665,08;77674,0;77648,25;77648,25
29/08/2026 06:55:00;77648,25;77670,26;77648,25;77650,03
29/08/2026 07:00:00;77650,03;77650,03;77600,0;77600,01
29/08/2026 07:05:00;77600,01;77600,01;77526,0;77551,36
29/08/2026 07:10:00;77551,36;77581,67;77539,66;77539,66
29/08/2026 07:15:00;77539,66;77720,0;77539,66;77704,66
29/08/2026 07:20:00;77714,7;77720,0;77657,19;77681,8
29/08/2026 07:25:00;77681,8;77685,6;77671,5;77671,5
29/08/2026 07:30:00;77671,5;77684,1;77671,47;77679,26
29/08/2026 07:35:00;77671,69;77720,0;77671,69;77701,2
29/08/2026 07:40:00;77701,2;77703,2;77688,47;77688,47
29/08/2026 07:45:00;77688,47;77725,03;77676,99;77676,99
29/08/2026 07:50:00;77676,99;77730,12;77673,36;77730,12
29/08/2026 07:55:00;77729,33;77731,01;77682,01;77731,01
29/08/2026 08:00:00;77731,01;77731,01;77625,04;77639,12
29/08/2026 08:05:00;77639,13;77655,2;77630,03;77639,27
29/08/2026 08:10:00;77639,27;77712,94;77639,27;77712,93
29/08/2026 08:15:00;77712,93;77724,99;77706,0;77706,0
29/08/2026 08:20:00;77706,0;77706,01;77681,97;77681,97
29/08/2026 08:25:00;77681,97;77700,0;77681,97;77700,0
29/08/2026 08:30:00;77700,0;77700,01;77677,52;77679,99
29/08/2026 08:35:00;77679,99;77689,16;77661,02;77689,15
29/08/2026 08:40:00;77689,15;77702,0;77643,0;77643,01
29/08/2026 08:45:00;77643,01;77668,0;77643,0;77660,41
29/08/2026 08:50:00;77647,14;77660,0;77634,0;77634,0
29/08/2026 08:55:00;77634,0;77635,753337;77573,31;77584,66
29/08/2026 09:00:00;77584,67;77592,23;77580,23;77580,23
29/08/2026 09:05:00;77580,23;77606,42;77580,23;77581,72
29/08/2026 09:10:00;77581,72;77596,59;77567,49;77596,58
29/08/2026 09:15:00;77596,58;77645,82;77596,58;77645,81
29/08/2026 09:20:00;77645,81;77656,0;77550,01;77557,45
29/08/2026 09:25:00;77557,45;77584,0;77538,0;77583,99
29/08/2026 09:30:00;77583,99;77600,0;77535,0;77535,0
29/08/2026 09:35:00;77534,99;77570,41;77534,41;77534,41
29/08/2026 09:40:00;77534,41;77575,05;77534,41;77575,05
29/08/2026 09:45:00;77575,05;77580,71;77573,83;77580,7
29/08/2026 09:50:00;77580,7;77580,7;77554,0;77554,0
29/08/2026 09:55:00;77575,67;77583,75;77551,67;77583,74
29/08/2026 10:00:00;77583,75;77595,13;77567,89;77567,89
29/08/2026 10:05:00;77567,89;77602,0;77567,89;77597,78
29/08/2026 10:10:00;77597,78;77658,61;77597,77;77658,61
29/08/2026 10:15:00;77658,61;77696,55;77642,34;77688,162
29/08/2026 10:20:00;77688,162;77701,177667;77656,0;77688,93
29/08/2026 10:25:00;77688,93;77688,93;77659,14;77659,15
29/08/2026 10:30:00;77659,15;77680,99;77659,14;77680,14
29/08/2026 10:35:00;77680,14;77714,0;77668,88;77709,52
29/08/2026 10:40:00;77709,52;77709,52;77661,97;77662,01
29/08/2026 10:45:00;77662,01;77714,0;77658,0;77711,97
29/08/2026 10:50:00;77711,97;77711,98;77694,59;77697,13
29/08/2026 10:55:00;77697,12;77715,97;77693,03;77704,32
29/08/2026 11:00:00;77704,32;77704,32;77699,98;77700,01
29/08/2026 11:05:00;77700,0;77722,0;77692,0;77692,01
29/08/2026 11:10:00;77692,01;77700,0;77663,83;77686,71
29/08/2026 11:15:00;77693,56;77710,0;77676,8;77676,8
29/08/2026 11:20:00;77676,8;77731,58;77671,87;77727,46
29/08/2026 11:25:00;77727,46;77748,0;77690,9;77735,339711
29/08/2026 11:30:00;77735,339711;77735,339711;77696,47;77696,48
29/08/2026 11:35:00;77696,48;77747,99;77688,09;77747,99
29/08/2026 11:40:00;77747,99;78032,34;77747,99;77943,34
29/08/2026 11:45:00;77943,34;78122,73;77926,01;78016,762393
29/08/2026 11:50:00;78016,762393;78044,327346;77984,0;78000,99
29/08/2026 11:55:00;78000,99;78038,0;77987,45;78014,36
29/08/2026 12:00:00;78000,01;78019,179334;77857,93;77884,47
29/08/2026 12:05:00;77884,47;77940,67;77865,0;77924,22
29/08/2026 12:10:00;77924,23;77961,28;77924,22;77931,96
29/08/2026 12:15:00;77931,96;77961,28;77864,0;77906,0
29/08/2026 12:20:00;77906,0;77989,79;77906,0;77961,29
29/08/2026 12:25:00;77961,28;77961,29;77904,01;77904,01
29/08/2026 12:30:00;77904,01;77904,01;77822,92;77861,13
29/08/2026 12:35:00;77861,13;77877,87;77855,51;77875,35
29/08/2026 12:40:00;77875,35;77890,0;77858,0;77876,0
29/08/2026 12:45:00;77876,0;77924,47;77856,542974;77903,99
29/08/2026 12:50:00;77903,99;77931,84;77870,48;77891,57498
29/08/2026 12:55:00;77891,57498;77891,57498;77806,9;77865,35
29/08/2026 13:00:00;77865,35;77910,16;77858,29;77910,15
29/08/2026 13:05:00;77910,15;77960,0;77902,87;77959,99
29/08/2026 13:10:00;77973,99;77986,0;77949,99;77985,99
29/08/2026 13:15:00;77985,99;78110,53;77985,99;78050,12
29/08/2026 13:20:00;78050,12;78051,434286;77936,0;77962,56
29/08/2026 13:25:00;77924,88;77972,88;77914,0;77945,65
29/08/2026 13:30:00;77941,99;78019,58;77894,01;77984,51
29/08/2026 13:35:00;77984,51;77995,16;77932,1;77959,61
29/08/2026 13:40:00;77959,61;78020,674349;77959,61;78009,39
29/08/2026 13:45:00;78009,4;78046,0;78009,4;78027,71
29/08/2026 13:50:00;78027,71;78099,99;78027,71;78034,08
29/08/2026 13:55:00;78034,08;78039,18;78000,0;78039,18
29/08/2026 14:00:00;78039,18;78086,81;78033,59;78064,4
29/08/2026 14:05:00;78064,4;78064,4;78019,65;78026,95
29/08/2026 14:10:00;78026,95;78054,831667;78026,94;78048,43
29/08/2026 14:15:00;78048,43;78100,0;78048,43;78066,33
29/08/2026 14:20:00;78066,33;78067,69;77989,52;78020,96
29/08/2026 14:25:00;78020,96;78022,5;77989,67;77990,78
29/08/2026 14:30:00;77990,78;78009,63;77945,0;77945,01
29/08/2026 14:35:00;77945,01;77971,35;77932,01;77936,572
29/08/2026 14:40:00;77936,572;78029,65;77936,572;78020,0
29/08/2026 14:45:00;78020,0;78048,0;78020,0;78048,0
29/08/2026 14:50:00;78048,0;78054,0;78020,0;78020,01
29/08/2026 14:55:00;77993,8;78058,0575;77983,38;78058,0575
29/08/2026 15:00:00;78058,0575;78141,59;78058,0575;78069,32
29/08/2026 15:05:00;78069,32;78098,249167;78069,31;78098,249167
29/08/2026 15:10:00;78098,249167;78100,89;78072,89;78100,89
29/08/2026 15:15:00;78100,89;78102,799974;78028,09;78058,29
29/08/2026 15:20:00;78058,29;78099,4;78058,08;78096,76
29/08/2026 15:25:00;78096,76;78096,76;78053,27;78053,27
29/08/2026 15:30:00;78053,27;78088,0;78018,02;78081,84
29/08/2026 15:35:00;78081,84;78212,0;78081,84;78171,94
29/08/2026 15:40:00;78171,94;78215,053336;78116,02;78146,0
29/08/2026 15:45:00;78146,0;78222,59;78146,0;78217,99
29/08/2026 15:50:00;78217,99;78238,38;78208,7;78208,7
29/08/2026 15:55:00;78216,1;78216,1;78158,0;78158,0
29/08/2026 16:00:00;78158,0;78219,19;78158,0;78213,19
29/08/2026 16:05:00;78213,19;78260,0;78202,821429;78245,86
29/08/2026 16:10:00;78245,86;78295,0;78245,85;78295,0
29/08/2026 16:15:00;78295,0;78316,0;78282,4;78291,78
29/08/2026 16:20:00;78291,78;78291,79;78246,68;78266,0
29/08/2026 16:25:00;78267,5;78267,5;78240,87;78240,9
29/08/2026 16:30:00;78240,9;78260,44;78210,27;78224,13
29/08/2026 16:35:00;78224,13;78252,35;78193,59;78202,01
29/08/2026 16:40:00;78202,01;78252,3;78193,59;78252,3
29/08/2026 16:45:00;78252,3;78260,0;78232,28;78250,53
29/08/2026 16:50:00;78250,53;78250,54;78209,26;78220,01
29/08/2026 16:55:00;78220,01;78220,01;78138,87;78182,0
29/08/2026 17:00:00;78183,98;78267,0;78170,72;78246,0
29/08/2026 17:05:00;78246,0;78266,0;78240,58;78241,04
29/08/2026 17:10:00;78241,04;78244,692451;78220,0;78226,6
29/08/2026 17:15:00;78227,99;78251,52;78223,49;78251,52
29/08/2026 17:20:00;78251,52;78263,51;78210,0;78210,0
29/08/2026 17:25:00;78210,0;78210,01;78182,0;78182,0
29/08/2026 17:30:00;78182,0;78182,0;78117,95;78122,83
29/08/2026 17:35:00;78122,83;78156,71;78122,83;78142,93
29/08/2026 17:40:00;78142,94;78145,38;78127,98;78137,64
29/08/2026 17:45:00;78137,63;78145,05;78117,96;78145,04
29/08/2026 17:50:00;78145,04;78153,22;78139,81;78142,35
29/08/2026 17:55:00;78142,36;78154,32;78129,92;78129,93
29/08/2026 18:00:00;78129,92;78147,01;78062,0;78147,01
29/08/2026 18:05:00;78147,01;78166,35;78066,94;78129,99
29/08/2026 18:10:00;78129,99;78188,65;78129,99;78154,91
29/08/2026 18:15:00;78153,93;78175,01;78144,0;78175,01
29/08/2026 18:20:00;78175,01;78175,01;78154,77;78154,78
29/08/2026 18:25:00;78154,78;78154,78;78098,59;78107,61
29/08/2026 18:30:00;78107,61;78119,53;78104,33;78104,34
29/08/2026 18:35:00;78104,34;78107,59;78072,0;78089,77
29/08/2026 18:40:00;78089,77;78098,97;78070,0;78098,97
29/08/2026 18:45:00;78098,97;78154,8;78098,55;78154,8
29/08/2026 18:50:00;78154,8;78184,63;78154,8;78184,63
29/08/2026 18:55:00;78184,63;78198,0;78149,34;78161,63
29/08/2026 19:00:00;78161,63;78187,77;78143,63;78187,77
29/08/2026 19:05:00;78187,77;78220,0;78168,0;78205,24
29/08/2026 19:10:00;78214,08;78214,09;78110,0;78114,64
29/08/2026 19:15:00;78114,64;78158,0;78096,64;78103,585097
29/08/2026 19:20:00;78103,585097;78103,585097;78086,0;78100,6
29/08/2026 19:25:00;78100,61;78130,1;78070,04;78097,464166
29/08/2026 19:30:00;78097,464166;78157,85;78097,464166;78149,99
29/08/2026 19:35:00;78149,99;78180,8;78139,99;78180,8
29/08/2026 19:40:00;78180,8;78182,36;78170,0;78179,99
29/08/2026 19:45:00;78180,0;78196,22;78176,22;78193,01
29/08/2026 19:50:00;78193,01;78207,98;78192,983333;78207,98
29/08/2026 19:55:00;78201,73;78239,4;78201,73;78228,34
29/08/2026 20:00:00;78228,34;78246,8;78228,33;78228,76
29/08/2026 20:05:00;78228,76;78250,0;78200,58;78218,19
29/08/2026 20:10:00;78221,72;78263,096849;78216,06;78241,67
29/08/2026 20:15:00;78241,68;78262,65;78224,0;78247,68
29/08/2026 20:20:00;78247,68;78247,68;78200,0;78200,0
29/08/2026 20:25:00;78200,01;78265,27;78190,0;78261,43
29/08/2026 20:30:00;78261,43;78283,7;78234,0;78234,01
29/08/2026 20:35:00;78234,0;78267,92;78230,841667;78267,92
29/08/2026 20:40:00;78267,92;78270,24;78218,48;78218,49
29/08/2026 20:45:00;78229,59;78282,53;78229,59;78282,53
29/08/2026 20:50:00;78282,52;78282,52;78225,53;78248,58
29/08/2026 20:55:00;78248,58;78248,58;78224,61;78229,99
29/08/2026 21:00:00;78229,99;78238,22;78205,15;78205,15
29/08/2026 21:05:00;78205,15;78205,15;78196,0;78196,0
29/08/2026 21:10:00;78166,94;78177,5;78153,02;78177,5
29/08/2026 21:15:00;78195,23;78300,016243;78185,41;78284,84
29/08/2026 21:20:00;78284,84;78284,84;78209,4;78213,07
29/08/2026 21:25:00;78210,81;78226,61;78210,74;78216,52
29/08/2026 21:30:00;78216,52;78216,52;78193,234997;78214,09
29/08/2026 21:35:00;78214,09;78300,623333;78214,09;78238,01
29/08/2026 21:40:00;78238,0;78253,43;78194,24;78211,725358
29/08/2026 21:45:00;78211,725358;78239,99;78194,25;78239,98
29/08/2026 21:50:00;78246,01;78246,01;78221,45;78221,45
29/08/2026 21:55:00;78221,45;78221,45;78179,86;78179,86
29/08/2026 22:00:00;78178,0;78198,08;78166,0;78190,0
29/08/2026 22:05:00;78190,0;78190,0;78108,75;78113,77
29/08/2026 22:10:00;78113,77;78131,88;78070,0;78072,01
29/08/2026 22:15:00;78072,01;78072,01;78006,01;78043,81
29/08/2026 22:20:00;78043,81;78070,37;78043,81;78048,28
29/08/2026 22:25:00;78048,28;78048,28;78000,0;78016,16
29/08/2026 22:30:00;78016,16;78030,0;77994,02;78009,18
29/08/2026 22:35:00;78009,18;78069,97;78006,32;78055,35
29/08/2026 22:40:00;78055,35;78066,59;78048,27;78061,66
29/08/2026 22:45:00;78061,66;78135,903083;78061,66;78112,56
29/08/2026 22:50:00;78117,11;78126,66;78072,45;78078,97
29/08/2026 22:55:00;78078,96;78081,5;78051,99;78081,5
29/08/2026 23:00:00;78085,41;78127,99;78066,64;78127,03
29/08/2026 23:05:00;78129,92;78129,97;78066,44967;78083,06
29/08/2026 23:10:00;78083,07;78089,29;78074,82;78086,33
29/08/2026 23:15:00;78086,33;78087,92;78056,0;78070,5
29/08/2026 23:20:00;78070,5;78071,46;78048,37;78048,37
29/08/2026 23:25:00;78048,37;78055,67;78018,06;78029,548334
29/08/2026 23:30:00;78029,548334;78051,14;78014,74;78036,87
29/08/2026 23:35:00;78036,87;78066,69;78036,87;78066,69
29/08/2026 23:40:00;78067,41;78107,69;78065,29;78102,45
29/08/2026 23:45:00;78102,45;78102,45;78090,57;78101,68
29/08/2026 23:50:00;78109,52;78178,02;78109,52;78145,47
29/08/2026 23:55:00;78145,47;78156,06;78106,0;78156,06
30/08/2026 00:00:00;78156,06;78156,06;78084,36;78084,37
30/08/2026 00:05:00;78084,37;78084,94;78066,46;78079,88
30/08/2026 00:10:00;78079,88;78084,94;78077,87;78084,93
30/08/2026 00:15:00;78084,93;78084,93;78075,0;78083,91
30/08/2026 00:20:00;78083,91;78099,57;78075,0;78099,56
30/08/2026 00:25:00;78099,56;78165,38;78099,56;78165,38
30/08/2026 00:30:00;78146,23;78233,7;78146,23;78233,7
30/08/2026 00:35:00;78233,69;78233,7;78178,0;78206,22
30/08/2026 00:40:00;78206,22;78212,0;78174,55;78210,46
30/08/2026 00:45:00;78210,46;78210,46;78158,0;78167,3
30/08/2026 00:50:00;78167,3;78168,91;78149,99;78150,0
30/08/2026 00:55:00;78150,0;78160,52;78148,16;78148,16
30/08/2026 01:00:00;78148,16;78220,0;78144,68;78220,0
30/08/2026 01:05:00;78219,99;78220,0;78150,01;78162,71
30/08/2026 01:10:00;78162,72;78162,72;78154,85;78157,21
30/08/2026 01:15:00;78157,22;78173,04;78140,0;78146,35
30/08/2026 01:20:00;78146,35;78148,86;78117,21;78117,21
30/08/2026 01:25:00;78117,21;78134,0;78117,21;78122,04
30/08/2026 01:30:00;78122,04;78122,04;78092,99;78093,0
30/08/2026 01:35:00;78093,0;78093,0;78022,39;78031,63
30/08/2026 01:40:00;78031,63;78050,94;78021,62;78021,62
30/08/2026 01:45:00;78021,62;78025,85;77990,01;78010,0
30/08/2026 01:50:00;78010,0;78073,86;78009,98;78073,86
30/08/2026 01:55:00;78073,85;78090,0;78069,95;78069,96
30/08/2026 02:00:00;78069,96;78200,0;78068,909119;78200,0
30/08/2026 02:05:00;78200,0;78214,0;78152,82;78169,48
30/08/2026 02:10:00;78169,48;78169,48;78146,0;78146,01
30/08/2026 02:15:00;78146,01;78157,17668;78136,88;78157,17668
30/08/2026 02:20:00;78157,17668;78158,92;78134,88;78140,0
30/08/2026 02:25:00;78140,0;78140,0;78139,99;78140,0
30/08/2026 02:30:00;78140,0;78140,0;78136,88;78136,89
30/08/2026 02:35:00;78136,89;78136,89;78122,0;78122,01
30/08/2026 02:40:00;78122,01;78134,31;78122,0;78126,23
30/08/2026 02:45:00;78126,23;78126,23;78126,22;78126,23
30/08/2026 02:50:00;78126,23;78135,28;78121,81;78127,72
30/08/2026 02:55:00;78127,72;78127,72;78107,64;78107,64
30/08/2026 03:00:00;78107,64;78146,0;78107,64;78144,74
30/08/2026 03:05:00;78144,74;78144,74;78119,22;78119,23
30/08/2026 03:10:00;78119,23;78123,33;78110,32;78123,33
30/08/2026 03:15:00;78123,33;78141,77;78123,32;78141,76
30/08/2026 03:20:00;78141,76;78194,0;78141,76;78193,99
30/08/2026 03:25:00;78193,99;78194,0;78177,41;78177,42
30/08/2026 03:30:00;78177,42;78199,28;78177,41;78199,28
30/08/2026 03:35:00;78199,28;78263,76;78199,27;78244,34
30/08/2026 03:40:00;78244,34;78298,59;78219,44;78245,9
30/08/2026 03:45:00;78245,9;78306,84;78233,67;78297,1
30/08/2026 03:50:00;78297,1;78297,1;78254,0;78276,0
30/08/2026 03:55:00;78272,77;78280,34;78272,75;78280,34
30/08/2026 04:00:00;78280,34;78291,27;78264,46;78264,47
30/08/2026 04:05:00;78264,47;78264,47;78256,0;78256,01
30/08/2026 04:10:00;78256,01;78256,01;78256,0;78256,0
30/08/2026 04:15:00;78256,01;78263,375384;78244,0;78244,01
30/08/2026 04:20:00;78244,01;78244,01;78232,73;78232,73
30/08/2026 04:25:00;78232,73;78232,74;78230,0;78230,01
30/08/2026 04:30:00;78230,01;78230,01;78197,991;78199,6685
30/08/2026 04:35:00;78199,6685;78199,6685;78168,66;78186,9
30/08/2026 04:40:00;78186,91;78186,99;78145,96;78145,96
30/08/2026 04:45:00;78145,96;78147,001534;78128,77;78128,77
30/08/2026 04:50:00;78128,77;78158,85;78118,77;78157,95
30/08/2026 04:55:00;78157,95;78157,95;78118,0;78118,01
30/08/2026 05:00:00;78118,0;78138,028731;78118,0;78138,028731
30/08/2026 05:05:00;78138,028731;78191,52;78135,701763;78191,52
30/08/2026 05:10:00;78191,52;78199,7;78148,06;78148,07
30/08/2026 05:15:00;78148,07;78196,49;78148,06;78196,49
30/08/2026 05:20:00;78196,49;78207,22;78154,0;78154,01
30/08/2026 05:25:00;78154,01;78184,13;78154,01;78184,13
30/08/2026 05:30:00;78184,13;78184,13;78138,0;78138,0
30/08/2026 05:35:00;78121,97;78136,66;78042,19;78042,19
30/08/2026 05:40:00;78042,19;78060,0;78024,807916;78024,807916
30/08/2026 05:45:00;78024,807916;78094,06;78024,807916;78073,26
30/08/2026 05:50:00;78073,26;78073,26;78042,65;78064,31
30/08/2026 05:55:00;78064,31;78086,0;78061,83;78074,02
30/08/2026 06:00:00;78074,02;78084,31;78074,01;78084,31
30/08/2026 06:05:00;78084,31;78084,31;78084,269286;78084,3
30/08/2026 06:10:00;78084,3;78100,0;78078,04;78099,99
30/08/2026 06:15:00;78100,0;78100,0;78074,01;78074,02
30/08/2026 06:20:00;78074,02;78118,87;78064,13666;78066,167769
30/08/2026 06:25:00;78066,167769;78136,11;78036,01;78136,11
30/08/2026 06:30:00;78136,11;78138,390595;77989,03;78004,13
30/08/2026 06:35:00;78004,13;78015,88;78002,435;78002,435
30/08/2026 06:40:00;78002,435;78052,76;77993,96;77993,96
30/08/2026 06:45:00;77993,96;78051,55;77992,860933;77992,860933
30/08/2026 06:50:00;77992,860933;78014,05;77986,363334;77986,363334
30/08/2026 06:55:00;77986,363334;78020,0;77986,363334;78000,0
30/08/2026 07:00:00;78000,0;78002,41;77962,49;77968,97
30/08/2026 07:05:00;77968,97;78043,28;77968,81;78043,28
30/08/2026 07:10:00;78043,28;78072,0;78022,27;78049,52
30/08/2026 07:15:00;78049,52;78049,52;77999,27;77999,28
30/08/2026 07:20:00;78016,0;78062,99;78016,0;78062,99
30/08/2026 07:25:00;78062,99;78122,44;78050,0;78050,0
30/08/2026 07:30:00;78050,0;78092,97;78050,0;78062,01
30/08/2026 07:35:00;78062,0;78080,0;78062,0;78079,99
30/08/2026 07:40:00;78079,99;78117,65;78079,99;78112,5
30/08/2026 07:45:00;78112,5;78145,3;78112,5;78145,28
30/08/2026 07:50:00;78145,28;78145,29;78145,28;78145,28
30/08/2026 07:55:00;78145,28;78145,29;78145,28;78145,29
30/08/2026 08:00:00;78145,29;78153,99;78145,28;78153,99
30/08/2026 08:05:00;78153,99;78198,26;78153,98;78198,26
30/08/2026 08:10:00;78198,26;78198,26;78144,18;78167,76
30/08/2026 08:15:00;78167,76;78174,75;78153,18;78174,75
30/08/2026 08:20:00;78174,75;78187,22;78174,74;78187,21
30/08/2026 08:25:00;78187,21;78220,0;78172,922896;78220,0
30/08/2026 08:30:00;78220,0;78242,0;78182,58;78214,7
30/08/2026 08:35:00;78214,7;78214,7;78153,18;78169,49
30/08/2026 08:40:00;78169,49;78216,0;78169,49;78190,9
30/08/2026 08:45:00;78190,9;78190,9;78156,0;78156,0
30/08/2026 08:50:00;78156,0;78156,01;78117,11;78146,83
30/08/2026 08:55:00;78146,83;78166,0;78145,95;78165,99
30/08/2026 09:00:00;78165,99;78314,939655;78165,99;78314,939655
30/08/2026 09:05:00;78314,939655;78521,48;78313,281991;78521,48
30/08/2026 09:10:00;78521,48;78725,97;78521,48;78668,01
30/08/2026 09:15:00;78668,01;78668,01;78522,0;78522,01
30/08/2026 09:20:00;78522,01;78580,597709;78501,98;78531,41
30/08/2026 09:25:00;78531,41;78628,0;78507,6;78628,0
30/08/2026 09:30:00;78628,0;78841,0;78571,0;78575,01
30/08/2026 09:35:00;78564,93;78624,6;78550,01;78624,6
30/08/2026 09:40:00;78624,6;78710,7;78574,44;78658,01
30/08/2026 09:45:00;78658,01;78676,96;78607,84;78618,91
30/08/2026 09:50:00;78618,91;78661,5;78590,04;78636,1
30/08/2026 09:55:00;78636,1;78785,07;78628,53;78785,07
30/08/2026 10:00:00;78785,07;78826,0;78694,5;78738,03
30/08/2026 10:05:00;78738,03;78743,55;78674,0;78682,05
30/08/2026 10:10:00;78682,05;78686,01;78625,54;78633,86
30/08/2026 10:15:00;78633,86;78678,46;78590,14;78678,46
30/08/2026 10:20:00;78678,46;78717,68;78670,7;78717,68
30/08/2026 10:25:00;78717,68;78722,0;78699,29;78722,0
30/08/2026 10:30:00;78722,0;78757,39;78698,0;78698,02
30/08/2026 10:35:00;78698,01;78724,86;78680,0;78710,5
30/08/2026 10:40:00;78710,5;78821,59;78686,43;78790,93
30/08/2026 10:45:00;78790,93;78937,64;78790,92;78921,27
30/08/2026 10:50:00;78921,27;78969,23;78890,0;78902,59
30/08/2026 10:55:00;78902,59;78902,6;78860,0;78860,01
30/08/2026 11:00:00;78860,01;78936,13;78822,0;78936,13
30/08/2026 11:05:00;78936,13;78936,13;78808,03;78891,99
30/08/2026 11:10:00;78891,99;78923,62;78859,0943;78923,62
30/08/2026 11:15:00;78924,21;78927,253674;78814,37;78814,37
30/08/2026 11:20:00;78817,99;78834,55;78787,96;78834,55
30/08/2026 11:25:00;78834,55;78845,45;78795,224286;78795,224286
30/08/2026 11:30:00;78795,224286;78944,26;78795,224286;78888,0
30/08/2026 11:35:00;78888,0;78888,0;78745,34;78756,432223
30/08/2026 11:40:00;78722,01;78778,67;78722,01;78767,13
30/08/2026 11:45:00;78767,13;78789,1;78724,0;78772,16
30/08/2026 11:50:00;78772,16;78808,69;78767,14;78808,68
30/08/2026 11:55:00;78808,68;78825,6;78782,98;78783,71
30/08/2026 12:00:00;78792,3;78792,31;78690,0;78690,01
30/08/2026 12:05:00;78690,01;78876,11;78690,0;78793,17
30/08/2026 12:10:00;78793,17;78804,0;78646,89;78665,64
30/08/2026 12:15:00;78665,63;78734,4;78626,0;78694,44
30/08/2026 12:20:00;78692,68;78750,430349;78692,68;78748,18874
30/08/2026 12:25:00;78748,18874;78841,58;78748,18874;78791,67
30/08/2026 12:30:00;78791,67;78831,51;78791,67;78825,71
30/08/2026 12:35:00;78825,71;78825,71;78787,3;78825,66
30/08/2026 12:40:00;78825,66;78852,0;78791,27;78852,0
30/08/2026 12:45:00;78852,0;78910,67;78802,03;78802,03
30/08/2026 12:50:00;78802,03;78840,9646;78802,03;78808,6
30/08/2026 12:55:00;78808,6;78823,63;78790,79;78823,63
30/08/2026 13:00:00;78823,63;78954,53;78808,06;78954,53
30/08/2026 13:05:00;78954,53;79004,12;78835,53;78835,53
30/08/2026 13:10:00;78835,53;79156,8;78750,0;79137,99
30/08/2026 13:15:00;79137,99;79222,01;79040,75;79113,0
30/08/2026 13:20:00;79113,0;79120,01;79012,0;79119,36
30/08/2026 13:25:00;79119,36;79136,0;79043,77;79043,77
30/08/2026 13:30:00;79043,77;79188,0;79014,93;79164,52
30/08/2026 13:35:00;79164,52;79210,54;79112,0;79124,51
30/08/2026 13:40:00;79124,51;79256,0;79124,51;79188,37
30/08/2026 13:45:00;79204,0;79230,0;79160,95;79186,0
30/08/2026 13:50:00;79186,0;79236,0;79144,0;79224,23
30/08/2026 13:55:00;79224,23;79385,65;79189,01;79318,83
30/08/2026 14:00:00;79318,83;79353,93;79220,01;79279,79
30/08/2026 14:05:00;79279,79;79281,829446;79158,01;79190,902222
30/08/2026 14:10:00;79190,902222;79195,22;79139,1;79178,48
30/08/2026 14:15:00;79177,91;79190,395335;78971,02;78998,0
30/08/2026 14:20:00;78998,0;79003,03;78796,9;78858,78
30/08/2026 14:25:00;78858,78;78942,0;78783,43;78940,62
30/08/2026 14:30:00;78940,62;78997,71;78882,01;78997,71
30/08/2026 14:35:00;78997,71;79027,31;78984,0;79009,65
30/08/2026 14:40:00;79009,65;79060,0;78982,0;79044,82
30/08/2026 14:45:00;79044,82;79080,01;79014,0;79019,33
30/08/2026 14:50:00;79019,33;79046,0;78964,0;79004,0
30/08/2026 14:55:00;79004,0;79021,03;78976,67;79021,02
30/08/2026 15:00:00;79021,02;79074,0;78997,44;79027,67
30/08/2026 15:05:00;79027,67;79027,67;78859,99;78859,99
30/08/2026 15:10:00;78850,0;78850,0;78804,01;78839,3
30/08/2026 15:15:00;78839,3;78900,0;78839,29;78900,0
30/08/2026 15:20:00;78900,0;78900,0;78866,42;78884,34
30/08/2026 15:25:00;78884,34;79009,61;78860,35;79009,61
30/08/2026 15:30:00;79009,61;79170,0;79009,61;79160,14
30/08/2026 15:35:00;79160,14;79181,99;79131,11;79159,0
30/08/2026 15:40:00;79159,0;79160,01;79070,0;79086,85
30/08/2026 15:45:00;79086,85;79088,55;79042,01;79072,4
30/08/2026 15:50:00;79072,4;79072,4;79020,0;79030,35
30/08/2026 15:55:00;79030,35;79056,0;79024,52;79036,69
30/08/2026 16:00:00;79036,69;79037,98;78972,28;78988,29
30/08/2026 16:05:00;78988,29;79041,96;78942,0;79004,35
30/08/2026 16:10:00;79004,35;79035,59;78998,81;79035,59
30/08/2026 16:15:00;79035,59;79038,09;78970,91;79002,62
30/08/2026 16:20:00;79002,62;79002,63;78912,3;78918,81
30/08/2026 16:25:00;78918,81;78924,27;78917,24;78917,24
30/08/2026 16:30:00;78917,24;78944,0;78886,08;78896,13
30/08/2026 16:35:00;78896,13;78896,13;78792,21;78792,36
30/08/2026 16:40:00;78792,36;78839,62;78778,0;78794,0
30/08/2026 16:45:00;78794,0;78820,0;78721,99;78792,85
30/08/2026 16:50:00;78792,85;78841,44;78792,85;78841,12
30/08/2026 16:55:00;78841,12;78871,46;78841,11;78856,38
30/08/2026 17:00:00;78856,38;78914,69;78856,38;78870,0
30/08/2026 17:05:00;78870,0;78884,85;78838,02;78884,85
30/08/2026 17:10:00;78884,85;78918,01;78864,01;78864,01
30/08/2026 17:15:00;78864,01;78883,76;78844,0;78883,75
30/08/2026 17:20:00;78883,75;78916,96;78868,79;78916,96
30/08/2026 17:25:00;78916,96;78931,49;78842,0;78842,0
30/08/2026 17:30:00;78842,0;78842,0;78736,0;78808,0
30/08/2026 17:35:00;78808,0;78887,02;78704,0;78707,79
30/08/2026 17:40:00;78707,78;78724,02;78444,0;78476,0
30/08/2026 17:45:00;78476,0;78673,48;78476,0;78671,31
30/08/2026 17:50:00;78671,31;78742,31;78671,31;78690,39
30/08/2026 17:55:00;78690,39;78690,39;78597,33;78597,33
30/08/2026 18:00:00;78597,33;78597,33;78298,01;78485,92
30/08/2026 18:05:00;78480,03;78516,0;78446,0;78516,0
30/08/2026 18:10:00;78525,23;78539,860002;78437,330833;78503,58
30/08/2026 18:15:00;78511,34;78622,6;78502,497499;78591,311389
30/08/2026 18:20:00;78591,311389;78625,59;78476,0;78590,0
30/08/2026 18:25:00;78582,76;78667,87;78582,76;78644,01
30/08/2026 18:30:00;78638,52;78722,05;78627,5;78722,05
30/08/2026 18:35:00;78722,05;78733,77;78628,76;78648,39
30/08/2026 18:40:00;78630,82;78649,05;78602,0;78635,87
30/08/2026 18:45:00;78635,88;78637,01;78556,47;78564,29
30/08/2026 18:50:00;78562,77;78632,0;78561,48;78605,73
30/08/2026 18:55:00;78605,73;78690,0;78605,46;78652,99
30/08/2026 19:00:00;78653,0;78804,0;78530,01;78743,47
30/08/2026 19:05:00;78779,79;78779,79;78632,41;78644,72
30/08/2026 19:10:00;78644,72;78651,946717;78564,69;78571,28
30/08/2026 19:15:00;78571,28;78571,28;78415,5;78537,24
30/08/2026 19:20:00;78537,24;78537,24;78370,01;78370,01
30/08/2026 19:25:00;78370,01;78382,11;78304,75;78382,11
30/08/2026 19:30:00;78382,11;78440,0;78280,01;78384,97
30/08/2026 19:35:00;78384,97;78470,0;78348,351429;78470,0
30/08/2026 19:40:00;78470,0;78540,0;78460,0;78460,0
30/08/2026 19:45:00;78460,0;78485,35;78396,65;78430,55
30/08/2026 19:50:00;78430,55;78445,68;78380,0;78444,4
30/08/2026 19:55:00;78444,4;78508,0;78416,17;78422,01
30/08/2026 20:00:00;78422,01;78422,01;78311,6;78311,61
30/08/2026 20:05:00;78311,61;78412,31;78311,61;78338,02
30/08/2026 20:10:00;78338,02;78448,76;78329,66;78366,16
30/08/2026 20:15:00;78366,16;78388,77;78171,66;78367,49
30/08/2026 20:20:00;78367,49;78404,0;77976,01;77976,01
30/08/2026 20:25:00;78058,34;78075,88;77800,000717;77800,000717
30/08/2026 20:30:00;77800,000717;77836,0;77618,01;77666,948977
30/08/2026 20:35:00;77666,948977;77759,38;77500,0;77500,0
30/08/2026 20:40:00;77500,0;77577,150436;77375,95;77478,821939
30/08/2026 20:45:00;77478,821939;77519,83;77102,87;77139,225969
30/08/2026 20:50:00;77139,225969;77606,0;77139,225969;77502,464601
30/08/2026 20:55:00;77502,464601;77696,93;77447,99;77447,99
30/08/2026 21:00:00;77447,99;77784,439897;77447,99;77784,439897
30/08/2026 21:05:00;77784,439897;77792,611999;77459,63;77459,63
30/08/2026 21:10:00;77437,57;77663,863333;77406,459762;77406,459762
30/08/2026 21:15:00;77410,284762;77895,98;77410,284762;77857,505529
30/08/2026 21:20:00;77857,505529;77962,92;77857,505529;77954,01
30/08/2026 21:25:00;77954,01;77971,47;77893,7;77901,32
30/08/2026 21:30:00;77895,72;77949,99;77884,01;77942,01
30/08/2026 21:35:00;77942,01;78176,0;77942,01;78009,72
30/08/2026 21:40:00;78042,0;78079,64654;78020,99;78032,02
30/08/2026 21:45:00;78032,01;78037,01;77947,95;77985,43
30/08/2026 21:50:00;77977,99;78015,312581;77962,03;78015,312581
30/08/2026 21:55:00;78015,312581;78040,0;77922,0;77939,4
30/08/2026 22:00:00;77939,4;78001,177563;77780,58;77780,58
30/08/2026 22:05:00;77754,01;77822,35;77642,0;77646,58
30/08/2026 22:10:00;77646,58;77709,09;77574,09;77670,0
30/08/2026 22:15:00;77660,16;77660,16;77602,0;77602,0
30/08/2026 22:20:00;77602,0;77829,99;77602,0;77829,99
30/08/2026 22:25:00;77842,0;77862,09384;77758,24;77766,73
30/08/2026 22:30:00;77775,27;77808,0;77654,0;77700,0
30/08/2026 22:35:00;77700,0;77943,22;77700,0;77868,42
30/08/2026 22:40:00;77870,0;77870,0;77726,0;77726,0
30/08/2026 22:45:00;77726,0;77854,0;77723,816057;77772,0
30/08/2026 22:50:00;77772,0;77798,0;77704,0;77704,01
30/08/2026 22:55:00;77704,01;77736,92;77622,0;77640,94
30/08/2026 23:00:00;77620,48;77637,729686;77565,732857;77599,742
30/08/2026 23:05:00;77599,742;77738,579697;77599,742;77725,99
30/08/2026 23:10:00;77725,99;77999,343333;77725,99;77999,343333
30/08/2026 23:15:00;77999,343333;78020,6512;77840,7;77853,99
30/08/2026 23:20:00;77884,16;77884,17;77827,31;77832,01
30/08/2026 23:25:00;77877,49;77881,33;77838,01;77881,33
30/08/2026 23:30:00;77881,33;77929,27;77846,21;77861,773333
30/08/2026 23:35:00;77861,773333;77861,773333;77745,99;77746,0
30/08/2026 23:40:00;77746,0;77753,426354;77716,41;77716,41
30/08/2026 23:45:00;77716,41;77754,797143;77600,01;77618,9245
30/08/2026 23:50:00;77618,9245;77622,0;77469,62;77472,0
30/08/2026 23:55:00;77472,0;77500,0;77392,0;77444,0
31/08/2026 00:00:00;77444,0;77600,0;77434,863263;77558,0
31/08/2026 00:05:00;77558,0;77616,0;77536,48;77616,0
31/08/2026 00:10:00;77629,36;77698,255;77615,047274;77698,255
31/08/2026 00:15:00;77698,255;77708,0;77600,0;77708,0
31/08/2026 00:20:00;77708,0;77756,5;77590,02;77756,49
31/08/2026 00:25:00;77756,49;77770,27;77712,36;77770,27
31/08/2026 00:30:00;77770,27;77770,27;77676,0;77699,11
31/08/2026 00:35:00;77699,11;77792,19;77699,1;77783,77
31/08/2026 00:40:00;77783,77;77845,31;77755,29;77845,31
31/08/2026 00:45:00;77845,31;77872,0;77827,487754;77834,0
31/08/2026 00:50:00;77834,01;77849,99;77786,26;77849,99
31/08/2026 00:55:00;77849,99;77849,99;77747,71;77747,71
31/08/2026 01:00:00;77747,71;77786,485;77600,0;77601,14
31/08/2026 01:05:00;77601,14;77682,0;77569,14;77569,14
31/08/2026 01:10:00;77569,14;77636,0;77569,14;77590,42
31/08/2026 01:15:00;77590,42;77604,28;77523,23;77526,28
31/08/2026 01:20:00;77526,57;77602,0;77500,0;77522,58
31/08/2026 01:25:00;77522,58;77549,99;77501,25;77514,0
31/08/2026 01:30:00;77514,0;77524,0;77466,0;77479,99
31/08/2026 01:35:00;77479,99;77555,0;77458,83;77555,0
31/08/2026 01:40:00;77555,0;77583,01;77495,23;77568,0
31/08/2026 01:45:00;77568,0;77583,01;77490,0;77490,0
31/08/2026 01:50:00;77490,0;77628,99;77471,99;77624,55
31/08/2026 01:55:00;77624,55;77651,86;77592,0;77622,28
31/08/2026 02:00:00;77622,28;77656,91;77514,0;77656,9
31/08/2026 02:05:00;77656,9;77703,99;77630,87;77648,77
31/08/2026 02:10:00;77648,77;77800,0;77634,0;77762,0
31/08/2026 02:15:00;77762,0;78038,0;77758,01;78035,49
31/08/2026 02:20:00;78025,15;78100,0;77922,0;78089,82
31/08/2026 02:25:00;78089,82;78156,77;77926,89;77998,0
31/08/2026 02:30:00;77998,0;78060,98;77980,0;78060,97
31/08/2026 02:35:00;78060,97;78088,98;77874,0;78088,98
31/08/2026 02:40:00;78088,98;78088,98;77917,91;77974,02
31/08/2026 02:45:00;77974,02;78018,0;77974,01;78014,9
31/08/2026 02:50:00;77997,18;78041,75;77997,18;78004,13
31/08/2026 02:55:00;78004,13;78053,31;77949,01;78016,01
31/08/2026 03:00:00;78016,01;78079,18;77952,19;78046,86
31/08/2026 03:05:00;78046,86;78046,86;77864,16;77971,99
31/08/2026 03:10:00;77971,99;78039,02;77966,0;78023,13
31/08/2026 03:15:00;78023,13;78115,99;78023,13;78053,919254
31/08/2026 03:20:00;78053,919254;78067,323737;77977,09;77989,99
31/08/2026 03:25:00;77989,99;78104,0;77989,99;78007,99
31/08/2026 03:30:00;78007,99;78008,0;77924,0;77954,21
31/08/2026 03:35:00;77939,39;78085,18;77929,01;78085,18
31/08/2026 03:40:00;78086,07;78152,803731;78084,0;78084,0
31/08/2026 03:45:00;78084,0;78118,24;78046,29;78091,29
31/08/2026 03:50:00;78091,29;78118,0;78011,74;78108,35
31/08/2026 03:55:00;78108,35;78120,53;78052,48;78093,88
31/08/2026 04:00:00;78093,88;78154,26;78044,0;78064,2
31/08/2026 04:05:00;78064,2;78100,0;78034,27;78084,84
31/08/2026 04:10:00;78110,82;78170,0;78108,42;78127,9
31/08/2026 04:15:00;78127,9;78240,0;78127,9;78170,0
31/08/2026 04:20:00;78170,0;78286,36;78160,0;78286,36
31/08/2026 04:25:00;78286,36;78314,27;78210,84;78213,0
31/08/2026 04:30:00;78211,99;78220,0;78128,0;78146,15
31/08/2026 04:35:00;78146,15;78245,33;78146,15;78245,32
31/08/2026 04:40:00;78234,29;78290,27;78201,28;78290,27
31/08/2026 04:45:00;78290,27;78290,27;78198,82;78198,82
31/08/2026 04:50:00;78198,82;78244,0;78194,0;78202,0
31/08/2026 04:55:00;78202,0;78227,27;78196,0;78196,01
31/08/2026 05:00:00;78196,01;78234,85;78110,0;78110,0
31/08/2026 05:05:00;78094,84;78171,43;78048,0;78171,43
31/08/2026 05:10:00;78171,43;78345,5;78168,0;78186,05
31/08/2026 05:15:00;78186,05;78197,51;78068,0;78068,0
31/08/2026 05:20:00;78017,0;78036,0;77982,01;77995,91
31/08/2026 05:25:00;77995,91;78094,0;77984,0;78093,99
31/08/2026 05:30:00;78093,99;78160,0;78077,44;78128,0
31/08/2026 05:35:00;78128,0;78166,66;78128,0;78165,38
31/08/2026 05:40:00;78165,38;78452,23;78152,17;78324,0
31/08/2026 05:45:00;78324,0;78404,0;78320,0;78400,25
31/08/2026 05:50:00;78400,25;78460,28;78343,35;78420,02
31/08/2026 05:55:00;78420,02;78521,26;78420,01;78520,0
31/08/2026 06:00:00;78520,0;78529,0;78403,0;78529,0
31/08/2026 06:05:00;78529,0;78800,0;78440,0;78800,0
31/08/2026 06:10:00;78800,0;78817,73;78586,0;78817,73
31/08/2026 06:15:00;78817,73;78817,73;78598,0;78696,43
31/08/2026 06:20:00;78696,43;78786,68;78678,0;78783,72
31/08/2026 06:25:00;78783,72;78798,0;78676,0;78798,0
31/08/2026 06:30:00;78798,0;78798,0;78655,0;78655,0
31/08/2026 06:35:00;78655,0;78655,0;78597,1;78597,1
31/08/2026 06:40:00;78597,1;78694,48;78597,1;78687,57
31/08/2026 06:45:00;78687,57;78817,94;78668,0;78817,94
31/08/2026 06:50:00;78817,94;78875,33;78565,99;78875,33
31/08/2026 06:55:00;78875,33;78875,33;78511,03;78511,03
31/08/2026 07:00:00;78525,38;78525,38;78416,0;78434,25
31/08/2026 07:05:00;78434,25;78467,0;78316,91;78467,0
31/08/2026 07:10:00;78467,0;78520,0;78374,8;78519,99
31/08/2026 07:15:00;78519,99;78519,99;78402,0;78412,82
31/08/2026 07:20:00;78412,82;78444,06;78403,0;78415,96
31/08/2026 07:25:00;78415,96;78446,65;78403,0;78438,15
31/08/2026 07:30:00;78438,15;78438,16;78376,0;78396,04
31/08/2026 07:35:00;78396,04;78547,37;78396,04;78508,0
31/08/2026 07:40:00;78508,0;78545,83;78474,764285;78534,09
31/08/2026 07:45:00;78534,09;78569,99;78514,87;78516,01
31/08/2026 07:50:00;78516,01;78662,25;78510,01;78646,26
31/08/2026 07:55:00;78646,26;78712,65;78646,22;78710,02
31/08/2026 08:00:00;78710,02;78710,02;78590,01;78596,07
31/08/2026 08:05:00;78596,07;78699,98;78567,1;78583,88
31/08/2026 08:10:00;78583,88;78648,97;78583,88;78623,71
31/08/2026 08:15:00;78634,21;78658,535692;78600,58;78600,59
31/08/2026 08:20:00;78600,59;78606,03;78552,0;78573,79
31/08/2026 08:25:00;78573,79;78573,79;78472,0;78480,08
31/08/2026 08:30:00;78480,08;78484,958893;78439,05;78439,05
31/08/2026 08:35:00;78433,62;78461,15;78404,04;78440,567667
31/08/2026 08:40:00;78440,567667;78449,40282;78356,43;78387,85
31/08/2026 08:45:00;78387,85;78419,86;78350,0;78354,35
31/08/2026 08:50:00;78354,35;78380,567346;78302,0;78302,09
31/08/2026 08:55:00;78302,1;78344,0;78302,0;78315,44
31/08/2026 09:00:00;78315,44;78522,85;78276,0;78522,85
31/08/2026 09:05:00;78522,85;78543,86;78380,32;78431,95
31/08/2026 09:10:00;78434,38;78484,14;78404,0;78410,01
31/08/2026 09:15:00;78410,01;78472,0;78346,0;78472,0
31/08/2026 09:20:00;78464,95;78464,95;78245,94;78258,0
31/08/2026 09:25:00;78258,0;78258,0;78069,96;78100,0
31/08/2026 09:30:00;78015,0;78131,99;77925,975129;78115,64
31/08/2026 09:35:00;78115,64;78146,02;77972,534;78004,924
31/08/2026 09:40:00;78004,924;78008,406178;77771,84;77885,56
31/08/2026 09:45:00;77885,56;77912,2;77776,49;77776,49
31/08/2026 09:50:00;77776,49;77907,99;77776,49;77844,01
31/08/2026 09:55:00;77844,01;77930,4;77782,22;77930,4
31/08/2026 10:00:00;77930,4;78200,0;77930,4;78004,01
31/08/2026 10:05:00;78000,01;78083,41;78000,01;78071,01
31/08/2026 10:10:00;78071,01;78099,99;78030,207489;78086,56
31/08/2026 10:15:00;78086,56;78091,0;77928,0;78087,0
31/08/2026 10:20:00;78087,0;78087,0;77986,81;78052,0
31/08/2026 10:25:00;78051,99;78051,99;77895,67269;78050,0
31/08/2026 10:30:00;78050,0;78233,68;77874,09;78017,99
31/08/2026 10:35:00;78017,99;78182,51;77844,44;78150,52
31/08/2026 10:40:00;78191,63;78282,0;78000,0;78001,2
31/08/2026 10:45:00;78001,2;78057,87;77798,01;77907,83
31/08/2026 10:50:00;77907,83;77966,0;77738,01;77842,62
31/08/2026 10:55:00;77842,62;78001,99;77812,0;77864,0
31/08/2026 11:00:00;77864,0;78050,0;77828,31;77962,01
31/08/2026 11:05:00;77932,0;78072,65;77806,01;77983,5
31/08/2026 11:10:00;77983,5;78002,54;77839,02;77902,01
31/08/2026 11:15:00;77902,01;78018,0;77816,21;78005,51
31/08/2026 11:20:00;78005,51;78073,35;77796,0;77796,0
31/08/2026 11:25:00;77796,0;78021,86;77746,61;78021,85
31/08/2026 11:30:00;78055,82;78126,0;77970,01;77972,0
31/08/2026 11:35:00;77972,0;78228,0;77972,0;78166,68
31/08/2026 11:40:00;78166,68;78686,93;78159,98;78517,19
31/08/2026 11:45:00;78517,19;78601,98;78396,0;78416,15
31/08/2026 11:50:00;78416,15;78481,99;78378,01;78457,12
31/08/2026 11:55:00;78457,12;78657,51;78423,99;78578,04
31/08/2026 12:00:00;78578,04;78688,0;78455,08;78464,01
31/08/2026 12:05:00;78464,01;78577,99;78425,23;78539,7
31/08/2026 12:10:00;78539,7;78539,7;78318,0;78330,01
31/08/2026 12:15:00;78330,01;78415,86;78212,3;78269,22
31/08/2026 12:20:00;78269,22;78397,13;78238,0;78356,52
31/08/2026 12:25:00;78356,52;78543,56;78302,0;78462,94
31/08/2026 12:30:00;78412,0;78602,0;78412,0;78532,53
31/08/2026 12:35:00;78532,53;78587,99;78480,0;78536,0
31/08/2026 12:40:00;78550,0;78785,98;78510,792857;78716,37
31/08/2026 12:45:00;78718,0;78743,88;78614,0;78660,01
31/08/2026 12:50:00;78660,01;78670,13;78549,13;78600,01
31/08/2026 12:55:00;78612,65;78619,25;78564,0;78577,99
31/08/2026 13:00:00;78580,43;78710,0;78530,45;78598,0
31/08/2026 13:05:00;78598,0;78650,92;78542,0;78612,0
31/08/2026 13:10:00;78612,0;78794,94;78591,41;78678,0
31/08/2026 13:15:00;78678,0;78751,99;78524,0;78716,0
31/08/2026 13:20:00;78716,0;78716,0;78588,0;78611,489333
31/08/2026 13:25:00;78611,489333;78670,0;78576,01;78643,42
31/08/2026 13:30:00;78645,93;78695,0;78600,0;78616,17
31/08/2026 13:35:00;78616,17;78671,79;78581,45;78599,19
31/08/2026 13:40:00;78599,19;78766,0;78599,18;78726,0
31/08/2026 13:45:00;78726,0;78748,56;78638,0;78714,84
31/08/2026 13:50:00;78714,84;78756,0;78668,5;78735,99
31/08/2026 13:55:00;78735,99;78876,0;78642,0;78644,0
31/08/2026 14:00:00;78640,82;78734,0;78616,01;78691,433918
31/08/2026 14:05:00;78691,433918;78751,99;78674,0;78746,61
31/08/2026 14:10:00;78746,61;78790,94853;78702,0;78790,94853
31/08/2026 14:15:00;78790,94853;78790,94853;78526,0;78649,99
31/08/2026 14:20:00;78649,99;78670,0;78545,66;78557,1
31/08/2026 14:25:00;78557,1;78581,81;78494,0;78534,0
31/08/2026 14:30:00;78534,0;78644,0;78534,0;78619,34
31/08/2026 14:35:00;78602,0;78790,0;78597,053406;78790,0
31/08/2026 14:40:00;78790,0;78959,99;78790,0;78926,404667
31/08/2026 14:45:00;78926,404667;78947,18;78840,69;78849,26
31/08/2026 14:50:00;78849,26;78936,472293;78849,26;78893,045333
31/08/2026 14:55:00;78893,045333;78947,39;78881,12;78897,35
31/08/2026 15:00:00;78897,35;78897,35;78804,0;78807,03
31/08/2026 15:05:00;78807,03;78854,64;78782,02;78847,99
31/08/2026 15:10:00;78847,99;78956,93;78829,96;78956,93
31/08/2026 15:15:00;78956,93;79075,52;78936,0;79036,983125
31/08/2026 15:20:00;79036,983125;79046,0;78890,0;78898,0
31/08/2026 15:25:00;78898,0;78936,0;78844,03;78908,0
31/08/2026 15:30:00;78908,0;78939,04;78885,59;78896,39
31/08/2026 15:35:00;78896,39;79041,95;78896,39;78998,0
31/08/2026 15:40:00;78998,0;79212,0;78982,0;79191,7
31/08/2026 15:45:00;79188,08;79188,08;79018,52;79084,0
31/08/2026 15:50:00;79048,02;79071,208571;79006,01;79010,0
31/08/2026 15:55:00;79010,0;79053,21;78992,49;79016,0
31/08/2026 16:00:00;79016,0;79091,27;79016,0;79071,99
31/08/2026 16:05:00;79071,99;79229,01;79058,53;79214,01
31/08/2026 16:10:00;79214,01;79250,0;79152,0;79188,08
31/08/2026 16:15:00;79130,0;79171,05;79058,63;79065,32
31/08/2026 16:20:00;79065,32;79106,0;79040,02;79078,49
31/08/2026 16:25:00;79078,49;79112,0;79025,0;79090,0
31/08/2026 16:30:00;79090,0;79132,16;79029,51;79087,98
31/08/2026 16:35:00;79087,99;79140,0;79056,0;79056,0
31/08/2026 16:40:00;79056,01;79056,01;78930,01;78979,99
31/08/2026 16:45:00;78979,99;79056,0;78958,0;79056,0
31/08/2026 16:50:00;79056,0;79100,0;78901,27;78915,27
31/08/2026 16:55:00;78915,27;78956,0;78851,93;78890,0
31/08/2026 17:00:00;78890,0;78966,0;78864,0;78892,03
31/08/2026 17:05:00;78892,03;78966,0;78872,01;78939,88
31/08/2026 17:10:00;78939,88;78955,98;78922,753331;78954,0
31/08/2026 17:15:00;78960,51;79079,79;78951,94;79079,79
31/08/2026 17:20:00;79083,99;79160,58;79016,01;79016,01
31/08/2026 17:25:00;79016,01;79016,02;78923,07;78923,07
31/08/2026 17:30:00;78923,07;78950,0;78824,94;78838,0
31/08/2026 17:35:00;78838,0;78853,29;78788,46;78808,0
31/08/2026 17:40:00;78808,0;78916,0;78808,0;78883,68
31/08/2026 17:45:00;78883,68;78907,97;78840,0;78840,0
31/08/2026 17:50:00;78840,0;78904,01;78832,0;78899,68
31/08/2026 17:55:00;78899,68;78920,21;78858,0;78864,72
31/08/2026 18:00:00;78864,72;78864,73;78785,48;78826,9
31/08/2026 18:05:00;78826,9;78885,87;78732,22;78885,87
31/08/2026 18:10:00;78849,41;78853,09;78812,560469;78837,99
31/08/2026 18:15:00;78837,99;78858,0;78817,01;78819,58
31/08/2026 18:20:00;78819,58;78862,0;78819,58;78860,02
31/08/2026 18:25:00;78860,02;78960,67;78836,1;78957,98
31/08/2026 18:30:00;78957,98;79030,567461;78957,98;79030,567461
31/08/2026 18:35:00;79030,567461;79068,220665;79014,0;79014,0
31/08/2026 18:40:00;79014,0;79054,0;79014,0;79054,0
31/08/2026 18:45:00;79053,99;79058,0;79001,04;79001,04
31/08/2026 18:50:00;79001,04;79022,0;78982,0;78993,17
31/08/2026 18:55:00;78990,64;78990,65;78958,0;78964,32
31/08/2026 19:00:00;78964,32;79015,83;78917,98;78917,99
31/08/2026 19:05:00;78917,99;78985,28;78917,99;78973,74
31/08/2026 19:10:00;78973,74;78973,74;78894,0;78894,0
31/08/2026 19:15:00;78894,0;78894,01;78828,57;78828,57
31/08/2026 19:20:00;78828,57;78828,57;78784,36;78786,0
31/08/2026 19:25:00;78780,0;78782,09;78746,79;78760,6
31/08/2026 19:30:00;78760,6;78769,0;78696,0;78731,99
31/08/2026 19:35:00;78690,01;78740,07;78672,27;78700,01
31/08/2026 19:40:00;78700,41;78700,41;78654,72;78665,37
31/08/2026 19:45:00;78665,37;78665,37;78589,46;78589,46
31/08/2026 19:50:00;78589,46;78645,99;78579,3;78629,39
31/08/2026 19:55:00;78629,39;78629,39;78589,86;78593,15
31/08/2026 20:00:00;78593,15;78593,15;78405,01;78444,0
31/08/2026 20:05:00;78444,0;78507,26;78443,99;78507,25
31/08/2026 20:10:00;78507,26;78507,26;78438,01;78457,57
31/08/2026 20:15:00;78457,57;78555,99;78457,56;78555,99
31/08/2026 20:20:00;78555,9;78562,04;78538,77;78548,63
31/08/2026 20:25:00;78548,63;78593,61;78548,63;78580,57
31/08/2026 20:30:00;78580,57;78580,58;78530,08;78542,87
31/08/2026 20:35:00;78542,87;78566,0;78504,6;78559,99
31/08/2026 20:40:00;78559,99;78586,0;78556,0;78579,44
31/08/2026 20:45:00;78579,44;78579,44;78554,0;78555,31
31/08/2026 20:50:00;78555,31;78582,0;78554,0;78554,0
31/08/2026 20:55:00;78556,54;78581,3;78556,53;78581,3
31/08/2026 21:00:00;78581,3;78640,18;78562,0;78640,18
31/08/2026 21:05:00;78640,18;78720,0;78625,98;78720,0
31/08/2026 21:10:00;78720,0;78792,0;78716,03;78754,74
31/08/2026 21:15:00;78754,73;78838,39;78742,42;78811,03
31/08/2026 21:20:00;78811,03;78858,88;78811,02;78847,71
31/08/2026 21:25:00;78847,71;78900,02;78847,71;78872,72
31/08/2026 21:30:00;78872,73;78891,93;78740,01;78800,41
31/08/2026 21:35:00;78800,41;78817,988962;78780,0;78789,1975
31/08/2026 21:40:00;78789,1975;78789,1975;78678,0;78698,0
31/08/2026 21:45:00;78698,0;78808,0;78698,0;78808,0
31/08/2026 21:50:00;78808,0;78808,0;78653,74;78653,74
31/08/2026 21:55:00;78653,74;78653,75;78584,0;78652,0
31/08/2026 22:00:00;78652,0;78761,93;78652,0;78706,81
31/08/2026 22:05:00;78706,81;78797,99;78664,01;78699,77
31/08/2026 22:10:00;78699,77;78699,77;78530,0;78545,83
31/08/2026 22:15:00;78545,83;78640,18;78506,0;78624,6
31/08/2026 22:20:00;78624,6;78643,46;78588,0;78588,0
31/08/2026 22:25:00;78554,85;78584,85;78404,002566;78421,34
31/08/2026 22:30:00;78421,34;78466,0;78378,01;78466,0
31/08/2026 22:35:00;78470,98;78556,0;78466,05;78539,77
31/08/2026 22:40:00;78539,13;78585,01;78531,926322;78575,99
31/08/2026 22:45:00;78575,99;78586,06;78492,0;78518,43
31/08/2026 22:50:00;78518,43;78526,29;78435,97;78441,82
31/08/2026 22:55:00;78441,82;78441,82;78383,22;78383,22
31/08/2026 23:00:00;78383,22;78390,777143;78280,03;78289,974444
31/08/2026 23:05:00;78289,974444;78376,0;78282,0;78315,16
31/08/2026 23:10:00;78315,16;78316,43;78189,93;78291,2
31/08/2026 23:15:00;78291,2;78300,0;78208,01;78216,0
31/08/2026 23:20:00;78216,0;78327,99;78216,0;78327,99
31/08/2026 23:25:00;78327,99;78329,62;78214,03;78215,99
31/08/2026 23:30:00;78215,99;78400,0;78215,99;78375,26
31/08/2026 23:35:00;78375,26;78407,27;78326,32;78339,66
31/08/2026 23:40:00;78334,0;78381,8;78334,0;78362,0
31/08/2026 23:45:00;78362,0;78406,834167;78340,91;78406,834167
31/08/2026 23:50:00;78406,834167;78431,55;78400,0;78417,77
31/08/2026 23:55:00;78417,77;78457,55;78417,77;78424,261665
01/09/2026 00:00:00;78424,261665;78480,0;78389,93;78479,99
01/09/2026 00:05:00;78479,99;78489,99;78441,66;78449,45
01/09/2026 00:10:00;78449,45;78496,69;78407,66;78419,89
01/09/2026 00:15:00;78430,86;78505,96;78430,86;78505,96
01/09/2026 00:20:00;78505,96;78506,01;78444,01;78445,0
01/09/2026 00:25:00;78445,0;78481,84;78400,18;78477,87
01/09/2026 00:30:00;78477,87;78698,678;78477,87;78698,678
01/09/2026 00:35:00;78698,678;78874,0;78691,162571;78847,87
01/09/2026 00:40:00;78847,87;78860,815525;78803,11;78860,815525
01/09/2026 00:45:00;78860,815525;78860,815525;78673,58;78716,0
01/09/2026 00:50:00;78716,0;78736,2;78682,27;78690,63
01/09/2026 00:55:00;78690,63;78690,63;78670,95;78689,15
01/09/2026 01:00:00;78689,15;78745,57;78679,0;78690,0
01/09/2026 01:05:00;78690,0;78762,0;78672,21;78761,99
01/09/2026 01:10:00;78761,99;78800,0;78653,96;78672,6
01/09/2026 01:15:00;78697,27;78764,44;78697,27;78728,45
01/09/2026 01:20:00;78723,56;78805,31;78721,653336;78805,31
01/09/2026 01:25:00;78806,52;78915,08;78806,51;78829,54
01/09/2026 01:30:00;78849,99;78853,44;78746,0;78755,19
01/09/2026 01:35:00;78755,19;78755,19;78719,24;78730,12
01/09/2026 01:40:00;78730,12;78746,38;78712,0;78720,01
01/09/2026 01:45:00;78720,01;78777,99;78719,96;78777,99
01/09/2026 01:50:00;78777,99;78778,0;78700,0;78740,0
01/09/2026 01:55:00;78739,99;78739,99;78683,88;78727,1
01/09/2026 02:00:00;78747,54;78862,4502;78680,513343;78862,4502
01/09/2026 02:05:00;78862,4502;78970,82;78862,4502;78931,16
01/09/2026 02:10:00;78931,16;78931,16;78843,63;78858,75
01/09/2026 02:15:00;78896,29;78896,29;78843,63;78843,63
01/09/2026 02:20:00;78843,63;78877,973334;78777,01;78810,87
01/09/2026 02:25:00;78812,0;78927,74;78811,99;78884,630002
01/09/2026 02:30:00;78884,630002;79078,04;78884,630002;79078,04
01/09/2026 02:35:00;79075,26;79115,541206;79052,0;79098,0
01/09/2026 02:40:00;79097,99;79200,46;79036,0;79200,46
01/09/2026 02:45:00;79200,46;79213,255;79095,5;79213,255
01/09/2026 02:50:00;79213,255;79218,68;79096,01;79188,06
01/09/2026 02:55:00;79188,06;79220,61;79142,0;79179,99
01/09/2026 03:00:00;79179,99;79179,99;79081,29;79102,45
01/09/2026 03:05:00;79102,45;79107,19;78994,0;79007,47
01/09/2026 03:10:00;79029,36;79039,94;78929,93;79009,91
01/09/2026 03:15:00;79009,91;79028,72;78899,31;78899,4
01/09/2026 03:20:00;78899,39;78921,99;78842,33;78842,33
01/09/2026 03:25:00;78842,34;78919,99;78821,68;78827,57
01/09/2026 03:30:00;78827,57;78944,0;78825,83;78928,06
01/09/2026 03:35:00;78928,06;78950,34;78870,0;78924,68
01/09/2026 03:40:00;78906,0;78953,98;78865,44;78878,0
01/09/2026 03:45:00;78878,0;78886,45;78787,71;78838,26
01/09/2026 03:50:00;78838,26;78853,0;78793,88;78802,86
01/09/2026 03:55:00;78802,86;78802,87;78745,38;78745,39
01/09/2026 04:00:00;78729,53;78798,0;78722,04;78795,35
01/09/2026 04:05:00;78795,35;78806,0;78758,64;78775,25
01/09/2026 04:10:00;78766,01;78768,365;78723,44;78724,46
01/09/2026 04:15:00;78724,46;78776,0;78724,46;78776,0
01/09/2026 04:20:00;78776,0;78793,98;78746,95;78764,01
01/09/2026 04:25:00;78764,01;78794,28;78707,42;78780,0
01/09/2026 04:30:00;78780,0;78790,01;78759,41;78787,95
01/09/2026 04:35:00;78787,95;78796,0;78550,97;78576,01
01/09/2026 04:40:00;78576,01;78634,0;78500,0;78622,7
01/09/2026 04:45:00;78617,12;78666,03;78594,0;78653,55
01/09/2026 04:50:00;78653,55;78686,0;78639,13;78650,01
01/09/2026 04:55:00;78650,01;78680,79;78616,18;78632,35
01/09/2026 05:00:00;78632,35;78658,01;78552,0;78577,99
01/09/2026 05:05:00;78577,99;78625,58;78296,0;78304,4
01/09/2026 05:10:00;78304,4;78349,05;78274,3;78310,0
01/09/2026 05:15:00;78310,0;78338,5;78129,17;78225,54
01/09/2026 05:20:00;78257,99;78272,876386;78150,01;78150,01
01/09/2026 05:25:00;78150,01;78150,01;77876,01;77886,32
01/09/2026 05:30:00;77886,32;78005,53;77854,0;78004,19
01/09/2026 05:35:00;78004,19;78052,64;77950,78;77956,08
01/09/2026 05:40:00;77956,08;77985,0;77865,0;77979,87
01/09/2026 05:45:00;77979,87;78028,6;77896,01;77932,0
01/09/2026 05:50:00;77932,0;77958,0;77820,06;77901,965
01/09/2026 05:55:00;77901,965;77939,16;77880,0;77883,28
01/09/2026 06:00:00;77883,28;77928,22;77801,01;77886,26
01/09/2026 06:05:00;77886,26;77914,89;77786,19;77883,98
01/09/2026 06:10:00;77883,98;77903,23;77827,27;77827,28
01/09/2026 06:15:00;77827,28;77885,99;77804,08;77853,59
01/09/2026 06:20:00;77853,59;77970,52;77850,11;77970,52
01/09/2026 06:25:00;77970,53;77977,61;77922,8;77931,3
01/09/2026 06:30:00;77931,3;77967,87;77897,39;77957,57
01/09/2026 06:35:00;77957,57;77964,23;77852,04;77919,12
01/09/2026 06:40:00;77919,12;78050,02;77919,12;78050,02
01/09/2026 06:45:00;78050,02;78062,24;77958,73;77958,73
01/09/2026 06:50:00;77964,15;77988,43;77931,54;77931,55
01/09/2026 06:55:00;77930,01;77950,2;77910,0;77914,99
01/09/2026 07:00:00;77914,99;77988,25;77901,0;77925,8
01/09/2026 07:05:00;77915,01;77943,76118;77856,55;77860,01
01/09/2026 07:10:00;77860,01;77978,0;77806,0;77886,0
01/09/2026 07:15:00;77881,87;77910,0;77762,18;77876,0
01/09/2026 07:20:00;77876,0;78021,99;77876,0;78021,98
01/09/2026 07:25:00;78021,98;78048,0;77960,0;78020,56
01/09/2026 07:30:00;78020,56;78146,06;78009,64;78099,03
01/09/2026 07:35:00;78099,03;78188,68;78048,0;78187,42
01/09/2026 07:40:00;78187,42;78196,0;78123,43;78141,51
01/09/2026 07:45:00;78141,51;78174,29;78070,0;78070,01
01/09/2026 07:50:00;78077,45;78089,45;77994,01;78009,81
01/09/2026 07:55:00;78009,81;78042,43;77987,49;78029,68
01/09/2026 08:00:00;78029,68;78042,43;77922,79;78042,43
01/09/2026 08:05:00;78042,43;78051,66;77949,99;77975,97
01/09/2026 08:10:00;77975,97;77999,5;77972,27;77989,14
01/09/2026 08:15:00;77989,14;78023,86;77989,14;77996,57
01/09/2026 08:20:00;77996,57;77996,57;77890,0;77970,52
01/09/2026 08:25:00;77970,52;78009,63;77951,09;78009,12
01/09/2026 08:30:00;78009,12;78089,96;77958,0;78068,0
01/09/2026 08:35:00;78068,0;78180,0;78068,0;78180,0
01/09/2026 08:40:00;78180,0;78202,51;78101,52;78106,55
01/09/2026 08:45:00;78106,55;78149,25;78099,05;78100,01
01/09/2026 08:50:00;78100,01;78195,67;78100,0;78168,0
01/09/2026 08:55:00;78168,0;78168,01;78056,73;78098,97
01/09/2026 09:00:00;78098,97;78098,97;77954,0;78028,73
01/09/2026 09:05:00;78028,73;78153,15;78000,01;78082,02
01/09/2026 09:10:00;78082,02;78183,091256;78022,0;78030,0
01/09/2026 09:15:00;78030,0;78100,96;77969,93;77969,93
01/09/2026 09:20:00;77969,94;78019,99;77913,86;77962,89
01/09/2026 09:25:00;77962,89;78043,91;77962,89;77994,01
01/09/2026 09:30:00;77994,01;77994,01;77850,01;77886,35
01/09/2026 09:35:00;77886,35;77912,17;77742,01;77818,0
01/09/2026 09:40:00;77818,0;77970,52;77744,0;77970,52
01/09/2026 09:45:00;77970,52;78074,68;77928,78;78002,0
01/09/2026 09:50:00;78002,0;78062,62;77986,0;78013,76
01/09/2026 09:55:00;78013,76;78044,99;78002,0;78004,01
01/09/2026 10:00:00;78004,01;78016,01;77834,05;77850,43
01/09/2026 10:05:00;77898,31;77898,33;77615,0;77738,01
01/09/2026 10:10:00;77738,01;77918,8;77738,01;77818,91
01/09/2026 10:15:00;77818,91;77893,37;77756,48;77796,0
01/09/2026 10:20:00;77796,0;77838,64;77756,0;77769,08
01/09/2026 10:25:00;77769,08;77897,69;77732,01;77888,4
01/09/2026 10:30:00;77888,4;78032,0;77800,0;77817,99
01/09/2026 10:35:00;77817,99;77854,0;77555,0;77645,46
01/09/2026 10:40:00;77634,19;77955,98;77517,23;77925,69
01/09/2026 10:45:00;77925,69;78138,18;77858,43;78100,08
01/09/2026 10:50:00;78100,08;78200,0;78000,0;78043,14
01/09/2026 10:55:00;78043,14;78070,6;77988,0;78066,0
01/09/2026 11:00:00;78066,0;78293,47;78052,0;78137,99
01/09/2026 11:05:00;78137,99;78420,0;78119,46;78380,0
01/09/2026 11:10:00;78366,01;78381,47;78216,01;78269,11
01/09/2026 11:15:00;78269,11;78360,0;78169,36;78208,0
01/09/2026 11:20:00;78208,0;78273,56;78147,16;78272,0
01/09/2026 11:25:00;78272,0;78411,8;78246,0;78262,14
01/09/2026 11:30:00;78262,14;78361,82;78232,36;78350,9
01/09/2026 11:35:00;78350,9;78405,0;78322,0;78332,56
01/09/2026 11:40:00;78332,56;78400,0;78286,0;78400,0
01/09/2026 11:45:00;78400,0;78430,904;78335,78;78336,0
01/09/2026 11:50:00;78336,0;78346,0;78268,0;78293,07
01/09/2026 11:55:00;78293,07;78293,07;78144,0;78168,0
01/09/2026 12:00:00;78168,0;78168,0;77820,0;77844,6
01/09/2026 12:05:00;77844,6;77893,8;77770,79;77792,0
01/09/2026 12:10:00;77792,0;77840,02;77729,51;77814,24
01/09/2026 12:15:00;77814,24;77866,0;77760,9252;77822,0
01/09/2026 12:20:00;77822,0;77886,0;77809,01;77848,77
01/09/2026 12:25:00;77848,77;77874,25;77808,0;77869,22
01/09/2026 12:30:00;77869,22;77943,99;77811,73;77913,6
01/09/2026 12:35:00;77913,6;77958,19;77895,53;77914,58
01/09/2026 12:40:00;77914,58;77982,07;77914,5;77976,22
01/09/2026 12:45:00;77976,22;78062,42;77962,3;78062,42
01/09/2026 12:50:00;78062,42;78104,0;78007,79;78007,8
01/09/2026 12:55:00;78007,79;78033,34;77919,06;77919,06
01/09/2026 13:00:00;77919,07;77946,0;77846,41;77909,64
01/09/2026 13:05:00;77909,64;77976,0;77807,686667;77807,686667
01/09/2026 13:10:00;77807,686667;77844,0;77727,177641;77727,177641
01/09/2026 13:15:00;77727,177641;77747,760834;77584,883333;77584,883333
01/09/2026 13:20:00;77584,883333;77605,69;77488,0;77506,77
01/09/2026 13:25:00;77506,77;77662,22;77506,77;77623,13
01/09/2026 13:30:00;77623,13;77623,13;77500,0;77500,0
01/09/2026 13:35:00;77500,0;77580,38;77325,09;77570,71
01/09/2026 13:40:00;77570,71;77600,0;77465,523333;77465,523333
01/09/2026 13:45:00;77465,523333;77592,0;77450,123333;77581,296252
01/09/2026 13:50:00;77581,296252;77631,99;77567,83;77631,99
01/09/2026 13:55:00;77631,99;77631,99;77582,25;77596,0
01/09/2026 14:00:00;77596,0;77652,0;77580,0;77580,0
01/09/2026 14:05:00;77588,0;77588,0;77526,2;77559,24
01/09/2026 14:10:00;77559,24;77559,24;77504,73;77523,04
01/09/2026 14:15:00;77523,04;77549,99;77416,83;77549,99
01/09/2026 14:20:00;77549,99;77620,0;77549,99;77572,94
01/09/2026 14:25:00;77572,94;77572,94;77470,4;77513,93
01/09/2026 14:30:00;77513,93;77721,61;77508,33;77721,61
01/09/2026 14:35:00;77721,61;77721,61;77592,61;77592,62
01/09/2026 14:40:00;77592,62;77624,6;77520,0;77520,01
01/09/2026 14:45:00;77520,01;77520,01;77350,39;77430,51
01/09/2026 14:50:00;77430,51;77457,98;77346,0;77369,28
01/09/2026 14:55:00;77369,28;77376,0;77260,02;77265,78
01/09/2026 15:00:00;77265,78;77319,64;77194,39;77250,13
01/09/2026 15:05:00;77250,13;77269,9;77141,09;77149,56
01/09/2026 15:10:00;77149,56;77228,0;77142,33;77224,15
01/09/2026 15:15:00;77224,15;77248,0;77085,99;77085,99
01/09/2026 15:20:00;77085,99;77153,91;77076,01;77110,7
01/09/2026 15:25:00;77110,7;77125,41;76737,0;77057,2
01/09/2026 15:30:00;77057,2;77119,16;76916,05;76939,56
01/09/2026 15:35:00;76939,56;76949,98;76616,49;76685,14
01/09/2026 15:40:00;76685,14;76793,58;76577,01;76577,01
01/09/2026 15:45:00;76519,03;76785,55;76459,197891;76785,55
01/09/2026 15:50:00;76785,55;76974,0;76774,72;76938,83
01/09/2026 15:55:00;76938,83;77112,95;76936,95;77112,01
01/09/2026 16:00:00;77112,01;77285,74;77099,502037;77285,74
01/09/2026 16:05:00;77242,06;77256,638333;77150,0;77184,46
01/09/2026 16:10:00;77184,46;77245,8;77171,85;77217,21
01/09/2026 16:15:00;77217,21;77296,0;77138,0;77227,01
01/09/2026 16:20:00;77227,01;77425,99;77227,0;77326,0
01/09/2026 16:25:00;77326,0;77464,89;77323,3525;77323,3525
01/09/2026 16:30:00;77323,3525;77374,842486;77318,0;77334,78
01/09/2026 16:35:00;77334,77;77369,69;77298,0;77308,0
01/09/2026 16:40:00;77308,0;77350,1875;77302,0;77309,8
01/09/2026 16:45:00;77309,8;77332,0;77260,88;77299,99
01/09/2026 16:50:00;77299,99;77312,38;77200,0;77206,79
01/09/2026 16:55:00;77206,79;77296,29;77206,79;77290,285476
01/09/2026 17:00:00;77290,285476;77345,99;77236,48;77300,0
01/09/2026 17:05:00;77300,0;77395,76;77276,61;77276,62
01/09/2026 17:10:00;77276,62;77425,48;77276,61;77425,48
01/09/2026 17:15:00;77446,33;77446,33;77334,0;77422,9
01/09/2026 17:20:00;77422,9;77445,41;77386,0;77392,87
01/09/2026 17:25:00;77392,87;77401,880666;77334,0;77400,0
01/09/2026 17:30:00;77400,0;77418,0;77366,0;77381,66
01/09/2026 17:35:00;77402,0;77448,35;77371,96;77371,96
01/09/2026 17:40:00;77371,96;77399,0;77340,36;77386,71
01/09/2026 17:45:00;77386,71;77399,0;77349,66;77349,67
01/09/2026 17:50:00;77349,67;77427,8;77349,67;77427,8
01/09/2026 17:55:00;77427,8;77462,325455;77427,79;77448,46
01/09/2026 18:00:00;77453,03;77516,3;77370,57;77381,66
01/09/2026 18:05:00;77381,66;77381,66;77246,0;77252,01
01/09/2026 18:10:00;77252,01;77252,01;77068,25;77114,44
01/09/2026 18:15:00;77114,44;77114,44;76925,66;76955,371282
01/09/2026 18:20:00;76955,371282;77217,14;76955,371282;77217,14
01/09/2026 18:25:00;77217,14;77268,0;77156,0;77188,68
01/09/2026 18:30:00;77166,35;77166,35;77035,12;77037,58
01/09/2026 18:35:00;77059,99;77166,0;77032,411667;77166,0
01/09/2026 18:40:00;77166,0;77225,72;77135,0;77139,29
01/09/2026 18:45:00;77139,29;77171,51;77135,0;77171,51
01/09/2026 18:50:00;77171,51;77272,72;77163,12;77235,13
01/09/2026 18:55:00;77235,13;77271,6;77211,31;77211,32
01/09/2026 19:00:00;77211,32;77312,0;77188,0;77286,01
01/09/2026 19:05:00;77286,01;77309,08;77218,0;77309,08
01/09/2026 19:10:00;77309,08;77320,360434;77283,99;77295,34
01/09/2026 19:15:00;77284,0;77306,14;77220,41;77245,18
01/09/2026 19:20:00;77243,51;77243,51;77121,842654;77201,76
01/09/2026 19:25:00;77206,01;77206,01;77072,0;77072,0
01/09/2026 19:30:00;77072,0;77104,86;77030,01;77085,0
01/09/2026 19:35:00;77085,0;77189,23;77085,0;77117,86
01/09/2026 19:40:00;77117,86;77164,76;77088,0;77151,43
01/09/2026 19:45:00;77151,43;77320,306167;77151,43;77320,306167
01/09/2026 19:50:00;77320,306167;77352,0;77287,78388;77300,0
01/09/2026 19:55:00;77300,0;77316,01;77274,01;77274,02
01/09/2026 20:00:00;77274,02;77285,54;77240,62;77240,62
01/09/2026 20:05:00;77240,62;77308,54;77218,0;77294,0
01/09/2026 20:10:00;77294,0;77301,04;77256,6;77262,01
01/09/2026 20:15:00;77262,01;77317,99;77249,653263;77315,99
01/09/2026 20:20:00;77315,99;77317,96;77262,27;77317,96
01/09/2026 20:25:00;77317,96;77381,66;77294,46;77381,66
01/09/2026 20:30:00;77391,98;77450,0;77378,350588;77441,0175
01/09/2026 20:35:00;77441,0175;77544,45;77441,0175;77511,45
01/09/2026 20:40:00;77511,44;77549,51;77490,44;77549,51
01/09/2026 20:45:00;77549,51;77595,01;77477,06;77595,01
01/09/2026 20:50:00;77595,01;77604,0;77474,0;77604,0
01/09/2026 20:55:00;77604,0;77611,331203;77370,0;77370,0
01/09/2026 21:00:00;77370,0;77506,0;77370,0;77450,16
01/09/2026 21:05:00;77463,4;77463,4;77395,6025;77395,6025
01/09/2026 21:10:00;77395,6025;77405,25;77364,0;77397,03
01/09/2026 21:15:00;77427,99;77457,2;77390,02;77398,85
01/09/2026 21:20:00;77374,02;77462,0;77348,05;77400,01
01/09/2026 21:25:00;77400,0;77420,01;77261,12;77261,12
01/09/2026 21:30:00;77230,71;77331,12;77208,459206;77260,0
01/09/2026 21:35:00;77260,0;77276,58;77171,5;77206,12
01/09/2026 21:40:00;77206,12;77255,52;77132,0;77225,35
01/09/2026 21:45:00;77225,35;77261,77;77206,0;77244,1
01/09/2026 21:50:00;77244,1;77244,1;77182,8;77182,8
01/09/2026 21:55:00;77182,8;77273,4;77182,79;77213,25
01/09/2026 22:00:00;77213,25;77235,89;77192,92;77206,82
01/09/2026 22:05:00;77206,82;77221,47;77154,38;77221,47
01/09/2026 22:10:00;77221,47;77372,0;77221,47;77351,46
01/09/2026 22:15:00;77351,46;77351,46;77238,0;77319,41
01/09/2026 22:20:00;77319,41;77348,0;77265,09;77348,0
01/09/2026 22:25:00;77348,0;77348,0;77150,01;77150,01
01/09/2026 22:30:00;77150,01;77188,0;77076,0;77076,0
01/09/2026 22:35:00;77076,01;77076,01;76992,01;76992,01
01/09/2026 22:40:00;76992,01;77021,88;76848,01;76873,99
01/09/2026 22:45:00;76873,99;76906,064491;76844,04478;76845,405032
01/09/2026 22:50:00;76845,405032;76845,405032;76739,43;76822,0
01/09/2026 22:55:00;76822,0;77044,0;76796,67;77020,68
01/09/2026 23:00:00;77020,68;77052,0;76964,0;76991,64
01/09/2026 23:05:00;76956,22;77180,01;76956,22;77064,09
01/09/2026 23:10:00;77064,1;77162,0;77044,4;77097,856666
01/09/2026 23:15:00;77097,856666;77171,51;77086,99;77151,88
01/09/2026 23:20:00;77151,88;77266,0;77151,88;77249,86
01/09/2026 23:25:00;77276,57;77343,74;77212,01;77325,61
01/09/2026 23:30:00;77246,01;77303,47;77224,91;77276,0
01/09/2026 23:35:00;77275,99;77288,0;77214,03;77219,75
01/09/2026 23:40:00;77219,75;77230,0;77171,52;77225,99
01/09/2026 23:45:00;77225,99;77260,21;77204,01;77238,76
01/09/2026 23:50:00;77238,75;77281,95;77236,2;77239,01
01/09/2026 23:55:00;77239,01;77329,2;77232,49;77329,2
02/09/2026 00:00:00;77329,2;77457,84;77314,51;77457,84
02/09/2026 00:05:00;77457,84;77481,12;77402,01;77446,01
02/09/2026 00:10:00;77446,01;77544,42;77446,01;77544,42
02/09/2026 00:15:00;77544,42;77654,34;77496,89;77564,0
02/09/2026 00:20:00;77564,01;77605,34;77539,49;77544,72
02/09/2026 00:25:00;77544,72;77792,0;77541,82;77660,55
02/09/2026 00:30:00;77660,55;77660,56;77533,44;77533,45
02/09/2026 00:35:00;77533,45;77648,0;77514,0;77648,0
02/09/2026 00:40:00;77621,28;77645,54;77520,02;77552,0
02/09/2026 00:45:00;77552,0;77640,0;77546,0;77640,0
02/09/2026 00:50:00;77640,0;77640,0;77548,67;77583,73
02/09/2026 00:55:00;77583,73;77601,11;77508,03;77563,49
02/09/2026 01:00:00;77563,49;77563,49;77494,93;77513,58
02/09/2026 01:05:00;77513,58;77513,59;77381,65;77381,66
02/09/2026 01:10:00;77381,66;77405,83;77359,99;77376,39
02/09/2026 01:15:00;77376,39;77404,05;77294,56;77332,04
02/09/2026 01:20:00;77332,04;77425,07;77332,04;77424,82
02/09/2026 01:25:00;77424,82;77446,64;77392,0;77431,26
02/09/2026 01:30:00;77431,26;77500,0;77431,26;77500,0
02/09/2026 01:35:00;77500,0;77540,0;77480,0;77540,0
02/09/2026 01:40:00;77540,0;77591,82;77512,0;77589,31
02/09/2026 01:45:00;77589,31;77612,84;77570,7;77584,63
02/09/2026 01:50:00;77584,63;77584,63;77550,0;77550,0
02/09/2026 01:55:00;77550,0;77562,0;77537,31;77562,0
02/09/2026 02:00:00;77561,82;77564,71;77468,0;77486,0
02/09/2026 02:05:00;77486,0;77495,59;77438,0;77479,98
02/09/2026 02:10:00;77479,98;77600,02;77477,15;77600,02
02/09/2026 02:15:00;77600,02;77723,99;77600,02;77656,0
02/09/2026 02:20:00;77656,0;77729,59;77653,88;77729,59
02/09/2026 02:25:00;77729,59;77761,93;77689,15;77744,79
02/09/2026 02:30:00;77744,79;77749,24;77678,0;77682,6
02/09/2026 02:35:00;77682,6;77708,0;77672,1;77684,76
02/09/2026 02:40:00;77684,76;77728,5;77683,58;77704,68
02/09/2026 02:45:00;77704,68;77756,51;77704,68;77756,51
02/09/2026 02:50:00;77756,51;77756,51;77700,0;77719,99
02/09/2026 02:55:00;77720,0;77725,74;77591,82;77651,06
02/09/2026 03:00:00;77651,06;77724,0;77651,06;77690,0
02/09/2026 03:05:00;77690,0;77708,0;77656,9;77694,51
02/09/2026 03:10:00;77694,51;77706,18;77576,51;77581,72
02/09/2026 03:15:00;77581,72;77646,68;77581,72;77592,04
02/09/2026 03:20:00;77592,04;77615,25;77572,0;77584,67
02/09/2026 03:25:00;77584,67;77666,89;77584,67;77641,01
02/09/2026 03:30:00;77641,01;77641,01;77462,0;77521,46
02/09/2026 03:35:00;77521,46;77541,32;77508,240071;77538,93
02/09/2026 03:40:00;77538,93;77683,47;77538,93;77614,0
02/09/2026 03:45:00;77614,0;77620,01;77574,92;77597,06
02/09/2026 03:50:00;77597,06;77597,07;77517,56;77523,42
02/09/2026 03:55:00;77523,42;77611,54;77500,0;77611,54
02/09/2026 04:00:00;77611,54;77655,14;77607,64;77621,19
02/09/2026 04:05:00;77621,19;77644,0;77594,0;77644,0
02/09/2026 04:10:00;77644,0;77765,98;77644,0;77671,0
02/09/2026 04:15:00;77671,0;77671,0;77600,17;77630,87
02/09/2026 04:20:00;77630,87;77696,81;77626,27;77641,85
02/09/2026 04:25:00;77641,85;77641,85;77594,0;77598,01
02/09/2026 04:30:00;77598,01;77629,87;77560,0;77582,39
02/09/2026 04:35:00;77582,39;77601,76;77575,71;77600,92
02/09/2026 04:40:00;77600,92;77631,58;77560,0;77560,0
02/09/2026 04:45:00;77560,0;77599,76;77538,0;77568,21
02/09/2026 04:50:00;77568,21;77588,0;77511,96;77511,96
02/09/2026 04:55:00;77511,96;77528,05;77474,0;77474,0
02/09/2026 05:00:00;77474,0;77501,79;77390,0;77433,43
02/09/2026 05:05:00;77433,43;77546,0;77414,56;77414,56
02/09/2026 05:10:00;77414,56;77526,0;77381,66;77417,57
02/09/2026 05:15:00;77458,16;77475,14;77371,76;77371,76
02/09/2026 05:20:00;77371,76;77371,76;77289,12;77314,95
02/09/2026 05:25:00;77314,95;77334,32;77253,6;77253,6
02/09/2026 05:30:00;77253,6;77253,6;77094,18;77120,0
02/09/2026 05:35:00;77120,0;77158,0;77079,74;77110,36
02/09/2026 05:40:00;77110,36;77110,36;76945,35;76974,61
02/09/2026 05:45:00;76974,61;77042,44;76854,02;76854,98
02/09/2026 05:50:00;76854,98;76861,96;76746,81;76800,0
02/09/2026 05:55:00;76800,0;76882,72;76758,0;76854,1
02/09/2026 06:00:00;76854,1;77049,4;76854,1;76997,21
02/09/2026 06:05:00;76997,21;77045,43;76997,2;77036,1
02/09/2026 06:10:00;77036,1;77036,1;76982,11;76982,98
02/09/2026 06:15:00;76982,98;76982,98;76887,998726;76894,4
02/09/2026 06:20:00;76894,4;76916,0;76602,88;76746,0
02/09/2026 06:25:00;76813,86;76892,0;76696,85;76891,96
02/09/2026 06:30:00;76891,96;76891,96;76634,28;76634,28
02/09/2026 06:35:00;76634,28;76692,347566;76550,0;76593,31
02/09/2026 06:40:00;76593,31;76646,1;76544,94;76602,626666
02/09/2026 06:45:00;76602,626666;76675,98;76485,02;76590,64
02/09/2026 06:50:00;76590,64;76757,78;76581,57;76581,57
02/09/2026 06:55:00;76581,57;76759,99;76581,57;76752,26
02/09/2026 07:00:00;76752,26;76753,83;76605,2;76605,2
02/09/2026 07:05:00;76605,2;76655,38;76580,0;76607,48
02/09/2026 07:10:00;76607,48;76645,62;76569,56;76636,48
02/09/2026 07:15:00;76647,99;76693,81;76616,13;76693,8
02/09/2026 07:20:00;76693,8;76703,12;76649,78;76659,68
02/09/2026 07:25:00;76659,68;76663,61;76571,8;76571,8
02/09/2026 07:30:00;76571,8;76610,0;76480,0;76506,0
02/09/2026 07:35:00;76506,0;76589,54;76490,0;76490,0
02/09/2026 07:40:00;76490,0;76605,99;76478,0;76605,99
02/09/2026 07:45:00;76605,99;76605,99;76433,16;76448,0
02/09/2026 07:50:00;76448,0;76515,87;76264,0;76508,53
02/09/2026 07:55:00;76508,53;76695,39;76500,0;76680,88
02/09/2026 08:00:00;76680,88;76709,98;76560,01;76560,01
02/09/2026 08:05:00;76564,01;76708,16;76519,99;76708,16
02/09/2026 08:10:00;76708,16;76719,77;76602,0;76704,01
02/09/2026 08:15:00;76704,01;76757,99;76548,0;76548,0
02/09/2026 08:20:00;76548,0;76548,01;76410,0;76428,22
02/09/2026 08:25:00;76428,22;76502,0;76356,0;76502,0
02/09/2026 08:30:00;76502,0;76658,0;76488,0;76648,79
02/09/2026 08:35:00;76648,79;76735,4;76626,0;76713,32
02/09/2026 08:40:00;76713,32;76718,25;76618,01;76646,1
02/09/2026 08:45:00;76646,1;76650,0;76618,65;76620,0
02/09/2026 08:50:00;76610,0;76720,56;76610,0;76704,0
02/09/2026 08:55:00;76704,0;76848,72;76704,0;76828,75
02/09/2026 09:00:00;76828,75;76834,0;76716,96;76723,3
02/09/2026 09:05:00;76688,0;76826,15;76688,0;76789,58
02/09/2026 09:10:00;76789,58;76841,9;76758,24;76820,0
02/09/2026 09:15:00;76820,0;76928,0;76772,0;76860,0
02/09/2026 09:20:00;76847,71;77034,18;76847,71;76982,1
02/09/2026 09:25:00;76982,11;77032,84;76982,1;76998,47
02/09/2026 09:30:00;76998,47;76998,47;76885,63;76912,0
02/09/2026 09:35:00;76912,0;76921,45;76800,0;76824,71
02/09/2026 09:40:00;76824,71;76850,0;76804,01;76822,56
02/09/2026 09:45:00;76822,56;76825,18;76766,35;76771,98
02/09/2026 09:50:00;76758,55;76758,55;76720,9;76720,9
02/09/2026 09:55:00;76720,9;76751,24;76612,61;76613,88
02/09/2026 10:00:00;76613,88;76805,61;76613,88;76784,24
02/09/2026 10:05:00;76784,24;76881,23;76744,0;76767,99
02/09/2026 10:10:00;76767,99;76816,0;76744,01;76744,02
02/09/2026 10:15:00;76744,02;76839,35;76744,01;76823,07
02/09/2026 10:20:00;76823,07;76830,47;76712,0;76778,03
02/09/2026 10:25:00;76778,03;76960,01;76748,0;76884,71
02/09/2026 10:30:00;76884,71;76884,71;76694,01;76774,28
02/09/2026 10:35:00;76774,28;76774,28;76625,01;76719,99
02/09/2026 10:40:00;76719,99;77400,0;76709,28;77360,0
02/09/2026 10:45:00;77360,0;77443,61;77102,0;77102,61
02/09/2026 10:50:00;77102,61;77288,08;77100,0;77122,72
02/09/2026 10:55:00;77122,72;77194,0;77000,0;77142,0
02/09/2026 11:00:00;77142,0;77204,0;77010,25;77085,99
02/09/2026 11:05:00;77114,0;77310,78;77056,732857;77195,2
02/09/2026 11:10:00;77233,99;77346,84;77193,755834;77346,83
02/09/2026 11:15:00;77346,83;77382,4;77260,01;77309,23
02/09/2026 11:20:00;77309,23;77490,0;77248,0;77261,57
02/09/2026 11:25:00;77261,57;77361,69;77232,28;77294,675928
02/09/2026 11:30:00;77294,675928;77311,645391;77110,0;77209,99
02/09/2026 11:35:00;77209,99;77216,16;77115,16;77140,222312
02/09/2026 11:40:00;77140,222312;77396,97;77140,222312;77324,97
02/09/2026 11:45:00;77324,97;77334,19;77176,01;77224,0
02/09/2026 11:50:00;77224,0;77240,0;77091,08;77120,53
02/09/2026 11:55:00;77120,53;77203,92;77066,42;77073,28
02/09/2026 12:00:00;77066,42;77182,0;76862,88;77070,4
02/09/2026 12:05:00;77070,4;77147,7;76824,01;76852,19
02/09/2026 12:10:00;76852,19;76852,19;76748,63;76750,314216
02/09/2026 12:15:00;76750,314216;77141,9;76750,314216;77132,85
02/09/2026 12:20:00;77132,85;77132,85;76950,0;77004,76
02/09/2026 12:25:00;77004,76;77102,550171;76984,64;77007,926057
02/09/2026 12:30:00;77007,926057;77356,702857;77004,19;77344,03519
02/09/2026 12:35:00;77344,03519;77344,03519;77144,0;77145,87
02/09/2026 12:40:00;77145,87;77386,0;77128,0;77369,78
02/09/2026 12:45:00;77369,78;77369,78;77171,5;77185,06
02/09/2026 12:50:00;77185,06;77239,99;77140,0;77224,55
02/09/2026 12:55:00;77224,55;77296,0;77224,55;77288,97
02/09/2026 13:00:00;77266,68;77296,0;77210,0;77296,0
02/09/2026 13:05:00;77296,0;77311,93;77233,540531;77294,91
02/09/2026 13:10:00;77303,38;77396,0;77264,43;77358,25
02/09/2026 13:15:00;77368,65;77494,0;77340,0;77482,78
02/09/2026 13:20:00;77482,78;77561,0;77438,0;77545,734643
02/09/2026 13:25:00;77545,734643;77581,99;77463,990976;77463,990976
02/09/2026 13:30:00;77463,990976;77571,23794;77463,990976;77530,69
02/09/2026 13:35:00;77530,69;77530,69;77392,0;77411,01
02/09/2026 13:40:00;77411,01;77411,01;77268,0;77268,0
02/09/2026 13:45:00;77268,0;77330,0;77232,01;77292,38
02/09/2026 13:50:00;77292,38;77303,09;77254,82;77265,26
02/09/2026 13:55:00;77265,26;77286,27;77171,5;77171,51
02/09/2026 14:00:00;77171,51;77246,0;77138,0;77190,0
02/09/2026 14:05:00;77190,0;77206,0;77066,42;77108,91
02/09/2026 14:10:00;77098,4;77165,47;77092,048227;77128,83
02/09/2026 14:15:00;77128,83;77172,231546;77007,87;77036,0
02/09/2026 14:20:00;77014,0;77080,32;76999,62;77066,31
02/09/2026 14:25:00;77066,31;77100,66;77060,49;77086,72
02/09/2026 14:30:00;77086,72;77223,99;77083,76;77166,036407
02/09/2026 14:35:00;77166,036407;77212,0;77127,58;77143,99
02/09/2026 14:40:00;77143,99;77308,91;77143,99;77308,91
02/09/2026 14:45:00;77308,91;77406,0;77308,91;77384,98
02/09/2026 14:50:00;77384,98;77392,26;77345,4;77345,4
02/09/2026 14:55:00;77345,4;77387,66;77328,16;77381,66
02/09/2026 15:00:00;77381,0;77392,333334;77326,05;77354,7
02/09/2026 15:05:00;77354,7;77428,93;77328,3;77428,93
02/09/2026 15:10:00;77428,93;77442,85;77367,17;77411,84
02/09/2026 15:15:00;77411,84;77523,99;77400,01;77444,0
02/09/2026 15:20:00;77444,0;77473,62;77385,72;77450,94
02/09/2026 15:25:00;77458,72;77481,15;77447,28;77447,28
02/09/2026 15:30:00;77447,28;77454,78;77395,99;77396,0
02/09/2026 15:35:00;77396,0;77423,75;77319,0;77319,0
02/09/2026 15:40:00;77319,0;77333,44;77301,312857;77314,0
02/09/2026 15:45:00;77329,57;77413,8;77297,6;77406,32
02/09/2026 15:50:00;77406,32;77406,32;77314,01;77349,31
02/09/2026 15:55:00;77360,01;77381,66;77324,067386;77377,76
02/09/2026 16:00:00;77377,76;77377,76;77334,58;77371,78
02/09/2026 16:05:00;77371,78;77396,0;77348,75;77388,69
02/09/2026 16:10:00;77388,69;77401,88;77328,0;77391,77
02/09/2026 16:15:00;77391,77;77416,0;77293,54;77308,48
02/09/2026 16:20:00;77308,48;77310,22;77240,0;77240,01
02/09/2026 16:25:00;77243,57;77243,57;77169,6;77169,6
02/09/2026 16:30:00;77169,6;77180,0;77132,29;77139,22
02/09/2026 16:35:00;77139,22;77184,0;77124,03;77184,0
02/09/2026 16:40:00;77184,0;77249,55;77184,0;77230,12
02/09/2026 16:45:00;77230,12;77252,01;77194,0;77217,79
02/09/2026 16:50:00;77239,09;77287,99;77185,35;77189,71
02/09/2026 16:55:00;77178,0;77335,07;77178,0;77332,82
02/09/2026 17:00:00;77320,78;77468,26;77320,0;77468,26
02/09/2026 17:05:00;77468,26;77520,0;77384,0;77387,88
02/09/2026 17:10:00;77382,35;77382,35;77287,78;77364,34
02/09/2026 17:15:00;77364,34;77364,34;77218,0;77248,2
02/09/2026 17:20:00;77319,99;77464,17;77282,415239;77442,32
02/09/2026 17:25:00;77442,32;77442,33;77381,65;77382,9
02/09/2026 17:30:00;77409,99;77460,0;77383,15;77459,99
02/09/2026 17:35:00;77459,99;77481,41;77426,0;77435,76
02/09/2026 17:40:00;77414,01;77444,0;77356,0;77369,99
02/09/2026 17:45:00;77370,0;77425,02;77306,923614;77386,01
02/09/2026 17:50:00;77372,81;77474,62;77370,925002;77426,78
02/09/2026 17:55:00;77426,78;77449,27;77402,26;77406,01
02/09/2026 18:00:00;77406,01;77406,01;77310,570234;77336,0
02/09/2026 18:05:00;77336,0;77346,89;77316,0;77316,01
02/09/2026 18:10:00;77316,0;77361,94;77316,0;77350,01
02/09/2026 18:15:00;77348,01;77348,01;77243,0;77262,06
02/09/2026 18:20:00;77262,06;77316,47;77262,06;77316,47
02/09/2026 18:25:00;77316,47;77316,47;77273,21;77283,48
02/09/2026 18:30:00;77283,48;77283,48;77242,0;77242,01
02/09/2026 18:35:00;77242,01;77377,27;77242,0;77377,27
02/09/2026 18:40:00;77377,27;77431,78;77350,38;77426,69
02/09/2026 18:45:00;77426,69;77426,69;77268,41;77276,57
02/09/2026 18:50:00;77276,57;77332,42;77276,0;77325,23
02/09/2026 18:55:00;77325,23;77347,11;77284,0;77284,0
02/09/2026 19:00:00;77284,0;77284,0;77180,39;77180,39
02/09/2026 19:05:00;77180,39;77180,39;77123,01;77124,91
02/09/2026 19:10:00;77124,91;77181,28;77076,0;77158,81
02/09/2026 19:15:00;77158,81;77171,51;77090,0;77090,01
02/09/2026 19:20:00;77072,21;77072,21;77052,33;77065,27
02/09/2026 19:25:00;77065,27;77065,28;77023,11;77026,83
02/09/2026 19:30:00;77026,83;77107,99;77024,52;77086,01
02/09/2026 19:35:00;77086,01;77145,96;77072,21;77126,4
02/09/2026 19:40:00;77126,4;77157,58;77118,0;77124,29
02/09/2026 19:45:00;77124,29;77124,29;77064,0;77064,0
02/09/2026 19:50:00;77064,01;77081,89;77032,76;77040,94
02/09/2026 19:55:00;77040,94;77050,0;77034,02;77034,03
02/09/2026 20:00:00;77034,03;77148,0;77007,36;77147,99
02/09/2026 20:05:00;77147,99;77216,0;77146,57;77215,99
02/09/2026 20:10:00;77215,99;77221,82;77202,58;77221,82
02/09/2026 20:15:00;77221,82;77221,82;77150,0;77150,0
02/09/2026 20:20:00;77150,0;77188,43;77142,0;77169,62
02/09/2026 20:25:00;77166,09;77202,0;77152,28;77195,08
02/09/2026 20:30:00;77195,08;77234,844238;77146,29;77146,3
02/09/2026 20:35:00;77138,8;77148,81;77135,1;77135,11
02/09/2026 20:40:00;77135,11;77145,99;77112,28;77145,99
02/09/2026 20:45:00;77145,99;77222,0;77145,99;77222,0
02/09/2026 20:50:00;77222,0;77324,2;77222,0;77282,0
02/09/2026 20:55:00;77282,0;77372,62;77282,0;77340,01
02/09/2026 21:00:00;77340,01;77394,0;77317,41;77350,01
02/09/2026 21:05:00;77350,01;77377,66;77180,7;77200,0
02/09/2026 21:10:00;77200,0;77254,12;77171,5;77171,51
02/09/2026 21:15:00;77171,51;77171,51;77108,87;77134,67
02/09/2026 21:20:00;77134,67;77135,09;77075,0;77118,95
02/09/2026 21:25:00;77099,51;77133,11;77035,87;77035,87
02/09/2026 21:30:00;77035,87;77035,88;77000,582467;77016,89
02/09/2026 21:35:00;77016,89;77108,0;76992,3;77089,17
02/09/2026 21:40:00;77089,17;77134,37;77080,42;77109,49
02/09/2026 21:45:00;77109,49;77138,0;77088,0;77088,0
02/09/2026 21:50:00;77088,0;77125,316997;77088,0;77119,916997
02/09/2026 21:55:00;77119,916997;77133,99;77032,83;77074,01
02/09/2026 22:00:00;77070,01;77146,0;76968,0;77113,87
02/09/2026 22:05:00;77113,87;77292,0;77113,87;77253,733046
02/09/2026 22:10:00;77253,733046;77427,502222;77252,638329;77427,502222
02/09/2026 22:15:00;77427,502222;77427,502222;77304,74;77304,74
02/09/2026 22:20:00;77304,74;77442,86;77300,31;77384,9
02/09/2026 22:25:00;77384,9;77425,322951;77351,643333;77416,52
02/09/2026 22:30:00;77438,0;77522,62;77409,23;77516,86
02/09/2026 22:35:00;77516,86;77519,854833;77324,01;77447,24
02/09/2026 22:40:00;77447,24;77486,74;77362,0;77426,39
02/09/2026 22:45:00;77426,39;77431,860609;77322,01;77352,05
02/09/2026 22:50:00;77352,05;77464,0;77295,09;77392,96
02/09/2026 22:55:00;77392,96;77441,76;77356,69;77356,7
02/09/2026 23:00:00;77356,69;77364,14;77308,0;77363,021634
02/09/2026 23:05:00;77363,021634;77363,021634;77238,89;77241,1
02/09/2026 23:10:00;77241,1;77487,794631;77241,1;77487,794631
02/09/2026 23:15:00;77487,794631;77499,99;77446,0;77498,84
02/09/2026 23:20:00;77498,84;77560,0;77442,45;77534,74
02/09/2026 23:25:00;77534,74;77568,447831;77484,01;77562,567474
02/09/2026 23:30:00;77562,567474;77788,99;77543,057954;77788,99
02/09/2026 23:35:00;77777,0;77887,99;77705,38;77757,425
02/09/2026 23:40:00;77757,425;77840,909999;77738,76;77770,48
02/09/2026 23:45:00;77781,5;77849,89;77744,47;77800,5
02/09/2026 23:50:00;77800,5;77873,08;77777,772857;77860,32
02/09/2026 23:55:00;77860,32;77873,07;77807,22;77816,02
03/09/2026 00:00:00;77816,02;77816,02;77714,0;77716,95
03/09/2026 00:05:00;77716,95;77741,78;77708,77;77718,01
03/09/2026 00:10:00;77718,01;77860,0;77704,88;77834,01
03/09/2026 00:15:00;77834,01;77880,0;77718,91;77876,88
03/09/2026 00:20:00;77876,88;77879,42;77764,24;77764,25
03/09/2026 00:25:00;77764,25;77810,83;77750,0;77750,0
03/09/2026 00:30:00;77750,0;77772,57;77704,72;77704,72
03/09/2026 00:35:00;77704,72;77704,73;77648,97;77668,87
03/09/2026 00:40:00;77668,87;77680,25;77647,93;77670,54
03/09/2026 00:45:00;77670,54;77682,0;77646,43;77682,0
03/09/2026 00:50:00;77682,0;77741,99;77681,99;77741,98
03/09/2026 00:55:00;77741,98;77741,98;77708,0;77708,0
03/09/2026 01:00:00;77708,0;77765,52;77708,0;77746,34
03/09/2026 01:05:00;77746,34;77780,52;77734,0;77769,0
03/09/2026 01:10:00;77769,0;77833,1;77628,0;77644,26
03/09/2026 01:15:00;77644,26;77656,52;77558,0;77592,29
03/09/2026 01:20:00;77592,29;77631,58;77550,01;77631,57
03/09/2026 01:25:00;77631,57;77631,57;77556,478;77556,478
03/09/2026 01:30:00;77556,478;77619,36;77556,478;77602,22
03/09/2026 01:35:00;77591,62;77611,63;77591,62;77600,11
03/09/2026 01:40:00;77600,11;77636,435655;77590,35;77636,435655
03/09/2026 01:45:00;77636,435655;77640,0;77608,62248;77637,67
03/09/2026 01:50:00;77637,67;77792,24;77637,67;77787,31
03/09/2026 01:55:00;77787,31;77787,31;77716,0;77769,92
03/09/2026 02:00:00;77769,92;77824,0;77754,0;77754,01
03/09/2026 02:05:00;77754,01;77754,42;77676,88;77693,95
03/09/2026 02:10:00;77693,95;77734,0;77608,0;77636,35
03/09/2026 02:15:00;77636,35;77648,0;77486,73;77486,74
03/09/2026 02:20:00;77456,65;77456,65;77267,198446;77276,58
03/09/2026 02:25:00;77276,58;77276,677666;77101,02;77200,01
03/09/2026 02:30:00;77200,01;77327,65;77172,12;77309,956666
03/09/2026 02:35:00;77309,956666;77443,638334;77309,956666;77368,925003
03/09/2026 02:40:00;77368,925003;77514,0;77368,925003;77486,73
03/09/2026 02:45:00;77486,73;77526,0;77408,09;77470,28
03/09/2026 02:50:00;77470,28;77721,5;77470,28;77681,43
03/09/2026 02:55:00;77681,43;77829,79;77681,43;77809,9
03/09/2026 03:00:00;77809,9;77856,15;77728,0;77736,9
03/09/2026 03:05:00;77736,9;77788,14;77703,47;77727,09
03/09/2026 03:10:00;77727,09;77756,0;77698,75;77709,86
03/09/2026 03:15:00;77709,86;77780,92;77706,27;77774,83
03/09/2026 03:20:00;77774,83;77777,7;77743,47;77748,0
03/09/2026 03:25:00;77748,0;77775,56;77734,0;77748,47
03/09/2026 03:30:00;77748,47;77799,99;77724,0;77799,99
03/09/2026 03:35:00;77799,99;77799,99;77766,0;77774,47
03/09/2026 03:40:00;77774,47;77828,67;77756,5;77828,67
03/09/2026 03:45:00;77828,67;77836,4;77786,77;77833,99
03/09/2026 03:50:00;77833,99;77836,39;77770,4;77782,37
03/09/2026 03:55:00;77782,37;77835,19;77782,37;77835,19
03/09/2026 04:00:00;77835,19;78144,99;77812,0;78144,99
03/09/2026 04:05:00;78144,99;78180,23;78006,01;78006,02
03/09/2026 04:10:00;78006,02;78124,0;77980,5;78061,84
03/09/2026 04:15:00;78061,84;78061,84;77935,34;77968,49
03/09/2026 04:20:00;77968,49;78022,12;77924,99;77959,03
03/09/2026 04:25:00;77959,03;77982,0;77887,13;77954,02
03/09/2026 04:30:00;77954,02;77954,02;77862,05;77921,03
03/09/2026 04:35:00;77921,03;77973,79;77900,0;77973,79
03/09/2026 04:40:00;77973,79;78068,75;77900,0;77900,0
03/09/2026 04:45:00;77900,0;77938,9;77746,81;77746,81
03/09/2026 04:50:00;77746,81;77746,81;77664,0;77678,87
03/09/2026 04:55:00;77678,87;77683,63;77600,0;77679,55
03/09/2026 05:00:00;77679,55;77894,5825;77656,993;77656,993
03/09/2026 05:05:00;77656,993;78066,0;77656,993;77930,57
03/09/2026 05:10:00;77930,57;78004,0;77887,0;77935,0
03/09/2026 05:15:00;77935,0;77938,34;77879,11;77935,83
03/09/2026 05:20:00;77935,83;77958,0;77826,18;77873,99
03/09/2026 05:25:00;77873,99;77979,14;77838,15;77979,13
03/09/2026 05:30:00;77979,13;77993,46;77943,31;77947,62
03/09/2026 05:35:00;77947,62;77976,5;77929,64;77929,64
03/09/2026 05:40:00;77929,64;77952,48;77872,33;77882,77
03/09/2026 05:45:00;77882,77;77907,06;77786,81;77811,57
03/09/2026 05:50:00;77811,57;77830,25;77766,0;77828,73
03/09/2026 05:55:00;77828,73;77862,0;77823,37;77843,33
03/09/2026 06:00:00;77843,33;77843,34;77810,79;77829,56
03/09/2026 06:05:00;77829,56;77895,48;77807,99;77890,02
03/09/2026 06:10:00;77890,02;77975,46;77853,29;77874,35
03/09/2026 06:15:00;77874,35;77913,76;77841,47;77841,48
03/09/2026 06:20:00;77841,48;77876,0;77818,01;77828,486666
03/09/2026 06:25:00;77828,486666;77836,02;77742,67;77742,67
03/09/2026 06:30:00;77742,67;77769,17;77734,0;77747,12
03/09/2026 06:35:00;77747,12;77774,77;77733,802451;77736,973465
03/09/2026 06:40:00;77736,973465;77737,51;77660,63;77724,35
03/09/2026 06:45:00;77724,36;77783,56;77666,91;77706,95
03/09/2026 06:50:00;77706,95;77710,764286;77624,11;77649,99
03/09/2026 06:55:00;77633,67;77668,84;77608,01;77615,25
03/09/2026 07:00:00;77615,25;77651,49;77587,463333;77651,49
03/09/2026 07:05:00;77651,49;77680,8;77591,81;77658,81
03/09/2026 07:10:00;77658,81;77664,0;77540,0;77562,89
03/09/2026 07:15:00;77562,89;77620,0;77528,74;77617,48
03/09/2026 07:20:00;77617,48;77708,0;77617,48;77650,0
03/09/2026 07:25:00;77650,0;77660,0;77609,53;77630,96
03/09/2026 07:30:00;77630,96;77650,59;77506,6;77506,61
03/09/2026 07:35:00;77506,61;77547,03;77500,0;77547,02
03/09/2026 07:40:00;77547,02;77547,02;77478,0;77508,66
03/09/2026 07:45:00;77508,66;77593,24;77502,33;77578,68
03/09/2026 07:50:00;77578,68;77773,26;77578,67;77715,0
03/09/2026 07:55:00;77715,0;77770,0;77702,0;77735,88
03/09/2026 08:00:00;77735,88;77790,0;77709,52;77751,99
03/09/2026 08:05:00;77751,99;77822,88;77734,18;77812,92
03/09/2026 08:10:00;77812,92;77822,89;77758,7;77822,89
03/09/2026 08:15:00;77822,89;77945,67;77822,89;77925,48
03/09/2026 08:20:00;77925,48;77934,0;77848,0;77900,01
03/09/2026 08:25:00;77900,01;77959,03;77900,01;77927,2
03/09/2026 08:30:00;77927,2;77974,74;77838,54;77938,0
03/09/2026 08:35:00;77938,0;77950,0;77878,01;77947,32
03/09/2026 08:40:00;77947,32;77982,0;77926,0;77929,12
03/09/2026 08:45:00;77929,12;78004,94;77884,0;77895,15
03/09/2026 08:50:00;77895,15;77941,68;77895,14;77901,98
03/09/2026 08:55:00;77901,98;77983,85;77901,7;77948,39
03/09/2026 09:00:00;77948,39;77948,39;77900,0;77939,99
03/09/2026 09:05:00;77939,99;77958,0;77896,07;77958,0
03/09/2026 09:10:00;77958,0;78100,0;77951,53;78086,02
03/09/2026 09:15:00;78086,02;78142,01;77948,96;78002,67
03/09/2026 09:20:00;78002,67;78012,0;77948,96;77989,24
03/09/2026 09:25:00;77989,24;77991,23;77954,0;77970,09
03/09/2026 09:30:00;77970,09;78435,85;77970,09;78292,0
03/09/2026 09:35:00;78292,0;78400,0;78200,0;78354,0
03/09/2026 09:40:00;78354,0;78408,0;78267,82;78308,0
03/09/2026 09:45:00;78308,0;78390,36;78262,97;78360,66
03/09/2026 09:50:00;78360,66;78541,006494;78352,13;78538,711503
03/09/2026 09:55:00;78538,711503;78780,7;78538,711503;78652,37
03/09/2026 10:00:00;78568,5;78708,79;78541,259383;78575,29
03/09/2026 10:05:00;78575,29;78613,545241;78521,29;78532,81
03/09/2026 10:10:00;78532,81;78596,0;78518,82;78548,6
03/09/2026 10:15:00;78548,6;78562,52;78471,25;78489,38
03/09/2026 10:20:00;78489,38;78600,0;78450,25;78595,506002
03/09/2026 10:25:00;78595,506002;78595,506002;78482,85;78494,83
03/09/2026 10:30:00;78494,83;78681,172;78458,37;78671,868667
03/09/2026 10:35:00;78671,868667;78830,56;78516,0;78812,92
03/09/2026 10:40:00;78812,92;78925,9475;78774,0;78925,9475
03/09/2026 10:45:00;78925,9475;78999,99;78801,24;78830,31
03/09/2026 10:50:00;78830,31;78968,72;78780,0;78781,76
03/09/2026 10:55:00;78781,76;78862,0;78746,03;78840,52
03/09/2026 11:00:00;78840,52;78920,0;78704,0;78894,1
03/09/2026 11:05:00;78891,5;78940,0;78858,93;78939,73
03/09/2026 11:10:00;78939,73;78987,3;78842,024763;78987,3
03/09/2026 11:15:00;78987,3;79136,0;78987,3;79016,59
03/09/2026 11:20:00;79016,59;79325,99;79016,59;79325,99
03/09/2026 11:25:00;79325,99;79678,76;79325,99;79677,63
03/09/2026 11:30:00;79677,42;79872,97;79677,42;79754,74
03/09/2026 11:35:00;79754,74;79858,14;79664,03;79674,22
03/09/2026 11:40:00;79676,01;79863,99;79632,013446;79761,02
03/09/2026 11:45:00;79761,02;80492,0;79761,02;80384,36
03/09/2026 11:50:00;80384,36;80468,36;80100,09;80256,68
03/09/2026 11:55:00;80256,68;80559,07;80139,98;80555,34
03/09/2026 12:00:00;80555,34;80958,68;80494,01;80811,99
03/09/2026 12:05:00;80811,99;80877,97;80580,76;80583,25
03/09/2026 12:10:00;80583,25;80626,524414;80354,65;80557,84
03/09/2026 12:15:00;80557,84;80649,55;80474,0;80605,87
03/09/2026 12:20:00;80605,87;80777,99;80540,0;80748,0
03/09/2026 12:25:00;80748,0;80782,53;80638,66;80743,75
03/09/2026 12:30:00;80743,75;80882,0;80690,0;80870,0
03/09/2026 12:35:00;80870,0;80968,0;80762,0;80968,0
03/09/2026 12:40:00;80968,0;80999,98;80861,21;80861,21
03/09/2026 12:45:00;80887,64;80887,64;80731,18;80791,5
03/09/2026 12:50:00;80791,5;81279,0;80778,52;81270,63
03/09/2026 12:55:00;81270,63;81358,320951;81145,05;81331,28
03/09/2026 13:00:00;81348,0;81360,0;80792,01;80832,88
03/09/2026 13:05:00;80832,88;81063,99;80791,76;80982,19
03/09/2026 13:10:00;80982,19;81050,0;80904,0;80957,99
03/09/2026 13:15:00;80957,98;80957,98;80707,54;80709,41
03/09/2026 13:20:00;80709,41;80866,0;80700,0;80741,39
03/09/2026 13:25:00;80741,39;80752,08128;80571,99128;80571,99128
03/09/2026 13:30:00;80571,99128;80924,99;80571,99128;80924,99
03/09/2026 13:35:00;80866,22;80890,0;80792,92;80840,67
03/09/2026 13:40:00;80840,67;80875,96;80770,0;80801,02
03/09/2026 13:45:00;80801,02;81027,65;80777,03;80996,06
03/09/2026 13:50:00;80996,06;81035,99;80896,67;80971,1
03/09/2026 13:55:00;80971,1;81009,77;80916,41;80969,36
03/09/2026 14:00:00;80969,36;80980,0;80898,14;80980,0
03/09/2026 14:05:00;80980,0;81039,6;80953,54492;81005,84
03/09/2026 14:10:00;81005,84;81110,18;80969,83;81092,51
03/09/2026 14:15:00;81127,99;81145,87;81050,0;81050,01
03/09/2026 14:20:00;81050,01;81082,1;80983,18;80983,19
03/09/2026 14:25:00;80983,19;81068,0;80966,0;80997,24
03/09/2026 14:30:00;80997,24;81123,99;80997,23;81115,82
03/09/2026 14:35:00;81115,82;81158,13;81066,0;81150,0
03/09/2026 14:40:00;81150,0;81165,0;81078,37;81078,58
03/09/2026 14:45:00;81078,58;81188,16;81046,52;81151,1
03/09/2026 14:50:00;81096,0;81129,63;81017,94;81017,94
03/09/2026 14:55:00;81017,94;81063,86;81006,0;81042,0
03/09/2026 15:00:00;81042,0;81234,61;81019,58;81170,26
03/09/2026 15:05:00;81170,26;81282,405382;81150,0;81281,985639
03/09/2026 15:10:00;81281,985639;81306,98;81167,47;81259,87
03/09/2026 15:15:00;81259,87;81281,07;81137,19;81137,19
03/09/2026 15:20:00;81137,19;81162,39;81019,25;81084,11
03/09/2026 15:25:00;81084,11;81084,11;80948,0;80948,0
03/09/2026 15:30:00;80948,0;80979,68;80904,0;80950,0
03/09/2026 15:35:00;80950,01;81029,135;80950,0;81029,135
03/09/2026 15:40:00;81029,135;81046,0;80961,729999;80979,5
03/09/2026 15:45:00;80979,5;81042,0;80963,24;81042,0
03/09/2026 15:50:00;81042,0;81189,99;81037,69;81172,64
03/09/2026 15:55:00;81172,64;81263,63;81172,64;81254,31
03/09/2026 16:00:00;81254,31;81419,99;81216,99;81419,99
03/09/2026 16:05:00;81419,99;81422,933333;81172,0;81271,99
03/09/2026 16:10:00;81271,99;81275,453443;81184,0;81200,0
03/09/2026 16:15:00;81200,0;81361,99;81177,69;81360,0
03/09/2026 16:20:00;81360,0;81583,24;81360,0;81542,016032
03/09/2026 16:25:00;81542,016032;81559,944999;81401,29;81559,944999
03/09/2026 16:30:00;81559,944999;81559,944999;81380,3;81421,53
03/09/2026 16:35:00;81421,53;81516,01;81390,0;81516,01
03/09/2026 16:40:00;81516,01;81586,43;81492,00988;81540,0
03/09/2026 16:45:00;81540,0;81628,0;81452,78;81452,78
03/09/2026 16:50:00;81452,78;81705,52;81452,78;81641,862687
03/09/2026 16:55:00;81641,862687;81793,665714;81637,694327;81758,160297
03/09/2026 17:00:00;81758,160297;81780,0;81402,07;81614,51
03/09/2026 17:05:00;81632,0;81719,86;81528,82;81719,86
03/09/2026 17:10:00;81719,86;81719,86;81492,74;81495,313335
03/09/2026 17:15:00;81495,313335;81540,91;81402,37;81464,17
03/09/2026 17:20:00;81464,17;81486,0;81392,74;81415,37
03/09/2026 17:25:00;81415,37;81578,502183;81394,52;81535,57
03/09/2026 17:30:00;81535,58;81578,0;81456,8;81459,04
03/09/2026 17:35:00;81459,04;81631,99;81407,81;81578,01
03/09/2026 17:40:00;81578,01;81578,01;81468,9;81470,0
03/09/2026 17:45:00;81470,0;81564,17;81429,06;81542,48
03/09/2026 17:50:00;81542,48;81576,02;81434,45;81441,75
03/09/2026 17:55:00;81441,75;81496,0;81416,01;81483,0
03/09/2026 18:00:00;81483,0;81487,12;81351,2;81377,39
03/09/2026 18:05:00;81377,39;81399,39;81300,87;81384,62
03/09/2026 18:10:00;81384,62;81620,18;81384,62;81598,01
03/09/2026 18:15:00;81598,01;81668,0;81506,55;81565,48
03/09/2026 18:20:00;81565,48;81636,27;81510,53;81536,08
03/09/2026 18:25:00;81536,08;81722,132226;81516,95;81722,132226
03/09/2026 18:30:00;81722,132226;82279,79;81722,132226;82087,18
03/09/2026 18:35:00;82087,18;82087,18;81646,56;81646,56
03/09/2026 18:40:00;81646,56;81683,99;81522,54;81522,54
03/09/2026 18:45:00;81522,54;81673,21;81416,0;81673,21
03/09/2026 18:50:00;81673,21;81748,0;81624,03;81740,62
03/09/2026 18:55:00;81740,62;81740,62;81582,01;81590,0
03/09/2026 19:00:00;81542,01;81562,0;81397,549049;81554,09
03/09/2026 19:05:00;81554,09;81589,3;81422,03;81441,69
03/09/2026 19:10:00;81441,69;81441,69;81270,0;81378,34
03/09/2026 19:15:00;81378,34;81399,39;81300,0;81300,01
03/09/2026 19:20:00;81300,01;81363,39;81256,0;81275,34
03/09/2026 19:25:00;81275,34;81283,99;81124,52;81131,82
03/09/2026 19:30:00;81131,82;81187,49;80905,15;81025,19
03/09/2026 19:35:00;81025,19;81197,56;81016,39;81117,17
03/09/2026 19:40:00;81117,17;81239,59;81117,17;81194,94
03/09/2026 19:45:00;81194,94;81272,0;81162,0;81162,0
03/09/2026 19:50:00;81162,0;81194,26;81064,14;81136,19
03/09/2026 19:55:00;81136,19;81198,0;81105,64;81140,0
03/09/2026 20:00:00;81140,0;81184,8;81112,0;81184,8
03/09/2026 20:05:00;81184,8;81213,01;81178,92;81178,92
03/09/2026 20:10:00;81178,92;81210,0;81078,0;81172,01
03/09/2026 20:15:00;81172,01;81265,99;81164,0;81219,48
03/09/2026 20:20:00;81219,48;81226,53;81184,23;81184,24
03/09/2026 20:25:00;81184,24;81243,63;81160,01;81243,63
03/09/2026 20:30:00;81243,63;81249,118571;81126,01;81187,21
03/09/2026 20:35:00;81187,21;81320,19;81176,52;81315,37
03/09/2026 20:40:00;81315,37;81338,0;81209,85;81234,01
03/09/2026 20:45:00;81234,01;81253,94;81181,95;81230,17
03/09/2026 20:50:00;81230,17;81328,73;81230,17;81270,01
03/09/2026 20:55:00;81295,63;81295,63;81239,79;81270,38
03/09/2026 21:00:00;81270,38;81270,38;81105,16;81166,0
03/09/2026 21:05:00;81166,0;81221,71;81084,0;81220,9
03/09/2026 21:10:00;81220,9;81251,99;81158,34;81243,99
03/09/2026 21:15:00;81243,99;81348,0;81154,02;81185,11
03/09/2026 21:20:00;81185,11;81307,64;81173,34;81260,15
03/09/2026 21:25:00;81260,15;81260,15;81150,0;81156,03
03/09/2026 21:30:00;81156,03;81299,99;81143,16;81299,99
03/09/2026 21:35:00;81300,0;81390,26;81299,99;81390,25
03/09/2026 21:40:00;81390,25;81427,75;81142,2;81224,0
03/09/2026 21:45:00;81224,0;81236,0;81096,73;81138,06
03/09/2026 21:50:00;81138,06;81138,07;81005,06;81033,85
03/09/2026 21:55:00;81033,85;81050,0;80960,0;80972,12
03/09/2026 22:00:00;80972,12;81072,26;80938,0;80938,01
03/09/2026 22:05:00;80938,01;81097,91;80909,22;81042,37
03/09/2026 22:10:00;81042,38;81075,99;80926,01;80944,19
03/09/2026 22:15:00;80944,19;81022,0;80916,03;80916,03
03/09/2026 22:20:00;80916,03;80992,0;80797,6;80797,6
03/09/2026 22:25:00;80797,6;80900,0;80786,44;80827,07
03/09/2026 22:30:00;80827,07;80931,39;80793,93;80808,62
03/09/2026 22:35:00;80808,62;80911,99;80794,33;80838,3
03/09/2026 22:40:00;80838,3;80844,09;80769,9;80785,01
03/09/2026 22:45:00;80785,01;80890,6;80778,75;80890,6
03/09/2026 22:50:00;80869,44;80990,0;80868,66;80975,7
03/09/2026 22:55:00;80975,7;81020,073457;80951,99;80968,01
03/09/2026 23:00:00;80968,01;80968,01;80820,67;80827,8
03/09/2026 23:05:00;80827,8;80874,0;80782,71;80799,05
03/09/2026 23:10:00;80799,05;80829,89;80777,99;80799,51
03/09/2026 23:15:00;80799,51;80870,01;80748,02;80753,79
03/09/2026 23:20:00;80740,28;80740,28;80690,01;80690,01
03/09/2026 23:25:00;80690,01;80725,98;80685,71;80685,71
03/09/2026 23:30:00;80685,71;80809,1;80685,71;80768,14
03/09/2026 23:35:00;80768,14;80846,25;80696,195354;80746,19
03/09/2026 23:40:00;80746,19;80812,48;80746,19;80774,44
03/09/2026 23:45:00;80774,44;80774,44;80669,8;80669,8
03/09/2026 23:50:00;80669,8;80764,0;80669,8;80764,0
03/09/2026 23:55:00;80764,0;80831,79;80764,0;80831,79
04/09/2026 00:00:00;80869,27;80948,0;80869,27;80887,46
04/09/2026 00:05:00;80887,46;81006,37;80884,0;80967,76
04/09/2026 00:10:00;80967,76;80967,77;80897,64;80931,79
04/09/2026 00:15:00;80931,79;80947,99;80894,75;80910,58
04/09/2026 00:20:00;80910,57;80943,49;80900,51;80925,5
04/09/2026 00:25:00;80925,5;80925,5;80842,0;80860,01
04/09/2026 00:30:00;80860,01;80886,54;80832,459485;80856,292515
04/09/2026 00:35:00;80856,292515;80895,492477;80839,599863;80839,599863
04/09/2026 00:40:00;80839,599863;80892,58097;80834,411891;80867,42
04/09/2026 00:45:00;80867,42;80974,534588;80865,973684;80944,280393
04/09/2026 00:50:00;80944,280393;80962,044775;80903,292358;80934,124715
04/09/2026 00:55:00;80934,124715;80934,124715;80848,681607;80848,681607
04/09/2026 01:00:00;80848,681607;80852,199362;80818,900902;80851,277809
04/09/2026 01:05:00;80851,277809;80868,303483;80840,08396;80845,96476
04/09/2026 01:10:00;80845,96476;80974,276674;80845,96476;80974,221457
04/09/2026 01:15:00;80974,221457;81110,223646;80964,782767;81110,223646
04/09/2026 01:20:00;81110,223646;81197,6234;81110,223646;81196,93573
04/09/2026 01:25:00;81196,93573;81316,103848;81180,572662;81282,556185
04/09/2026 01:30:00;81282,556185;81322,006538;81267,707684;81300,627742
04/09/2026 01:35:00;81300,627742;81311,738999;81070,383478;81079,607304
04/09/2026 01:40:00;81079,607304;81102,305689;81020,522928;81039,19
04/09/2026 01:45:00;81034,222923;81108,777933;81024,851304;81056,596378
04/09/2026 01:50:00;81056,596378;81106,07;81042,1;81069,43937
04/09/2026 01:55:00;81069,43937;81133,05;81056,197587;81069,350544
04/09/2026 02:00:00;81069,350544;81069,350544;80974,168332;81022,414668
04/09/2026 02:05:00;81022,414668;81068,025137;80990,0;81035,148248
04/09/2026 02:10:00;81035,148248;81064,507737;80987,277141;80987,277141
04/09/2026 02:15:00;80987,277141;81135,279325;80953,221351;81117,949882
04/09/2026 02:20:00;81117,949882;81117,949882;81051,84;81117,189412
04/09/2026 02:25:00;81117,189412;81127,721804;81030,700367;81032,80849
04/09/2026 02:30:00;81032,80849;81032,80849;80907,938644;80975,009551
04/09/2026 02:35:00;80975,009551;81010,59;80923,782722;80923,782722
04/09/2026 02:40:00;80923,782722;80975,435961;80920,47;80953,015625
04/09/2026 02:45:00;80953,015625;80995,295903;80895,550302;80895,550302
04/09/2026 02:50:00;80895,550302;80903,913357;80867,558224;80868,01
04/09/2026 02:55:00;80868,0;81006,891149;80863,14;80943,723239
04/09/2026 03:00:00;80943,723239;80944,220826;80869,02493;80937,88
04/09/2026 03:05:00;80937,88;80975,234206;80913,851866;80969,364227
04/09/2026 03:10:00;80969,364227;81069,84;80950,2415;80969,37
04/09/2026 03:15:00;80969,37;80984,421648;80952,62019;80973,419737
04/09/2026 03:20:00;80973,419737;80973,425113;80891,551562;80896,530616
04/09/2026 03:25:00;80896,530616;80896,530616;80700,0;80724,993004
04/09/2026 03:30:00;80724,993004;80753,321038;80694,69151;80697,817794
04/09/2026 03:35:00;80697,817794;80758,03178;80604,89;80744,507013
04/09/2026 03:40:00;80744,507013;80796,655314;80736,46345;80751,729795
04/09/2026 03:45:00;80751,729795;80836,08;80746,986885;80771,517798
04/09/2026 03:50:00;80771,517798;80778,0;80700,02;80778,0
04/09/2026 03:55:00;80778,0;80800,0;80750,0;80797,39
04/09/2026 04:00:00;80797,39;80893,09;80789,61;80893,08
04/09/2026 04:05:00;80893,08;80928,98;80866,0;80920,95
04/09/2026 04:10:00;80920,95;80962,94;80909,78;80940,189625
04/09/2026 04:15:00;80940,189625;80940,189625;80856,0;80912,18
04/09/2026 04:20:00;80912,18;80958,070688;80846,817664;80851,067159
04/09/2026 04:25:00;80851,067159;80903,552771;80846,01;80862,081688
04/09/2026 04:30:00;80862,081688;80905,067671;80845,090602;80852,701097
04/09/2026 04:35:00;80852,701097;80852,701097;80744,0;80778,0
04/09/2026 04:40:00;80778,0;80800,0;80756,45;80769,92
04/09/2026 04:45:00;80769,92;80785,36;80720,48;80740,54
04/09/2026 04:50:00;80740,54;80751,3;80694,01;80695,23
04/09/2026 04:55:00;80695,23;80711,17;80641,65;80656,87
04/09/2026 05:00:00;80656,87;80700,0;80632,0;80632,01
04/09/2026 05:05:00;80632,01;80728,0;80523,02;80712,89
04/09/2026 05:10:00;80712,89;80760,0;80704,01;80759,99
04/09/2026 05:15:00;80759,99;80872,0;80759,99;80872,0
04/09/2026 05:20:00;80872,0;80919,99;80856,61;80919,99
04/09/2026 05:25:00;80919,99;80997,36;80919,99;80982,56
04/09/2026 05:30:00;80982,56;81146,0;80974,0;81108,01
04/09/2026 05:35:00;81108,01;81145,93;81061,26;81099,87
04/09/2026 05:40:00;81099,87;81152,0;81036,0;81048,3
04/09/2026 05:45:00;81048,3;81210,53;81000,01;81116,4
04/09/2026 05:50:00;81116,4;81237,0;81100,0;81215,31
04/09/2026 05:55:00;81215,31;81215,31;81120,0;81147,16
04/09/2026 06:00:00;81147,16;81229,99;81126,54;81168,73
04/09/2026 06:05:00;81168,73;81194,0;81100,87;81123,99
04/09/2026 06:10:00;81123,99;81169,7;81081,94;81091,16
04/09/2026 06:15:00;81091,16;81317,686425;81091,16;81244,131326
04/09/2026 06:20:00;81244,131326;81254,50422;81002,88;81202,873761
04/09/2026 06:25:00;81202,873761;81229,737286;80962,377583;81010,0
04/09/2026 06:30:00;81010,0;81144,0;80975,366425;81082,01
04/09/2026 06:35:00;81082,01;81216,0;81031,62;81162,23
04/09/2026 06:40:00;81162,23;81224,76;81143,09;81169,09
04/09/2026 06:45:00;81169,09;81223,97;81074,67;81105,9
04/09/2026 06:50:00;81105,9;81128,0;81031,96;81113,47
04/09/2026 06:55:00;81113,47;81187,51;81035,47;81056,64
04/09/2026 07:00:00;81056,64;81124,0;80976,01;81113,99
04/09/2026 07:05:00;81113,99;81114,0;80918,82;80926,45
04/09/2026 07:10:00;80926,45;81009,99;80902,73;80962,0
04/09/2026 07:15:00;80962,0;80976,0;80836,56;80851,77
04/09/2026 07:20:00;80851,77;80897,01;80831,14;80864,0
04/09/2026 07:25:00;80864,0;80968,82;80846,24;80961,18
04/09/2026 07:30:00;80961,18;81055,24;80906,26;80964,01
04/09/2026 07:35:00;80964,01;81091,75;80964,0;81091,74
04/09/2026 07:40:00;81091,74;81116,9;81032,0;81069,84
04/09/2026 07:45:00;81069,84;81110,68;81046,54;81080,69
04/09/2026 07:50:00;81080,69;81108,0;81028,0;81107,99
04/09/2026 07:55:00;81107,99;81189,86;81107,99;81179,64
04/09/2026 08:00:00;81179,64;81187,59;81080,02;81109,4
04/09/2026 08:05:00;81109,4;81185,0;81109,39;81172,82
04/09/2026 08:10:00;81172,82;81229,3;81134,0;81187,15
04/09/2026 08:15:00;81187,15;81227,52;81135,06;81225,06
04/09/2026 08:20:00;81225,06;81291,99;81181,91;81276,25
04/09/2026 08:25:00;81276,25;81399,685;81263,39;81399,685
04/09/2026 08:30:00;81399,685;81411,883203;81249,0;81279,18
04/09/2026 08:35:00;81279,18;81324,0;81249,34;81291,57
04/09/2026 08:40:00;81291,57;81291,58;81200,0;81247,99
04/09/2026 08:45:00;81260,46;81263,179334;81208,0;81246,31
04/09/2026 08:50:00;81246,32;81332,07;81240,33;81278,0
04/09/2026 08:55:00;81278,0;81321,73;81208,0;81208,0
04/09/2026 09:00:00;81224,86;81262,0;81151,97;81151,97
04/09/2026 09:05:00;81151,97;81271,98;81139,69;81222,17
04/09/2026 09:10:00;81222,17;81259,84;81138,0;81246,07
04/09/2026 09:15:00;81246,07;81286,5;81130,01;81168,0
04/09/2026 09:20:00;81168,0;81223,84;81138,01;81216,99
04/09/2026 09:25:00;81215,19;81350,0;81205,886666;81348,88
04/09/2026 09:30:00;81348,88;81348,88;79673,05;79837,4165
04/09/2026 09:35:00;79837,4165;79950,01;79414,01;79950,01
04/09/2026 09:40:00;79950,01;80112,0;79713,59;79713,59
04/09/2026 09:45:00;79616,61;79616,737879;79177,77;79450,57
04/09/2026 09:50:00;79450,57;79654,0;79340,0;79615,99
04/09/2026 09:55:00;79615,99;79615,99;79327,55;79453,95
04/09/2026 10:00:00;79453,95;79583,97;79381,28;79410,0
04/09/2026 10:05:00;79410,0;79458,81;79189,0;79293,59
04/09/2026 10:10:00;79293,59;79348,0;79207,0;79229,42
04/09/2026 10:15:00;79229,42;79411,75;79205,9;79351,34
04/09/2026 10:20:00;79351,34;79452,0;79333,49;79348,23
04/09/2026 10:25:00;79348,23;79473,737503;79291,99;79312,0
04/09/2026 10:30:00;79312,0;79544,23;79200,0;79238,21
04/09/2026 10:35:00;79133,85;79426,0;79000,0;79349,76
04/09/2026 10:40:00;79349,76;79436,0;79274,0;79402,0
04/09/2026 10:45:00;79402,0;79702,0;79332,01;79663,77
04/09/2026 10:50:00;79663,77;79667,28;79266,367143;79287,35
04/09/2026 10:55:00;79287,36;79515,3;79287,36;79378,66
04/09/2026 11:00:00;79378,66;79572,0;79352,0;79480,41
04/09/2026 11:05:00;79480,41;79536,24;79261,92;79292,5
04/09/2026 11:10:00;79292,5;79474,0;79258,25;79414,0
04/09/2026 11:15:00;79414,0;79508,95;79228,01;79228,01
04/09/2026 11:20:00;79190,68;79353,81;79092,0;79322,0
04/09/2026 11:25:00;79322,0;79417,99;79308,0;79378,59
04/09/2026 11:30:00;79378,59;79420,0;79314,88;79399,99
04/09/2026 11:35:00;79399,99;79470,0;79250,38;79325,64
04/09/2026 11:40:00;79325,65;79325,65;78928,9;79025,99
04/09/2026 11:45:00;79025,99;79144,0;78678,79;78686,98
04/09/2026 11:50:00;78686,98;78920,33;78660,0;78814,2
04/09/2026 11:55:00;78814,2;78997,17;78814,2;78915,7
04/09/2026 12:00:00;78915,7;79016,2;78800,0;79000,28
04/09/2026 12:05:00;79000,28;79198,85;78958,0;79198,85
04/09/2026 12:10:00;79198,85;79198,85;79093,8;79198,84
04/09/2026 12:15:00;79198,84;79291,92;79172,01;79254,22
04/09/2026 12:20:00;79254,22;79304,0;79226,06;79303,99
04/09/2026 12:25:00;79303,99;79436,29;79303,99;79417,638182
04/09/2026 12:30:00;79417,638182;79440,0;79362,993214;79433,769441
04/09/2026 12:35:00;79433,769441;79534,7;79415,474406;79534,7
04/09/2026 12:40:00;79534,7;79543,46;79501,56;79520,96
04/09/2026 12:45:00;79520,96;79568,105636;79438,0;79568,105636
04/09/2026 12:50:00;79568,105636;79568,105636;79395,51;79430,81
04/09/2026 12:55:00;79430,81;79492,0;79404,0;79422,9
04/09/2026 13:00:00;79422,9;79472,0;79378,2;79416,01
04/09/2026 13:05:00;79416,01;79530,43;79410,27;79468,22
04/09/2026 13:10:00;79482,0;79516,2;79454,0;79454,0
04/09/2026 13:15:00;79454,0;79510,37;79440,0;79472,0
04/09/2026 13:20:00;79472,0;79522,0;79464,37;79518,71
04/09/2026 13:25:00;79518,71;79574,01;79493,4;79549,34
04/09/2026 13:30:00;79549,34;79772,23;79543,3;79742,84
04/09/2026 13:35:00;79742,84;79778,72;79695,39;79699,85
04/09/2026 13:40:00;79699,85;79872,761669;79699,85;79872,761669
04/09/2026 13:45:00;79872,761669;79872,761669;79748,0;79792,38
04/09/2026 13:50:00;79792,38;79877,07;79730,47;79742,16
04/09/2026 13:55:00;79742,16;79813,26;79740,38;79745,73
04/09/2026 14:00:00;79745,73;79752,92;79669,25;79687,6
04/09/2026 14:05:00;79687,6;79722,0;79673,21;79692,0
04/09/2026 14:10:00;79692,0;79703,99;79616,0;79616,0
04/09/2026 14:15:00;79616,0;79631,58;79512,54;79596,0
04/09/2026 14:20:00;79596,0;79648,98;79570,0;79591,86
04/09/2026 14:25:00;79591,86;79597,52;79511,58;79511,59
04/09/2026 14:30:00;79511,59;79568,0;79503,15;79506,83
04/09/2026 14:35:00;79506,83;79582,0;79461,55;79573,19
04/09/2026 14:40:00;79573,19;79573,19;79439,21;79479,45
04/09/2026 14:45:00;79479,45;79513,15;79440,0;79486,0
04/09/2026 14:50:00;79486,0;79486,0;79383,01;79466,0
04/09/2026 14:55:00;79466,0;79518,0;79454,67;79472,22
04/09/2026 15:00:00;79472,22;79575,0;79472,22;79555,38
04/09/2026 15:05:00;79555,38;79592,0;79528,01;79592,0
04/09/2026 15:10:00;79592,0;79592,0;79513,39;79527,54
04/09/2026 15:15:00;79527,54;79578,0;79527,54;79577,98
04/09/2026 15:20:00;79577,98;79614,0;79562,24;79573,2
04/09/2026 15:25:00;79573,2;79581,62;79533,56;79533,57
04/09/2026 15:30:00;79533,57;79629,29;79533,57;79629,29
04/09/2026 15:35:00;79629,29;79629,29;79538,01;79573,67
04/09/2026 15:40:00;79573,67;79649,99;79573,66;79638,01
04/09/2026 15:45:00;79638,01;79638,01;79604,28;79604,29
04/09/2026 15:50:00;79594,93;79632,0;79594,9;79630,39
04/09/2026 15:55:00;79630,39;79655,86;79597,48;79618,14
04/09/2026 16:00:00;79618,14;79723,91;79618,14;79717,57
04/09/2026 16:05:00;79717,57;79728,0;79704,0;79724,66
04/09/2026 16:10:00;79724,66;79724,67;79672,32;79706,0
04/09/2026 16:15:00;79691,66;79789,25;79691,66;79789,24
04/09/2026 16:20:00;79789,24;79804,38;79776,0;79804,38
04/09/2026 16:25:00;79804,38;79819,99;79790,58;79808,23
04/09/2026 16:30:00;79808,23;79808,23;79704,0;79756,28
04/09/2026 16:35:00;79756,28;79756,28;79640,0;79652,72
04/09/2026 16:40:00;79652,72;79690,0;79652,72;79682,72
04/09/2026 16:45:00;79682,73;79732,31;79660,47;79732,31
04/09/2026 16:50:00;79732,31;79739,74;79642,0;79686,0
04/09/2026 16:55:00;79686,0;79810,0;79686,0;79793,34
04/09/2026 17:00:00;79793,34;79850,0;79768,28;79847,96
04/09/2026 17:05:00;79847,96;79847,96;79770,0;79832,41
04/09/2026 17:10:00;79832,41;79862,15;79794,62;79815,58
04/09/2026 17:15:00;79815,58;79831,7;79802,0;79819,56
04/09/2026 17:20:00;79819,56;79835,97;79747,76;79747,77
04/09/2026 17:25:00;79747,77;79767,43;79743,189333;79758,5
04/09/2026 17:30:00;79758,5;79773,58;79728,0;79737,5
04/09/2026 17:35:00;79737,5;79766,19;79735,66;79735,95
04/09/2026 17:40:00;79735,94;79739,78;79700,0;79724,02
04/09/2026 17:45:00;79724,02;79770,26;79706,0;79770,26
04/09/2026 17:50:00;79770,26;79770,26;79659,94;79659,94
04/09/2026 17:55:00;79659,94;79728,3;79659,94;79697,03
04/09/2026 18:00:00;79697,04;79740,0;79697,03;79740,0
04/09/2026 18:05:00;79740,0;79778,92;79739,99;79769,64
04/09/2026 18:10:00;79769,64;79789,98;79769,59;79769,59
04/09/2026 18:15:00;79769,59;79804,0;79769,59;79804,0
04/09/2026 18:20:00;79803,99;79811,98;79775,29;79775,3
04/09/2026 18:25:00;79771,96;79782,0;79738,75;79772,57
04/09/2026 18:30:00;79772,57;79801,82;79771,04;79784,62
04/09/2026 18:35:00;79784,62;79801,59;79778,51;79787,51
04/09/2026 18:40:00;79787,51;79819,3;79746,75;79759,0
04/09/2026 18:45:00;79759,0;79799,52;79713,77;79718,3
04/09/2026 18:50:00;79718,3;79743,86;79512,02;79591,99
04/09/2026 18:55:00;79591,99;79656,24;79558,18;79624,0
04/09/2026 19:00:00;79624,0;79682,81;79624,0;79661,88
04/09/2026 19:05:00;79661,88;79661,89;79631,25;79652,56
04/09/2026 19:10:00;79652,56;79692,56;79636,78;79692,56
04/09/2026 19:15:00;79664,01;79713,88;79657,77;79700,0
04/09/2026 19:20:00;79700,0;79709,78;79673,47;79673,48
04/09/2026 19:25:00;79673,47;79701,99;79642,3;79701,99
04/09/2026 19:30:00;79701,99;79715,99;79675,15;79675,15
04/09/2026 19:35:00;79675,15;79704,0;79675,15;79704,0
04/09/2026 19:40:00;79704,0;79710,62;79671,01;79671,01
04/09/2026 19:45:00;79671,01;79679,87;79631,0;79631,0
04/09/2026 19:50:00;79631,0;79664,04;79631,0;79664,04
04/09/2026 19:55:00;79664,03;79664,04;79622,58;79636,09
04/09/2026 20:00:00;79636,09;79640,0;79600,89;79640,0
04/09/2026 20:05:00;79640,0;79650,0;79634,29;79638,848681
04/09/2026 20:10:00;79638,848681;79651,96;79609,019837;79609,019837
04/09/2026 20:15:00;79609,019837;79635,1;79607,13;79635,1
04/09/2026 20:20:00;79635,1;79701,46;79635,1;79701,46
04/09/2026 20:25:00;79701,46;79758,32;79701,46;79758,32
04/09/2026 20:30:00;79758,32;79758,32;79683,66;79683,66
04/09/2026 20:35:00;79683,66;79684,66;79675,13;79675,14
04/09/2026 20:40:00;79675,14;79676,133333;79668,01;79668,02
04/09/2026 20:45:00;79668,02;79668,02;79647,64;79647,65
04/09/2026 20:50:00;79647,65;79647,65;79617,16;79619,73
04/09/2026 20:55:00;79627,67;79660,76;79619,68;79660,76
04/09/2026 21:00:00;79660,77;79660,77;79636,0;79641,03
04/09/2026 21:05:00;79641,03;79650,0;79616,58;79649,99
04/09/2026 21:10:00;79649,99;79721,57;79649,99;79672,68
04/09/2026 21:15:00;79672,68;79672,68;79600,0;79625,67
04/09/2026 21:20:00;79625,67;79637,76;79625,67;79637,76
04/09/2026 21:25:00;79637,76;79654,72;79637,75;79654,72
04/09/2026 21:30:00;79654,72;79699,67;79645,95;79652,71
04/09/2026 21:35:00;79652,71;79652,72;79630,46;79647,1
04/09/2026 21:40:00;79647,1;79673,99;79627,2;79627,21
04/09/2026 21:45:00;79614,01;79614,01;79579,99;79598,35
04/09/2026 21:50:00;79610,32;79649,23;79610,32;79642,68
04/09/2026 21:55:00;79642,68;79648,58;79562,0;79573,36
04/09/2026 22:00:00;79573,36;79604,0;79550,76;79603,99
04/09/2026 22:05:00;79604,0;79642,63;79594,9;79642,63
04/09/2026 22:10:00;79642,63;79682,05;79626,01;79626,03
04/09/2026 22:15:00;79626,03;79685,66;79626,02;79685,66
04/09/2026 22:20:00;79690,21;79690,21;79623,33;79623,33
04/09/2026 22:25:00;79623,33;79693,99;79604,0;79693,99
04/09/2026 22:30:00;79694,0;79724,05;79668,92;79724,05
04/09/2026 22:35:00;79724,05;79730,814083;79595,98;79595,98
04/09/2026 22:40:00;79595,98;79675,88;79595,7;79595,7
04/09/2026 22:45:00;79595,7;79664,0;79585,66;79591,57
04/09/2026 22:50:00;79585,29;79596,0;79554,63;79590,84
04/09/2026 22:55:00;79590,84;79618,070103;79535,95;79535,95
04/09/2026 23:00:00;79535,95;79535,95;79472,24;79487,99
04/09/2026 23:05:00;79487,99;79554,0;79487,99;79554,0
04/09/2026 23:10:00;79554,0;79578,0;79554,0;79564,01
04/09/2026 23:15:00;79564,01;79582,0;79564,0;79582,0
04/09/2026 23:20:00;79582,0;79594,0;79563,7;79594,0
04/09/2026 23:25:00;79594,54;79595,99;79512,01;79521,55
04/09/2026 23:30:00;79557,99;79581,187963;79534,623333;79569,7
04/09/2026 23:35:00;79569,7;79611,17;79559,6;79588,06
04/09/2026 23:40:00;79607,08;79627,99;79573,04;79619,44
04/09/2026 23:45:00;79619,45;79619,45;79568,0;79568,01
04/09/2026 23:50:00;79568,0;79568,01;79527,446667;79561,99
04/09/2026 23:55:00;79561,99;79578,0;79561,99;79569,09
05/09/2026 00:00:00;79569,08;79585,08;79555,07;79555,07
05/09/2026 00:05:00;79555,08;79568,13;79522,09;79522,09
05/09/2026 00:10:00;79522,08;79580,443357;79510,93;79580,443357
05/09/2026 00:15:00;79580,443357;79600,0;79569,07;79593,79
05/09/2026 00:20:00;79593,8;79600,0;79562,57;79599,99
05/09/2026 00:25:00;79600,0;79600,0;79584,0;79584,01
05/09/2026 00:30:00;79584,01;79607,12;79584,0;79601,8
05/09/2026 00:35:00;79601,8;79630,0;79601,8;79614,66
05/09/2026 00:40:00;79614,66;79625,939032;79605,920968;79605,920968
05/09/2026 00:45:00;79605,920968;79653,2;79605,920968;79653,2
05/09/2026 00:50:00;79653,2;79653,2;79600,6;79602,5
05/09/2026 00:55:00;79602,5;79602,51;79581,57;79582,0
05/09/2026 01:00:00;79582,0;79588,61;79544,01;79546,115001
05/09/2026 01:05:00;79546,115001;79588,61;79517,504349;79534,635
05/09/2026 01:10:00;79534,635;79547,29;79513,98;79539,99
05/09/2026 01:15:00;79540,0;79565,04;79539,99;79564,68
05/09/2026 01:20:00;79564,69;79576,0;79564,65;79575,99
05/09/2026 01:25:00;79575,99;79576,0;79558,28;79558,29
05/09/2026 01:30:00;79558,29;79576,437335;79552,0;79576,437335
05/09/2026 01:35:00;79576,437335;79582,080594;79530,0;79530,01
05/09/2026 01:40:00;79530,01;79533,29;79529,621;79533,29
05/09/2026 01:45:00;79533,29;79559,88;79504,0;79559,87
05/09/2026 01:50:00;79559,87;79559,88;79512,0;79548,02
05/09/2026 01:55:00;79548,02;79549,025;79500,0;79500,01
05/09/2026 02:00:00;79500,01;79506,37;79442,0;79467,95
05/09/2026 02:05:00;79467,95;79480,27;79448,400833;79460,0
05/09/2026 02:10:00;79460,0;79558,73;79460,0;79558,72
05/09/2026 02:15:00;79558,72;79570,0;79528,0;79558,2
05/09/2026 02:20:00;79558,2;79561,61;79520,0;79534,2
05/09/2026 02:25:00;79534,2;79586,04;79534,2;79586,04
05/09/2026 02:30:00;79586,04;79594,0;79586,04;79594,0
05/09/2026 02:35:00;79594,0;79594,0;79578,98;79578,99
05/09/2026 02:40:00;79578,99;79580,0;79522,0;79522,0
05/09/2026 02:45:00;79522,0;79522,01;79493,82;79500,17
05/09/2026 02:50:00;79500,17;79576,18;79499,71;79570,0
05/09/2026 02:55:00;79570,0;79600,01;79569,99;79577,53
05/09/2026 03:00:00;79576,0;79609,09;79576,0;79609,08
05/09/2026 03:05:00;79609,08;79620,81;79578,46;79578,48
05/09/2026 03:10:00;79578,48;79635,97;79578,48;79626,54
05/09/2026 03:15:00;79626,54;79626,55;79613,4;79625,17
05/09/2026 03:20:00;79625,17;79640,0;79619,21;79623,72
05/09/2026 03:25:00;79623,72;79645,45;79621,05;79643,03
05/09/2026 03:30:00;79643,03;79647,05;79630,0;79630,01
05/09/2026 03:35:00;79630,01;79715,72;79630,0;79715,72
05/09/2026 03:40:00;79715,72;79715,72;79664,16;79664,16
05/09/2026 03:45:00;79664,16;79665,44;79655,43;79663,0
05/09/2026 03:50:00;79666,11;79666,11;79657,53;79657,53
05/09/2026 03:55:00;79657,53;79684,78;79644,0;79644,01
05/09/2026 04:00:00;79644,01;79695,96;79639,22;79686,44
05/09/2026 04:05:00;79686,44;79696,31;79667,07;79667,08
05/09/2026 04:10:00;79667,08;79698,0;79667,07;79685,77
05/09/2026 04:15:00;79692,44;79707,6;79672,68;79672,68
05/09/2026 04:20:00;79680,31;79707,59;79680,23;79707,58
05/09/2026 04:25:00;79707,58;79727,6;79707,58;79727,6
05/09/2026 04:30:00;79727,6;79749,7;79708,14;79746,97
05/09/2026 04:35:00;79746,97;79746,97;79710,726653;79731,03
05/09/2026 04:40:00;79731,03;79732,48;79710,76;79728,38
05/09/2026 04:45:00;79728,38;79763,41;79728,0;79728,01
05/09/2026 04:50:00;79728,01;79740,05;79721,53;79731,84
05/09/2026 04:55:00;79731,84;79731,84;79694,71;79709,95
05/09/2026 05:00:00;79709,95;79709,95;79645,87;79645,88
05/09/2026 05:05:00;79645,88;79657,61;79633,38;79645,28
05/09/2026 05:10:00;79645,28;79699,85;79645,28;79662,0
05/09/2026 05:15:00;79662,0;79727,95;79662,0;79664,22
05/09/2026 05:20:00;79664,22;79682,39;79648,17;79648,58
05/09/2026 05:25:00;79648,58;79648,58;79608,23;79608,715
05/09/2026 05:30:00;79608,715;79630,22;79575,23;79575,23
05/09/2026 05:35:00;79575,23;79636,76;79568,0;79614,01
05/09/2026 05:40:00;79614,01;79615,3;79613,9;79615,3
05/09/2026 05:45:00;79615,3;79615,32;79600,0;79600,01
05/09/2026 05:50:00;79600,01;79622,22;79600,0;79622,21
05/09/2026 05:55:00;79622,21;79661,71;79622,21;79650,53
05/09/2026 06:00:00;79650,53;79710,23;79650,0;79698,14
05/09/2026 06:05:00;79698,14;79709,49;79693,13;79698,4
05/09/2026 06:10:00;79698,4;79736,041429;79698,4;79719,4
05/09/2026 06:15:00;79719,41;79719,41;79694,21;79695,01
05/09/2026 06:20:00;79695,01;79714,62;79693,15;79703,92
05/09/2026 06:25:00;79703,92;79703,92;79697,72;79697,73
05/09/2026 06:30:00;79697,73;79697,73;79697,64;79697,65
05/09/2026 06:35:00;79697,64;79708,35;79692,5;79692,5
05/09/2026 06:40:00;79692,5;79692,5;79657,34;79689,49
05/09/2026 06:45:00;79670,0;79680,04;79646,07;79646,07
05/09/2026 06:50:00;79646,07;79660,68;79646,07;79660,68
05/09/2026 06:55:00;79660,68;79660,68;79601,28;79601,28
05/09/2026 07:00:00;79601,28;79636,91;79601,28;79636,9
05/09/2026 07:05:00;79630,93;79631,1725;79629,93;79629,93
05/09/2026 07:10:00;79629,93;79629,94;79619,55;79622,01
05/09/2026 07:15:00;79622,01;79622,01;79622,0;79622,01
05/09/2026 07:20:00;79618,01;79648,01;79613,43;79648,01
05/09/2026 07:25:00;79648,01;79660,0;79593,59;79593,59
05/09/2026 07:30:00;79593,59;79664,0;79593,59;79647,762
05/09/2026 07:35:00;79647,762;79650,01;79600,0;79616,0
05/09/2026 07:40:00;79616,0;79632,0;79600,0;79600,0
05/09/2026 07:45:00;79600,01;79600,01;79596,0;79596,0
05/09/2026 07:50:00;79596,0;79622,0;79593,92;79622,0
05/09/2026 07:55:00;79622,0;79656,23;79618,0;79618,01
05/09/2026 08:00:00;79618,01;79663,93;79618,0;79663,93
05/09/2026 08:05:00;79663,93;79673,03;79642,0;79646,7
05/09/2026 08:10:00;79646,7;79673,96;79636,34;79655,99
05/09/2026 08:15:00;79649,99;79649,99;79624,0;79624,01
05/09/2026 08:20:00;79624,01;79624,01;79624,0;79624,01
05/09/2026 08:25:00;79624,01;79624,01;79620,0;79623,95
05/09/2026 08:30:00;79623,95;79636,0;79623,94;79635,99
05/09/2026 08:35:00;79635,99;79636,0;79635,93;79635,93
05/09/2026 08:40:00;79635,93;79640,48;79608,0;79608,0
05/09/2026 08:45:00;79608,0;79645,26;79608,0;79645,26
05/09/2026 08:50:00;79645,26;79674,33;79645,25;79645,25
05/09/2026 08:55:00;79630,14;79635,31;79608,0;79609,29
05/09/2026 09:00:00;79609,29;79654,21;79609,28;79654,21
05/09/2026 09:05:00;79654,21;79674,805405;79654,2;79674,805405
05/09/2026 09:10:00;79674,805405;79677,47;79660,7;79677,47
05/09/2026 09:15:00;79677,47;79677,47;79656,23;79656,24
05/09/2026 09:20:00;79656,24;79676,0;79656,23;79676,0
05/09/2026 09:25:00;79676,0;79679,98;79654,96;79654,97
05/09/2026 09:30:00;79654,97;79694,0;79612,25;79682,25
05/09/2026 09:35:00;79682,25;79711,99;79660,8;79711,98
05/09/2026 09:40:00;79711,98;79774,0;79711,98;79726,91
05/09/2026 09:45:00;79705,91;79767,58;79705,91;79736,0
05/09/2026 09:50:00;79736,0;79743,54;79718,0;79743,53
05/09/2026 09:55:00;79743,53;79764,0;79704,13;79704,14
05/09/2026 10:00:00;79711,79;79711,8;79692,0;79710,68
05/09/2026 10:05:00;79711,8;79711,8;79688,0;79688,01
05/09/2026 10:10:00;79676,0;79707,39;79676,0;79707,39
05/09/2026 10:15:00;79707,39;79736,93;79680,9;79699,91
05/09/2026 10:20:00;79699,92;79759,690279;79699,91;79759,690279
05/09/2026 10:25:00;79759,690279;79762,0;79754,05;79754,05
05/09/2026 10:30:00;79754,05;79755,57;79716,91;79731,35
05/09/2026 10:35:00;79731,34;79731,37;79662,0;79662,01
05/09/2026 10:40:00;79662,01;79720,56;79642,44;79654,32
05/09/2026 10:45:00;79654,32;79695,92;79654,32;79691,927693
05/09/2026 10:50:00;79691,927693;79691,927693;79545,97;79607,99
05/09/2026 10:55:00;79607,99;79626,22;79602,58;79613,68
05/09/2026 11:00:00;79613,68;79673,49;79613,68;79648,66
05/09/2026 11:05:00;79648,66;79680,553834;79647,63;79680,104086
05/09/2026 11:10:00;79680,104086;79686,0;79664,76;79682,73
05/09/2026 11:15:00;79682,73;79684,304083;79674,0;79675,99
05/09/2026 11:20:00;79676,0;79679,9;79675,99;79677,34
05/09/2026 11:25:00;79677,34;79735,05;79677,34;79735,05
05/09/2026 11:30:00;79735,05;79747,98;79730,02;79744,01
05/09/2026 11:35:00;79744,01;79747,98;79728,89;79740,26
05/09/2026 11:40:00;79740,26;79740,26;79697,92;79707,29
05/09/2026 11:45:00;79707,29;79740,26;79707,29;79732,0
05/09/2026 11:50:00;79732,0;79747,98;79727,54;79747,98
05/09/2026 11:55:00;79747,97;79755,94;79719,75;79719,75
05/09/2026 12:00:00;79719,75;79744,55;79719,75;79744,55
05/09/2026 12:05:00;79744,55;79762,79;79710,51;79715,88
05/09/2026 12:10:00;79733,82;79752,0;79720,3;79724,01
05/09/2026 12:15:00;79724,01;79724,01;79678,62;79688,0
05/09/2026 12:20:00;79688,0;79770,0;79688,0;79761,8
05/09/2026 12:25:00;79764,0;79774,87;79691,29;79693,37
05/09/2026 12:30:00;79693,37;79715,88;79693,36;79715,88
05/09/2026 12:35:00;79715,88;79734,0;79701,93;79733,99
05/09/2026 12:40:00;79730,16;79764,03;79728,0;79764,03
05/09/2026 12:45:00;79764,03;79766,5;79751,23;79752,0
05/09/2026 12:50:00;79752,01;79762,9;79736,0;79762,9
05/09/2026 12:55:00;79762,9;79806,01;79762,89;79806,0
05/09/2026 13:00:00;79806,01;79847,46;79806,0;79847,45
05/09/2026 13:05:00;79847,45;79847,45;79754,0;79787,0
05/09/2026 13:10:00;79787,0;79810,0;79765,14;79765,14
05/09/2026 13:15:00;79784,11;79805,73;79784,11;79805,73
05/09/2026 13:20:00;79840,25;79864,086;79822,25;79864,086
05/09/2026 13:25:00;79864,086;79900,03;79839,99;79891,98
05/09/2026 13:30:00;79891,98;79989,01;79891,98;79989,01
05/09/2026 13:35:00;79989,01;79989,01;79930,92;79937,06
05/09/2026 13:40:00;79941,95;79945,87;79925,37;79944,24
05/09/2026 13:45:00;79944,24;79986,02;79930,0;79986,02
05/09/2026 13:50:00;79986,02;80015,85;79966,41;80000,393
05/09/2026 13:55:00;80000,393;80188,168824;79927,225;80188,168824
05/09/2026 14:00:00;80188,168824;80195,27;80019,82;80195,27
05/09/2026 14:05:00;80195,27;80195,27;80024,04;80116,05
05/09/2026 14:10:00;80116,05;80132,0;80069,99;80132,0
05/09/2026 14:15:00;80132,0;80152,0;80013,64;80016,01
05/09/2026 14:20:00;80016,01;80077,37;80009,91;80061,55
05/09/2026 14:25:00;80061,54;80084,0;79974,0;80029,3
05/09/2026 14:30:00;80029,3;80114,01;80024,0;80024,0
05/09/2026 14:35:00;80024,0;80074,0;79989,89;79989,9
05/09/2026 14:40:00;79989,9;80073,99;79988,9;80043,34
05/09/2026 14:45:00;80051,35;80080,0;80020,01;80045,99
05/09/2026 14:50:00;80046,0;80087,66;80044,961667;80062,25
05/09/2026 14:55:00;80062,25;80073,42;80024,11;80024,11
05/09/2026 15:00:00;80024,11;80068,468571;79996,310671;80026,0
05/09/2026 15:05:00;80026,0;80078,0;80012,0;80012,0
05/09/2026 15:10:00;80012,0;80014,076288;79970,076288;79970,076288
05/09/2026 15:15:00;79970,076288;80014,043071;79967,385246;79967,385246
05/09/2026 15:20:00;79967,385246;80024,0;79967,385246;79998,0
05/09/2026 15:25:00;79998,0;80000,03;79962,91;79962,91
05/09/2026 15:30:00;79962,91;80045,11;79954,71;79964,34
05/09/2026 15:35:00;79964,34;79992,9;79954,3;79954,3
05/09/2026 15:40:00;79954,3;79996,27;79936,0;79996,27
05/09/2026 15:45:00;79996,27;80012,0;79944,0;79945,31
05/09/2026 15:50:00;79945,32;79966,62;79930,0;79953,88
05/09/2026 15:55:00;79955,99;80000,0;79955,99;79999,98
05/09/2026 16:00:00;79999,98;79999,98;79927,99;79927,99
05/09/2026 16:05:00;79927,99;79966,0;79927,99;79954,0
05/09/2026 16:10:00;79954,0;79972,97;79939,99;79939,99
05/09/2026 16:15:00;79939,99;79965,99;79937,05;79937,06
05/09/2026 16:20:00;79937,06;79956,0;79913,98;79956,0
05/09/2026 16:25:00;79956,0;79985,86;79956,0;79984,93
05/09/2026 16:30:00;79984,93;79984,93;79784,26;79784,26
05/09/2026 16:35:00;79784,26;79855,79;79760,83;79760,83
05/09/2026 16:40:00;79786,0;79858,0;79785,99;79850,0
05/09/2026 16:45:00;79852,71;79856,41;79712,86;79747,46
05/09/2026 16:50:00;79747,46;79760,94;79712,87;79744,7
05/09/2026 16:55:00;79744,71;79784,43;79740,0;79754,0
05/09/2026 17:00:00;79754,0;79804,0;79720,59;79720,6
05/09/2026 17:05:00;79720,6;79792,0;79720,59;79748,0
05/09/2026 17:10:00;79748,0;79840,24;79721,52;79738,0
05/09/2026 17:15:00;79733,25;79744,0;79694,16;79703,3
05/09/2026 17:20:00;79703,28;79794,27;79694,0;79794,27
05/09/2026 17:25:00;79800,0;79830,0;79708,11;79720,0
05/09/2026 17:30:00;79720,0;79744,0;79713,81;79720,61
05/09/2026 17:35:00;79725,99;79772,0;79706,0;79727,04
05/09/2026 17:40:00;79727,04;79765,99;79727,04;79743,3
05/09/2026 17:45:00;79768,3;79778,92;79756,02;79759,99
05/09/2026 17:50:00;79760,0;79793,37;79736,0;79749,99
05/09/2026 17:55:00;79749,99;79788,0;79739,2525;79739,2525
05/09/2026 18:00:00;79739,2525;79758,0;79733,462857;79740,0
05/09/2026 18:05:00;79740,0;79776,0;79724,87;79775,99
05/09/2026 18:10:00;79775,99;79792,86;79761,03;79788,0
05/09/2026 18:15:00;79788,0;79834,0;79775,15;79833,99
05/09/2026 18:20:00;79834,0;79878,0;79831,98;79866,01
05/09/2026 18:25:00;79866,01;79866,01;79854,15;79858,12
05/09/2026 18:30:00;79858,12;79872,0;79852,0;79852,09
05/09/2026 18:35:00;79852,09;79855,957955;79834,76;79849,986284
05/09/2026 18:40:00;79849,986284;79928,1;79849,986284;79920,4
05/09/2026 18:45:00;79909,57;79923,9;79873,033254;79912,0
05/09/2026 18:50:00;79912,0;79938,0;79904,19;79904,19
05/09/2026 18:55:00;79904,19;79924,0;79880,01;79906,02
05/09/2026 19:00:00;79906,02;79935,02;79868,0;79875,99
05/09/2026 19:05:00;79875,99;79904,36;79856,69;79856,7
05/09/2026 19:10:00;79856,7;79928,76;79856,69;79918,0
05/09/2026 19:15:00;79918,0;79947,99;79862,53;79869,07
05/09/2026 19:20:00;79869,08;79869,08;79849,98;79849,98
05/09/2026 19:25:00;79849,98;79858,0;79770,0;79812,0
05/09/2026 19:30:00;79833,22;79840,28;79824,0;79824,0
05/09/2026 19:35:00;79824,01;79824,01;79799,13;79817,99
05/09/2026 19:40:00;79812,01;79812,01;79759,46;79770,0
05/09/2026 19:45:00;79770,0;79786,0;79752,24;79786,0
05/09/2026 19:50:00;79786,0;79804,0;79775,07;79803,99
05/09/2026 19:55:00;79804,0;79814,67;79749,41;79776,78
05/09/2026 20:00:00;79776,78;79784,0;79748,05;79750,62
05/09/2026 20:05:00;79750,62;79754,78;79716,0;79753,62
05/09/2026 20:10:00;79753,61;79753,61;79739,48;79739,48
05/09/2026 20:15:00;79739,48;79793,03;79739,48;79793,03
05/09/2026 20:20:00;79793,03;79825,27;79774,0;79774,01
05/09/2026 20:25:00;79774,01;79803,95;79774,0;79803,95
05/09/2026 20:30:00;79803,95;79839,94;79803,92;79839,94
05/09/2026 20:35:00;79839,99;79843,96;79755,67;79778,92
05/09/2026 20:40:00;79797,95;79830,01;79788,0;79820,67
05/09/2026 20:45:00;79820,67;79910,1;79810,01;79810,01
05/09/2026 20:50:00;79810,0;79856,0;79810,0;79855,99
05/09/2026 20:55:00;79855,99;79856,0;79784,0;79831,74
05/09/2026 21:00:00;79829,98;79878,54;79829,98;79878,53
05/09/2026 21:05:00;79878,53;79909,05;79878,53;79909,05
05/09/2026 21:10:00;79909,05;79915,15;79900,0;79910,01
05/09/2026 21:15:00;79910,01;79911,07;79903,06;79911,06
05/09/2026 21:20:00;79911,06;79911,07;79870,14;79870,15
05/09/2026 21:25:00;79870,15;79945,98;79870,14;79945,98
05/09/2026 21:30:00;79945,98;79945,98;79892,0;79898,96
05/09/2026 21:35:00;79898,96;79905,23;79874,0;79905,23
05/09/2026 21:40:00;79905,23;79907,86;79896,01;79906,0
05/09/2026 21:45:00;79880,01;79888,0;79870,0;79883,23
05/09/2026 21:50:00;79883,23;79922,0;79860,84;79884,01
05/09/2026 21:55:00;79884,01;79932,57;79868,0;79868,01
05/09/2026 22:00:00;79868,01;79980,06;79868,01;79937,56
05/09/2026 22:05:00;79937,56;79996,0;79926,0;79976,01
05/09/2026 22:10:00;79976,01;80000,826075;79974,0;80000,826075
05/09/2026 22:15:00;80000,826075;80000,826075;79948,91;79948,92
05/09/2026 22:20:00;79936,0;79944,033331;79916,0;79930,01
05/09/2026 22:25:00;79920,0;79932,0;79920,0;79922,0
05/09/2026 22:30:00;79922,0;79948,0;79922,0;79947,99
05/09/2026 22:35:00;79948,0;80051,48;79948,0;80037,47
05/09/2026 22:40:00;80037,47;80067,45;79958,0;79981,38
05/09/2026 22:45:00;79981,38;80004,85;79944,82;79944,82
05/09/2026 22:50:00;79944,82;80013,29;79939,98;79974,0
05/09/2026 22:55:00;79974,0;79984,0;79932,45;79951,39
05/09/2026 23:00:00;80000,0;80000,0;79896,0;79934,23
05/09/2026 23:05:00;79934,23;79983,11;79929,007143;79983,1
05/09/2026 23:10:00;79983,1;80018,41;79958,01;79997,87
05/09/2026 23:15:00;79995,01;80003,75;79929,26;79941,59
05/09/2026 23:20:00;79942,0;79950,66;79918,71;79918,72
05/09/2026 23:25:00;79911,47;79924,4;79906,39;79924,38
05/09/2026 23:30:00;79911,46;79957,988;79909,672482;79938,0
05/09/2026 23:35:00;79938,0;79938,11;79904,41;79938,11
05/09/2026 23:40:00;79938,11;79938,11;79878,05;79878,06
05/09/2026 23:45:00;79878,06;79885,33;79877,98;79877,98
05/09/2026 23:50:00;79877,98;79888,0;79863,235001;79887,99
05/09/2026 23:55:00;79887,99;79914,94;79875,98;79907,28
06/09/2026 00:00:00;79907,28;79916,0;79904,0;79915,99
06/09/2026 00:05:00;79915,99;79918,85;79912,21;79915,99
06/09/2026 00:10:00;79915,99;79937,08;79898,83;79937,07
06/09/2026 00:15:00;79937,08;79969,99;79937,05;79969,99
06/09/2026 00:20:00;79969,99;79970,99;79944,24;79968,15
06/09/2026 00:25:00;79940,01;79950,721046;79893,87;79899,14
06/09/2026 00:30:00;79899,14;79968,0;79899,14;79962,93
06/09/2026 00:35:00;79962,93;80000,01;79960,99;80000,0
06/09/2026 00:40:00;80000,01;80108,0;80000,01;80108,0
06/09/2026 00:45:00;80108,0;80108,0;80010,32;80055,36
06/09/2026 00:50:00;80055,36;80065,92;80010,32;80049,71
06/09/2026 00:55:00;80049,71;80049,72;80030,97;80034,7
06/09/2026 01:00:00;80034,7;80034,7;79991,39;79991,39
06/09/2026 01:05:00;79991,39;79996,0;79959,06;79996,0
06/09/2026 01:10:00;79996,0;80001,093943;79969,85;79971,14
06/09/2026 01:15:00;79984,0;79986,01;79953,99;79983,99
06/09/2026 01:20:00;79983,99;79983,99;79911,99;79911,99
06/09/2026 01:25:00;79911,99;79921,59;79911,734957;79921,59
06/09/2026 01:30:00;79921,59;79932,0;79913,592998;79913,592998
06/09/2026 01:35:00;79913,592998;79913,592998;79902,69;79902,69
06/09/2026 01:40:00;79902,69;79932,0;79902,69;79913,0
06/09/2026 01:45:00;79913,0;79947,99;79913,0;79935,11
06/09/2026 01:50:00;79935,11;79935,11;79865,98;79865,99
06/09/2026 01:55:00;79865,99;79913,01;79858,4;79858,4
06/09/2026 02:00:00;79858,4;79900,0;79848,0;79852,0
06/09/2026 02:05:00;79852,0;79867,57;79849,47;79849,47
06/09/2026 02:10:00;79849,47;79854,98;79800,0;79803,98
06/09/2026 02:15:00;79803,98;79811,88;79803,98;79803,99
06/09/2026 02:20:00;79803,99;79849,37;79796,0;79844,5
06/09/2026 02:25:00;79844,49;79875,99;79829,26;79857,01
06/09/2026 02:30:00;79857,01;79916,63;79845,0;79916,63
06/09/2026 02:35:00;79916,63;80018,0;79916,63;80018,0
06/09/2026 02:40:00;80018,0;80100,0;80010,0;80072,0
06/09/2026 02:45:00;80072,0;80074,571429;79953,17;79994,0
06/09/2026 02:50:00;79994,0;80000,0;79986,35;79998,36
06/09/2026 02:55:00;79998,36;79998,36;79948,0;79986,92
06/09/2026 03:00:00;79986,92;79989,13;79942,86;79945,86
06/09/2026 03:05:00;79945,86;79957,87;79932,0;79956,0
06/09/2026 03:10:00;79956,0;79970,36;79934,995;79934,995
06/09/2026 03:15:00;79934,995;79934,995;79884,0;79906,0
06/09/2026 03:20:00;79906,0;79912,11;79834,0;79841,97
06/09/2026 03:25:00;79841,97;79846,88;79829,57;79834,43
06/09/2026 03:30:00;79834,43;79847,38;79808,0;79827,61
06/09/2026 03:35:00;79827,61;79837,13;79811,98;79811,98
06/09/2026 03:40:00;79811,98;79824,26;79770,35;79824,26
06/09/2026 03:45:00;79824,26;79824,26;79683,44;79755,66
06/09/2026 03:50:00;79755,66;79783,37;79750,38;79750,38
06/09/2026 03:55:00;79750,38;79784,65;79748,991251;79784,65
06/09/2026 04:00:00;79784,65;79799,05;79778,4;79784,17
06/09/2026 04:05:00;79784,17;79794,39;79748,13;79757,14
06/09/2026 04:10:00;79757,14;79765,99;79604,6;79678,51
06/09/2026 04:15:00;79678,51;79811,95;79677,66;79807,99
06/09/2026 04:20:00;79807,99;79848,96;79781,855;79781,855
06/09/2026 04:25:00;79781,855;79854,03;79777,84;79854,03
06/09/2026 04:30:00;79854,03;79854,03;79807,36;79812,01
06/09/2026 04:35:00;79812,01;79825,03;79782,61;79825,02
06/09/2026 04:40:00;79825,02;79865,88;79825,02;79846,0
06/09/2026 04:45:00;79846,0;79846,0;79831,41;79838,92
06/09/2026 04:50:00;79838,92;79838,92;79812,0;79813,54
06/09/2026 04:55:00;79813,54;79854,44;79813,54;79813,55
06/09/2026 05:00:00;79813,55;79848,0;79804,68;79848,0
06/09/2026 05:05:00;79848,0;79879,99;79822,54;79875,0
06/09/2026 05:10:00;79875,0;79889,98;79852,85;79873,5
06/09/2026 05:15:00;79873,5;79873,51;79828,0;79830,4
06/09/2026 05:20:00;79826,01;79826,02;79814,0;79814,0
06/09/2026 05:25:00;79814,0;79814,02;79798,09;79804,0
06/09/2026 05:30:00;79804,0;79813,23;79790,99;79792,9
06/09/2026 05:35:00;79792,9;79795,9;79783,97;79789,89
06/09/2026 05:40:00;79789,89;79789,89;79752,7;79779,75
06/09/2026 05:45:00;79779,75;79779,75;79762,0;79762,01
06/09/2026 05:50:00;79762,01;79850,0;79762,01;79850,0
06/09/2026 05:55:00;79850,0;79876,0;79827,29;79837,18
06/09/2026 06:00:00;79837,18;79872,0;79806,01;79871,99
06/09/2026 06:05:00;79871,99;79875,12;79860,07;79869,98
06/09/2026 06:10:00;79869,98;79927,75;79869,98;79927,74
06/09/2026 06:15:00;79927,74;79948,78;79917,11;79930,01
06/09/2026 06:20:00;79930,01;79972,97;79930,0;79968,0
06/09/2026 06:25:00;79968,0;79989,57;79960,0;79987,82
06/09/2026 06:30:00;79987,82;79990,0;79964,0;79972,1
06/09/2026 06:35:00;79972,1;79972,1;79907,34;79931,35
06/09/2026 06:40:00;79931,35;79931,35;79856,05;79908,05
06/09/2026 06:45:00;79908,05;79908,05;79845,77;79854,6
06/09/2026 06:50:00;79854,6;79860,0;79851,6;79854,0
06/09/2026 06:55:00;79854,0;79905,1;79848,19;79885,78
06/09/2026 07:00:00;79900,0;79917,62;79889,93;79917,62
06/09/2026 07:05:00;79917,62;79938,281666;79912,0;79921,88
06/09/2026 07:10:00;79921,88;79921,88;79921,86;79921,86
06/09/2026 07:15:00;79921,86;79975,43;79921,86;79975,42
06/09/2026 07:20:00;79975,42;79979,99;79964,0;79973,71
06/09/2026 07:25:00;79973,71;79984,12;79960,0;79973,56
06/09/2026 07:30:00;79973,56;79980,68;79973,56;79979,22
06/09/2026 07:35:00;79979,22;79979,23;79968,94;79968,95
06/09/2026 07:40:00;79968,95;80013,03;79968,95;80013,03
06/09/2026 07:45:00;80013,02;80013,03;79989,17;79989,17
06/09/2026 07:50:00;79989,18;80004,01;79978,41;80004,01
06/09/2026 07:55:00;80004,01;80020,0;80003,92;80003,92
06/09/2026 08:00:00;80003,92;80024,541429;79973,55;79973,55
06/09/2026 08:05:00;79973,55;79990,0;79946,0;79946,0
06/09/2026 08:10:00;79946,0;79979,34;79922,14;79979,34
06/09/2026 08:15:00;79979,34;79990,0;79960,0;79967,99
06/09/2026 08:20:00;79967,99;79972,0;79932,0;79939,4
06/09/2026 08:25:00;79939,4;79990,0;79902,76;79902,77
06/09/2026 08:30:00;79902,77;79970,0;79890,46;79970,0
06/09/2026 08:35:00;79971,98;79971,99;79914,0;79914,01
06/09/2026 08:40:00;79914,01;79951,57;79914,0;79936,623948
06/09/2026 08:45:00;79936,623948;79963,62;79925,389426;79952,91
06/09/2026 08:50:00;79952,91;79956,0;79918,0;79918,01
06/09/2026 08:55:00;79918,01;79920,9;79908,0;79919,18
06/09/2026 09:00:00;79919,17;79919,18;79919,1;79919,18
06/09/2026 09:05:00;79919,17;79919,18;79902,086666;79902,086666
06/09/2026 09:10:00;79902,086666;79942,0;79858,1;79928,19
06/09/2026 09:15:00;79928,19;79984,25;79928,19;79966,01
06/09/2026 09:20:00;79966,01;80003,96;79956,45;79996,77
06/09/2026 09:25:00;79996,76;80004,0;79971,85;79972,04
06/09/2026 09:30:00;79972,04;80004,0;79972,03;79999,5
06/09/2026 09:35:00;79996,01;80011,99;79974,25;79987,15
06/09/2026 09:40:00;79987,14;79999,53;79942,01;79998,04
06/09/2026 09:45:00;79998,04;79998,04;79923,97;79923,98
06/09/2026 09:50:00;79940,86;79978,0;79940,38;79977,99
06/09/2026 09:55:00;80000,0;80000,0;79922,04;79922,04
06/09/2026 10:00:00;79922,04;79952,0;79874,0;79945,39
06/09/2026 10:05:00;79945,39;79962,93;79906,68;79906,68
06/09/2026 10:10:00;79906,68;79936,69;79886,0;79886,0
06/09/2026 10:15:00;79886,0;79886,01;79831,75;79839,62
06/09/2026 10:20:00;79839,62;79839,62;79812,51;79819,39
06/09/2026 10:25:00;79819,39;79830,0;79790,03;79794,06
06/09/2026 10:30:00;79794,06;79806,91;79760,39;79767,1
06/09/2026 10:35:00;79767,1;79857,99;79767,1;79828,0
06/09/2026 10:40:00;79828,0;79828,0;79794,23;79794,24
06/09/2026 10:45:00;79794,24;79842,0;79794,23;79822,57
06/09/2026 10:50:00;79822,57;79822,57;79794,09;79818,01
06/09/2026 10:55:00;79818,01;79843,518621;79774,53;79829,99
06/09/2026 11:00:00;79829,99;79835,98;79803,0;79831,99
06/09/2026 11:05:00;79831,99;79832,0;79768,5;79768,51
06/09/2026 11:10:00;79768,51;79784,0;79744,0;79749,99
06/09/2026 11:15:00;79749,99;79796,0;79630,92;79750,95
06/09/2026 11:20:00;79750,95;79750,95;79591,4;79647,01
06/09/2026 11:25:00;79656,0;79715,99;79646,79;79671,81
06/09/2026 11:30:00;79645,38;79666,03;79260,99;79559,76
06/09/2026 11:35:00;79559,76;79676,93;79559,75;79670,62
06/09/2026 11:40:00;79688,0;79748,134614;79562,0;79672,0
06/09/2026 11:45:00;79672,0;79718,18;79554,58;79572,39
06/09/2026 11:50:00;79572,39;79709,845;79572,39;79709,845
06/09/2026 11:55:00;79709,845;79709,845;79528,0;79543,06
06/09/2026 12:00:00;79543,06;79543,06;79383,32;79526,0
06/09/2026 12:05:00;79526,0;79585,94;79512,18;79514,74
06/09/2026 12:10:00;79514,74;79579,99;79514,74;79538,51
06/09/2026 12:15:00;79538,51;79624,0;79538,51;79603,96
06/09/2026 12:20:00;79603,96;79662,0;79603,96;79646,01
06/09/2026 12:25:00;79646,01;79646,01;79623,2;79635,92
06/09/2026 12:30:00;79635,92;79662,24;79596,36;79638,0
06/09/2026 12:35:00;79638,0;79726,465;79606,0;79726,465
06/09/2026 12:40:00;79726,465;79726,465;79692,0;79692,0
06/09/2026 12:45:00;79692,0;79716,0;79692,0;79702,01
06/09/2026 12:50:00;79702,01;79726,0;79656,22;79656,23
06/09/2026 12:55:00;79656,23;79728,38;79656,22;79716,5
06/09/2026 13:00:00;79716,5;79716,5;79606,04;79606,04
06/09/2026 13:05:00;79606,04;79654,32;79606,04;79625,74
06/09/2026 13:10:00;79625,74;79734,02;79625,74;79698,01
06/09/2026 13:15:00;79698,01;79712,0;79674,0;79711,99
06/09/2026 13:20:00;79711,99;79712,0;79656,85;79656,86
06/09/2026 13:25:00;79656,86;79725,0;79641,62;79712,85
06/09/2026 13:30:00;79712,85;79785,99;79691,28;79770,9
06/09/2026 13:35:00;79770,9;79784,16;79712,0;79722,72
06/09/2026 13:40:00;79722,72;79740,0;79700,0;79720,25
06/09/2026 13:45:00;79720,25;79720,25;79692,22;79692,23
06/09/2026 13:50:00;79692,23;79722,95;79692,22;79704,03
06/09/2026 13:55:00;79704,03;79704,03;79645,02;79682,0
06/09/2026 14:00:00;79682,0;79682,0;79640,98;79648,54
06/09/2026 14:05:00;79648,54;79670,0;79584,74;79584,74
06/09/2026 14:10:00;79584,74;79629,99;79584,74;79625,99
06/09/2026 14:15:00;79625,99;79730,0;79625,99;79730,0
06/09/2026 14:20:00;79694,01;79740,0;79687,99;79732,67
06/09/2026 14:25:00;79732,67;79773,88;79696,42;79696,42
06/09/2026 14:30:00;79696,42;79759,41;79676,59;79714,58
06/09/2026 14:35:00;79714,58;79766,0;79714,58;79749,27
06/09/2026 14:40:00;79749,27;79755,34;79747,6;79753,71
06/09/2026 14:45:00;79748,22;79759,22;79732,0;79732,0
06/09/2026 14:50:00;79732,0;79756,04;79732,0;79755,2
06/09/2026 14:55:00;79755,2;79766,0;79736,0;79736,0
06/09/2026 15:00:00;79755,99;79783,9;79735,98;79783,9
06/09/2026 15:05:00;79783,9;79836,0;79782,75;79836,0
06/09/2026 15:10:00;79836,0;79871,0;79828,45;79861,38
06/09/2026 15:15:00;79861,38;79865,45;79826,71;79859,27
06/09/2026 15:20:00;79859,27;79900,0;79857,15;79893,58
06/09/2026 15:25:00;79893,58;79916,46;79880,22;79916,46
06/09/2026 15:30:00;79916,46;79956,0;79916,45;79930,0
06/09/2026 15:35:00;79930,0;79958,73;79930,0;79952,7
06/09/2026 15:40:00;79952,7;79970,0;79932,01;79936,02
06/09/2026 15:45:00;79936,02;79953,07;79902,62;79921,99
06/09/2026 15:50:00;79921,99;79944,0;79915,18;79920,44
06/09/2026 15:55:00;79920,44;79959,1;79920,44;79955,34
06/09/2026 16:00:00;79955,34;79955,34;79902,77;79902,78
06/09/2026 16:05:00;79902,78;79902,78;79876,03;79876,04
06/09/2026 16:10:00;79876,04;79876,05;79866,34;79867,66
06/09/2026 16:15:00;79867,66;79867,66;79860,52;79860,52
06/09/2026 16:20:00;79860,52;79861,62;79822,41;79861,61
06/09/2026 16:25:00;79861,61;79868,0;79850,62;79850,62
06/09/2026 16:30:00;79850,62;79850,63;79827,76;79827,76
06/09/2026 16:35:00;79827,76;79827,77;79806,62;79812,31
06/09/2026 16:40:00;79812,31;79812,32;79807,92;79807,93
06/09/2026 16:45:00;79807,93;79812,0;79802,96;79812,0
06/09/2026 16:50:00;79812,0;79812,01;79802,01;79802,01
06/09/2026 16:55:00;79802,01;79830,0;79799,52;79830,0
06/09/2026 17:00:00;79830,0;79830,0;79797,61;79797,61
06/09/2026 17:05:00;79797,61;79797,62;79776,58;79776,58
06/09/2026 17:10:00;79776,58;79806,0;79773,834;79773,834
06/09/2026 17:15:00;79773,834;79837,07;79773,834;79837,07
06/09/2026 17:20:00;79837,06;79931,487074;79837,06;79931,487074
06/09/2026 17:25:00;79928,119917;79944,0;79926,51;79934,01
06/09/2026 17:30:00;79934,01;79956,0;79934,0;79952,48
06/09/2026 17:35:00;79952,48;79972,01;79940,0;79940,01
06/09/2026 17:40:00;79940,01;79954,0;79916,0;79953,99
06/09/2026 17:45:00;79953,99;79973,56;79910,0;79932,0
06/09/2026 17:50:00;79932,0;79948,0;79906,0;79906,01
06/09/2026 17:55:00;79906,01;79906,01;79899,31;79899,31
06/09/2026 18:00:00;79899,31;79978,98;79899,31;79975,98
06/09/2026 18:05:00;79975,98;79995,03;79928,0;79989,01
06/09/2026 18:10:00;79989,01;80007,0;79958,01;80005,0
06/09/2026 18:15:00;80005,0;80033,73;79996,0;80024,26
06/09/2026 18:20:00;80013,9;80013,91;79938,0;79966,0
06/09/2026 18:25:00;79966,0;79991,39;79894,01;79894,01
06/09/2026 18:30:00;79894,01;79910,01;79885,01;79910,01
06/09/2026 18:35:00;79910,0;79915,71;79902,61;79902,62
06/09/2026 18:40:00;79902,62;79986,02;79875,35;79900,775
06/09/2026 18:45:00;79900,775;80000,0;79900,775;79935,177273
06/09/2026 18:50:00;79935,177273;79952,33;79906,37;79941,4
06/09/2026 18:55:00;79941,4;79960,0;79920,01;79943,9
06/09/2026 19:00:00;79943,9;79944,8;79816,272024;79830,5
06/09/2026 19:05:00;79866,21;79871,037946;79717,57;79717,57
06/09/2026 19:10:00;79717,57;79759,47;79676,04;79729,24
06/09/2026 19:15:00;79729,24;79773,44;79648,437452;79648,437452
06/09/2026 19:20:00;79648,437452;79740,79;79648,35;79732,0
06/09/2026 19:25:00;79732,0;79839,772;79732,0;79794,772
06/09/2026 19:30:00;79794,772;79944,0;79794,772;79944,0
06/09/2026 19:35:00;79945,09;80014,73;79934,992857;79984,968136
06/09/2026 19:40:00;79984,968136;79991,268809;79932,01;79963,992
06/09/2026 19:45:00;79963,992;79984,0;79939,29;79984,0
06/09/2026 19:50:00;79984,0;80036,0;79977,798571;80032,0
06/09/2026 19:55:00;80027,87;80106,07;80027,87;80083,61
06/09/2026 20:00:00;80083,61;80332,0;80048,752252;80212,64
06/09/2026 20:05:00;80212,64;80266,45;80146,0;80245,82
06/09/2026 20:10:00;80194,18;80216,98;80194,18;80216,98
06/09/2026 20:15:00;80216,98;80280,0;80165,661717;80260,0
06/09/2026 20:20:00;80260,0;80260,0;80128,0;80139,11
06/09/2026 20:25:00;80139,11;80171,89;80103,86;80122,0
06/09/2026 20:30:00;80122,0;80215,99;80122,0;80215,99
06/09/2026 20:35:00;80215,99;80452,0;80215,99;80435,99
06/09/2026 20:40:00;80435,99;80450,512883;80362,0;80383,26
06/09/2026 20:45:00;80383,26;80554,68;80383,26;80432,01
06/09/2026 20:50:00;80432,01;80470,013263;80390,2;80439,99
06/09/2026 20:55:00;80439,99;80439,99;80298,59;80342,65
06/09/2026 21:00:00;80342,66;80367,79;80246,0;80326,01
06/09/2026 21:05:00;80392,28;80443,99;80300,0;80300,0
06/09/2026 21:10:00;80300,0;80382,0;80293,105746;80328,0
06/09/2026 21:15:00;80328,0;80336,0;80134,34;80134,34
06/09/2026 21:20:00;80134,34;80206,98;80077,813929;80182,95
06/09/2026 21:25:00;80182,95;80222,0;80153,43;80199,89
06/09/2026 21:30:00;80204,01;80269,0;80127,62;80149,26
06/09/2026 21:35:00;80149,26;80192,22;80116,92;80157,98
06/09/2026 21:40:00;80157,98;80170,63;80103,9;80107,341211
06/09/2026 21:45:00;80107,341211;80190,22;80091,88;80163,14
06/09/2026 21:50:00;80163,15;80193,79;80122,62;80152,87
06/09/2026 21:55:00;80158,31;80179,26;80075,29;80156,6
06/09/2026 22:00:00;80160,01;80240,79;80108,59;80224,89
06/09/2026 22:05:00;80224,88;80239,89;79989,42;80000,77
06/09/2026 22:10:00;79989,43;80067,337866;79948,22;79958,56
06/09/2026 22:15:00;79969,41;80032,196;79916,86336;80032,196
06/09/2026 22:20:00;80032,196;80032,196;79869,72;79905,73
06/09/2026 22:25:00;79905,73;79938,52;79856,15;79918,56
06/09/2026 22:30:00;79918,56;79992,0;79886,12;79968,0
06/09/2026 22:35:00;79968,0;79968,0;79906,14;79906,14
06/09/2026 22:40:00;79906,14;79906,14;79829,68;79848,61
06/09/2026 22:45:00;79848,61;79894,06;79826,28;79875,73
06/09/2026 22:50:00;79875,73;79935,34;79865,0;79927,34
06/09/2026 22:55:00;79927,34;79977,54;79926,54;79933,57
06/09/2026 23:00:00;79933,57;79939,17;79895,11;79895,11
06/09/2026 23:05:00;79895,11;79895,12;79788,442603;79806,28
06/09/2026 23:10:00;79806,28;79847,37;79800,0;79837,03
06/09/2026 23:15:00;79837,03;79949,953333;79837,03;79949,953333
06/09/2026 23:20:00;79949,953333;79981,55;79924,92;79969,13
06/09/2026 23:25:00;79969,13;80041,61;79966,78;80018,72
06/09/2026 23:30:00;80018,72;80056,06;80003,74;80010,5
06/09/2026 23:35:00;80010,5;80401,99;80010,49;80401,99
06/09/2026 23:40:00;80396,0;80426,0;80257,25;80326,734618
06/09/2026 23:45:00;80326,734618;80326,734618;80217,54;80274,99
06/09/2026 23:50:00;80274,99;80274,99;80101,13;80101,13
06/09/2026 23:55:00;80101,13;80115,31;79827,89;79874,25
07/09/2026 00:00:00;79874,25;79966,01;79800,29;79966,01
07/09/2026 00:05:00;79976,72;79978,88;79806,01;79836,78
07/09/2026 00:10:00;79836,78;79838,53;79792,78;79792,79
07/09/2026 00:15:00;79792,79;79813,22;79740,0;79761,575
07/09/2026 00:20:00;79761,575;79836,63;79756,68;79756,68
07/09/2026 00:25:00;79756,68;79790,98;79727,78;79729,42
07/09/2026 00:30:00;79729,42;79767,94;79703,81;79715,825
07/09/2026 00:35:00;79715,825;79739,795514;79674,69;79674,69
07/09/2026 00:40:00;79674,69;79684,32;79587,09;79631,88
07/09/2026 00:45:00;79631,88;79666,39;79622,69;79622,69
07/09/2026 00:50:00;79622,69;79652,140017;79599,712587;79599,712587
07/09/2026 00:55:00;79599,712587;79687,04;79597,92;79597,92
07/09/2026 01:00:00;79596,38;79649,1;79564,49;79613,08
07/09/2026 01:05:00;79613,08;79649,16;79613,08;79642,89
07/09/2026 01:10:00;79642,88;79683,96;79554,86;79683,96
07/09/2026 01:15:00;79680,85;79688,91;79653,27;79688,9
07/09/2026 01:20:00;79688,9;79693,88;79665,27;79665,27
07/09/2026 01:25:00;79665,27;79691,87;79609,62;79609,63
07/09/2026 01:30:00;79609,63;79634,59;79583,68;79613,0
07/09/2026 01:35:00;79613,0;79659,22;79540,38;79550,07
07/09/2026 01:40:00;79550,07;79682,49;79550,07;79680,85
07/09/2026 01:45:00;79673,78;79722,29;79664,11;79664,11
07/09/2026 01:50:00;79674,12;79724,814446;79648,404;79724,814446
07/09/2026 01:55:00;79724,814446;79747,32;79664,02;79747,32
07/09/2026 02:00:00;79747,32;79747,36;79707,31;79707,31
07/09/2026 02:05:00;79707,31;79796,49;79701,99;79737,99
07/09/2026 02:10:00;79737,99;79778,92;79666,79;79778,91
07/09/2026 02:15:00;79778,91;79866,0;79768,01;79832,0
07/09/2026 02:20:00;79839,65;79888,88;79811,13;79882,37
07/09/2026 02:25:00;79882,37;79926,04;79834,0;79855,99
07/09/2026 02:30:00;79855,99;79862,63;79836,01;79848,0
07/09/2026 02:35:00;79848,0;79869,63;79815,86;79865,93
07/09/2026 02:40:00;79865,93;79865,93;79842,73;79865,11
07/09/2026 02:45:00;79865,11;79865,48;79836,46;79848,01
07/09/2026 02:50:00;79848,01;79865,31;79800,0;79800,0
07/09/2026 02:55:00;79800,0;79800,0;79749,64;79749,7
07/09/2026 03:00:00;79749,7;79812,0;79741,843334;79812,0
07/09/2026 03:05:00;79818,65;79825,7;79755,01;79755,01
07/09/2026 03:10:00;79755,01;79814,0;79755,01;79812,78
07/09/2026 03:15:00;79812,78;79813,06;79712,01;79723,99
07/09/2026 03:20:00;79723,99;79757,08;79702,01;79757,07
07/09/2026 03:25:00;79757,07;79778,213717;79717,44;79717,44
07/09/2026 03:30:00;79717,44;79738,56;79700,0;79719,89
07/09/2026 03:35:00;79719,89;79739,98;79700,0;79700,0
07/09/2026 03:40:00;79700,0;79720,0;79656,35;79679,99
07/09/2026 03:45:00;79679,99;79682,0;79666,3;79674,0
07/09/2026 03:50:00;79674,0;79682,1;79672,07;79673,35
07/09/2026 03:55:00;79673,35;79679,99;79639,93;79639,93
07/09/2026 04:00:00;79639,93;79660,0;79592,0;79592,01
07/09/2026 04:05:00;79592,01;79689,85;79586,213333;79586,213333
07/09/2026 04:10:00;79586,213333;79692,05;79586,213333;79692,05
07/09/2026 04:15:00;79692,05;79692,05;79560,58;79560,58
07/09/2026 04:20:00;79560,58;79590,5;79475,47;79475,47
07/09/2026 04:25:00;79475,47;79569,99;79412,02;79424,32
07/09/2026 04:30:00;79424,32;79522,89;79213,53;79320,73
07/09/2026 04:35:00;79320,73;79376,081999;79214,1;79214,1
07/09/2026 04:40:00;79214,1;79284,0;79007,76;79283,99
07/09/2026 04:45:00;79283,99;79364,0;79283,99;79364,0
07/09/2026 04:50:00;79364,0;79377,743486;79310,493333;79326,398967
07/09/2026 04:55:00;79326,398967;79410,89;79314,0858;79314,0858
07/09/2026 05:00:00;79314,0858;79455,7;79314,0858;79422,35
07/09/2026 05:05:00;79422,35;79509,9;79422,35;79509,89
07/09/2026 05:10:00;79509,89;79509,9;79461,45;79466,34
07/09/2026 05:15:00;79466,34;79522,87;79458,81;79519,16
07/09/2026 05:20:00;79519,16;79519,16;79462,64;79466,0
07/09/2026 05:25:00;79466,0;79511,18;79454,0;79466,13
07/09/2026 05:30:00;79466,13;79530,47;79466,13;79502,0
07/09/2026 05:35:00;79502,0;79506,65;79433,93;79434,0
07/09/2026 05:40:00;79434,0;79480,63;79434,0;79480,62
07/09/2026 05:45:00;79480,62;79500,0;79433,0;79433,01
07/09/2026 05:50:00;79433,01;79461,43;79423,56;79429,95
07/09/2026 05:55:00;79429,95;79457,86;79429,94;79437,38
07/09/2026 06:00:00;79437,38;79468,0;79435,35;79445,44
07/09/2026 06:05:00;79445,44;79500,0;79420,0;79499,99
07/09/2026 06:10:00;79499,99;79549,99;79499,99;79545,93
07/09/2026 06:15:00;79545,93;79545,93;79516,34;79530,84
07/09/2026 06:20:00;79530,84;79530,84;79454,28;79455,57
07/09/2026 06:25:00;79455,57;79496,61;79430,0;79441,11
07/09/2026 06:30:00;79441,11;79480,0;79412,0;79412,0
07/09/2026 06:35:00;79412,0;79414,56;79326,0;79369,99
07/09/2026 06:40:00;79379,99;79390,98;79348,47;79348,47
07/09/2026 06:45:00;79348,47;79423,6;79348,47;79417,23
07/09/2026 06:50:00;79417,23;79452,98;79313,98;79326,87
07/09/2026 06:55:00;79326,87;79354,0;79300,0;79312,98
07/09/2026 07:00:00;79313,84;79399,83;79313,84;79399,83
07/09/2026 07:05:00;79399,83;79408,71;79324,0;79378,0
07/09/2026 07:10:00;79378,0;79398,86;79346,0;79377,31
07/09/2026 07:15:00;79377,31;79421,06;79370,0;79421,06
07/09/2026 07:20:00;79421,06;79429,35;79394,62;79394,62
07/09/2026 07:25:00;79394,62;79421,76;79386,32;79421,75
07/09/2026 07:30:00;79421,75;79421,76;79409,76;79414,39
07/09/2026 07:35:00;79414,39;79425,62;79392,0;79404,07
07/09/2026 07:40:00;79404,07;79447,99;79404,07;79447,99
07/09/2026 07:45:00;79447,99;79459,5;79398,88;79400,18
07/09/2026 07:50:00;79400,18;79447,79;79400,18;79418,02
07/09/2026 07:55:00;79418,02;79418,02;79350,0;79359,99
07/09/2026 08:00:00;79359,99;79379,94;79304,23;79312,0
07/09/2026 08:05:00;79312,0;79334,82;79282,0;79289,04
07/09/2026 08:10:00;79289,04;79411,99;79289,04;79411,99
07/09/2026 08:15:00;79411,99;79434,0;79402,03;79433,99
07/09/2026 08:20:00;79433,99;79468,73;79433,99;79448,01
07/09/2026 08:25:00;79448,02;79466,87;79445,0;79445,71
07/09/2026 08:30:00;79445,71;79487,0;79418,47;79456,52
07/09/2026 08:35:00;79456,52;79461,61;79414,01;79414,02
07/09/2026 08:40:00;79414,02;79434,95;79414,02;79414,03
07/09/2026 08:45:00;79414,03;79428,77;79400,0;79412,0
07/09/2026 08:50:00;79412,0;79432,24;79374,0;79426,95
07/09/2026 08:55:00;79426,95;79432,0;79386,0;79420,15
07/09/2026 09:00:00;79420,15;79428,28;79400,48;79413,9
07/09/2026 09:05:00;79413,9;79500,0;79413,9;79476,56
07/09/2026 09:10:00;79476,56;79476,56;79425,61;79425,61
07/09/2026 09:15:00;79425,61;79480,49;79413,91;79480,49
07/09/2026 09:20:00;79480,49;79509,51;79470,01;79484,18
07/09/2026 09:25:00;79484,18;79530,92;79484,18;79529,99
07/09/2026 09:30:00;79529,99;79530,0;79504,05;79504,05
07/09/2026 09:35:00;79504,05;79508,73;79460,0;79460,0
07/09/2026 09:40:00;79460,0;79472,82;79459,98;79472,81
07/09/2026 09:45:00;79472,81;79535,73;79472,81;79524,0
07/09/2026 09:50:00;79524,0;79623,95;79524,0;79601,01
07/09/2026 09:55:00;79601,01;79627,43;79590,31;79606,85
07/09/2026 10:00:00;79606,85;79616,0;79534,0;79596,0
07/09/2026 10:05:00;79596,0;79596,01;79530,0;79569,79
07/09/2026 10:10:00;79569,79;79643,5;79564,0;79623,99
07/09/2026 10:15:00;79623,99;79638,0;79579,99;79605,99
07/09/2026 10:20:00;79609,99;79639,98;79609,99;79632,0
07/09/2026 10:25:00;79632,0;79635,95;79617,95;79635,95
07/09/2026 10:30:00;79635,95;79643,22;79385,12;79392,0
07/09/2026 10:35:00;79392,0;79433,92;79318,92;79414,86
07/09/2026 10:40:00;79356,13;79409,52;79356,01;79374,99
07/09/2026 10:45:00;79374,99;79375,0;79326,78;79347,99
07/09/2026 10:50:00;79328,0;79417,7;79324,0;79409,66
07/09/2026 10:55:00;79409,66;79409,66;79352,0;79352,0
07/09/2026 11:00:00;79352,01;79396,36;79332,0;79333,49
07/09/2026 11:05:00;79333,49;79339,21;79122,4;79140,94
07/09/2026 11:10:00;79140,94;79224,15;79119,13;79145,620001
07/09/2026 11:15:00;79145,620001;79222,0;79100,0;79134,81
07/09/2026 11:20:00;79134,81;79134,81;79050,92;79078,6
07/09/2026 11:25:00;79078,6;79131,05;79046,0;79053,8
07/09/2026 11:30:00;79050,01;79088,0;79007,73;79067,74
07/09/2026 11:35:00;79062,0;79095,29;79029,18032;79040,97
07/09/2026 11:40:00;79040,97;79064,7;78967,33;79029,79
07/09/2026 11:45:00;79029,79;79098,0;79028,0;79095,01
07/09/2026 11:50:00;79095,01;79276,94;79088,88;79260,01
07/09/2026 11:55:00;79260,01;79260,02;79189,17;79191,95
07/09/2026 12:00:00;79191,96;79191,96;79122,0;79122,0
07/09/2026 12:05:00;79120,04;79122,0;79036,01;79093,75
07/09/2026 12:10:00;79093,75;79108,75;79048,0;79048,01
07/09/2026 12:15:00;79048,01;79134,0;78834,61;79123,73
07/09/2026 12:20:00;79123,73;79138,0;79066,28;79103,99
07/09/2026 12:25:00;79104,0;79124,0;79024,81;79027,83
07/09/2026 12:30:00;79027,83;79033,99;78831,975;78831,975
07/09/2026 12:35:00;78831,975;78900,0;78753,78;78802,6
07/09/2026 12:40:00;78802,6;78814,492617;78692,13;78776,43
07/09/2026 12:45:00;78776,43;78852,55;78711,013334;78844,9
07/09/2026 12:50:00;78844,9;78860,63;78830,0;78835,24
07/09/2026 12:55:00;78854,36;78861,43;78743,96;78807,947333
07/09/2026 13:00:00;78807,947333;78919,94;78807,947333;78874,43
07/09/2026 13:05:00;78874,43;78901,17;78828,0;78901,17
07/09/2026 13:10:00;78901,17;78920,0;78878,18;78911,99
07/09/2026 13:15:00;78911,99;78911,99;78834,0;78896,43
07/09/2026 13:20:00;78896,43;78896,43;78828,01;78828,01
07/09/2026 13:25:00;78824,65;78848,99;78807,69;78832,0
07/09/2026 13:30:00;78839,99;78949,69;78839,01;78938,0
07/09/2026 13:35:00;78938,0;79032,0;78934,04;79022,43
07/09/2026 13:40:00;79022,43;79035,23;78997,21;78999,02
07/09/2026 13:45:00;78999,02;79020,01;78978,22;78985,56
07/09/2026 13:50:00;78985,56;79018,0;78970,32;79001,42
07/09/2026 13:55:00;79001,42;79028,88;78970,86;79028,87
07/09/2026 14:00:00;79028,87;79028,87;79018,0;79027,04
07/09/2026 14:05:00;79027,04;79093,44;79027,04;79092,0
07/09/2026 14:10:00;79092,0;79145,84;79091,09;79145,84
07/09/2026 14:15:00;79145,84;79152,0;79112,86;79147,18
07/09/2026 14:20:00;79147,18;79157,54;79106,0;79117,27
07/09/2026 14:25:00;79117,27;79150,88;79094,77;79149,63
07/09/2026 14:30:00;79149,63;79150,178571;79089,58;79092,57
07/09/2026 14:35:00;79092,57;79146,0;79084,66;79145,99
07/09/2026 14:40:00;79145,99;79172,63;79139,05;79153,04
07/09/2026 14:45:00;79153,04;79180,0;79144,0;79166,0
07/09/2026 14:50:00;79166,0;79223,53;79166,0;79175,33
07/09/2026 14:55:00;79175,33;79182,07;79174,75;79182,07
07/09/2026 15:00:00;79182,07;79215,32;79174,0;79174,01
07/09/2026 15:05:00;79174,01;79208,0;79148,78;79150,06
07/09/2026 15:10:00;79150,06;79211,99;79150,06;79174,96
07/09/2026 15:15:00;79174,96;79200,88;79174,6;79200,87
07/09/2026 15:20:00;79200,87;79200,87;79151,244109;79151,4
07/09/2026 15:25:00;79151,4;79177,4;79134,0;79141,91
07/09/2026 15:30:00;79141,91;79141,92;79096,0;79111,89
07/09/2026 15:35:00;79111,89;79135,58;79099,180665;79099,180665
07/09/2026 15:40:00;79099,180665;79163,41;79099,180665;79158,91
07/09/2026 15:45:00;79158,91;79199,66;79144,0;79199,65
07/09/2026 15:50:00;79199,65;79244,0;79194,51;79223,24
07/09/2026 15:55:00;79223,24;79226,0;79172,0;79196,15
07/09/2026 16:00:00;79196,15;79196,16;79159,23;79182,1
07/09/2026 16:05:00;79182,09;79189,0;79158,08;79158,09
07/09/2026 16:10:00;79158,09;79175,5;79158,01;79165,98
07/09/2026 16:15:00;79165,98;79182,0;79165,98;79182,0
07/09/2026 16:20:00;79182,0;79242,0;79181,99;79242,0
07/09/2026 16:25:00;79242,0;79243,4;79220,46;79224,75
07/09/2026 16:30:00;79224,75;79378,0;79224,75;79377,99
07/09/2026 16:35:00;79377,99;79418,0;79346,46;79368,01
07/09/2026 16:40:00;79368,01;79368,95;79336,0;79342,38
07/09/2026 16:45:00;79342,39;79365,99;79342,38;79365,99
07/09/2026 16:50:00;79365,99;79382,97;79358,37;79366,01
07/09/2026 16:55:00;79366,01;79368,0;79346,88;79367,99
07/09/2026 17:00:00;79367,99;79370,01;79324,0;79324,01
07/09/2026 17:05:00;79324,01;79324,01;79216,0;79248,0
07/09/2026 17:10:00;79248,0;79251,98;79212,0;79236,76
07/09/2026 17:15:00;79236,76;79259,51;79230,0;79259,51
07/09/2026 17:20:00;79259,51;79259,51;79184,2;79214,04
07/09/2026 17:25:00;79214,04;79214,05;79199,59;79213,97
07/09/2026 17:30:00;79213,97;79241,28;79213,96;79233,99
07/09/2026 17:35:00;79233,99;79234,0;79218,66;79218,66
07/09/2026 17:40:00;79218,66;79226,0;79188,41;79188,42
07/09/2026 17:45:00;79188,42;79234,62;79168,01;79234,62
07/09/2026 17:50:00;79234,62;79261,33;79200,0;79209,99
07/09/2026 17:55:00;79209,99;79247,97;79209,99;79238,0
07/09/2026 18:00:00;79255,99;79264,0;79240,0;79240,0
07/09/2026 18:05:00;79240,0;79240,01;79212,0;79212,01
07/09/2026 18:10:00;79212,01;79264,48;79207,99;79264,48
07/09/2026 18:15:00;79265,99;79278,0;79215,64;79255,99
07/09/2026 18:20:00;79255,99;79256,0;79254,44;79254,45
07/09/2026 18:25:00;79254,45;79262,01;79230,42;79232,01
07/09/2026 18:30:00;79232,01;79246,02;79213,99;79213,99
07/09/2026 18:35:00;79213,99;79221,24;79190,0;79211,99
07/09/2026 18:40:00;79212,0;79227,95;79180,01;79190,0
07/09/2026 18:45:00;79194,82;79216,0;79164,01;79188,01
07/09/2026 18:50:00;79179,68;79192,986117;79154,48;79190,38
07/09/2026 18:55:00;79190,39;79213,27;79178,826667;79178,826667
07/09/2026 19:00:00;79178,826667;79196,0;79077,94;79191,16
07/09/2026 19:05:00;79191,16;79210,0;79148,0;79200,0
07/09/2026 19:10:00;79200,0;79218,0;79144,0;79145,96
07/09/2026 19:15:00;79145,96;79154,48;79044,88;79067,29
07/09/2026 19:20:00;79067,29;79180,87;79028,05;79180,87
07/09/2026 19:25:00;79163,99;79200,0;79104,0;79104,0
07/09/2026 19:30:00;79104,0;79104,0;79046,47;79055,38
07/09/2026 19:35:00;79055,38;79074,47;78871,27;78877,83
07/09/2026 19:40:00;78877,83;78877,83;78809,35;78813,124
07/09/2026 19:45:00;78813,124;78961,31;78812,96;78961,31
07/09/2026 19:50:00;78961,31;78965,93;78937,24;78942,01
07/09/2026 19:55:00;78942,01;78964,49;78887,93;78952,19
07/09/2026 20:00:00;78952,19;79020,0;78938,39;78982,66
07/09/2026 20:05:00;78982,66;79166,0;78964,0;79124,0
07/09/2026 20:10:00;79124,0;79151,73;79104,01;79132,01
07/09/2026 20:15:00;79132,01;79140,33;79068,0;79117,89
07/09/2026 20:20:00;79117,88;79117,88;78980,01;78998,66
07/09/2026 20:25:00;78998,66;79040,0;78996,01;79013,854
07/09/2026 20:30:00;79013,854;79023,99;78988,52;79008,0
07/09/2026 20:35:00;79002,01;79050,0;79002,0;79041,92
07/09/2026 20:40:00;79042,84;79104,02125;79034,035666;79104,02125
07/09/2026 20:45:00;79104,02125;79201,353333;79104,02125;79201,353333
07/09/2026 20:50:00;79201,353333;79212,127203;79150,0;79150,01
07/09/2026 20:55:00;79150,01;79154,16;79120,11;79137,99
07/09/2026 21:00:00;79137,99;79137,99;79049,4175;79056,0
07/09/2026 21:05:00;79054,01;79103,99;79021,46;79050,55
07/09/2026 21:10:00;79050,55;79070,37;79010,18;79053,78
07/09/2026 21:15:00;79053,78;79146,0;79017,97;79073,342333
07/09/2026 21:20:00;79073,342333;79073,342333;78966,562222;78966,562222
07/09/2026 21:25:00;78966,562222;79076,69;78961,970953;79004,0
07/09/2026 21:30:00;79004,0;79169,55;78983,57;79169,55
07/09/2026 21:35:00;79169,55;79240,0;79169,55;79230,01
07/09/2026 21:40:00;79230,01;79278,99;79204,0;79229,0
07/09/2026 21:45:00;79229,0;79261,99;79202,0;79249,49
07/09/2026 21:50:00;79249,49;79305,97;79249,49;79262,01
07/09/2026 21:55:00;79262,01;79313,09;79262,0;79302,55
07/09/2026 22:00:00;79313,08;79323,72;79288,06;79306,54
07/09/2026 22:05:00;79306,54;79350,0;79266,49;79350,0
07/09/2026 22:10:00;79350,0;79370,0;79298,0;79298,0
07/09/2026 22:15:00;79298,0;79352,0;79268,0;79329,99
07/09/2026 22:20:00;79329,99;79463,06;79317,3;79380,01
07/09/2026 22:25:00;79380,01;79438,02;79378,0;79397,99
07/09/2026 22:30:00;79397,99;79397,99;79317,53;79319,3
07/09/2026 22:35:00;79319,3;79368,0;79319,3;79339,51
07/09/2026 22:40:00;79339,51;79339,51;79307,07;79317,96
07/09/2026 22:45:00;79317,96;79365,34;79302,07;79365,33
07/09/2026 22:50:00;79365,33;79389,25;79326,51;79389,25
07/09/2026 22:55:00;79389,25;79456,82;79373,69;79441,99
07/09/2026 23:00:00;79441,99;79441,99;79384,0;79384,0
07/09/2026 23:05:00;79384,0;79384,0;79330,0;79330,0
07/09/2026 23:10:00;79330,0;79344,36;79254,37;79339,25
07/09/2026 23:15:00;79339,25;79348,87;79285,43;79308,0
07/09/2026 23:20:00;79308,0;79482,07;79294,0;79472,01
07/09/2026 23:25:00;79472,0;79485,0;79254,0;79265,61
07/09/2026 23:30:00;79265,61;79268,75;79194,0;79216,0
07/09/2026 23:35:00;79210,09;79210,09;79167,63;79207,45
07/09/2026 23:40:00;79207,45;79216,01;79100,0;79134,01
07/09/2026 23:45:00;79134,01;79149,57;79098,0;79117,36
07/09/2026 23:50:00;79102,97;79102,98;78989,74;78990,12
07/09/2026 23:55:00;78990,12;79014,0;78930,01;78930,01
08/09/2026 00:00:00;78930,01;79002,0;78927,92;78940,288778
08/09/2026 00:05:00;78940,288778;78988,0;78939,664669;78984,67
08/09/2026 00:10:00;78989,25;78991,45;78900,3;78921,16
08/09/2026 00:15:00;78921,16;78945,7;78881,47;78881,47
08/09/2026 00:20:00;78881,47;78881,47;78747,03586;78831,132167
08/09/2026 00:25:00;78831,132167;78846,848637;78736,64;78755,54
08/09/2026 00:30:00;78755,54;78970,0;78755,54;78918,0
08/09/2026 00:35:00;78918,0;78990,0;78895,5;78951,25
08/09/2026 00:40:00;78951,25;78985,21;78914,23;78949,24
08/09/2026 00:45:00;78949,24;78951,98;78882,76;78890,61
08/09/2026 00:50:00;78890,61;78949,74;78890,61;78919,45
08/09/2026 00:55:00;78919,45;78924,0;78907,44;78909,71
08/09/2026 01:00:00;78909,71;78929,24;78896,49;78896,72
08/09/2026 01:05:00;78896,72;78924,303337;78855,75;78875,52
08/09/2026 01:10:00;78875,52;78875,52;78787,11;78819,02
08/09/2026 01:15:00;78819,01;78855,01;78777,02;78852,99
08/09/2026 01:20:00;78852,99;78863,62;78790,01;78806,01
08/09/2026 01:25:00;78806,01;78843,97;78764,17;78798,0
08/09/2026 01:30:00;78798,0;78875,0;78798,0;78875,0
08/09/2026 01:35:00;78875,0;78875,0;78788,0;78828,88
08/09/2026 01:40:00;78828,88;78839,99;78738,98;78760,99
08/09/2026 01:45:00;78760,99;78820,842037;78760,99;78820,842037
08/09/2026 01:50:00;78820,842037;78820,842037;78732,0;78732,0
08/09/2026 01:55:00;78732,0;78732,0;78678,7;78678,71
08/09/2026 02:00:00;78678,71;78817,75;78555,56;78794,647667
08/09/2026 02:05:00;78794,647667;78794,647667;78618,01;78660,81
08/09/2026 02:10:00;78660,81;78779,823;78660,81;78779,823
08/09/2026 02:15:00;78779,823;78849,09;78677,9367;78845,6
08/09/2026 02:20:00;78845,6;78878,0;78805,15;78807,54
08/09/2026 02:25:00;78807,54;78881,99;78805,24;78853,664327
08/09/2026 02:30:00;78853,664327;78853,664327;78669,7;78688,0
08/09/2026 02:35:00;78688,0;78750,15;78642,0;78749,64
08/09/2026 02:40:00;78749,64;78755,99354;78644,0;78750,849594
08/09/2026 02:45:00;78750,849594;78750,849594;78628,01;78689,88
08/09/2026 02:50:00;78689,88;78714,0;78612,01;78638,01
08/09/2026 02:55:00;78638,01;78644,0;78571,21;78584,06
08/09/2026 03:00:00;78584,06;78603,99;78470,49;78561,94712
08/09/2026 03:05:00;78561,94712;78621,19;78455,06;78598,98
08/09/2026 03:10:00;78598,98;78598,98;78496,1;78573,98
08/09/2026 03:15:00;78573,98;78631,72;78461,0;78461,01
08/09/2026 03:20:00;78461,01;78501,82;78370,01;78447,8
08/09/2026 03:25:00;78447,8;78470,0;78366,0;78399,79
08/09/2026 03:30:00;78399,79;78446,96;78380,32;78380,32
08/09/2026 03:35:00;78380,32;78442,01;78357,1;78430,4
08/09/2026 03:40:00;78430,4;78447,99;78369,95;78423,82
08/09/2026 03:45:00;78423,82;78491,98;78362,66;78362,66
08/09/2026 03:50:00;78362,66;78403,82;78277,53;78281,18
08/09/2026 03:55:00;78281,18;78372,0;78261,61;78322,05
08/09/2026 04:00:00;78322,05;78380,41;78287,55;78318,54
08/09/2026 04:05:00;78318,54;78434,0;78310,0;78408,01
08/09/2026 04:10:00;78408,01;78447,99;78408,0;78410,01
08/09/2026 04:15:00;78410,01;78459,83;78374,41;78448,73
08/09/2026 04:20:00;78458,0;78491,99;78424,87;78468,0
08/09/2026 04:25:00;78468,0;78516,61;78465,47;78468,09
08/09/2026 04:30:00;78468,09;78500,0;78442,49;78500,0
08/09/2026 04:35:00;78500,0;78547,0;78498,42;78528,385
08/09/2026 04:40:00;78528,385;78606,0;78444,23;78586,108
08/09/2026 04:45:00;78586,108;78586,108;78274,484167;78274,484167
08/09/2026 04:50:00;78274,484167;78366,01;78188,23;78329,52
08/09/2026 04:55:00;78329,52;78481,99;78329,52;78481,99
08/09/2026 05:00:00;78481,99;78481,99;78286,47;78367,66001
08/09/2026 05:05:00;78367,66001;78438,0;78338,02;78347,43
08/09/2026 05:10:00;78347,43;78389,38;78316,0;78389,17
08/09/2026 05:15:00;78389,17;78413,59;78308,01;78344,0
08/09/2026 05:20:00;78344,0;78412,0;78304,01;78412,0
08/09/2026 05:25:00;78412,0;78500,01;78364,0;78500,01
08/09/2026 05:30:00;78500,01;78559,44;78450,03;78538,97
08/09/2026 05:35:00;78538,97;78552,99;78500,37;78552,99
08/09/2026 05:40:00;78552,99;78560,01;78512,0;78560,01
08/09/2026 05:45:00;78560,01;78580,47;78497,01;78497,01
08/09/2026 05:50:00;78497,01;78516,0;78390,63;78405,975667
08/09/2026 05:55:00;78405,975667;78454,88;78384,0;78417,99
08/09/2026 06:00:00;78417,99;78447,99;78374,64;78435,99
08/09/2026 06:05:00;78435,99;78455,400309;78330,56;78395,28
08/09/2026 06:10:00;78395,28;78496,0;78355,64;78490,01
08/09/2026 06:15:00;78490,01;78505,99;78423,0;78423,0
08/09/2026 06:20:00;78423,0;78450,2;78340,5;78430,38
08/09/2026 06:25:00;78427,18;78485,38;78421,18;78476,64
08/09/2026 06:30:00;78476,64;78601,55;78453,38;78601,55
08/09/2026 06:35:00;78601,55;78694,0;78578,0;78694,0
08/09/2026 06:40:00;78694,0;78779,78;78686,0;78762,0
08/09/2026 06:45:00;78762,0;78778,0;78734,25;78767,77
08/09/2026 06:50:00;78767,77;78800,0;78744,52;78759,48
08/09/2026 06:55:00;78759,48;78774,0;78730,0;78762,0
08/09/2026 07:00:00;78762,0;78766,28;78670,01;78766,28
08/09/2026 07:05:00;78766,28;78766,28;78700,0;78706,04
08/09/2026 07:10:00;78706,04;78745,12;78700,0;78741,99
08/09/2026 07:15:00;78741,99;78814,0;78736,0;78813,99
08/09/2026 07:20:00;78813,99;78994,5;78813,99;78973,215
08/09/2026 07:25:00;78973,215;78973,215;78832,43;78847,93
08/09/2026 07:30:00;78847,93;78871,24;78733,46;78736,53
08/09/2026 07:35:00;78736,53;78736,53;78679,15;78722,0
08/09/2026 07:40:00;78722,0;78722,0;78656,94;78670,11
08/09/2026 07:45:00;78670,11;78680,0;78656,49;78662,32
08/09/2026 07:50:00;78662,32;78692,0;78624,65;78635,63
08/09/2026 07:55:00;78635,63;78635,64;78568,0;78568,01
08/09/2026 08:00:00;78568,01;78576,0;78483,52;78483,53
08/09/2026 08:05:00;78483,53;78484,97;78359,35;78359,35
08/09/2026 08:10:00;78359,35;78377,48;78281,88;78281,88
08/09/2026 08:15:00;78281,88;78394,0;78281,88;78393,69
08/09/2026 08:20:00;78393,69;78471,99;78384,01;78398,756371
08/09/2026 08:25:00;78398,756371;78474,01;78366,822857;78382,97
08/09/2026 08:30:00;78382,97;78484,79;78353,093899;78353,093899
08/09/2026 08:35:00;78353,093899;78492,0;78353,093899;78432,01
08/09/2026 08:40:00;78461,11;78476,71;78382,966151;78440,26
08/09/2026 08:45:00;78440,26;78444,04;78379,98;78432,01
08/09/2026 08:50:00;78432,01;78452,0;78370,0;78380,84
08/09/2026 08:55:00;78380,84;78462,82;78357,60698;78357,60698
08/09/2026 09:00:00;78357,60698;78392,15;78215,42;78229,99
08/09/2026 09:05:00;78229,99;78347,33;78229,99;78347,33
08/09/2026 09:10:00;78347,33;78367,1;78222,0;78222,0
08/09/2026 09:15:00;78222,0;78274,08;78222,0;78274,07
08/09/2026 09:20:00;78274,07;78329,02;78262,0;78324,0
08/09/2026 09:25:00;78324,0;78401,94;78284,0;78377,85
08/09/2026 09:30:00;78377,85;78450,0;78316,59;78403,92
08/09/2026 09:35:00;78403,92;78422,0;78374,81;78387,12
08/09/2026 09:40:00;78387,12;78387,12;78297,45;78334,0
08/09/2026 09:45:00;78334,0;78399,88;78298,39;78399,88
08/09/2026 09:50:00;78399,88;78420,01;78323,2;78420,01
08/09/2026 09:55:00;78420,01;78483,42;78393,31;78426,0
08/09/2026 10:00:00;78444,0;78506,3;78399,71;78491,99
08/09/2026 10:05:00;78491,99;78545,46;78446,92;78459,99
08/09/2026 10:10:00;78459,99;78521,99;78444,89;78472,98
08/09/2026 10:15:00;78472,98;78484,0;78403,3655;78446,5895
08/09/2026 10:20:00;78446,5895;78457,96;78318,0;78344,0
08/09/2026 10:25:00;78344,0;78401,04;78335,08;78335,08
08/09/2026 10:30:00;78335,08;78372,0;78074,63;78118,54
08/09/2026 10:35:00;78118,54;78183,73;77850,83;77864,58
08/09/2026 10:40:00;77864,58;77895,9;77681,33;77840,67
08/09/2026 10:45:00;77912,01;77942,08;77766,96;77881,98
08/09/2026 10:50:00;77881,98;77881,98;77624,63;77813,68
08/09/2026 10:55:00;77813,68;78087,99;77813,68;77961,66
08/09/2026 11:00:00;77961,66;78024,0;77900,147429;78014,43
08/09/2026 11:05:00;78019,99;78109,2;77974,27;78090,01
08/09/2026 11:10:00;78090,01;78190,0;78048,01;78151,64
08/09/2026 11:15:00;78151,64;78305,17;78151,64;78305,17
08/09/2026 11:20:00;78305,17;78375,72;78286,01;78343,43
08/09/2026 11:25:00;78343,43;78362,741429;78255,28;78299,3
08/09/2026 11:30:00;78299,3;78410,35;78248,0;78381,99
08/09/2026 11:35:00;78381,99;78400,43;78298,0;78359,16
08/09/2026 11:40:00;78359,16;78432,0;78282,0;78407,73
08/09/2026 11:45:00;78391,99;78630,81;78391,99;78555,99
08/09/2026 11:50:00;78555,99;78595,15;78458,0;78521,37
08/09/2026 11:55:00;78521,37;78588,57;78490,0;78567,53
08/09/2026 12:00:00;78567,53;78662,99;78526,51;78545,99
08/09/2026 12:05:00;78545,99;78589,23;78477,32;78589,23
08/09/2026 12:10:00;78589,23;78664,0;78559,63;78644,95
08/09/2026 12:15:00;78678,86;78701,07;78617,7;78618,01
08/09/2026 12:20:00;78618,01;78631,43;78480,0;78541,61
08/09/2026 12:25:00;78541,61;78560,98;78451,4;78465,01
08/09/2026 12:30:00;78465,01;78561,09;78453,53;78545,21
08/09/2026 12:35:00;78545,21;78659,35;78540,0;78630,76
08/09/2026 12:40:00;78608,52;78770,0;78608,52;78721,54
08/09/2026 12:45:00;78721,54;78797,15;78682,0;78778,73
08/09/2026 12:50:00;78778,73;78872,1;78753,7;78840,42
08/09/2026 12:55:00;78840,42;78910,88;78820,65;78904,0
08/09/2026 13:00:00;78904,0;78907,99;78750,0;78832,72
08/09/2026 13:05:00;78832,72;78834,0;78738,01;78738,01
08/09/2026 13:10:00;78738,01;78738,01;78634,13;78648,82
08/09/2026 13:15:00;78648,82;78677,9;78581,33;78632,01
08/09/2026 13:20:00;78632,01;78671,59;78582,0;78629,99
08/09/2026 13:25:00;78629,99;78682,0;78627,16;78633,98
08/09/2026 13:30:00;78633,98;78708,0;78624,0;78658,53
08/09/2026 13:35:00;78658,53;78874,0;78652,0;78874,0
08/09/2026 13:40:00;78874,0;78975,25;78796,0;78796,0
08/09/2026 13:45:00;78796,0;78835,99;78778,0;78819,24
08/09/2026 13:50:00;78819,24;78878,0;78748,33;78788,0
08/09/2026 13:55:00;78788,0;78788,0;78654,01;78735,89
08/09/2026 14:00:00;78735,89;78857,45;78735,89;78840,0
08/09/2026 14:05:00;78840,0;78892,0;78710,0;78710,0
08/09/2026 14:10:00;78710,0;78726,0;78668,0;78678,58198
08/09/2026 14:15:00;78678,58198;78710,0;78629,44;78640,01
08/09/2026 14:20:00;78640,01;78640,01;78585,38;78588,0
08/09/2026 14:25:00;78588,0;78598,75;78550,21;78594,96
08/09/2026 14:30:00;78594,96;78630,0;78554,99;78629,99
08/09/2026 14:35:00;78629,99;78668,0;78592,0;78592,01
08/09/2026 14:40:00;78592,01;78594,0;78535,59;78535,59
08/09/2026 14:45:00;78536,0;78573,74;78500,0;78522,46
08/09/2026 14:50:00;78522,46;78649,9;78522,46;78599,22
08/09/2026 14:55:00;78599,22;78603,87;78500,0;78504,38
08/09/2026 15:00:00;78504,38;78574,85;78500,0;78536,01
08/09/2026 15:05:00;78536,01;78675,21;78536,0;78675,2
08/09/2026 15:10:00;78675,2;78710,895949;78652,24;78676,01
08/09/2026 15:15:00;78676,01;78764,0;78676,0;78762,73
08/09/2026 15:20:00;78762,73;78822,47;78756,0;78794,0
08/09/2026 15:25:00;78794,0;78794,01;78723,97;78731,99
08/09/2026 15:30:00;78741,95;78772,0;78731,99;78740,01
08/09/2026 15:35:00;78740,01;78740,01;78600,65;78600,66
08/09/2026 15:40:00;78600,66;78612,0;78586,0;78608,21
08/09/2026 15:45:00;78608,21;78656,0;78324,03;78340,44
08/09/2026 15:50:00;78340,44;78440,0;78275,21;78372,82
08/09/2026 15:55:00;78372,82;78449,96;78371,31;78449,96
08/09/2026 16:00:00;78449,96;78520,0;78400,0;78488,0
08/09/2026 16:05:00;78488,0;78516,0;78428,0;78459,99
08/09/2026 16:10:00;78459,99;78483,99;78436,56;78468,0
08/09/2026 16:15:00;78468,0;78528,0;78440,0;78455,17
08/09/2026 16:20:00;78455,17;78455,17;78350,0;78400,5
08/09/2026 16:25:00;78400,5;78484,0;78362,29;78469,99
08/09/2026 16:30:00;78469,99;78517,86;78340,9;78453,99
08/09/2026 16:35:00;78453,99;78487,09;78418,0;78460,01
08/09/2026 16:40:00;78460,01;78521,05;78416,0;78420,49
08/09/2026 16:45:00;78420,49;78420,5;78332,7;78415,99
08/09/2026 16:50:00;78415,99;78415,99;78325,39;78349,99
08/09/2026 16:55:00;78349,99;78446,0;78332,0;78445,99
08/09/2026 17:00:00;78445,99;78498,0;78410,05;78465,51
08/09/2026 17:05:00;78465,51;78534,0;78465,51;78529,86
08/09/2026 17:10:00;78529,86;78621,77;78528,36;78605,99
08/09/2026 17:15:00;78605,99;78614,0;78520,49;78520,49
08/09/2026 17:20:00;78520,49;78536,0;78458,0;78497,83
08/09/2026 17:25:00;78497,83;78591,99;78497,83;78590,01
08/09/2026 17:30:00;78583,18;78583,18;78433,13;78453,94
08/09/2026 17:35:00;78453,94;78538,0;78419,61;78537,990001
08/09/2026 17:40:00;78537,990001;78557,99;78482,42;78526,01
08/09/2026 17:45:00;78526,01;78550,0;78501,02;78530,01
08/09/2026 17:50:00;78530,01;78563,5;78478,0;78478,01
08/09/2026 17:55:00;78478,01;78522,26;78474,0;78487,99
08/09/2026 18:00:00;78487,99;78567,838709;78471,36;78513,99
08/09/2026 18:05:00;78513,99;78558,47;78513,99;78549,43
08/09/2026 18:10:00;78549,43;78568,35;78549,34;78565,34
08/09/2026 18:15:00;78565,34;78583,737751;78530,01;78536,0
08/09/2026 18:20:00;78536,0;78564,0;78512,0;78522,56
08/09/2026 18:25:00;78528,0;78575,822309;78515,519931;78542,35
08/09/2026 18:30:00;78542,35;78566,02;78500,0;78557,02
08/09/2026 18:35:00;78557,02;78557,02;78475,711071;78475,711071
08/09/2026 18:40:00;78475,711071;78565,58;78423,687683;78523,97
08/09/2026 18:45:00;78523,97;78536,2;78509,95;78509,95
08/09/2026 18:50:00;78509,95;78510,7;78404,394;78404,394
08/09/2026 18:55:00;78404,394;78491,59;78404,394;78491,59
08/09/2026 19:00:00;78491,59;78651,5;78479,35;78579,01
08/09/2026 19:05:00;78579,01;78595,84;78468,0;78468,0
08/09/2026 19:10:00;78468,0;78504,01;78457,875543;78504,01
08/09/2026 19:15:00;78506,0;78507,96;78450,124163;78451,85
08/09/2026 19:20:00;78451,85;78592,529997;78451,85;78561,99
08/09/2026 19:25:00;78561,99;78561,99;78509,257667;78509,257667
08/09/2026 19:30:00;78509,257667;78531,97;78478,0;78490,01
08/09/2026 19:35:00;78490,01;78512,0;78469,96;78479,98
08/09/2026 19:40:00;78479,98;78532,0;78473,91;78490,0
08/09/2026 19:45:00;78490,0;78554,0;78490,0;78554,0
08/09/2026 19:50:00;78553,99;78576,0;78523,96;78528,99
08/09/2026 19:55:00;78528,99;78576,049091;78519,32;78576,049091
08/09/2026 20:00:00;78576,049091;78583,09;78510,01;78522,89
08/09/2026 20:05:00;78522,89;78522,89;78502,9;78502,9
08/09/2026 20:10:00;78502,91;78522,89;78462,53;78509,01
08/09/2026 20:15:00;78509,01;78521,953814;78468,27;78468,29
08/09/2026 20:20:00;78468,29;78503,28;78448,29;78460,0
08/09/2026 20:25:00;78460,01;78479,86;78407,93;78479,32
08/09/2026 20:30:00;78459,99;78485,108332;78450,04;78458,94
08/09/2026 20:35:00;78458,94;78467,84;78449,975;78466,0
08/09/2026 20:40:00;78466,0;78466,05;78446,89;78448,12
08/09/2026 20:45:00;78448,12;78458,0;78433,502;78433,502
08/09/2026 20:50:00;78433,502;78463,63;78420,95;78420,95
08/09/2026 20:55:00;78418,0;78464,81;78408,64;78455,8
08/09/2026 21:00:00;78455,8;78559,25;78455,8;78556,43
08/09/2026 21:05:00;78556,43;78620,48;78552,71;78620,47
08/09/2026 21:10:00;78620,47;78728,2025;78611,59;78728,2025
08/09/2026 21:15:00;78728,2025;78728,2025;78632,95;78684,47
08/09/2026 21:20:00;78697,99;78747,23;78646,0;78665,62
08/09/2026 21:25:00;78665,62;78665,62;78616,01;78630,0
08/09/2026 21:30:00;78630,0;78633,53;78588,0;78630,01
08/09/2026 21:35:00;78630,01;78659,81;78564,96;78659,81
08/09/2026 21:40:00;78659,81;78698,14;78624,0;78698,14
08/09/2026 21:45:00;78698,14;78771,31;78698,13;78771,3
08/09/2026 21:50:00;78771,3;78782,6;78735,49;78781,34
08/09/2026 21:55:00;78781,34;78796,97;78760,91;78768,32
08/09/2026 22:00:00;78774,66;78783,85;78709,36;78709,37
08/09/2026 22:05:00;78709,37;78799,99;78709,37;78799,99
08/09/2026 22:10:00;78799,99;78850,23;78740,0;78740,01
08/09/2026 22:15:00;78740,01;78752,0;78636,01;78648,03
08/09/2026 22:20:00;78648,03;78700,0;78633,53;78673,99
08/09/2026 22:25:00;78675,81;78760,0;78662,0;78760,0
08/09/2026 22:30:00;78734,0;78762,9625;78702,0;78716,275832
08/09/2026 22:35:00;78716,275832;78876,33;78695,96;78834,0
08/09/2026 22:40:00;78834,0;78871,16;78794,603333;78840,0
08/09/2026 22:45:00;78840,0;78891,485309;78840,0;78866,0
08/09/2026 22:50:00;78866,0;78912,907751;78828,01;78887,12
08/09/2026 22:55:00;78887,12;78891,5;78818,66;78891,49
08/09/2026 23:00:00;78891,49;78910,0;78846,01;78888,25
08/09/2026 23:05:00;78888,25;78912,0;78846,01;78908,0
08/09/2026 23:10:00;78908,0;78928,65;78796,49;78802,46
08/09/2026 23:15:00;78802,46;78802,46;78686,46;78760,0
08/09/2026 23:20:00;78760,0;78833,22;78710,0;78826,0
08/09/2026 23:25:00;78826,0;78826,0;78772,88;78821,99
08/09/2026 23:30:00;78821,99;78838,0;78780,0;78780,52
08/09/2026 23:35:00;78780,52;78780,95;78758,0;78763,61
08/09/2026 23:40:00;78763,61;78792,0;78762,0;78791,99
08/09/2026 23:45:00;78791,99;78800,0;78774,45;78774,45
08/09/2026 23:50:00;78774,45;78794,99;78768,01;78788,01
08/09/2026 23:55:00;78784,0;78784,0;78746,96;78746,96
09/09/2026 00:00:00;78746,96;78746,96;78674,442;78674,442
09/09/2026 00:05:00;78674,442;78722,02;78638,0;78649,19
09/09/2026 00:10:00;78649,19;78659,99;78592,45;78592,46
09/09/2026 00:15:00;78592,46;78622,0;78580,0;78594,33
09/09/2026 00:20:00;78584,45;78620,32;78575,56;78583,3
09/09/2026 00:25:00;78583,3;78592,41;78527,95;78577,72
09/09/2026 00:30:00;78577,71;78596,0;78571,94;78595,99
09/09/2026 00:35:00;78595,99;78604,63;78580,0;78601,99
09/09/2026 00:40:00;78603,5;78662,01;78581,003199;78650,0
09/09/2026 00:45:00;78650,0;78679,99;78633,07;78647,99
09/09/2026 00:50:00;78647,98;78648,0;78604,0;78645,99
09/09/2026 00:55:00;78645,99;78672,0;78605,38;78638,01
09/09/2026 01:00:00;78638,01;78941,38;78638,0;78939,37
09/09/2026 01:05:00;78927,26;78940,41;78794,01;78794,01
09/09/2026 01:10:00;78794,01;78851,99;78757,72;78841,62
09/09/2026 01:15:00;78841,62;78847,69;78790,0;78830,0
09/09/2026 01:20:00;78830,0;78919,99;78814,0;78919,99
09/09/2026 01:25:00;78919,99;78945,99;78896,0;78896,0
09/09/2026 01:30:00;78886,0;78923,98;78881,93;78922,43
09/09/2026 01:35:00;78912,59;78938,64;78872,59;78922,2
09/09/2026 01:40:00;78922,19;79198,88;78912,96;79198,88
09/09/2026 01:45:00;79195,08;79215,82;79080,89;79129,88
09/09/2026 01:50:00;79129,88;79187,05;79129,88;79172,87
09/09/2026 01:55:00;79172,87;79194,41;79160,47;79171,5
09/09/2026 02:00:00;79171,5;79182,82;79058,77;79130,72
09/09/2026 02:05:00;79130,72;79177,182497;79092,07;79177,182497
09/09/2026 02:10:00;79177,182497;79202,03;79100,0;79202,03
09/09/2026 02:15:00;79202,03;79370,01;79187,82854;79316,02
09/09/2026 02:20:00;79316,02;79317,65;79181,53;79181,54
09/09/2026 02:25:00;79181,55;79200,0;79131,18;79131,18
09/09/2026 02:30:00;79131,18;79137,75;78956,01;79030,9
09/09/2026 02:35:00;79030,9;79044,57;78975,57;78975,57
09/09/2026 02:40:00;78975,57;78975,57;78900,0;78921,99
09/09/2026 02:45:00;78921,99;78926,68;78840,59;78858,39
09/09/2026 02:50:00;78858,39;78908,0;78844,0;78844,0
09/09/2026 02:55:00;78844,0;78962,0;78844,0;78903,24
09/09/2026 03:00:00;78903,24;78963,5;78859,972;78859,972
09/09/2026 03:05:00;78859,972;78977,67;78859,972;78950,65
09/09/2026 03:10:00;78950,65;79132,31;78950,65;79128,52
09/09/2026 03:15:00;79121,66;79170,0;79099,16;79123,769334
09/09/2026 03:20:00;79123,769334;79258,97;79123,769334;79192,39
09/09/2026 03:25:00;79192,39;79235,63;79156,18;79156,18
09/09/2026 03:30:00;79156,18;79227,62;79135,91;79187,7
09/09/2026 03:35:00;79187,7;79236,02;79187,7;79208,56
09/09/2026 03:40:00;79208,56;79208,56;79151,0;79187,42
09/09/2026 03:45:00;79187,42;79198,69;79134,84;79134,84
09/09/2026 03:50:00;79134,84;79167,54;79120,5;79123,04
09/09/2026 03:55:00;79123,04;79177,98;79117,89;79159,03
09/09/2026 04:00:00;79159,03;79181,63;79141,9975;79141,9975
09/09/2026 04:05:00;79141,9975;79390,0;79141,9975;79309,9
09/09/2026 04:10:00;79309,9;79338,78;79253,42;79334,6375
09/09/2026 04:15:00;79334,6375;79334,6375;79220,17;79240,01
09/09/2026 04:20:00;79240,01;79292,04;79240,01;79292,02
09/09/2026 04:25:00;79292,03;79292,03;79248,0;79271,65
09/09/2026 04:30:00;79271,65;79292,03;79222,01;79223,04
09/09/2026 04:35:00;79223,04;79254,0;79223,03;79225,88
09/09/2026 04:40:00;79225,88;79245,78;79182,65;79196,26
09/09/2026 04:45:00;79196,26;79254,0;79196,26;79228,07
09/09/2026 04:50:00;79228,07;79275,22;79195,92;79254,16
09/09/2026 04:55:00;79254,16;79283,56;79240,91;79277,43
09/09/2026 05:00:00;79277,43;79434,08;79264,01;79425,39
09/09/2026 05:05:00;79425,39;79500,0;79382,06;79463,63
09/09/2026 05:10:00;79463,63;79544,64;79411,45;79411,45
09/09/2026 05:15:00;79411,45;79511,62;79411,45;79511,61
09/09/2026 05:20:00;79511,61;79618,1;79497,28;79585,11
09/09/2026 05:25:00;79585,11;79708,02;79544,05;79683,39
09/09/2026 05:30:00;79683,39;79693,39;79633,75;79693,39
09/09/2026 05:35:00;79693,39;79758,48;79583,41;79624,01
09/09/2026 05:40:00;79624,01;79700,0;79622,42;79640,0
09/09/2026 05:45:00;79640,0;79670,0;79609,56;79609,56
09/09/2026 05:50:00;79609,56;79701,68;79579,99;79700,0
09/09/2026 05:55:00;79700,0;79707,78;79660,67;79698,02
09/09/2026 06:00:00;79698,02;79716,0;79614,3;79652,0
09/09/2026 06:05:00;79613,71;79648,39;79504,99;79504,99
09/09/2026 06:10:00;79504,99;79542,0;79471,02;79534,36
09/09/2026 06:15:00;79534,36;79551,35;79477,15;79487,96
09/09/2026 06:20:00;79487,96;79487,97;79458,0;79464,94
09/09/2026 06:25:00;79464,94;79464,95;79430,53;79430,54
09/09/2026 06:30:00;79430,54;79448,0;79375,28;79408,4
09/09/2026 06:35:00;79408,4;79408,4;79291,76;79316,0
09/09/2026 06:40:00;79316,0;79316,0;79076,0;79082,87
09/09/2026 06:45:00;79082,87;79118,12;79002,37;79016,0
09/09/2026 06:50:00;79016,0;79038,83;78964,01;78964,01
09/09/2026 06:55:00;78965,23;78988,0;78900,01;78952,01
09/09/2026 07:00:00;78991,99;79044,0;78933,874841;79035,57
09/09/2026 07:05:00;79035,57;79048,0;78965,32;78965,36
09/09/2026 07:10:00;78965,36;79032,38;78941,93;79004,14
09/09/2026 07:15:00;79004,14;79060,0;78928,72;79060,0
09/09/2026 07:20:00;79060,0;79119,64;79060,0;79076,34
09/09/2026 07:25:00;79076,34;79117,55;79064,0;79082,0
09/09/2026 07:30:00;79082,0;79144,0;79071,23;79143,99
09/09/2026 07:35:00;79143,99;79183,91;79070,0;79141,93
09/09/2026 07:40:00;79141,93;79156,0;79060,0;79071,45
09/09/2026 07:45:00;79071,45;79071,46;79004,0;79034,0
09/09/2026 07:50:00;79034,0;79034,0;78878,11;78888,39
09/09/2026 07:55:00;78880,41;78951,32;78878,11;78920,01
09/09/2026 08:00:00;78920,01;78956,93;78737,83;78803,28
09/09/2026 08:05:00;78803,28;78848,0;78755,6;78848,0
09/09/2026 08:10:00;78848,0;78914,0;78842,0;78865,72
09/09/2026 08:15:00;78865,72;78882,0;78801,91;78814,01
09/09/2026 08:20:00;78814,01;78926,0;78803,25;78924,0
09/09/2026 08:25:00;78924,0;78995,98;78912,0;78995,98
09/09/2026 08:30:00;78995,98;79098,0;78962,0;79071,99
09/09/2026 08:35:00;79071,99;79079,92;79013,62;79049,9
09/09/2026 08:40:00;79049,9;79077,45;79000,0;79024,44
09/09/2026 08:45:00;79024,44;79132,0;79024,44;79124,663333
09/09/2026 08:50:00;79124,663333;79375,28;79124,663333;79306,27
09/09/2026 08:55:00;79306,27;79359,98;79280,0;79350,0
09/09/2026 09:00:00;79350,0;79414,83;79310,0;79322,51
09/09/2026 09:05:00;79322,51;79452,93;79283,04;79421,27
09/09/2026 09:10:00;79421,27;79443,2;79380,33;79390,0
09/09/2026 09:15:00;79390,0;79456,32;79326,01;79367,18
09/09/2026 09:20:00;79392,02;79431,11;79383,1;79393,82
09/09/2026 09:25:00;79393,82;79413,84;79371,17;79405,25
09/09/2026 09:30:00;79405,25;79509,0;79405,25;79509,0
09/09/2026 09:35:00;79515,24;79576,71;79469,82;79530,08
09/09/2026 09:40:00;79530,08;79610,6;79503,62;79514,3
09/09/2026 09:45:00;79531,2;79613,743711;79514,985714;79609,99
09/09/2026 09:50:00;79625,0;79641,56;79539,391149;79612,33
09/09/2026 09:55:00;79608,86;79639,73;79568,01;79604,51
09/09/2026 10:00:00;79604,51;79629,57;79510,0;79615,49
09/09/2026 10:05:00;79615,49;79615,49;79538,24;79538,24
09/09/2026 10:10:00;79538,24;79538,24;79498,55;79523,46
09/09/2026 10:15:00;79523,46;79528,99;79464,08;79528,99
09/09/2026 10:20:00;79528,99;79600,0;79496,52;79555,82
09/09/2026 10:25:00;79555,83;79640,84;79546,01;79620,05
09/09/2026 10:30:00;79620,05;79678,83;79514,380666;79668,06
09/09/2026 10:35:00;79668,06;79668,06;79290,35;79319,613107
09/09/2026 10:40:00;79319,613107;79471,86;79103,81;79246,68
09/09/2026 10:45:00;79246,68;79390,0;79212,0;79306,01
09/09/2026 10:50:00;79306,01;79378,94;79248,83;79356,6308
09/09/2026 10:55:00;79356,6308;79356,6308;79123,06;79127,052083
09/09/2026 11:00:00;79127,052083;79151,99;78894,64;79068,52
09/09/2026 11:05:00;79068,52;79205,42;78981,18;78995,91
09/09/2026 11:10:00;78995,91;79094,97;78900,75;79090,0
09/09/2026 11:15:00;79090,0;79090,0;78950,0;78950,0
09/09/2026 11:20:00;78959,99;78966,52;78841,398789;78942,01
09/09/2026 11:25:00;78942,01;79259,44;78914,0;79259,43
09/09/2026 11:30:00;79259,43;79336,99;79230,0;79294,019999
09/09/2026 11:35:00;79294,019999;79413,73;79242,0;79272,28
09/09/2026 11:40:00;79272,28;79272,28;79036,7;79036,7
09/09/2026 11:45:00;79036,7;79129,53;78965,821157;79129,53
09/09/2026 11:50:00;79129,53;79136,0;78952,81;78974,54
09/09/2026 11:55:00;78974,54;78974,54;78892,3;78956,38
09/09/2026 12:00:00;78956,38;79372,16;78650,0;78808,0
09/09/2026 12:05:00;78808,0;78910,01;78474,95;78591,18
09/09/2026 12:10:00;78669,42;78669,42;78300,01;78398,884429
09/09/2026 12:15:00;78398,884429;78625,19;78397,73652;78533,16
09/09/2026 12:20:00;78533,16;78551,92;78060,04;78075,03
09/09/2026 12:25:00;78075,03;78400,0;78061,29;78377,22
09/09/2026 12:30:00;78377,22;78592,01;78340,3;78592,01
09/09/2026 12:35:00;78592,01;78705,84;78556,44;78694,81
09/09/2026 12:40:00;78694,81;78732,52;78616,02;78643,4
09/09/2026 12:45:00;78643,4;78682,53;78555,39;78612,21
09/09/2026 12:50:00;78612,21;78686,52;78556,02;78686,52
09/09/2026 12:55:00;78686,52;78689,36;78590,48;78596,7
09/09/2026 13:00:00;78596,7;78789,42;78572,01;78746,01
09/09/2026 13:05:00;78746,01;78779,95;78502,15;78502,16
09/09/2026 13:10:00;78502,16;78649,008333;78493,2;78570,018856
09/09/2026 13:15:00;78570,018856;78603,433446;78500,0;78557,41
09/09/2026 13:20:00;78558,01;78646,0;78460,34;78496,01
09/09/2026 13:25:00;78500,01;78649,85;78500,01;78626,88
09/09/2026 13:30:00;78719,57;78916,57;78667,6;78873,06
09/09/2026 13:35:00;78873,06;78886,0;78780,0;78810,0
09/09/2026 13:40:00;78810,0;78810,01;78756,0;78806,02
09/09/2026 13:45:00;78806,02;78806,02;78750,0;78750,01
09/09/2026 13:50:00;78750,01;78785,6;78738,88;78738,88
09/09/2026 13:55:00;78738,88;78812,19;78738,78;78804,89
09/09/2026 14:00:00;78804,89;78837,46;78735,12;78740,0
09/09/2026 14:05:00;78738,01;78811,91;78724,0;78800,0
09/09/2026 14:10:00;78800,0;78919,76;78784,0;78871,62
09/09/2026 14:15:00;78871,62;78889,58;78808,76;78829,71
09/09/2026 14:20:00;78829,71;78854,08;78794,0;78854,08
09/09/2026 14:25:00;78854,08;78934,4;78853,68;78854,0
09/09/2026 14:30:00;78854,0;78858,91;78769,5;78800,0
09/09/2026 14:35:00;78800,0;78862,01;78738,83;78738,84
09/09/2026 14:40:00;78738,84;78762,13;78692,0;78702,49
09/09/2026 14:45:00;78702,49;78764,42;78674,01;78764,42
09/09/2026 14:50:00;78764,42;78800,0;78708,0;78800,0
09/09/2026 14:55:00;78800,0;78817,37;78772,0;78776,0
09/09/2026 15:00:00;78776,0;78792,25;78733,77;78736,01
09/09/2026 15:05:00;78768,0;78768,0;78664,0;78680,0
09/09/2026 15:10:00;78680,0;78680,0;78598,0;78600,0
09/09/2026 15:15:00;78600,0;78626,91;78578,6;78578,6
09/09/2026 15:20:00;78578,6;78640,54;78568,01;78598,78
09/09/2026 15:25:00;78598,78;78624,0;78591,76;78624,0
09/09/2026 15:30:00;78624,0;78642,0;78578,6;78583,49
09/09/2026 15:35:00;78583,49;78583,5;78540,0;78552,0
09/09/2026 15:40:00;78552,0;78555,75;78505,96;78534,01
09/09/2026 15:45:00;78534,01;78538,19;78485,28;78529,46
09/09/2026 15:50:00;78529,46;78551,81;78478,0;78481,646666
09/09/2026 15:55:00;78481,646666;78488,01;78414,41;78414,41
09/09/2026 16:00:00;78414,41;78480,54;78392,26;78392,26
09/09/2026 16:05:00;78392,26;78442,01;78340,11;78395,56
09/09/2026 16:10:00;78395,56;78488,0;78392,78;78484,07
09/09/2026 16:15:00;78484,07;78515,44;78470,0;78509,486636
09/09/2026 16:20:00;78509,486636;78575,32;78496,0;78572,01
09/09/2026 16:25:00;78572,01;78572,01;78530,1;78534,0
09/09/2026 16:30:00;78546,01;78546,01;78490,18306;78544,01
09/09/2026 16:35:00;78544,01;78544,01;78346,39;78346,39
09/09/2026 16:40:00;78346,39;78384,01;78308,53;78308,53
09/09/2026 16:45:00;78308,53;78332,01;78290,0;78332,0
09/09/2026 16:50:00;78332,01;78332,01;78150,01;78202,94
09/09/2026 16:55:00;78202,94;78232,25;78185,440133;78230,06435
09/09/2026 17:00:00;78230,06435;78273,02;78194,0;78194,0
09/09/2026 17:05:00;78194,0;78265,7;78193,53;78265,69
09/09/2026 17:10:00;78265,69;78295,52;78236,01;78254,66
09/09/2026 17:15:00;78254,66;78325,913823;78243,41;78270,0
09/09/2026 17:20:00;78270,0;78270,0;78151,78;78216,01
09/09/2026 17:25:00;78175,0;78232,02;77945,29;78107,48
09/09/2026 17:30:00;78107,48;78256,070871;78107,48;78242,01
09/09/2026 17:35:00;78243,27;78313,31;78241,98;78310,01
09/09/2026 17:40:00;78310,01;78313,22;78232,95;78277,61
09/09/2026 17:45:00;78277,61;78282,01;78104,02;78110,0
09/09/2026 17:50:00;78110,0;78248,01;78100,53;78206,0
09/09/2026 17:55:00;78206,0;78330,84;78206,0;78324,06
09/09/2026 18:00:00;78324,06;78324,06;78244,0;78317,32
09/09/2026 18:05:00;78317,32;78339,56;78268,9;78268,9
09/09/2026 18:10:00;78268,9;78268,9;78169,58;78238,02
09/09/2026 18:15:00;78244,0;78248,01;78142,01;78191,39
09/09/2026 18:20:00;78184,4;78246,91;78138,0;78246,9
09/09/2026 18:25:00;78246,9;78294,03;78243,79;78282,53
09/09/2026 18:30:00;78282,53;78282,53;78180,0;78180,0
09/09/2026 18:35:00;78180,0;78234,01;78146,0;78231,99
09/09/2026 18:40:00;78231,99;78271,7;78231,99;78244,39
09/09/2026 18:45:00;78206,0;78254,01;78100,53;78100,53
09/09/2026 18:50:00;78100,53;78126,01;77994,15;78126,01
09/09/2026 18:55:00;78126,0;78145,02;78065,1;78144,01
09/09/2026 19:00:00;78144,01;78196,0;78036,64;78058,206
09/09/2026 19:05:00;78058,206;78084,01;77810,315695;77810,315695
09/09/2026 19:10:00;77810,315695;77975,1;77810,315695;77859,74
09/09/2026 19:15:00;77859,74;77960,0;77831,6;77959,99
09/09/2026 19:20:00;77959,99;78036,02;77959,99;78036,02
09/09/2026 19:25:00;78036,02;78048,01;78021,14;78031,46
09/09/2026 19:30:00;78000,0;78012,96;77964,986296;77964,986296
09/09/2026 19:35:00;77964,986296;78050,25;77944,0;78042,01
09/09/2026 19:40:00;78042,49;78045,357119;77982,97;78030,0
09/09/2026 19:45:00;78030,0;78046,0;78008,722381;78008,722381
09/09/2026 19:50:00;78009,692381;78033,52;77953,01;77959,76
09/09/2026 19:55:00;77959,76;77960,01;77918,0;77928,35
09/09/2026 20:00:00;77928,35;78125,64;77920,57;78125,41
09/09/2026 20:05:00;78125,41;78185,42;78116,0;78185,41
09/09/2026 20:10:00;78185,41;78200,0;78133,5;78157,56
09/09/2026 20:15:00;78157,56;78168,74;78100,0;78164,97
09/09/2026 20:20:00;78157,27;78172,02;78103,98;78116,46
09/09/2026 20:25:00;78128,01;78184,0;78126,142286;78184,0
09/09/2026 20:30:00;78186,01;78223,0;78177,0;78177,0
09/09/2026 20:35:00;78177,0;78257,71;78177,0;78238,44
09/09/2026 20:40:00;78242,01;78242,67;78220,09;78230,0
09/09/2026 20:45:00;78230,0;78274,42;78222,73;78266,59
09/09/2026 20:50:00;78274,41;78295,15;78263,66;78295,15
09/09/2026 20:55:00;78295,15;78300,01;78263,69;78266,203
09/09/2026 21:00:00;78266,203;78358,08;78257,44118;78347,44
09/09/2026 21:05:00;78347,44;78382,33;78309,51;78310,0
09/09/2026 21:10:00;78310,0;78373,52;78264,0;78269,71
09/09/2026 21:15:00;78269,71;78299,47;78255,0;78256,55
09/09/2026 21:20:00;78256,55;78319,44;78215,55;78278,51
09/09/2026 21:25:00;78278,51;78330,84;78232,384;78313,31
09/09/2026 21:30:00;78325,31;78325,31;78175,69;78252,31
09/09/2026 21:35:00;78252,31;78309,72;78241,63;78248,0
09/09/2026 21:40:00;78248,0;78248,0;78159,97;78159,97
09/09/2026 21:45:00;78151,32;78209,24;78130,49;78166,01
09/09/2026 21:50:00;78141,64;78216,91;78124,0;78137,16
09/09/2026 21:55:00;78137,16;78196,77;78092,7;78180,7
09/09/2026 22:00:00;78180,7;78295,37;78172,0;78295,36
09/09/2026 22:05:00;78295,36;78508,49;78295,36;78423,59
09/09/2026 22:10:00;78423,59;78431,45;78296,47;78334,8
09/09/2026 22:15:00;78303,18;78313,31;78176,47;78284,01
09/09/2026 22:20:00;78284,01;78284,01;78170,0;78252,0
09/09/2026 22:25:00;78252,0;78252,0;78176,0;78176,01
09/09/2026 22:30:00;78176,01;78204,01;78045,77;78046,01
09/09/2026 22:35:00;78046,01;78046,01;77952,0;77960,14
09/09/2026 22:40:00;77960,13;78214,18;77960,13;78187,66
09/09/2026 22:45:00;78187,66;78187,66;78066,0;78100,0
09/09/2026 22:50:00;78100,01;78110,98;77991,225;78018,65
09/09/2026 22:55:00;78052,0;78125,97;78052,0;78098,995
09/09/2026 23:00:00;78098,995;78100,53;78034,0;78034,0
09/09/2026 23:05:00;78058,01;78088,01;78032,0;78045,22
09/09/2026 23:10:00;78045,22;78063,96;78003,48;78049,864548
09/09/2026 23:15:00;78049,864548;78058,44;78002,419069;78050,01
09/09/2026 23:20:00;78050,01;78070,01;78004,9;78004,9
09/09/2026 23:25:00;78004,89;78024,01;77980,0;78024,0
09/09/2026 23:30:00;78024,0;78158,01;78006,6;78158,01
09/09/2026 23:35:00;78158,01;78219,65;78129,97;78191,39
09/09/2026 23:40:00;78191,39;78268,9;78189,61;78256,76
09/09/2026 23:45:00;78256,76;78319,25;78251,67;78313,48
09/09/2026 23:50:00;78313,48;78363,421896;78292,0;78363,421896
09/09/2026 23:55:00;78363,421896;78373,1;78339,28;78357,87
10/09/2026 00:00:00;78357,87;78502,0;78338,53;78502,0
10/09/2026 00:05:00;78484,26;78501,97;78411,01;78423,02
10/09/2026 00:10:00;78423,02;78427,89;78391,88;78427,89
10/09/2026 00:15:00;78427,89;78427,89;78346,73;78371,97
10/09/2026 00:20:00;78371,97;78375,47;78325,33;78325,34
10/09/2026 00:25:00;78325,33;78395,74;78306,4;78395,74
10/09/2026 00:30:00;78395,74;78450,0;78363,91;78388,26
10/09/2026 00:35:00;78388,26;78388,26;78340,58;78352,75
10/09/2026 00:40:00;78352,75;78395,24;78321,87;78368,68
10/09/2026 00:45:00;78368,68;78450,0;78364,61;78450,0
10/09/2026 00:50:00;78447,48;78447,48;78333,08;78337,9
10/09/2026 00:55:00;78337,9;78337,91;78278,11;78283,78
10/09/2026 01:00:00;78283,78;78352,65;78282,578571;78340,66
10/09/2026 01:05:00;78340,66;78406,08;78340,66;78406,08
10/09/2026 01:10:00;78406,08;78406,08;78344,85;78398,86
10/09/2026 01:15:00;78398,86;78415,96;78344,85;78415,96
10/09/2026 01:20:00;78416,73;78416,73;78378,45;78384,22
10/09/2026 01:25:00;78384,22;78419,67;78376,9;78387,63
10/09/2026 01:30:00;78387,63;78416,41;78380,79;78405,20001
10/09/2026 01:35:00;78405,20001;78405,20001;78356,19;78356,19
10/09/2026 01:40:00;78356,19;78366,09;78341,71;78341,88
10/09/2026 01:45:00;78341,88;78374,77;78331,71;78337,55
10/09/2026 01:50:00;78337,55;78359,76;78300,01;78345,17
10/09/2026 01:55:00;78345,17;78423,88;78328,1;78400,0
10/09/2026 02:00:00;78400,01;78415,68;78277,12;78277,13
10/09/2026 02:05:00;78277,13;78323,48;78270,75;78317,59
10/09/2026 02:10:00;78317,59;78486,35;78317,58997;78478,76
10/09/2026 02:15:00;78478,76;78478,76;78377,08;78385,18
10/09/2026 02:20:00;78385,18;78386,0;78358,63;78386,0
10/09/2026 02:25:00;78386,0;78512,58;78358,63;78506,884167
10/09/2026 02:30:00;78506,884167;78520,04;78471,09;78471,09
10/09/2026 02:35:00;78471,09;78520,04;78446,55;78446,55
10/09/2026 02:40:00;78446,55;78446,57;78395,5;78395,5
10/09/2026 02:45:00;78395,5;78436,0;78388,635714;78427,26
10/09/2026 02:50:00;78427,26;78549,99;78415,26;78532,27
10/09/2026 02:55:00;78532,27;78557,74;78486,01;78524,69
10/09/2026 03:00:00;78524,69;78542,05;78458,584348;78458,584348
10/09/2026 03:05:00;78458,584348;78458,584348;78419,68;78419,69
10/09/2026 03:10:00;78419,69;78419,69;78306,01;78308,91
10/09/2026 03:15:00;78308,91;78308,91;78149,86;78222,0
10/09/2026 03:20:00;78222,0;78232,01;78178,24;78214,58
10/09/2026 03:25:00;78214,58;78234,01;78198,23;78216,64
10/09/2026 03:30:00;78216,64;78230,01;78154,79;78154,79
10/09/2026 03:35:00;78154,79;78198,01;78154,79;78198,0
10/09/2026 03:40:00;78198,01;78268,9;78184,35;78198,01
10/09/2026 03:45:00;78198,01;78452,01;78198,0;78452,01
10/09/2026 03:50:00;78452,01;78528,01;78418,0;78419,69
10/09/2026 03:55:00;78419,69;78472,01;78416,0;78416,01
10/09/2026 04:00:00;78416,01;78422,01;78253,28;78260,86
10/09/2026 04:05:00;78260,86;78260,86;78157,17;78200,0
10/09/2026 04:10:00;78200,0;78236,723333;78200,0;78214,01
10/09/2026 04:15:00;78214,01;78215,68;78174,99;78200,54
10/09/2026 04:20:00;78200,54;78200,54;78086,92;78086,93
10/09/2026 04:25:00;78086,93;78105,43;78025,37;78025,37
10/09/2026 04:30:00;78025,37;78046,83;77943,8;77943,8
10/09/2026 04:35:00;77943,8;77992,73;77919,46;77966,85
10/09/2026 04:40:00;77966,85;78015,25;77948,25;78015,25
10/09/2026 04:45:00;78015,25;78065,46;78015,25;78065,45
10/09/2026 04:50:00;78065,45;78160,89;78065,45;78126,0
10/09/2026 04:55:00;78126,0;78136,01;78090,0;78112,01
10/09/2026 05:00:00;78112,01;78148,0;78089,37;78122,01
10/09/2026 05:05:00;78122,01;78160,0;78104,0;78146,01
10/09/2026 05:10:00;78146,01;78146,01;78076,805167;78076,805167
10/09/2026 05:15:00;78076,805167;78096,0;78041,396667;78076,04
10/09/2026 05:20:00;78076,04;78162,96;78076,04;78162,01
10/09/2026 05:25:00;78162,01;78170,74;78091,64;78170,74
10/09/2026 05:30:00;78170,74;78170,74;78038,0;78041,01
10/09/2026 05:35:00;78041,01;78154,0;78041,01;78128,01
10/09/2026 05:40:00;78128,01;78128,01;78074,0;78096,0
10/09/2026 05:45:00;78096,0;78120,99;78096,0;78100,56
10/09/2026 05:50:00;78100,56;78171,24;78096,0;78171,24
10/09/2026 05:55:00;78171,24;78176,0;78106,92;78176,0
10/09/2026 06:00:00;78176,0;78183,17;78118,0;78183,15
10/09/2026 06:05:00;78183,15;78210,01;78112,0;78112,0
10/09/2026 06:10:00;78112,0;78150,01;78111,03;78150,01
10/09/2026 06:15:00;78150,01;78200,0;78139,35;78142,97
10/09/2026 06:20:00;78142,97;78200,0;78139,97;78139,97
10/09/2026 06:25:00;78139,97;78229,19;78124,535714;78134,01
10/09/2026 06:30:00;78134,01;78171,1;78063,98;78063,98
10/09/2026 06:35:00;78063,98;78097,05;77987,49;77999,19
10/09/2026 06:40:00;77999,19;77999,19;77913,28;77960,75
10/09/2026 06:45:00;77960,75;77992,01;77944,7;77990,24
10/09/2026 06:50:00;77990,24;78023,5;77972,48;78000,0
10/09/2026 06:55:00;78000,0;78003,369332;77951,25;77972,04
10/09/2026 07:00:00;77972,04;78030,01;77959,01;78012,0
10/09/2026 07:05:00;77988,0;78037,34;77952,01;77952,01
10/09/2026 07:10:00;77972,0;78010,01;77954,67;77985,09
10/09/2026 07:15:00;77985,09;78014,01;77960,99;77994,01
10/09/2026 07:20:00;77994,01;78030,09;77950,01;78030,09
10/09/2026 07:25:00;78030,09;78030,09;77943,04;77979,87
10/09/2026 07:30:00;77979,87;77979,87;77860,99;77889,556667
10/09/2026 07:35:00;77889,556667;78029,96;77874,63;78016,0
10/09/2026 07:40:00;78016,0;78044,57;77979,01;77986,79
10/09/2026 07:45:00;77986,79;77998,25;77958,59;77958,59
10/09/2026 07:50:00;77958,59;77970,25;77889,424236;77889,43
10/09/2026 07:55:00;77889,43;78026,01;77797,8;77797,8
10/09/2026 08:00:00;77797,8;77863,85;77777,01;77792,15
10/09/2026 08:05:00;77792,15;77851,87;77716,71;77812,01
10/09/2026 08:10:00;77812,01;77882,78;77757,94;77757,94
10/09/2026 08:15:00;77757,94;78053,99;77757,94;77966,01
10/09/2026 08:20:00;77966,01;78020,97;77966,01;78020,96
10/09/2026 08:25:00;78020,96;78021,69;77986,0;78004,01
10/09/2026 08:30:00;78004,01;78050,0;78004,01;78048,0
10/09/2026 08:35:00;78048,0;78048,0;78003,62;78045,18
10/09/2026 08:40:00;78045,17;78045,17;77982,01;77982,01
10/09/2026 08:45:00;77982,01;77998,01;77888,99;77925,96
10/09/2026 08:50:00;77925,96;77972,02;77864,19;77904,17
10/09/2026 08:55:00;77904,17;77919,706903;77840,316834;77842,01
10/09/2026 09:00:00;77842,01;77888,45;77770,0;77780,0
10/09/2026 09:05:00;77780,0;77815,54;77710,21;77723,52
10/09/2026 09:10:00;77723,52;77838,01;77708,02;77823,76
10/09/2026 09:15:00;77823,76;77836,02;77717,18;77717,18
10/09/2026 09:20:00;77717,18;77752,01;77676,0;77701,35
10/09/2026 09:25:00;77701,35;77754,01;77700,0;77754,01
10/09/2026 09:30:00;77754,01;77906,94;77303,339444;77303,339444
10/09/2026 09:35:00;77303,339444;77492,68;77034,87;77103,58
10/09/2026 09:40:00;77103,58;77256,47;77088,73;77130,25
10/09/2026 09:45:00;77130,25;77166,0;76753,180275;76753,180275
10/09/2026 09:50:00;76753,180275;77118,16;76753,180275;76850,315928
10/09/2026 09:55:00;76850,315928;76912,67;76700,0;76893,0
10/09/2026 10:00:00;76936,0;77088,0;76886,165;77043,99
10/09/2026 10:05:00;77043,99;77079,77;76922,0;76966,01
10/09/2026 10:10:00;76966,01;77038,01;76780,0;76800,13
10/09/2026 10:15:00;76800,13;76915,37;76730,320001;76799,3625
10/09/2026 10:20:00;76799,3625;76966,72;76764,395686;76888,01
10/09/2026 10:25:00;76888,01;76970,01;76854,31;76934,01
10/09/2026 10:30:00;76934,01;76978,01;76774,01;76923,44
10/09/2026 10:35:00;76923,44;77106,01;76879,24;77058,01
10/09/2026 10:40:00;77058,01;77084,0;76936,23;76936,23
10/09/2026 10:45:00;76936,22;77124,067334;76926,01;77082,29
10/09/2026 10:50:00;77078,29;77234,0;76924,0;77154,01
10/09/2026 10:55:00;77154,01;77226,01;77111,61;77174,44
10/09/2026 11:00:00;77174,44;77322,02;77168,554144;77236,0
10/09/2026 11:05:00;77189,53;77236,310001;76959,3;77008,182671
10/09/2026 11:10:00;77008,182671;77146,01;77002,0;77085,91
10/09/2026 11:15:00;77085,91;77086,0;76956,381667;77002,54
10/09/2026 11:20:00;77044,15;77335,16;76996,13;77270,0
10/09/2026 11:25:00;77270,0;77387,582857;77249,65;77372,582857
10/09/2026 11:30:00;77372,582857;77372,582857;77240,0;77294,01
10/09/2026 11:35:00;77294,01;77360,01;77250,0;77250,0
10/09/2026 11:40:00;77250,0;77345,82;77250,0;77282,0
10/09/2026 11:45:00;77282,0;77410,03;77282,0;77328,01
10/09/2026 11:50:00;77328,01;77389,79;77272,0;77388,0
10/09/2026 11:55:00;77388,0;77424,98;77366,0;77404,04
10/09/2026 12:00:00;77404,04;77404,04;77250,0;77292,42
10/09/2026 12:05:00;77292,42;77367,99;77292,01;77364,99
10/09/2026 12:10:00;77364,99;77412,89;77324,01;77362,0
10/09/2026 12:15:00;77362,0;77370,7283;77242,01;77262,0
10/09/2026 12:20:00;77262,0;77262,01;77158,0;77174,0
10/09/2026 12:25:00;77174,0;77174,84;77098,0;77108,01
10/09/2026 12:30:00;77108,01;77204,4;77092,17;77164,45
10/09/2026 12:35:00;77164,45;77336,49;77156,72;77276,01
10/09/2026 12:40:00;77276,01;77280,01;77202,0;77216,01
10/09/2026 12:45:00;77216,0;77240,01;77120,0;77186,01
10/09/2026 12:50:00;77186,01;77218,01;77148,0;77148,01
10/09/2026 12:55:00;77148,01;77250,01;77121,0;77250,01
10/09/2026 13:00:00;77250,01;77312,01;77100,0;77100,0
10/09/2026 13:05:00;77100,0;77110,01;76953,275405;76955,368738
10/09/2026 13:10:00;76955,368738;77002,01;76910,01;76986,01
10/09/2026 13:15:00;76986,01;77000,0;76884,28;76897,223536
10/09/2026 13:20:00;76897,223536;77077,02;76897,223536;76990,0
10/09/2026 13:25:00;76990,0;76994,01;76930,0;76932,0
10/09/2026 13:30:00;76932,0;76976,01;76855,586;76855,586
10/09/2026 13:35:00;76855,586;77017,99;76806,06;77017,99
10/09/2026 13:40:00;77020,0;77060,15;76978,0;77044,89
10/09/2026 13:45:00;77044,89;77234,9;77044,88;77130,0
10/09/2026 13:50:00;77130,0;77130,0;77074,0;77098,01
10/09/2026 13:55:00;77098,01;77211,35;77090,0;77200,01
10/09/2026 14:00:00;77200,01;77210,0;77126,27;77144,69
10/09/2026 14:05:00;77144,69;77173,55;77134,0;77152,01
10/09/2026 14:10:00;77152,01;77244,6;77152,0;77180,01
10/09/2026 14:15:00;77180,01;77186,99;77140,01;77174,79
10/09/2026 14:20:00;77174,79;77307,02;77135,15;77306,03
10/09/2026 14:25:00;77306,03;77339,36;77241,85;77321,54
10/09/2026 14:30:00;77321,54;77517,94;77319,61;77507,96
10/09/2026 14:35:00;77458,63;77543,99;77367,25;77367,26
10/09/2026 14:40:00;77367,25;77391,65;77318,0;77361,93
10/09/2026 14:45:00;77361,93;77398,02;77324,51;77398,02
10/09/2026 14:50:00;77398,02;77432,0;77368,5;77403,34
10/09/2026 14:55:00;77372,01;77378,09;77334,0;77334,23
10/09/2026 15:00:00;77334,23;77340,0;77165,67;77165,69
10/09/2026 15:05:00;77165,69;77192,85;77000,0;77007,0
10/09/2026 15:10:00;77007,0;77038,01;76986,93;77020,01
10/09/2026 15:15:00;77020,01;77086,52;77005,27;77044,09
10/09/2026 15:20:00;77044,09;77133,03;77044,09;77105,88
10/09/2026 15:25:00;77105,88;77129,24;77074,0;77074,01
10/09/2026 15:30:00;77074,01;77090,0;77050,0;77087,75
10/09/2026 15:35:00;77087,75;77166,01;77078,0;77158,01
10/09/2026 15:40:00;77142,52;77158,01;77130,0;77158,0
10/09/2026 15:45:00;77158,01;77182,57;77102,97;77124,0
10/09/2026 15:50:00;77124,0;77298,48;77100,0;77281,78
10/09/2026 15:55:00;77281,78;77281,78;77200,0;77252,0
10/09/2026 16:00:00;77252,0;77252,0;77180,0;77214,01
10/09/2026 16:05:00;77214,01;77220,72;77160,0;77199,28
10/09/2026 16:10:00;77199,28;77199,48;77130,0;77172,01
10/09/2026 16:15:00;77172,01;77190,01;77144,19;77156,51
10/09/2026 16:20:00;77156,51;77186,01;77120,1;77186,01
10/09/2026 16:25:00;77186,01;77254,01;77178,7;77190,0
10/09/2026 16:30:00;77190,0;77190,02;77120,1;77159,74
10/09/2026 16:35:00;77159,74;77198,01;77137,57;77168,57
10/09/2026 16:40:00;77168,57;77296,01;77168,57;77254,0
10/09/2026 16:45:00;77254,0;77258,01;77154,0;77154,01
10/09/2026 16:50:00;77154,01;77162,01;77083,18;77103,98
10/09/2026 16:55:00;77103,98;77195,12;77092,01;77160,82
10/09/2026 17:00:00;77160,82;77193,2;77116,0;77164,01
10/09/2026 17:05:00;77164,01;77286,01;77164,01;77286,01
10/09/2026 17:10:00;77286,01;77322,01;77272,58;77322,01
10/09/2026 17:15:00;77322,01;77336,0;77306,01;77335,63
10/09/2026 17:20:00;77335,63;77347,45;77274,0;77274,0
10/09/2026 17:25:00;77274,0;77290,01;77256,0;77277,8
10/09/2026 17:30:00;77277,8;77277,81;77234,0;77254,01
10/09/2026 17:35:00;77254,01;77274,0;77232,01;77274,0
10/09/2026 17:40:00;77268,27;77298,0;77234,0;77234,0
10/09/2026 17:45:00;77234,0;77298,01;77221,64;77252,01
10/09/2026 17:50:00;77252,01;77296,02;77252,0;77296,02
10/09/2026 17:55:00;77296,02;77305,13;77268,08;77268,08
10/09/2026 18:00:00;77268,08;77282,01;77227,57;77240,87
10/09/2026 18:05:00;77240,88;77279,51;77223,36;77279,5
10/09/2026 18:10:00;77296,01;77303,02;77258,0;77258,0
10/09/2026 18:15:00;77258,0;77258,01;77200,89;77200,9
10/09/2026 18:20:00;77200,9;77224,66;77200,0;77208,98
10/09/2026 18:25:00;77208,98;77230,69;77200,27;77230,69
10/09/2026 18:30:00;77238,01;77238,03;77204,76;77204,76
10/09/2026 18:35:00;77231,69;77231,7;77180,95;77180,95
10/09/2026 18:40:00;77180,95;77196,96;77152,109429;77161,879607
10/09/2026 18:45:00;77161,879607;77196,01;77139,5;77153,862668
10/09/2026 18:50:00;77153,862668;77178,01;77135,01;77135,01
10/09/2026 18:55:00;77135,01;77150,01;77130,0;77144,0
10/09/2026 19:00:00;77130,01;77152,78;77100,01;77152,78
10/09/2026 19:05:00;77152,78;77170,01;77104,44;77170,0
10/09/2026 19:10:00;77170,01;77181,48;77100,53;77100,53
10/09/2026 19:15:00;77144,0;77200,0;77144,0;77188,01
10/09/2026 19:20:00;77188,01;77218,01;77150,0;77158,73
10/09/2026 19:25:00;77158,73;77158,73;77082,5075;77082,5075
10/09/2026 19:30:00;77082,5075;77083,720143;76980,24;76994,72
10/09/2026 19:35:00;76994,72;77004,08;76870,01;76912,08
10/09/2026 19:40:00;76912,08;76912,09;76830,01;76863,0
10/09/2026 19:45:00;76857,18;76970,84;76857,18;76970,84
10/09/2026 19:50:00;76970,84;76970,84;76901,1;76912,51
10/09/2026 19:55:00;76912,51;76912,51;76824,522071;76824,522071
10/09/2026 20:00:00;76824,522071;76876,31;76761,29;76764,941278
10/09/2026 20:05:00;76764,941278;76874,8;76639,41;76699,397857
10/09/2026 20:10:00;76699,397857;76774,298859;76577,31;76577,31
10/09/2026 20:15:00;76619,32;76693,24;76511,82;76623,712
10/09/2026 20:20:00;76623,712;76756,713334;76623,712;76723,95
10/09/2026 20:25:00;76717,78;76779,221523;76703,94;76731,84
10/09/2026 20:30:00;76734,3;76792,64;76723,59;76774,05
10/09/2026 20:35:00;76774,04;76821,63;76733,66;76769,47
10/09/2026 20:40:00;76750,19;76798,19;76709,3;76776,71
10/09/2026 20:45:00;76776,71;76781,43;76710,06;76713,95
10/09/2026 20:50:00;76713,95;76738,98;76624,38;76642,59
10/09/2026 20:55:00;76621,23;76649,02;76544,18;76568,73
10/09/2026 21:00:00;76568,72;76690,274429;76549,67232;76648,96
10/09/2026 21:05:00;76609,92;76793,91;76609,92;76793,91
10/09/2026 21:10:00;76793,9;76832,13;76793,9;76818,08
10/09/2026 21:15:00;76832,12;76839,8;76792,19;76792,19
10/09/2026 21:20:00;76792,19;76872,8;76698,645731;76869,8
10/09/2026 21:25:00;76869,8;76869,8;0,0;76848,85
10/09/2026 21:30:00;76848,85;76848,86;76686,09;76787,13
10/09/2026 21:35:00;76787,13;76824,33;76761,28;76800,56
10/09/2026 21:40:00;76781,05;76805,05;76734,31;76762,37
10/09/2026 21:45:00;76762,37;76792,9;76741,76;76779,28
10/09/2026 21:50:00;76779,28;76904,97;76771,01;76897,26
10/09/2026 21:55:00;76897,26;76933,94;76883,18;76908,59
10/09/2026 22:00:00;76908,59;77000,0;76890,56;77000,0
10/09/2026 22:05:00;76955,1;76981,98;76943,45;76959,83
10/09/2026 22:10:00;76959,83;76987,940001;76941,676526;76953,79251
10/09/2026 22:15:00;76953,79251;76953,79251;76841,04;76910,0
10/09/2026 22:20:00;76910,0;76957,45;76795,93;76877,34
10/09/2026 22:25:00;76877,34;76905,62;76809,6;76815,2
10/09/2026 22:30:00;76813,09;76815,84;76710,462686;76801,050791
10/09/2026 22:35:00;76801,050791;76918,16;76748,09;76779,09
10/09/2026 22:40:00;76779,09;76873,46;76693,18;76873,46
10/09/2026 22:45:00;76880,44;76906,39;76804,83;76906,39
10/09/2026 22:50:00;76906,39;76960,87;76888,41;76960,87
10/09/2026 22:55:00;76960,87;76971,44;76939,96;76964,27
10/09/2026 23:00:00;76964,27;76989,36;76926,0;76969,580089
10/09/2026 23:05:00;76969,580089;77013,61;76909,24;76931,836
10/09/2026 23:10:00;76931,836;76993,49;76907,15;76990,01
10/09/2026 23:15:00;76943,4;76977,04;76882,13;76891,29
10/09/2026 23:20:00;76891,29;76924,02;76848,15;76848,15
10/09/2026 23:25:00;76848,15;76848,15;76769,69;76809,51
10/09/2026 23:30:00;76809,51;76813,98;76782,42;76811,0
10/09/2026 23:35:00;76811,0;76925,68;76782,77;76925,68
10/09/2026 23:40:00;76925,68;76925,68;76868,34;76868,39
10/09/2026 23:45:00;76868,39;76921,91;76852,53;76921,9
10/09/2026 23:50:00;76921,91;76935,22;76806,29;76857,39
10/09/2026 23:55:00;76857,39;76884,72;76838,67;76838,68
11/09/2026 00:00:00;76839,83;76871,74;76800,01;76800,01
11/09/2026 00:05:00;76782,6;76826,8;76708,37;76723,5
11/09/2026 00:10:00;76723,5;76897,54;76705,88;76883,03
11/09/2026 00:15:00;76883,03;76895,73;76774,78;76850,0
11/09/2026 00:20:00;76850,0;76853,48;76765,99;76777,66
11/09/2026 00:25:00;76777,66;76833,49;76763,32;76828,14
11/09/2026 00:30:00;76828,14;76828,14;76706,4;76769,91
11/09/2026 00:35:00;76776,73;76879,23;76747,59;76853,38
11/09/2026 00:40:00;76853,38;76897,5302;76813,01;76866,84
11/09/2026 00:45:00;76867,9;76867,91;76794,24;76797,03
11/09/2026 00:50:00;76797,04;76813,51;76771,35;76813,42
11/09/2026 00:55:00;76818,91;76896,12;76818,91;76891,81
11/09/2026 01:00:00;76891,81;76953,02;76889,23;76948,67
11/09/2026 01:05:00;76948,67;76999,99;76948,67;76957,46
11/09/2026 01:10:00;76957,46;76988,0;76908,79;76982,75
11/09/2026 01:15:00;76982,75;76997,46;76949,47;76986,011333
11/09/2026 01:20:00;76986,011333;77076,47;76986,011333;77076,47
11/09/2026 01:25:00;77076,47;77189,78;77076,46;77183,41
11/09/2026 01:30:00;77183,41;77203,49;77150,0;77203,49
11/09/2026 01:35:00;77203,49;77203,49;77104,0;77114,0
11/09/2026 01:40:00;77114,0;77130,1;77088,35;77096,01
11/09/2026 01:45:00;77096,01;77114,01;77096,0;77107,12
11/09/2026 01:50:00;77107,12;77133,85;77107,12;77133,84
11/09/2026 01:55:00;77135,41;77146,32;77114,01;77114,01
11/09/2026 02:00:00;77114,01;77114,02;77076,46;77076,46
11/09/2026 02:05:00;77076,46;77097,2;77069,06;77091,63
11/09/2026 02:10:00;77091,63;77159,38;77086,96;77143,59
11/09/2026 02:15:00;77143,59;77150,01;77126,01;77130,01
11/09/2026 02:20:00;77130,01;77130,01;77098,0;77117,3
11/09/2026 02:25:00;77117,3;77130,19;77092,01;77130,19
11/09/2026 02:30:00;77130,19;77135,99;77066,2;77066,2
11/09/2026 02:35:00;77066,2;77187,18;77056,875097;77179,39
11/09/2026 02:40:00;77179,39;77188,47;77160,0;77188,47
11/09/2026 02:45:00;77188,47;77195,44;77163,74;77167,461571
11/09/2026 02:50:00;77167,461571;77200,0;77167,461571;77200,0
11/09/2026 02:55:00;77200,0;77252,88;77199,99;77252,87
11/09/2026 03:00:00;77252,87;77260,86;77229,05;77260,86
11/09/2026 03:05:00;77260,86;77280,0;77249,89;77274,35
11/09/2026 03:10:00;77274,35;77431,48;77274,35;77410,01
11/09/2026 03:15:00;77410,01;77423,097286;77300,0;77423,097286
11/09/2026 03:20:00;77423,097286;77423,097286;77270,0;77271,04
11/09/2026 03:25:00;77271,04;77276,01;77260,0;77276,0
11/09/2026 03:30:00;77276,0;77276,01;77183,01;77183,02
11/09/2026 03:35:00;77183,02;77256,31;77182,0;77256,3
11/09/2026 03:40:00;77256,3;77256,3;77226,0;77238,7
11/09/2026 03:45:00;77238,7;77282,01;77238,7;77282,01
11/09/2026 03:50:00;77282,01;77298,01;77279,15;77280,0
11/09/2026 03:55:00;77280,0;77298,01;77279,16;77298,01
11/09/2026 04:00:00;77298,01;77314,72;77291,6;77314,72
11/09/2026 04:05:00;77314,72;77364,8;77314,72;77364,79
11/09/2026 04:10:00;77364,79;77397,61;77316,4;77323,37
11/09/2026 04:15:00;77323,37;77358,11;77323,37;77332,21
11/09/2026 04:20:00;77332,21;77403,19;77332,21;77357,73
11/09/2026 04:25:00;77357,73;77357,73;77308,0;77336,01
11/09/2026 04:30:00;77336,01;77347,58;77280,0;77300,44
11/09/2026 04:35:00;77300,44;77300,45;77263,21;77263,21
11/09/2026 04:40:00;77263,2;77275,56;77259,64;77262,58
11/09/2026 04:45:00;77262,58;77263,85;77236,28;77246,01
11/09/2026 04:50:00;77246,01;77254,49;77215,28;77215,34
11/09/2026 04:55:00;77215,34;77257,5;77203,73;77230,69
11/09/2026 05:00:00;77230,69;77270,02;77180,91;77180,91
11/09/2026 05:05:00;77180,91;77180,92;77155,55;77155,56
11/09/2026 05:10:00;77155,56;77182,01;77144,59;77182,01
11/09/2026 05:15:00;77182,01;77246,23;77182,01;77240,49
11/09/2026 05:20:00;77240,49;77421,43;77240,49;77417,59
11/09/2026 05:25:00;77417,59;77461,13;77331,07;77384,92
11/09/2026 05:30:00;77384,92;77500,0;77384,92;77392,68
11/09/2026 05:35:00;77392,68;77416,01;77362,49;77401,35
11/09/2026 05:40:00;77401,35;77435,88;77401,34;77424,0
11/09/2026 05:45:00;77424,0;77424,0;77366,15;77372,09
11/09/2026 05:50:00;77372,09;77378,01;77332,88;77350,48
11/09/2026 05:55:00;77350,48;77364,94;77348,0;77364,93
11/09/2026 06:00:00;77364,93;77370,01;77334,0;77337,02
11/09/2026 06:05:00;77337,02;77337,03;77277,32;77277,32
11/09/2026 06:10:00;77277,32;77291,9;77266,0;77284,0
11/09/2026 06:15:00;77284,0;77300,0;77278,0;77280,0
11/09/2026 06:20:00;77280,0;77280,0;77217,12;77217,13
11/09/2026 06:25:00;77217,13;77279,52;77158,0;77279,52
11/09/2026 06:30:00;77279,52;77279,52;77099,86;77099,87
11/09/2026 06:35:00;77099,87;77099,87;76925,921334;76931,87
11/09/2026 06:40:00;76931,87;76970,0;76866,15;76964,23
11/09/2026 06:45:00;76964,23;77028,53;76964,23;77026,0
11/09/2026 06:50:00;77026,0;77058,531163;77004,78;77024,25
11/09/2026 06:55:00;77024,25;77067,64;77021,11;77044,11
11/09/2026 07:00:00;77044,11;77163,25;76982,9;77162,67
11/09/2026 07:05:00;77162,67;77162,68;77091,01;77091,01
11/09/2026 07:10:00;77091,01;77111,36;77034,92;77034,92
11/09/2026 07:15:00;77034,92;77140,01;77034,92;77139,05
11/09/2026 07:20:00;77106,0;77140,01;77098,0;77099,52
11/09/2026 07:25:00;77099,52;77099,53;77035,88;77037,106913
11/09/2026 07:30:00;77037,106913;77047,99;76966,0;77047,98
11/09/2026 07:35:00;77047,98;77058,72;77010,0;77049,7
11/09/2026 07:40:00;77049,7;77049,7;76984,28;77017,37
11/09/2026 07:45:00;77017,37;77040,63;77003,07;77006,76
11/09/2026 07:50:00;77006,76;77040,0;77006,76;77029,79
11/09/2026 07:55:00;77029,79;77040,14;76999,74;76999,75
11/09/2026 08:00:00;76999,75;77000,0;76878,85;76883,79
11/09/2026 08:05:00;76883,79;76913,74;76777,74;76800,0
11/09/2026 08:10:00;76800,0;76840,01;76761,28;76786,01
11/09/2026 08:15:00;76786,01;76824,47;76752,02;76824,46
11/09/2026 08:20:00;76824,46;76832,32;76778,01;76825,04
11/09/2026 08:25:00;76825,04;76912,01;76825,03;76850,65
11/09/2026 08:30:00;76850,65;76858,01;76800,0;76800,0
11/09/2026 08:35:00;76800,0;76878,79;76800,0;76847,8
11/09/2026 08:40:00;76847,8;76906,14;76846,01;76906,14
11/09/2026 08:45:00;76906,14;76996,01;76906,0;76944,21
11/09/2026 08:50:00;76944,21;77013,64;76902,0;76984,53
11/09/2026 08:55:00;76984,53;77049,25;76958,0;77049,25
11/09/2026 09:00:00;77049,25;77125,0;77005,28;77070,0
11/09/2026 09:05:00;77070,0;77070,0;76918,64;76918,65
11/09/2026 09:10:00;76918,65;77002,28;76900,96;76924,46
11/09/2026 09:15:00;76924,46;77082,0;76906,05;76958,54
11/09/2026 09:20:00;76958,54;77067,84;76952,2;76962,56
11/09/2026 09:25:00;76962,56;77406,87;76936,0;77196,0
11/09/2026 09:30:00;77126,01;77270,12;76097,6;77164,0
11/09/2026 09:35:00;77164,0;77599,04;77010,01;77586,59
11/09/2026 09:40:00;77586,59;77685,94;77404,32;77590,01
11/09/2026 09:45:00;77590,01;78030,0;77566,3;77865,45
11/09/2026 09:50:00;77865,45;78148,56;77865,45;77946,01
11/09/2026 09:55:00;77946,01;78032,99;77864,16;78032,99
11/09/2026 10:00:00;78032,99;78032,99;77745,78;77745,79
11/09/2026 10:05:00;77745,79;77918,0;77561,12;77580,01
11/09/2026 10:10:00;77580,01;77721,99;77567,71;77721,99
11/09/2026 10:15:00;77685,83;77727,9;77634,07;77725,53
11/09/2026 10:20:00;77725,53;77836,0;77675,64;77726,0
11/09/2026 10:25:00;77726,0;77726,71;77508,35;77572,01
11/09/2026 10:30:00;77572,01;77748,2;77402,01;77415,795833
11/09/2026 10:35:00;77415,795833;77621,8;77253,81;77621,8
11/09/2026 10:40:00;77625,0;77907,5;77584,96;77867,1
11/09/2026 10:45:00;77867,1;78599,99;77758,01;78537,91
11/09/2026 10:50:00;78537,91;78796,85;78434,64;78677,37
11/09/2026 10:55:00;78677,37;79326,71;78677,37;79242,14
11/09/2026 11:00:00;79242,14;79875,79;79131,93;79521,05
11/09/2026 11:05:00;79521,05;79573,52;78858,01;79030,01
11/09/2026 11:10:00;79030,01;79190,1;78820,41;79065,46
11/09/2026 11:15:00;79065,46;79180,01;78967,93;79150,82
11/09/2026 11:20:00;79150,82;79189,18;79008,74;79038,77
11/09/2026 11:25:00;79038,77;79113,985;78949,06;79048,01
11/09/2026 11:30:00;79048,0;79048,0;78750,0;78754,0
11/09/2026 11:35:00;78754,0;78822,09;78575,17;78748,09
11/09/2026 11:40:00;78748,09;78779,35;78588,725003;78649,64
11/09/2026 11:45:00;78649,64;78802,0;78509,09;78681,59
11/09/2026 11:50:00;78668,0;78872,01;78638,0;78840,0
11/09/2026 11:55:00;78834,0;78857,28;78762,1;78799,99
11/09/2026 12:00:00;78799,99;78836,01;78558,0;78668,01
11/09/2026 12:05:00;78668,01;78770,01;78600,0;78656,01
11/09/2026 12:10:00;78656,01;78656,01;78509,1;78516,0
11/09/2026 12:15:00;78516,0;78648,02;78483,73;78648,02
11/09/2026 12:20:00;78648,02;78739,91;78586,0;78696,38
11/09/2026 12:25:00;78696,38;78775,57;78662,21;78720,75
11/09/2026 12:30:00;78720,75;78836,01;78693,28;78836,01
11/09/2026 12:35:00;78836,01;78836,01;78666,66;78780,01
11/09/2026 12:40:00;78780,01;78799,4;78652,0;78652,01
11/09/2026 12:45:00;78652,01;78653,8;78536,0;78552,92
11/09/2026 12:50:00;78552,92;78568,0;77500,01;77647,36
11/09/2026 12:55:00;77454,15;77757,54;77454,15;77732,25
11/09/2026 13:00:00;77732,25;77995,02;77681,75;77833,06
11/09/2026 13:05:00;77833,06;78068,01;77833,06;77954,74
11/09/2026 13:10:00;77954,74;77980,01;77789,89;77799,9
11/09/2026 13:15:00;77799,9;77835,69;77520,0;77520,01
11/09/2026 13:20:00;77520,01;77556,02;77391,61;77488,46
11/09/2026 13:25:00;77488,46;77746,0;77484,01;77668,61
11/09/2026 13:30:00;77668,61;77764,56;77528,007669;77752,84
11/09/2026 13:35:00;77752,84;77752,85;77638,0;77646,0
11/09/2026 13:40:00;77659,99;77798,01;77652,843333;77798,01
11/09/2026 13:45:00;77798,01;77997,93;77798,01;77902,01
11/09/2026 13:50:00;77902,01;77926,26;77856,0;77898,01
11/09/2026 13:55:00;77902,01;77956,01;77880,0;77916,09
11/09/2026 14:00:00;77916,09;77960,01;77821,84;77862,0
11/09/2026 14:05:00;77862,0;77927,99;77788,0;77798,0
11/09/2026 14:10:00;77798,0;77846,01;77782,22;77822,0
11/09/2026 14:15:00;77822,0;77849,33;77753,0;77826,02
11/09/2026 14:20:00;77826,02;77850,01;77725,25;77850,01
11/09/2026 14:25:00;77850,01;77907,23;77834,01;77834,01
11/09/2026 14:30:00;77834,01;77875,25;77800,0;77818,96
11/09/2026 14:35:00;77806,01;77806,895556;77580,0;77583,92
11/09/2026 14:40:00;77583,92;77652,0;77580,0;77610,0
11/09/2026 14:45:00;77610,0;77626,01;77578,0;77594,64
11/09/2026 14:50:00;77555,11;77566,99;77503,58;77505,45
11/09/2026 14:55:00;77514,0;77588,01;77512,48;77534,0
11/09/2026 15:00:00;77534,0;77538,01;77100,01;77150,01
11/09/2026 15:05:00;77048,63;77158,0;76883,01;77070,01
11/09/2026 15:10:00;77066,04;77106,24;77010,018214;77010,018214
11/09/2026 15:15:00;77010,018214;77250,0;77010,018214;77240,0
11/09/2026 15:20:00;77240,0;77240,0;77134,44;77147,57
11/09/2026 15:25:00;77147,57;77224,01;77092,01;77212,0
11/09/2026 15:30:00;77212,0;77258,01;77154,0;77256,0
11/09/2026 15:35:00;77256,01;77287,0;77191,27;77228,01
11/09/2026 15:40:00;77228,01;77240,01;77100,2;77118,0
11/09/2026 15:45:00;77118,0;77214,98;77046,0;77082,01
11/09/2026 15:50:00;77082,01;77082,01;76951,78;76974,01
11/09/2026 15:55:00;76974,01;77067,57;76966,01;77054,0
11/09/2026 16:00:00;77054,0;77158,01;77006,0;77119,3
11/09/2026 16:05:00;77119,3;77238,93;77119,3;77182,0
11/09/2026 16:10:00;77182,0;77217,57;77118,01;77217,57
11/09/2026 16:15:00;77168,01;77194,51;77088,01;77150,0
11/09/2026 16:20:00;77150,0;77266,62;77106,56;77265,37
11/09/2026 16:25:00;77265,37;77292,83;77238,0;77238,0
11/09/2026 16:30:00;77238,0;77240,01;77207,08;77238,0
11/09/2026 16:35:00;77238,0;77272,06;77202,34;77271,82
11/09/2026 16:40:00;77271,82;77328,02;77271,82;77306,65
11/09/2026 16:45:00;77306,65;77326,76;77250,0;77324,62
11/09/2026 16:50:00;77348,62;77372,01;77309,71;77358,77
11/09/2026 16:55:00;77358,77;77368,0;77286,0;77286,0
11/09/2026 17:00:00;77286,0;77447,19;77286,0;77442,7
11/09/2026 17:05:00;77442,7;77463,53;77420,0;77420,0
11/09/2026 17:10:00;77420,0;77489,16;77418,0;77458,89
11/09/2026 17:15:00;77458,89;77458,89;77377,0;77380,01
11/09/2026 17:20:00;77388,01;77429,84;77385,16;77427,35
11/09/2026 17:25:00;77427,35;77446,01;77376,0;77384,01
11/09/2026 17:30:00;77384,01;77384,01;77283,61;77368,01
11/09/2026 17:35:00;77368,0;77438,02;77368,0;77438,02
11/09/2026 17:40:00;77441,97;77458,0;77388,02;77398,47761
11/09/2026 17:45:00;77398,47761;77427,05;77246,57;77260,01
11/09/2026 17:50:00;77296,0;77318,01;77238,888666;77277,9
11/09/2026 17:55:00;77277,9;77358,01;77273,46;77340,0
11/09/2026 18:00:00;77340,0;77360,05;77301,99;77350,04
11/09/2026 18:05:00;77350,04;77400,0;77346,0;77396,21
11/09/2026 18:10:00;77396,21;77422,01;77321,0;77321,0
11/09/2026 18:15:00;77321,0;77406,0;77321,0;77400,85
11/09/2026 18:20:00;77400,85;77407,25;77400,85;77403,995
11/09/2026 18:25:00;77403,995;77423,01;77356,01;77356,01
11/09/2026 18:30:00;77356,01;77368,0;77340,07;77368,0
11/09/2026 18:35:00;77368,01;77389,99;77328,864921;77328,864921
11/09/2026 18:40:00;77328,864921;77374,0;77314,99;77314,99
11/09/2026 18:45:00;77314,99;77346,0;77272,0;77278,01
11/09/2026 18:50:00;77278,01;77278,01;77218,87;77228,03
11/09/2026 18:55:00;77192,6;77228,64;77106,470569;77106,88906
11/09/2026 19:00:00;77084,2;77147,26;76989,18;77147,26
11/09/2026 19:05:00;77147,26;77172,01;77076,12;77076,12
11/09/2026 19:10:00;77076,12;77172,35;77072,287666;77072,287666
11/09/2026 19:15:00;77072,287666;77166,0;77072,287666;77147,965954
11/09/2026 19:20:00;77147,965954;77228,75;77144,72;77228,75
11/09/2026 19:25:00;77228,75;77231,181766;77118,48;77120,846806
11/09/2026 19:30:00;77120,846806;77153,893333;77004,48;77020,7
11/09/2026 19:35:00;77020,7;77170,01;76996,27;77170,0
11/09/2026 19:40:00;77166,01;77200,01;77102,0;77104,01
11/09/2026 19:45:00;77118,11;77118,11;77055,11;77055,11
11/09/2026 19:50:00;77036,74;77115,0;77000,0;77090,75
11/09/2026 19:55:00;77094,0;77194,688817;77094,0;77154,725556
11/09/2026 20:00:00;77154,725556;77186,01;77132,01;77180,843333
11/09/2026 20:05:00;77180,843333;77203,1005;77155,851731;77200,229324
11/09/2026 20:10:00;77200,229324;77211,270001;77138,4;77139,37
11/09/2026 20:15:00;77139,37;77156,01;77125,7;77153,38
11/09/2026 20:20:00;77150,01;77165,267273;77141,02;77142,55
11/09/2026 20:25:00;77167,34;77192,77;77162,0;77190,0
11/09/2026 20:30:00;77190,0;77205,418;77190,0;77205,418
11/09/2026 20:35:00;77205,418;77218,3;77200,0;77200,01
11/09/2026 20:40:00;77200,0;77220,0;77152,02;77204,13
11/09/2026 20:45:00;77184,01;77209,79;77173,04;77174,07
11/09/2026 20:50:00;77174,07;77199,57;77172,84;77192,0
11/09/2026 20:55:00;77192,0;77225,71;77190,0;77225,71
11/09/2026 21:00:00;77225,71;77300,01;77225,7;77300,01
11/09/2026 21:05:00;77268,0;77304,29;77266,118824;77303,05
11/09/2026 21:10:00;77304,29;77304,29;77269,982333;77284,49
11/09/2026 21:15:00;77307,68;77307,68;77288,0;77288,0
11/09/2026 21:20:00;77302,34;77314,29;77293,27;77314,29
11/09/2026 21:25:00;77314,29;77317,867961;77279,9;77279,91
11/09/2026 21:30:00;77279,91;77288,953336;77248,13;77280,01
11/09/2026 21:35:00;77266,0;77270,18;77250,8;77262,29
11/09/2026 21:40:00;77262,29;77290,01;77262,29;77288,76
11/09/2026 21:45:00;77288,76;77288,77;77280,29;77286,78
11/09/2026 21:50:00;77286,78;77319,77;77276,0;77319,76
11/09/2026 21:55:00;77319,76;77320,0;77300,81;77300,81
11/09/2026 22:00:00;77287,43;77287,43;77262,29;77268,01
11/09/2026 22:05:00;77268,01;77348,01;77268,01;77348,01
11/09/2026 22:10:00;77348,01;77365,87;77348,0;77363,87
11/09/2026 22:15:00;77363,87;77378,37;77363,25;77366,01
11/09/2026 22:20:00;77345,25;77384,26;77325,99;77328,5
11/09/2026 22:25:00;77324,15;77330,0;77300,0;77329,08
11/09/2026 22:30:00;77329,61;77329,62;77319,99;77322,01
11/09/2026 22:35:00;77322,02;77322,02;77266,0;77294,92
11/09/2026 22:40:00;77294,92;77315,46;77277,02;77277,03
11/09/2026 22:45:00;77277,03;77315,71;77270,73;77315,71
11/09/2026 22:50:00;77315,7;77337,61;77272,0;77288,39
11/09/2026 22:55:00;77290,0;77296,01;77272,35;77272,35
11/09/2026 23:00:00;77272,35;77305,02;77272,35;77292,01
11/09/2026 23:05:00;77292,01;77319,97;77292,0;77319,96
11/09/2026 23:10:00;77319,96;77322,97;77312,83;77321,85
11/09/2026 23:15:00;77321,85;77321,85;77304,01;77306,0
11/09/2026 23:20:00;77306,0;77322,27;77297,01;77322,27
11/09/2026 23:25:00;77322,27;77325,27;77286,09;77286,09
11/09/2026 23:30:00;77286,09;77286,89;77275,01;77275,01
11/09/2026 23:35:00;77275,01;77292,081633;77227,58;77243,36
11/09/2026 23:40:00;77243,36;77278,01;77229,46;77242,94
11/09/2026 23:45:00;77234,72;77270,601429;77234,72;77260,0
11/09/2026 23:50:00;77260,0;77270,0;77237,16;77258,85
11/09/2026 23:55:00;77258,85;77258,86;77229,95;77229,95
12/09/2026 00:00:00;77229,95;77307,96;77225,692857;77307,96
12/09/2026 00:05:00;77320,58;77337,5;77276,81;77276,81
12/09/2026 00:10:00;77276,81;77314,01;77271,26;77281,02
12/09/2026 00:15:00;77281,02;77310,5;77274,86;77310,5
12/09/2026 00:20:00;77310,5;77310,5;77229,99;77244,01
12/09/2026 00:25:00;77244,01;77287,69;77240,0;77287,69
12/09/2026 00:30:00;77287,69;77292,01;77274,0;77292,01
12/09/2026 00:35:00;77292,01;77292,01;77264,64;77264,64
12/09/2026 00:40:00;77264,65;77264,65;77243,02;77243,02
12/09/2026 00:45:00;77243,02;77248,98;77238,0;77238,01
12/09/2026 00:50:00;77238,01;77253,0;77238,01;77253,0
12/09/2026 00:55:00;77253,0;77274,08;77253,0;77274,08
12/09/2026 01:00:00;77274,08;77303,02;77268,08;77303,01
12/09/2026 01:05:00;77314,01;77314,01;77306,72;77306,72
12/09/2026 01:10:00;77306,72;77306,72;77294,0;77294,01
12/09/2026 01:15:00;77294,0;77294,0;77234,48;77234,48
12/09/2026 01:20:00;77248,02;77248,02;77230,84;77230,84
12/09/2026 01:25:00;77230,84;77303,67;77230,84;77303,67
12/09/2026 01:30:00;77303,67;77303,67;77260,0;77278,12
12/09/2026 01:35:00;77278,12;77293,79;77272,79;77272,79
12/09/2026 01:40:00;77272,79;77293,78;77207,99;77207,99
12/09/2026 01:45:00;77207,99;77258,36;77207,99;77256,02
12/09/2026 01:50:00;77256,02;77264,588;77242,53;77260,53
12/09/2026 01:55:00;77260,53;77260,53;77223,61;77223,61
12/09/2026 02:00:00;77223,61;77224,74;77200,0;77200,0
12/09/2026 02:05:00;77200,0;77200,01;77173,32;77173,32
12/09/2026 02:10:00;77173,32;77252,01;77164,06;77179,99
12/09/2026 02:15:00;77179,99;77241,74;77179,99;77241,73
12/09/2026 02:20:00;77241,73;77252,01;77203,965;77244,99
12/09/2026 02:25:00;77244,99;77258,84;77210,84;77258,84
12/09/2026 02:30:00;77258,84;77258,84;77193,69;77193,69
12/09/2026 02:35:00;77193,69;77267,19;77193,69;77267,19
12/09/2026 02:40:00;77267,19;77267,19;77232,78;77240,0
12/09/2026 02:45:00;77240,0;77240,02;77239,97;77239,99
12/09/2026 02:50:00;77239,99;77260,8;77239,99;77258,01
12/09/2026 02:55:00;77258,01;77258,01;77217,99;77217,99
12/09/2026 03:00:00;77217,99;77218,01;77207,24;77215,13
12/09/2026 03:05:00;77215,13;77215,13;77199,99;77207,03
12/09/2026 03:10:00;77207,03;77229,35;77207,02;77209,94
12/09/2026 03:15:00;77209,94;77230,01;77209,94;77230,0
12/09/2026 03:20:00;77230,01;77230,01;77230,0;77230,01
12/09/2026 03:25:00;77230,01;77239,01;77230,0;77239,0
12/09/2026 03:30:00;77256,01;77289,39;77234,98;77268,01
12/09/2026 03:35:00;77268,01;77284,0;77258,09;77284,0
12/09/2026 03:40:00;77284,0;77322,44;77283,99;77322,44
12/09/2026 03:45:00;77322,44;77359,2;77312,0;77328,02
12/09/2026 03:50:00;77328,02;77328,05;77304,86;77310,01
12/09/2026 03:55:00;77310,01;77310,01;77289,72;77289,73
12/09/2026 04:00:00;77289,73;77324,01;77289,72;77324,0
12/09/2026 04:05:00;77325,54;77347,99;77324,57;77347,99
12/09/2026 04:10:00;77347,99;77350,99;77342,0;77342,54
12/09/2026 04:15:00;77342,54;77343,95;77324,0;77324,0
12/09/2026 04:20:00;77324,0;77342,01;77324,0;77332,35
12/09/2026 04:25:00;77332,35;77332,35;77310,09;77311,09
12/09/2026 04:30:00;77311,1;77311,1;77295,62;77300,01
12/09/2026 04:35:00;77300,01;77300,01;77286,44;77286,45
12/09/2026 04:40:00;77286,45;77286,86;77284,0;77284,0
12/09/2026 04:45:00;77284,0;77286,49;77266,0;77282,0
12/09/2026 04:50:00;77282,0;77298,86;77280,85;77280,85
12/09/2026 04:55:00;77280,85;77290,82;77274,95;77274,95
12/09/2026 05:00:00;77274,95;77305,0;77269,54;77305,0
12/09/2026 05:05:00;77305,0;77333,51;77293,39;77333,5
12/09/2026 05:10:00;77333,5;77351,3;77270,0;77296,01
12/09/2026 05:15:00;77296,01;77345,88;77296,0;77315,23
12/09/2026 05:20:00;77315,24;77330,01;77311,0;77311,0
12/09/2026 05:25:00;77311,0;77315,07;77303,51;77303,51
12/09/2026 05:30:00;77303,51;77310,0;77303,51;77310,0
12/09/2026 05:35:00;77310,0;77350,84;77309,99;77350,84
12/09/2026 05:40:00;77350,83;77350,84;77344,8;77344,8
12/09/2026 05:45:00;77344,8;77360,84;77342,43;77360,84
12/09/2026 05:50:00;77360,84;77374,01;77359,73;77374,01
12/09/2026 05:55:00;77374,01;77374,01;77342,26;77360,0
12/09/2026 06:00:00;77360,0;77367,79;77343,7;77367,78
12/09/2026 06:05:00;77367,78;77380,0;77346,55;77350,27
12/09/2026 06:10:00;77350,27;77368,01;77350,27;77366,01
12/09/2026 06:15:00;77366,01;77382,71;77358,01;77363,45
12/09/2026 06:20:00;77363,45;77383,43;77350,0;77383,43
12/09/2026 06:25:00;77383,43;77383,43;77356,01;77358,01
12/09/2026 06:30:00;77358,02;77386,76;77349,99;77349,99
12/09/2026 06:35:00;77349,99;77374,01;77335,99;77369,37
12/09/2026 06:40:00;77369,37;77380,0;77339,99;77339,99
12/09/2026 06:45:00;77339,99;77350,53;77339,99;77341,0
12/09/2026 06:50:00;77341,0;77369,81;77335,14;77335,15
12/09/2026 06:55:00;77335,15;77349,44;77335,14;77349,43
12/09/2026 07:00:00;77349,44;77389,5;77349,43;77386,01
12/09/2026 07:05:00;77386,01;77400,75;77386,0;77398,0
12/09/2026 07:10:00;77398,0;77398,01;77398,0;77398,0
12/09/2026 07:15:00;77398,0;77398,01;77389,62;77389,63
12/09/2026 07:20:00;77389,63;77389,63;77380,1;77380,11
12/09/2026 07:25:00;77380,11;77380,11;77380,1;77380,11
12/09/2026 07:30:00;77380,11;77380,11;77361,19;77361,19
12/09/2026 07:35:00;77361,19;77361,2;77350,88;77350,89
12/09/2026 07:40:00;77350,89;77376,01;77350,89;77374,0
12/09/2026 07:45:00;77374,0;77376,86;77356,0;77356,01
12/09/2026 07:50:00;77356,0;77356,01;77319,99;77319,99
12/09/2026 07:55:00;77351,59;77351,59;77332,92;77342,94
12/09/2026 08:00:00;77342,94;77345,45;77310,51;77314,01
12/09/2026 08:05:00;77333,54;77337,13;77307,08;77337,13
12/09/2026 08:10:00;77337,13;77337,13;77307,08;77327,51
12/09/2026 08:15:00;77327,51;77327,52;77299,99;77300,0
12/09/2026 08:20:00;77300,0;77308,01;77298,35;77298,47
12/09/2026 08:25:00;77298,47;77298,48;77292,0;77292,27
12/09/2026 08:30:00;77292,27;77300,0;77292,27;77300,0
12/09/2026 08:35:00;77300,0;77325,76;77299,99;77322,24
12/09/2026 08:40:00;77322,24;77342,19;77317,11;77342,19
12/09/2026 08:45:00;77342,19;77346,23;77342,18;77346,23
12/09/2026 08:50:00;77346,22;77359,0;77346,22;77359,0
12/09/2026 08:55:00;77359,0;77366,06;77356,0;77366,06
12/09/2026 09:00:00;77366,06;77370,03;77350,02;77370,03
12/09/2026 09:05:00;77370,03;77374,701226;77360,03;77370,48
12/09/2026 09:10:00;77370,48;77370,48;77330,0;77330,01
12/09/2026 09:15:00;77330,01;77348,0;77316,09;77318,22
12/09/2026 09:20:00;77318,22;77326,0;77305,96;77305,96
12/09/2026 09:25:00;77305,96;77336,01;77303,01;77303,01
12/09/2026 09:30:00;77303,01;77329,59;77303,01;77329,59
12/09/2026 09:35:00;77329,59;77339,9;77327,45;77339,9
12/09/2026 09:40:00;77339,9;77349,91;77308,056354;77319,99
12/09/2026 09:45:00;77320,0;77352,03;77319,98;77352,03
12/09/2026 09:50:00;77352,03;77357,778866;77289,99;77300,01
12/09/2026 09:55:00;77292,0;77350,0;77290,0;77329,99
12/09/2026 10:00:00;77329,99;77340,01;77309,02;77336,0
12/09/2026 10:05:00;77336,01;77408,0;77334,98;77408,0
12/09/2026 10:10:00;77408,0;77415,742076;77344,807263;77415,742076
12/09/2026 10:15:00;77415,742076;77415,742076;77270,0;77310,0
12/09/2026 10:20:00;77310,0;77310,0;77280,0;77280,0
12/09/2026 10:25:00;77280,0;77330,01;77258,52;77318,76
12/09/2026 10:30:00;77318,76;77319,04;77270,04;77319,04
12/09/2026 10:35:00;77319,04;77319,04;77294,0;77294,01
12/09/2026 10:40:00;77294,01;77322,0;77289,99;77296,04
12/09/2026 10:45:00;77296,04;77296,04;77277,79;77277,8
12/09/2026 10:50:00;77277,8;77330,01;77277,8;77329,81
12/09/2026 10:55:00;77329,81;77366,53;77329,81;77366,52
12/09/2026 11:00:00;77366,52;77366,53;77366,0;77366,01
12/09/2026 11:05:00;77366,01;77377,08;77365,981454;77377,07
12/09/2026 11:10:00;77376,4;77376,4;77368,94;77368,95
12/09/2026 11:15:00;77368,95;77368,95;77368,94;77368,94
12/09/2026 11:20:00;77368,94;77399,06;77368,94;77383,42
12/09/2026 11:25:00;77383,42;77420,85;77383,42;77420,83
12/09/2026 11:30:00;77420,83;77473,28;77420,83;77471,52
12/09/2026 11:35:00;77471,52;77472,2;77439,99;77472,19
12/09/2026 11:40:00;77472,2;77481,17;77454,0;77454,0
12/09/2026 11:45:00;77455,29;77487,04;77455,29;77487,03
12/09/2026 11:50:00;77487,03;77506,15;77482,73;77506,15
12/09/2026 11:55:00;77506,15;77506,15;77460,0;77460,0
12/09/2026 12:00:00;77460,0;77463,79;77460,0;77463,76
12/09/2026 12:05:00;77463,76;77463,76;77431,18;77431,18
12/09/2026 12:10:00;77431,18;77435,01;77412,52;77435,0
12/09/2026 12:15:00;77435,0;77476,04;77434,45;77447,66
12/09/2026 12:20:00;77447,66;77447,66;77430,49;77434,48
12/09/2026 12:25:00;77434,48;77479,99;77434,48;77453,21
12/09/2026 12:30:00;77453,21;77453,31;77400,16;77400,2
12/09/2026 12:35:00;77400,2;77430,01;77373,0;77430,01
12/09/2026 12:40:00;77430,01;77430,01;77403,3;77403,31
12/09/2026 12:45:00;77403,3;77410,0;77375,47;77380,0
12/09/2026 12:50:00;77380,01;77396,58;77380,0;77386,6
12/09/2026 12:55:00;77386,61;77438,0;77380,38;77380,38
12/09/2026 13:00:00;77380,38;77410,99;77380,37;77410,99
12/09/2026 13:05:00;77410,99;77411,95;77344,0;77362,01
12/09/2026 13:10:00;77362,01;77365,41;77362,0;77365,41
12/09/2026 13:15:00;77365,41;77372,53;77361,98;77372,52
12/09/2026 13:20:00;77372,52;77378,05;77371,96;77378,05
12/09/2026 13:25:00;77378,05;77378,05;77377,98;77378,01
12/09/2026 13:30:00;77378,01;77380,01;77378,01;77379,0
12/09/2026 13:35:00;77379,0;77380,01;77356,0;77356,0
12/09/2026 13:40:00;77367,99;77368,01;77360,35;77360,36
12/09/2026 13:45:00;77360,36;77360,36;77344,0;77359,49
12/09/2026 13:50:00;77359,49;77359,49;77344,0;77344,0
12/09/2026 13:55:00;77344,0;77367,53;77321,64498;77358,01
12/09/2026 14:00:00;77358,01;77381,58;77345,84;77381,55
12/09/2026 14:05:00;77381,55;77404,37;77381,53;77394,0468
12/09/2026 14:10:00;77394,0468;77394,0468;77351,99;77353,25
12/09/2026 14:15:00;77353,25;77357,28;77321,11;77321,11
12/09/2026 14:20:00;77321,11;77321,12;77266,86;77288,09
12/09/2026 14:25:00;77288,09;77288,09;77288,07;77288,08
12/09/2026 14:30:00;77288,08;77288,08;77260,0;77270,01
12/09/2026 14:35:00;77270,01;77270,01;77225,36;77225,36
12/09/2026 14:40:00;77225,36;77232,22;77217,33;77232,21
12/09/2026 14:45:00;77232,21;77232,23;77190,51;77192,0
12/09/2026 14:50:00;77192,0;77192,01;77170,57;77188,55
12/09/2026 14:55:00;77188,55;77210,59;77188,55;77210,58
12/09/2026 15:00:00;77210,58;77210,59;77190,0;77190,0
12/09/2026 15:05:00;77190,0;77210,94;77189,91;77210,93
12/09/2026 15:10:00;77210,93;77210,94;77168,89;77168,9
12/09/2026 15:15:00;77168,9;77182,91;77125,03;77130,94
12/09/2026 15:20:00;77130,94;77206,01;77130,94;77188,09
12/09/2026 15:25:00;77188,09;77194,18;77170,39;77170,511569
12/09/2026 15:30:00;77170,511569;77196,75;77156,23;77159,19
12/09/2026 15:35:00;77159,19;77166,0;77125,03;77165,99
12/09/2026 15:40:00;77165,99;77180,0;77161,64;77180,0
12/09/2026 15:45:00;77180,0;77189,16;77173,33;77173,34
12/09/2026 15:50:00;77173,34;77173,34;77144,94;77165,782894
12/09/2026 15:55:00;77165,782894;77174,04;77130,99;77131,0
12/09/2026 16:00:00;77136,93;77168,01;77108,97;77168,01
12/09/2026 16:05:00;77168,0;77184,75;77140,0;77140,01
12/09/2026 16:10:00;77140,01;77181,834313;77132,0;77181,834313
12/09/2026 16:15:00;77181,834313;77181,834313;77152,83;77153,33
12/09/2026 16:20:00;77153,33;77167,01;77136,61;77148,71
12/09/2026 16:25:00;77148,71;77186,01;77121,78;77121,79
12/09/2026 16:30:00;77121,79;77143,11;77100,0;77143,1
12/09/2026 16:35:00;77143,1;77143,11;77065,0;77065,0
12/09/2026 16:40:00;77065,0;77096,01;77059,71;77059,71
12/09/2026 16:45:00;77059,71;77126,01;77059,71;77116,68
12/09/2026 16:50:00;77116,68;77116,69;77116,68;77116,69
12/09/2026 16:55:00;77116,69;77154,01;77114,83;77114,99
12/09/2026 17:00:00;77114,99;77170,01;77114,99;77156,01
12/09/2026 17:05:00;77165,48;77188,01;77165,48;77188,0
12/09/2026 17:10:00;77188,0;77188,0;77179,5;77181,96
12/09/2026 17:15:00;77181,96;77190,01;77167,73;77167,73
12/09/2026 17:20:00;77167,73;77176,92;77162,0;77174,65
12/09/2026 17:25:00;77174,65;77194,0;77172,19;77194,0
12/09/2026 17:30:00;77193,99;77196,75;77180,26;77180,27
12/09/2026 17:35:00;77180,27;77180,27;77164,01;77164,01
12/09/2026 17:40:00;77164,01;77206,1;77164,005;77180,0
12/09/2026 17:45:00;77180,0;77205,73;77180,0;77205,73
12/09/2026 17:50:00;77205,73;77227,7;77164,24;77164,25
12/09/2026 17:55:00;77164,24;77170,01;77162,0;77170,01
12/09/2026 18:00:00;77170,01;77212,01;77166,01;77208,19
12/09/2026 18:05:00;77208,19;77231,71;77208,19;77231,71
12/09/2026 18:10:00;77231,71;77237,1;77152,0;77163,68
12/09/2026 18:15:00;77165,52;77171,4;77165,52;77171,01
12/09/2026 18:20:00;77171,01;77179,94;77170,99;77179,93
12/09/2026 18:25:00;77189,36;77206,01;77186,32;77206,01
12/09/2026 18:30:00;77206,01;77230,01;77206,01;77230,01
12/09/2026 18:35:00;77230,01;77245,67;77230,01;77244,05
12/09/2026 18:40:00;77244,05;77268,48;77237,44;77248,0
12/09/2026 18:45:00;77244,86;77268,01;77210,6;77268,01
12/09/2026 18:50:00;77268,01;77283,01;77216,84;77283,01
12/09/2026 18:55:00;77283,01;77283,01;77236,0;77264,01
12/09/2026 19:00:00;77264,01;77274,01;77222,27;77274,01
12/09/2026 19:05:00;77250,01;77262,01;77228,07;77262,01
12/09/2026 19:10:00;77262,01;77267,5;77227,9;77262,01
12/09/2026 19:15:00;77262,01;77270,01;77251,44;77270,0
12/09/2026 19:20:00;77270,0;77300,0;77270,0;77298,75
12/09/2026 19:25:00;77298,75;77298,76;77200,02;77202,0
12/09/2026 19:30:00;77202,0;77235,99;77193,06;77212,0
12/09/2026 19:35:00;77212,0;77212,01;77197,73;77204,22
12/09/2026 19:40:00;77204,22;77205,46;77193,06;77193,07
12/09/2026 19:45:00;77193,07;77208,01;77193,06;77208,0
12/09/2026 19:50:00;77208,0;77242,12;77208,0;77242,11
12/09/2026 19:55:00;77242,11;77242,12;77232,16;77232,17
12/09/2026 20:00:00;77232,17;77252,78;77232,16;77252,78
12/09/2026 20:05:00;77252,78;77275,0;77252,77;77273,32
12/09/2026 20:10:00;77273,32;77273,32;77266,17;77272,61
12/09/2026 20:15:00;77272,61;77282,01;77272,61;77272,62
12/09/2026 20:20:00;77272,62;77272,62;77246,06;77246,07
12/09/2026 20:25:00;77246,07;77251,65;77246,07;77251,64
12/09/2026 20:30:00;77251,64;77254,64;77248,64;77251,65
12/09/2026 20:35:00;77251,65;77251,65;77236,63;77242,62
12/09/2026 20:40:00;77242,62;77262,03;77242,62;77246,01
12/09/2026 20:45:00;77246,01;77264,01;77246,0;77264,01
12/09/2026 20:50:00;77264,01;77302,82;77264,0;77278,88
12/09/2026 20:55:00;77278,88;77286,82;77278,88;77286,81
12/09/2026 21:00:00;77286,81;77286,81;77266,0;77282,04
12/09/2026 21:05:00;77282,04;77282,04;77272,03;77282,04
12/09/2026 21:10:00;77282,03;77299,99;77274,17;77274,18
12/09/2026 21:15:00;77274,18;77274,19;77264,16;77274,19
12/09/2026 21:20:00;77274,19;77274,19;77268,0;77268,01
12/09/2026 21:25:00;77268,01;77280,32;77268,0;77280,32
12/09/2026 21:30:00;77280,32;77282,31;77270,3;77270,3
12/09/2026 21:35:00;77270,3;77270,31;77270,29;77270,3
12/09/2026 21:40:00;77270,31;77270,31;77167,55;77210,65
12/09/2026 21:45:00;77210,65;77239,68;77210,65;77238,43
12/09/2026 21:50:00;77238,43;77276,02;77237,5;77276,02
12/09/2026 21:55:00;77276,01;77276,02;77276,01;77276,02
12/09/2026 22:00:00;77276,02;77280,77;77262,7;77262,7
12/09/2026 22:05:00;77262,7;77275,85;77254,0;77271,35
12/09/2026 22:10:00;77271,35;77296,68;77259,11336;77272,84
12/09/2026 22:15:00;77272,84;77295,68;77270,0;77295,68
12/09/2026 22:20:00;77295,68;77341,37;77290,0;77334,06
12/09/2026 22:25:00;77334,06;77334,06;77254,49;77254,5
12/09/2026 22:30:00;77254,5;77254,5;77241,51;77241,52
12/09/2026 22:35:00;77241,51;77250,0;77241,51;77242,0
12/09/2026 22:40:00;77289,08;77307,02;77289,08;77292,0
12/09/2026 22:45:00;77292,0;77316,01;77289,99;77289,99
12/09/2026 22:50:00;77289,99;77295,67;77289,99;77295,67
12/09/2026 22:55:00;77295,67;77320,01;77282,47;77319,97
12/09/2026 23:00:00;77319,97;77319,97;77300,0;77300,01
12/09/2026 23:05:00;77300,0;77300,027612;77280,0;77280,0
12/09/2026 23:10:00;77280,0;77280,01;77280,0;77280,01
12/09/2026 23:15:00;77280,01;77289,58;77280,0;77289,57
12/09/2026 23:20:00;77289,57;77292,82;77282,81;77282,82
12/09/2026 23:25:00;77282,82;77282,82;77247,98;77260,0
12/09/2026 23:30:00;77260,0;77282,01;77256,01;77271,52
12/09/2026 23:35:00;77271,52;77292,0;77257,0;77257,0
12/09/2026 23:40:00;77257,0;77308,01;77244,78;77308,0
12/09/2026 23:45:00;77308,0;77314,01;77306,13;77312,01
12/09/2026 23:50:00;77312,01;77312,01;77279,74;77302,38
12/09/2026 23:55:00;77302,38;77302,39;77289,96;77289,96
13/09/2026 00:00:00;77289,96;77310,78;77278,0;77310,77
13/09/2026 00:05:00;77310,77;77310,78;77285,99;77286,0
13/09/2026 00:10:00;77284,02;77299,57;77269,99;77277,37
13/09/2026 00:15:00;77277,37;77280,01;77277,37;77279,98
13/09/2026 00:20:00;77279,98;77279,98;77279,96;77279,97
13/09/2026 00:25:00;77279,97;77289,98;77241,07;77241,07
13/09/2026 00:30:00;77241,07;77245,356737;77223,06;77223,07
13/09/2026 00:35:00;77223,07;77223,07;77202,0;77203,25
13/09/2026 00:40:00;77203,25;77213,47;77201,25;77213,46
13/09/2026 00:45:00;77213,46;77223,08;77192,69;77192,7
13/09/2026 00:50:00;77192,7;77207,69;77192,0;77207,68
13/09/2026 00:55:00;77207,68;77207,69;77184,01;77192,01
13/09/2026 01:00:00;77192,01;77204,81;77192,0;77204,8
13/09/2026 01:05:00;77204,8;77238,56;77204,8;77226,19
13/09/2026 01:10:00;77226,18;77254,03;77194,0;77202,0
13/09/2026 01:15:00;77202,0;77252,38;77202,0;77252,38
13/09/2026 01:20:00;77252,37;77252,38;77224,6;77236,0
13/09/2026 01:25:00;77236,0;77236,01;77216,99;77217,0
13/09/2026 01:30:00;77217,0;77235,23;77216,99;77235,0
13/09/2026 01:35:00;77235,0;77235,01;77214,0;77214,0
13/09/2026 01:40:00;77214,0;77234,03;77214,0;77214,01
13/09/2026 01:45:00;77214,01;77214,01;77214,0;77214,01
13/09/2026 01:50:00;77214,01;77214,01;77209,99;77209,99
13/09/2026 01:55:00;77209,99;77217,35;77189,85;77210,01
13/09/2026 02:00:00;77210,01;77220,02;77210,0;77219,44
13/09/2026 02:05:00;77219,44;77238,86;77219,44;77238,01
13/09/2026 02:10:00;77238,01;77246,01;77234,36;77246,0
13/09/2026 02:15:00;77246,01;77253,73;77217,365;77253,72
13/09/2026 02:20:00;77253,72;77270,01;77253,68;77270,01
13/09/2026 02:25:00;77270,01;77282,0;77270,0;77281,99
13/09/2026 02:30:00;77281,99;77300,03;77281,99;77300,01
13/09/2026 02:35:00;77300,01;77303,45;77300,0;77303,45
13/09/2026 02:40:00;77303,45;77310,03;77299,95;77310,03
13/09/2026 02:45:00;77310,03;77318,0;77310,0;77317,97
13/09/2026 02:50:00;77317,97;77322,77;77317,95;77322,77
13/09/2026 02:55:00;77322,77;77324,46;77322,0;77322,01
13/09/2026 03:00:00;77322,01;77323,3;77320,0;77323,3
13/09/2026 03:05:00;77323,31;77325,82;77305,786666;77310,0
13/09/2026 03:10:00;77310,0;77318,01;77302,0;77310,0
13/09/2026 03:15:00;77310,0;77340,005;77295,84;77299,68
13/09/2026 03:20:00;77299,68;77312,02;77292,0;77292,01
13/09/2026 03:25:00;77292,01;77296,43;77292,0;77296,43
13/09/2026 03:30:00;77296,43;77296,47;77296,42;77296,42
13/09/2026 03:35:00;77296,42;77296,43;77280,0;77280,01
13/09/2026 03:40:00;77280,01;77320,01;77273,45;77306,0
13/09/2026 03:45:00;77306,0;77306,01;77246,32;77246,32
13/09/2026 03:50:00;77246,32;77246,33;77129,99;77129,99
13/09/2026 03:55:00;77130,0;77130,0;77061,31;77122,35
13/09/2026 04:00:00;77100,0;77155,05;77100,0;77109,232959
13/09/2026 04:05:00;77109,232959;77171,97;77109,232959;77171,96
13/09/2026 04:10:00;77171,96;77177,03;77166,99;77177,02
13/09/2026 04:15:00;77171,96;77180,0;77170,72;77172,41
13/09/2026 04:20:00;77172,41;77172,42;77159,99;77160,0
13/09/2026 04:25:00;77160,0;77160,0;77134,0;77142,03
13/09/2026 04:30:00;77142,03;77142,04;77114,0;77131,34
13/09/2026 04:35:00;77131,34;77131,34;77100,0;77121,7
13/09/2026 04:40:00;77121,7;77162,01;77121,69;77130,0
13/09/2026 04:45:00;77130,0;77168,01;77130,0;77166,01
13/09/2026 04:50:00;77166,01;77166,02;77125,0;77125,03
13/09/2026 04:55:00;77125,03;77139,63;77091,88;77127,99
13/09/2026 05:00:00;77127,99;77182,0;77124,0;77166,01
13/09/2026 05:05:00;77166,01;77166,01;77119,53;77120,0
13/09/2026 05:10:00;77120,0;77120,01;77045,99;77066,19
13/09/2026 05:15:00;77066,19;77066,19;77012,0;77014,0
13/09/2026 05:20:00;77014,0;77038,01;77014,0;77026,74
13/09/2026 05:25:00;77026,74;77034,37;77026,62;77026,63
13/09/2026 05:30:00;77026,63;77026,63;76858,24;76906,03
13/09/2026 05:35:00;76906,03;76912,01;76773,67;76787,12
13/09/2026 05:40:00;76787,12;76875,33;76756,01;76796,9
13/09/2026 05:45:00;76796,9;76858,01;76786,945002;76786,945002
13/09/2026 05:50:00;76786,945002;76876,61;76786,945002;76826,67
13/09/2026 05:55:00;76826,67;76828,01;76764,49;76814,01
13/09/2026 06:00:00;76813,7;76848,01;76810,0;76848,0
13/09/2026 06:05:00;76848,0;76878,01;76846,972963;76848,53
13/09/2026 06:10:00;76840,02;76861,6605;76804,05;76824,42
13/09/2026 06:15:00;76824,42;76824,42;76772,0;76772,0
13/09/2026 06:20:00;76772,01;76816,62;76667,1;76712,29
13/09/2026 06:25:00;76712,29;76730,5;76600,02;76655,76
13/09/2026 06:30:00;76650,01;76689,07;76570,02;76602,01
13/09/2026 06:35:00;76602,01;76773,36;76602,01;76726,0
13/09/2026 06:40:00;76726,0;76751,22;76720,0;76720,01
13/09/2026 06:45:00;76720,01;76766,63;76717,497;76717,497
13/09/2026 06:50:00;76717,497;76793,22;76713,23;76713,23
13/09/2026 06:55:00;76713,23;76824,0;76713,23;76808,01
13/09/2026 07:00:00;76808,01;76813,26;76792,0;76792,0
13/09/2026 07:05:00;76777,2;76806,71;76777,19;76802,0
13/09/2026 07:10:00;76802,0;76802,0;76759,53;76792,31
13/09/2026 07:15:00;76792,31;76800,0;76774,01;76774,02
13/09/2026 07:20:00;76774,02;76774,02;76745,19;76754,19
13/09/2026 07:25:00;76754,19;76754,19;76744,9;76744,9
13/09/2026 07:30:00;76744,9;76810,8;76744,9;76808,7
13/09/2026 07:35:00;76804,0;76816,17;76780,16;76816,17
13/09/2026 07:40:00;76816,17;76816,17;76696,01;76703,78
13/09/2026 07:45:00;76703,78;76748,02;76690,36;76748,02
13/09/2026 07:50:00;76748,02;76748,02;76666,0;76666,0
13/09/2026 07:55:00;76666,0;76706,64;76640,01;76653,47
13/09/2026 08:00:00;76653,47;76706,01;76532,43;76683,352
13/09/2026 08:05:00;76683,352;76702,01;76592,34;76604,83
13/09/2026 08:10:00;76604,83;76631,83;76532,01;76536,01
13/09/2026 08:15:00;76536,01;76614,4;76533,29;76604,6
13/09/2026 08:20:00;76608,01;76661,22;76608,0;76661,22
13/09/2026 08:25:00;76661,21;76667,51;76652,5;76667,51
13/09/2026 08:30:00;76667,51;76692,01;76655,04;76692,01
13/09/2026 08:35:00;76692,01;76763,22;76692,0;76763,22
13/09/2026 08:40:00;76763,22;76797,01;76763,2;76776,01
13/09/2026 08:45:00;76776,01;76788,18;76758,01;76771,17
13/09/2026 08:50:00;76771,17;76800,0;76771,17;76792,0
13/09/2026 08:55:00;76792,0;76792,01;76764,74;76779,06
13/09/2026 09:00:00;76779,06;76784,63;76760,01;76766,02
13/09/2026 09:05:00;76766,02;76778,79;76760,0;76774,12
13/09/2026 09:10:00;76774,12;76808,01;76774,12;76802,0
13/09/2026 09:15:00;76802,01;76842,77;76802,0;76841,99
13/09/2026 09:20:00;76841,99;76845,33;76820,58;76845,33
13/09/2026 09:25:00;76845,33;76851,25;76834,0;76834,01
13/09/2026 09:30:00;76834,0;76840,0;76786,48;76787,99
13/09/2026 09:35:00;76801,24;76801,25;76758,0;76760,01
13/09/2026 09:40:00;76760,01;76788,03;76716,0;76738,8
13/09/2026 09:45:00;76723,65;76737,0;76700,0;76700,2
13/09/2026 09:50:00;76708,76;76748,04;76708,76;76748,04
13/09/2026 09:55:00;76748,04;76764,01;76721,01;76764,01
13/09/2026 10:00:00;76764,01;76764,01;76704,3;76704,3
13/09/2026 10:05:00;76704,3;76739,7;76680,98;76739,7
13/09/2026 10:10:00;76739,7;76768,82;76738,243333;76768,82
13/09/2026 10:15:00;76768,82;76778,93;76706,07;76706,08
13/09/2026 10:20:00;76706,08;76706,08;76610,03;76664,47
13/09/2026 10:25:00;76664,47;76664,48;76560,0;76584,65
13/09/2026 10:30:00;76584,65;76685,96;76584,65;76668,78
13/09/2026 10:35:00;76670,0;76714,01;76670,0;76714,01
13/09/2026 10:40:00;76714,0;76774,09;76712,49;76770,39
13/09/2026 10:45:00;76770,39;76825,773334;76770,39;76825,773334
13/09/2026 10:50:00;76825,773334;76922,01;76825,773334;76863,58
13/09/2026 10:55:00;76863,59;76872,9;76853,01;76853,01
13/09/2026 11:00:00;76853,01;76880,01;76853,01;76867,64
13/09/2026 11:05:00;76869,17;76958,02;76866,586666;76958,02
13/09/2026 11:10:00;76958,02;77016,46;76958,02;77009,52
13/09/2026 11:15:00;77026,92;77109,93;77005,801667;77104,01
13/09/2026 11:20:00;77104,01;77105,932857;77064,08;77064,08
13/09/2026 11:25:00;77064,08;77120,01;77064,08;77110,0
13/09/2026 11:30:00;77110,0;77120,69;77092,03;77108,5
13/09/2026 11:35:00;77119,85;77254,45;77119,83;77203,88
13/09/2026 11:40:00;77203,89;77213,25;77159,73;77186,01
13/09/2026 11:45:00;77186,01;77252,87;77186,01;77208,02
13/09/2026 11:50:00;77208,02;77210,0;77166,29;77201,98
13/09/2026 11:55:00;77178,0;77221,11;77173,96;77216,0
13/09/2026 12:00:00;77216,0;77216,01;77122,8;77127,04
13/09/2026 12:05:00;77127,04;77137,01;77114,63;77130,15
13/09/2026 12:10:00;77130,15;77130,15;77098,63;77100,0
13/09/2026 12:15:00;77100,0;77113,07;77011,339168;77011,775104
13/09/2026 12:20:00;77011,775104;77202,79;77008,951514;77190,01
13/09/2026 12:25:00;77190,0;77190,0;77051,29552;77051,29552
13/09/2026 12:30:00;77051,29552;77114,01;77038,01;77114,0
13/09/2026 12:35:00;77115,84;77115,85;77080,73;77085,02
13/09/2026 12:40:00;77085,02;77171,54;77069,78;77171,54
13/09/2026 12:45:00;77170,0;77178,0;77142,0;77159,54
13/09/2026 12:50:00;77159,54;77161,01;77137,12;77145,54
13/09/2026 12:55:00;77145,54;77159,8;77122,0;77134,83
13/09/2026 13:00:00;77134,83;77189,78;77134,82;77160,01
13/09/2026 13:05:00;77160,01;77200,0;77134,0;77169,99
13/09/2026 13:10:00;77169,99;77236,885;77125,67;77206,01
13/09/2026 13:15:00;77202,0;77226,01;77196,0;77226,01
13/09/2026 13:20:00;77226,01;77270,0;77226,0;77268,01
13/09/2026 13:25:00;77268,01;77278,02;77244,01;77244,01
13/09/2026 13:30:00;77244,01;77265,9;77244,0;77247,46
13/09/2026 13:35:00;77247,46;77264,77;77232,01;77264,77
13/09/2026 13:40:00;77285,37;77359,0;77285,37;77314,01
13/09/2026 13:45:00;77302,0;77315,15562;77266,0;77278,883
13/09/2026 13:50:00;77278,883;77290,55;77246,442487;77283,79
13/09/2026 13:55:00;77284,45;77326,68;77276,13;77276,13
13/09/2026 14:00:00;77276,14;77324,01;77276,14;77324,01
13/09/2026 14:05:00;77328,42;77359,48;77328,42;77344,0
13/09/2026 14:10:00;77344,01;77413,51;77344,0;77379,16
13/09/2026 14:15:00;77379,16;77387,75;77348,0;77358,0
13/09/2026 14:20:00;77358,0;77358,0;77320,0;77320,0
13/09/2026 14:25:00;77320,01;77320,02;77301,99;77301,99
13/09/2026 14:30:00;77301,99;77302,02;77249,31;77249,31
13/09/2026 14:35:00;77249,31;77288,33;77249,31;77274,01
13/09/2026 14:40:00;77274,0;77274,01;77274,0;77274,0
13/09/2026 14:45:00;77274,0;77329,88;77274,0;77329,87
13/09/2026 14:50:00;77329,87;77362,01;77329,87;77344,61
13/09/2026 14:55:00;77344,61;77344,61;77328,94;77328,94
13/09/2026 15:00:00;77328,94;77328,94;77318,0;77320,86
13/09/2026 15:05:00;77320,86;77320,86;77312,12;77317,48
13/09/2026 15:10:00;77317,48;77365,5;77312,32;77365,49
13/09/2026 15:15:00;77365,49;77383,4;77352,0;77352,14
13/09/2026 15:20:00;77352,14;77375,03;77352,13;77362,23
13/09/2026 15:25:00;77362,23;77362,69;77332,54;77332,55
13/09/2026 15:30:00;77332,55;77354,01;77319,0;77350,0
13/09/2026 15:35:00;77350,0;77369,05;77350,0;77369,04
13/09/2026 15:40:00;77369,04;77369,05;77352,0;77369,04
13/09/2026 15:45:00;77369,04;77380,01;77369,04;77380,01
13/09/2026 15:50:00;77380,01;77380,01;77368,63;77372,75
13/09/2026 15:55:00;77372,75;77372,76;77338,7;77338,87
13/09/2026 16:00:00;77338,87;77373,6;77338,86;77373,6
13/09/2026 16:05:00;77373,6;77404,41;77322,0;77323,43
13/09/2026 16:10:00;77323,43;77324,09;77284,0;77284,01
13/09/2026 16:15:00;77284,01;77284,05;77250,01;77250,01
13/09/2026 16:20:00;77250,0;77266,08;77223,17;77266,08
13/09/2026 16:25:00;77266,07;77269,5;77266,07;77269,5
13/09/2026 16:30:00;77269,5;77272,01;77233,76;77241,54
13/09/2026 16:35:00;77241,54;77244,01;77230,0;77236,29
13/09/2026 16:40:00;77236,29;77245,67;77236,28;77245,67
13/09/2026 16:45:00;77245,67;77270,96;77245,66;77270,96
13/09/2026 16:50:00;77270,96;77273,2;77240,0;77273,2
13/09/2026 16:55:00;77273,2;77284,01;77271,65;77284,0
13/09/2026 17:00:00;77284,0;77299,66;77273,8;77273,81
13/09/2026 17:05:00;77273,82;77278,83;77255,0;77278,83
13/09/2026 17:10:00;77278,83;77300,0;77274,68;77299,99
13/09/2026 17:15:00;77300,0;77300,0;77290,93;77290,93
13/09/2026 17:20:00;77290,93;77323,52;77290,93;77317,29
13/09/2026 17:25:00;77317,29;77332,01;77317,29;77320,0
13/09/2026 17:30:00;77320,0;77361,83;77320,0;77361,83
13/09/2026 17:35:00;77361,83;77362,0;77306,0;77309,89
13/09/2026 17:40:00;77302,01;77326,01;77302,0;77326,01
13/09/2026 17:45:00;77326,01;77367,99;77326,0;77367,99
13/09/2026 17:50:00;77367,99;77367,99;77335,800668;77347,95
13/09/2026 17:55:00;77347,95;77350,74;77343,22;77343,23
13/09/2026 18:00:00;77343,23;77350,74;77319,16;77319,16
13/09/2026 18:05:00;77316,0;77340,01;77314,0;77340,01
13/09/2026 18:10:00;77340,01;77370,83;77340,0;77368,83
13/09/2026 18:15:00;77368,83;77392,98;77362,8;77392,98
13/09/2026 18:20:00;77392,98;77450,0;77392,94;77444,0
13/09/2026 18:25:00;77444,0;77444,01;77420,41;77420,42
13/09/2026 18:30:00;77420,42;77420,42;77381,05;77397,11
13/09/2026 18:35:00;77397,11;77397,12;77350,29;77360,71
13/09/2026 18:40:00;77360,71;77404,01;77360,71;77383,67
13/09/2026 18:45:00;77385,49;77385,86;77352,13;77354,77
13/09/2026 18:50:00;77354,77;77354,77;77316,0;77329,66
13/09/2026 18:55:00;77329,66;77336,0;77316,0;77316,01
13/09/2026 19:00:00;77284,0;77316,04;77050,82;77058,988333
13/09/2026 19:05:00;77058,988333;77107,8;76889,0;76960,01
13/09/2026 19:10:00;76962,06;76984,01;76912,040677;76924,043439
13/09/2026 19:15:00;76924,043439;76934,0;76734,6;76808,77
13/09/2026 19:20:00;76808,77;76828,43;76734,01;76794,01
13/09/2026 19:25:00;76794,01;76846,01;76724,83;76836,01
13/09/2026 19:30:00;76836,01;76886,01;76727,61;76856,01
13/09/2026 19:35:00;76856,01;76879,56;76792,01;76811,99
13/09/2026 19:40:00;76811,99;76818,01;76731,75;76736,0
13/09/2026 19:45:00;76739,58;76784,0;76696,76;76728,395
13/09/2026 19:50:00;76728,395;76792,047343;76708,7819;76789,047343
13/09/2026 19:55:00;76789,047343;76795,76;76667,68;76732,0
13/09/2026 20:00:00;76732,0;76770,59;76690,0;76767,42
13/09/2026 20:05:00;76767,42;76767,42;76674,42;76749,0
13/09/2026 20:10:00;76749,0;76770,998491;76702,0;76728,0
13/09/2026 20:15:00;76728,0;76759,64;76625,936964;76625,936964
13/09/2026 20:20:00;76625,936964;76769,03;76625,936964;76769,03
13/09/2026 20:25:00;76769,03;76769,03;76702,0;76743,83
13/09/2026 20:30:00;76743,83;76894,76;76736,0;76894,76
13/09/2026 20:35:00;76894,76;76894,76;76776,0;76788,3
13/09/2026 20:40:00;76778,0;76844,01;76768,812;76829,25
13/09/2026 20:45:00;76829,25;76898,09;76802,65;76888,08
13/09/2026 20:50:00;76888,08;76902,09;76796,0;76902,09
13/09/2026 20:55:00;76902,09;76902,09;76799,32;76842,01
13/09/2026 21:00:00;76855,86;76892,01;76838,0;76874,88
13/09/2026 21:05:00;76874,88;77035,18;76786,38;76975,96
13/09/2026 21:10:00;76975,96;76975,96;76901,62;76908,15
13/09/2026 21:15:00;76908,15;76934,01;76850,3;76868,01
13/09/2026 21:20:00;76873,01;76876,58;76715,0;76715,0
13/09/2026 21:25:00;76715,0;76737,287611;76373,133601;76380,476678
13/09/2026 21:30:00;76380,476678;76815,97;76380,476678;76701,03375
13/09/2026 21:35:00;76814,714375;76814,714375;76698,01;76738,01
13/09/2026 21:40:00;76738,01;76810,42;76738,01;76800,01
13/09/2026 21:45:00;76800,01;76885,71;76761,27;76761,27
13/09/2026 21:50:00;76761,27;76831,55;76761,27;76822,0
13/09/2026 21:55:00;76822,0;76845,01;76806,66;76808,0
13/09/2026 22:00:00;76808,0;76838,95;76772,85;76800,01
13/09/2026 22:05:00;76800,01;76832,01;76702,0;76832,0
13/09/2026 22:10:00;76832,0;76884,01;76752,0;76758,0
13/09/2026 22:15:00;76730,26;76761,052249;76670,0;76744,46
13/09/2026 22:20:00;76744,46;76796,01;76698,01;76790,0
13/09/2026 22:25:00;76782,01;76902,37;76774,71;76854,0
13/09/2026 22:30:00;76850,01;76860,02;76642,75;76652,66
13/09/2026 22:35:00;76674,01;76835,34;76661,725188;76835,34
13/09/2026 22:40:00;76835,34;76963,24;76804,55;76804,55
13/09/2026 22:45:00;76822,0;76888,01;76774,94;76866,54
13/09/2026 22:50:00;76866,54;76933,01;76823,99;76933,01
13/09/2026 22:55:00;76933,01;77170,76;76933,01;77118,97
13/09/2026 23:00:00;77118,97;77122,01;77034,48;77036,01
13/09/2026 23:05:00;77036,01;77259,865;77016,58;77259,865
13/09/2026 23:10:00;77259,865;77399,94;77207,86;77381,48
13/09/2026 23:15:00;77381,48;77381,48;77279,9;77323,04
13/09/2026 23:20:00;77323,04;77447,69;77304,0;77432,71
13/09/2026 23:25:00;77432,71;77663,4;77432,71;77574,94
13/09/2026 23:30:00;77574,94;77665,0;77574,087143;77594,34
13/09/2026 23:35:00;77594,34;77614,16;77451,99;77614,16
13/09/2026 23:40:00;77614,16;77614,16;77440,0;77488,01
13/09/2026 23:45:00;77488,01;77609,32;77488,01;77519,079997
13/09/2026 23:50:00;77519,079997;77648,239391;77509,02;77516,924286
13/09/2026 23:55:00;77516,924286;77652,39878;77516,924286;77600,0
14/09/2026 00:00:00;77600,0;77680,903332;77582,0;77680,903332
14/09/2026 00:05:00;77680,903332;77792,38;77642,67;77778,16
14/09/2026 00:10:00;77784,4;77840,66;77784,4;77791,12
14/09/2026 00:15:00;77791,12;77820,79;77753,046294;77801,528984
14/09/2026 00:20:00;77801,528984;77866,038598;77776,177673;77829,389993
14/09/2026 00:25:00;77829,389993;77877,165633;77808,994616;77808,994616
14/09/2026 00:30:00;77808,994616;77810,736733;77732,172357;77771,636521
14/09/2026 00:35:00;77771,636521;77816,424322;77764,95545;77783,76063
14/09/2026 00:40:00;77783,76063;77798,619145;77747,199657;77797,27114
14/09/2026 00:45:00;77797,27114;77807,100071;77759,878901;77799,01
14/09/2026 00:50:00;77799,01;77800,71176;77779,48506;77799,01
14/09/2026 00:55:00;77799,01;77799,01;77623,970426;77764,857048
14/09/2026 01:00:00;77764,857048;77802,142188;77750,248419;77750,248419
14/09/2026 01:05:00;77750,248419;77803,721;77750,248419;77792,13948
14/09/2026 01:10:00;77792,13948;77797,918346;77574,509485;77594,148288
14/09/2026 01:15:00;77594,148288;77594,148288;77542,372584;77543,869828
14/09/2026 01:20:00;77543,869828;77646,365471;77543,869828;77591,37716
14/09/2026 01:25:00;77591,37716;77636,471155;77549,89;77608,644853
14/09/2026 01:30:00;77608,644853;77636,89318;77542,100081;77602,748077
14/09/2026 01:35:00;77602,748077;77605,464456;77582,031191;77605,365756
14/09/2026 01:40:00;77605,365756;77664,90382;77597,384095;77601,892238
14/09/2026 01:45:00;77601,892238;77631,484163;77577,421827;77610,653869
14/09/2026 01:50:00;77610,653869;77621,231828;77586,629032;77614,111785
14/09/2026 01:55:00;77614,111785;77687,775015;77584,348983;77685,552052
14/09/2026 02:00:00;77685,552052;77693,018262;77604,645848;77613,404378
14/09/2026 02:05:00;77613,404378;77643,502788;77598,061468;77599,966858
14/09/2026 02:10:00;77599,966858;77645,991087;77576,536752;77645,62273
14/09/2026 02:15:00;77645,62273;77645,62273;77564,834577;77568,876221
14/09/2026 02:20:00;77568,876221;77574,55;77542,187095;77544,986323
14/09/2026 02:25:00;77544,986323;77545,917571;77515,502725;77515,502725
14/09/2026 02:30:00;77515,502725;77534,381168;77514,961057;77526,455221
14/09/2026 02:35:00;77526,455221;77604,878061;77518,070381;77589,048559
14/09/2026 02:40:00;77589,048559;77596,536736;77522,72;77554,43
14/09/2026 02:45:00;77554,43;77564,363959;77518,040151;77522,475634
14/09/2026 02:50:00;77522,475634;77531,552238;77495,73;77531,552238
14/09/2026 02:55:00;77531,552238;77593,153523;77531,552238;77592,541962
14/09/2026 03:00:00;77592,541962;77710,220253;77550,272273;77686,095687
14/09/2026 03:05:00;77686,095687;77796,306637;77686,095687;77762,201705
14/09/2026 03:10:00;77762,201705;77895,34;77751,97;77778,26
14/09/2026 03:15:00;77778,26;77783,035686;77743,85;77762,494654
14/09/2026 03:20:00;77762,494654;77762,749218;77692,7;77736,27703
14/09/2026 03:25:00;77736,27703;77747,26719;77669,24;77673,57042
14/09/2026 03:30:00;77673,57042;77689,046505;77466,0;77660,06
14/09/2026 03:35:00;77660,06;77663,180805;77484,01;77660,84
14/09/2026 03:40:00;77660,84;77783,275847;77593,255571;77686,548613
14/09/2026 03:45:00;77686,548613;77732,68;77623,563401;77670,480835
14/09/2026 03:50:00;77670,480835;77671,293977;77629,94;77662,623361
14/09/2026 03:55:00;77662,623361;77675,969974;77593,14;77593,150886
14/09/2026 04:00:00;77593,150886;77707,310221;77544,04;77707,310221
14/09/2026 04:05:00;77707,310221;77729,284776;77610,353768;77645,72455
14/09/2026 04:10:00;77645,72455;77677,103942;77632,24;77669,883469
14/09/2026 04:15:00;77669,883469;77725,961168;77650,04;77671,01771
14/09/2026 04:20:00;77671,01771;77743,127091;77656,398629;77730,032936
14/09/2026 04:25:00;77730,032936;77747,68;77706,0;77706,01
14/09/2026 04:30:00;77700,01;77719,75;77692,51068;77696,239693
14/09/2026 04:35:00;77696,239693;77781,12;77696,238598;77767,98
14/09/2026 04:40:00;77767,98;77886,05;77767,98;77858,35
14/09/2026 04:45:00;77858,35;77859,72;77788,28;77849,99
14/09/2026 04:50:00;77849,99;77866,01;77822,71;77852,0
14/09/2026 04:55:00;77852,0;77892,24;77843,67;77892,23
14/09/2026 05:00:00;77892,23;77895,0;77718,0;77718,01
14/09/2026 05:05:00;77718,01;77842,0;77705,83;77822,01
14/09/2026 05:10:00;77822,01;77880,37;77764,0;77774,6
14/09/2026 05:15:00;77774,6;77774,6;77696,67;77728,0
14/09/2026 05:20:00;77728,0;77888,01;77728,0;77888,01
14/09/2026 05:25:00;77884,0;77886,01;77760,700354;77760,868568
14/09/2026 05:30:00;77760,868568;77795,770966;77703,425868;77726,702022
14/09/2026 05:35:00;77726,702022;77776,01;77714,36;77768,01
14/09/2026 05:40:00;77782,22;77789,513962;77731,39194;77748,756197
14/09/2026 05:45:00;77748,756197;77764,01;77654,000928;77669,990528
14/09/2026 05:50:00;77669,990528;77712,01;77657,708925;77667,23
14/09/2026 05:55:00;77667,23;77708,18;77667,23;77698,180094
14/09/2026 06:00:00;77698,180094;77768,01;77698,180094;77758,12
14/09/2026 06:05:00;77758,12;77826,01;77703,47;77805,05
14/09/2026 06:10:00;77805,05;77825,71;77703,47;77708,0
14/09/2026 06:15:00;77708,0;77708,13;77652,61;77685,744719
14/09/2026 06:20:00;77685,744719;77711,113069;77632,24;77632,25
14/09/2026 06:25:00;77614,0;77696,870738;77596,109694;77685,361975
14/09/2026 06:30:00;77685,361975;77902,89779;77685,361975;77887,601358
14/09/2026 06:35:00;77887,601358;77904,473486;77868,701713;77890,68
14/09/2026 06:40:00;77890,68;77967,521223;77889,601599;77923,989275
14/09/2026 06:45:00;77923,989275;78027,688155;77919,706213;78027,688155
14/09/2026 06:50:00;78027,688155;78392,4935;78011,399945;78343,101745
14/09/2026 06:55:00;78343,101745;78385,82898;78276,162409;78358,133645
14/09/2026 07:00:00;78358,133645;78388,0715;78317,711125;78378,477722
14/09/2026 07:05:00;78378,477722;78386,454054;78287,015343;78360,726974
14/09/2026 07:10:00;78360,726974;78363,345033;78327,456886;78361,452982
14/09/2026 07:15:00;78361,452982;78363,397198;78329,107451;78362,37392
14/09/2026 07:20:00;78362,37392;78362,37392;78275,894571;78338,591893
14/09/2026 07:25:00;78338,591893;78361,651143;77956,66;77956,67
14/09/2026 07:30:00;77971,16;77975,09;77928,12;77949,37
14/09/2026 07:35:00;77949,37;78000,0;77935,91;77935,92
14/09/2026 07:40:00;77935,92;77999,11;77928,0;77954,32
14/09/2026 07:45:00;77966,01;78016,04;77965,96;78016,04
14/09/2026 07:50:00;78016,44;78019,01;77900,0;77902,01
14/09/2026 07:55:00;77902,01;77956,01;77902,0;77906,6
14/09/2026 08:00:00;77906,6;77906,6;77756,01;77804,93
14/09/2026 08:05:00;77804,93;77822,01;77718,0;77780,233333
14/09/2026 08:10:00;77780,233333;77803,52;77768,310953;77768,310953
14/09/2026 08:15:00;77768,310953;77790,99;77752,01;77784,05
14/09/2026 08:20:00;77784,05;77863,58;77784,04;77863,58
14/09/2026 08:25:00;77863,58;77912,01;77863,58;77910,75
14/09/2026 08:30:00;77910,75;77920,01;77709,5;77720,0
14/09/2026 08:35:00;77720,0;77828,0;77699,95;77789,01
14/09/2026 08:40:00;77789,01;77849,59;77789,01;77825,0
14/09/2026 08:45:00;77826,01;77830,0;77806,0;77806,01
14/09/2026 08:50:00;77806,01;77806,01;77692,55;77700,01
14/09/2026 08:55:00;77700,01;77777,84;77700,01;77774,01
14/09/2026 09:00:00;77774,01;77826,01;77710,48;77817,77
14/09/2026 09:05:00;77817,77;77850,48;77776,0;77806,29
14/09/2026 09:10:00;77806,29;77844,01;77806,29;77831,35
14/09/2026 09:15:00;77831,35;77934,03;77831,35;77927,79
14/09/2026 09:20:00;77927,79;77978,39;77851,4;77964,0
14/09/2026 09:25:00;77964,0;77994,0;77920,41;77994,0
14/09/2026 09:30:00;77994,0;78082,67;77978,0;78027,07
14/09/2026 09:35:00;78027,07;78027,07;77762,0;77912,0
14/09/2026 09:40:00;77912,0;77958,01;77782,49;77920,0
14/09/2026 09:45:00;77920,0;77930,01;77776,0;77799,99
14/09/2026 09:50:00;77799,99;77810,0;77644,0;77644,0
14/09/2026 09:55:00;77644,0;77709,99;77615,06;77698,01
14/09/2026 10:00:00;77698,01;77736,01;77617,26;77636,01
14/09/2026 10:05:00;77636,01;77666,69;77481,98;77577,97
14/09/2026 10:10:00;77577,97;77734,0;77577,97;77708,01
14/09/2026 10:15:00;77708,01;77850,81;77708,01;77782,11
14/09/2026 10:20:00;77782,11;77840,01;77780,0;77780,0
14/09/2026 10:25:00;77780,0;77858,0;77778,77;77858,0
14/09/2026 10:30:00;77858,0;78247,45;77840,0;78182,0
14/09/2026 10:35:00;78182,0;78256,99;77875,09;78081,98
14/09/2026 10:40:00;78098,24;78173,76;77931,17;78160,01
14/09/2026 10:45:00;78160,01;78474,81;78128,17;78435,32
14/09/2026 10:50:00;78435,32;78490,0;78197,58;78226,01
14/09/2026 10:55:00;78226,01;78284,68;78054,0;78168,01
14/09/2026 11:00:00;78290,73;78456,83;78284,02;78418,69
14/09/2026 11:05:00;78418,69;78436,01;78300,0;78308,0
14/09/2026 11:10:00;78308,0;78526,4;78308,0;78512,06
14/09/2026 11:15:00;78512,06;78605,78;78473,244689;78605,78
14/09/2026 11:20:00;78605,78;78627,655714;78290,0;78290,0
14/09/2026 11:25:00;78290,0;78463,23;78212,01;78394,79
14/09/2026 11:30:00;78394,79;78705,87;78376,51;78598,01
14/09/2026 11:35:00;78533,72;78533,7225;78394,75;78447,84
14/09/2026 11:40:00;78447,84;78487,62;78340,57;78424,31
14/09/2026 11:45:00;78424,31;78598,63;78402,0;78597,43
14/09/2026 11:50:00;78597,43;78623,06;78429,14;78574,0
14/09/2026 11:55:00;78574,0;78611,97;78441,22;78521,05
14/09/2026 12:00:00;78484,01;78484,01;78338,0;78338,0
14/09/2026 12:05:00;78333,34;78588,0;78304,0;78498,0
14/09/2026 12:10:00;78498,0;78537,0;78392,0;78502,0
14/09/2026 12:15:00;78502,0;78602,25;78438,0;78573,87
14/09/2026 12:20:00;78573,87;78573,87;78457,45;78510,0
14/09/2026 12:25:00;78510,0;78531,52;78405,25;78407,67
14/09/2026 12:30:00;78407,67;78560,28;78372,0;78538,42
14/09/2026 12:35:00;78538,42;78538,42;78342,0;78439,71
14/09/2026 12:40:00;78439,71;78612,01;78402,52;78559,25
14/09/2026 12:45:00;78559,25;78580,35;78360,0;78558,0
14/09/2026 12:50:00;78558,0;78684,01;78524,0;78590,7
14/09/2026 12:55:00;78590,7;78644,01;78556,0;78578,03
14/09/2026 13:00:00;78578,03;78605,85;78455,77;78465,52
14/09/2026 13:05:00;78465,52;78500,0;78434,66;78472,0
14/09/2026 13:10:00;78472,0;78504,01;78426,17;78433,76
14/09/2026 13:15:00;78433,76;78880,0;78433,76;78758,0
14/09/2026 13:20:00;78758,0;78876,01;78738,0;78844,23
14/09/2026 13:25:00;78844,23;78845,71;78612,01;78662,18
14/09/2026 13:30:00;78662,18;78746,01;78662,18;78668,0
14/09/2026 13:35:00;78668,0;78693,77;78622,05;78678,78
14/09/2026 13:40:00;78678,78;78685,3;78622,0;78637,99
14/09/2026 13:45:00;78637,99;78854,01;78637,99;78837,36
14/09/2026 13:50:00;78837,36;78898,05;78798,0;78838,0
14/09/2026 13:55:00;78838,0;78860,0;78764,0;78769,43
14/09/2026 14:00:00;78769,43;78820,01;78734,96;78810,0
14/09/2026 14:05:00;78810,0;78890,01;78750,0;78804,01
14/09/2026 14:10:00;78804,01;78830,0;78782,0;78828,01
14/09/2026 14:15:00;78828,01;78874,68;78824,0;78832,01
14/09/2026 14:20:00;78832,01;78985,76;78828,58;78946,01
14/09/2026 14:25:00;78946,01;78954,0;78847,99;78887,16
14/09/2026 14:30:00;78887,16;78899,74;78705,18;78730,99
14/09/2026 14:35:00;78774,0;78819,4;78770,0;78819,39
14/09/2026 14:40:00;78828,36;78848,01;78803,0;78845,36
14/09/2026 14:45:00;78845,36;79007,9;78832,01;78964,14
14/09/2026 14:50:00;78964,14;78990,01;78902,8;78990,01
14/09/2026 14:55:00;78990,01;79042,78;78893,25;78937,98
14/09/2026 15:00:00;78937,98;78963,5;78893,26;78960,53
14/09/2026 15:05:00;78960,53;79000,0;78914,0;78948,38
14/09/2026 15:10:00;78948,38;78953,8;78848,18;78848,19
14/09/2026 15:15:00;78848,19;79086,54;78844,0;79068,3
14/09/2026 15:20:00;79068,38;79253,72;79022,58;79206,0
14/09/2026 15:25:00;79206,0;79218,74;79084,0;79135,72
14/09/2026 15:30:00;79135,72;79224,01;79128,46;79206,73
14/09/2026 15:35:00;79206,73;79206,73;79092,55;79094,4
14/09/2026 15:40:00;79094,4;79240,01;78991,61;79181,83
14/09/2026 15:45:00;79181,83;79325,0;79180,26;79249,75
14/09/2026 15:50:00;79249,75;79250,01;79183,45;79183,46
14/09/2026 15:55:00;79183,46;79264,0;79177,13;79226,01
14/09/2026 16:00:00;79226,01;79226,01;79058,240001;79058,240001
14/09/2026 16:05:00;79058,240001;79118,85;79014,86;79014,86
14/09/2026 16:10:00;79014,86;79126,01;79014,0;79072,09
14/09/2026 16:15:00;79072,09;79190,0;79072,09;79190,0
14/09/2026 16:20:00;79178,49;79211,0;79165,9;79211,0
14/09/2026 16:25:00;79211,0;79227,69;79143,91;79143,91
14/09/2026 16:30:00;79124,36;79184,01;79094,0;79138,91
14/09/2026 16:35:00;79138,91;79142,01;78957,81;78966,02
14/09/2026 16:40:00;78966,02;79136,01;78966,02;79136,0
14/09/2026 16:45:00;79136,99;79149,99;79074,0;79077,55
14/09/2026 16:50:00;79077,55;79082,13;79043,09;79060,54
14/09/2026 16:55:00;79047,45;79087,665;78981,99;78981,99
14/09/2026 17:00:00;78981,99;79017,25;78961,99;79016,2
14/09/2026 17:05:00;79049,99;79049,99;78995,770001;79036,16
14/09/2026 17:10:00;79036,16;79216,01;79030,02;79188,740344
14/09/2026 17:15:00;79188,740344;79441,37;79167,872322;79388,0
14/09/2026 17:20:00;79388,0;79593,91;79378,0;79431,24
14/09/2026 17:25:00;79431,24;79472,01;79332,9;79438,01
14/09/2026 17:30:00;79438,01;79474,01;79364,65;79470,995
14/09/2026 17:35:00;79470,995;79505,701429;79377,08;79377,23
14/09/2026 17:40:00;79377,23;79436,01;79334,84;79334,84
14/09/2026 17:45:00;79334,84;79382,01;79245,49;79245,5
14/09/2026 17:50:00;79245,5;79275,79;79206,34;79235,96
14/09/2026 17:55:00;79229,11;79238,11;79088,0;79100,0
14/09/2026 18:00:00;79092,12;79092,14;78761,27;78912,03
14/09/2026 18:05:00;78912,03;79021,61;78909,695746;78994,01
14/09/2026 18:10:00;78930,01;78950,01;78850,01;78868,99
14/09/2026 18:15:00;78891,91;78960,79;78846,548833;78921,15
14/09/2026 18:20:00;78921,14;78987,252428;78903,03;78987,252428
14/09/2026 18:25:00;78987,252428;78987,252428;78888,61;78900,01
14/09/2026 18:30:00;78900,0;78960,47;78876,69;78898,673668
14/09/2026 18:35:00;78898,673668;78923,669444;78788,74;78826,5275
14/09/2026 18:40:00;78826,5275;78863,0;78813,914826;78813,914826
14/09/2026 18:45:00;78813,914826;78832,0;78779,136641;78779,136641
14/09/2026 18:50:00;78779,136641;78824,02;78762,47;78766,47
14/09/2026 18:55:00;78766,47;78798,990333;78766,47;78798,990333
14/09/2026 19:00:00;78798,990333;78801,230206;78727,285;78766,285
14/09/2026 19:05:00;78766,285;78790,67;78736,68;78788,67
14/09/2026 19:10:00;78788,67;78859,19;78770,0;78859,19
14/09/2026 19:15:00;78859,19;78859,19;78715,0;78715,0
14/09/2026 19:20:00;78715,0;78715,0;78580,04;78580,04
14/09/2026 19:25:00;78580,04;78632,01;78505,16;78508,16
14/09/2026 19:30:00;78508,16;78584,05;78506,266541;78506,266541
14/09/2026 19:35:00;78506,266541;78628,28;78487,866237;78597,82
14/09/2026 19:40:00;78648,0;78675,01;78638,32;78675,01
14/09/2026 19:45:00;78675,01;78675,01;78572,51;78589,33
14/09/2026 19:50:00;78589,33;78592,01;78562,62;78569,48
14/09/2026 19:55:00;78569,48;78580,89;78557,98;78557,98
14/09/2026 20:00:00;78568,0;78568,0;78450,44;78450,44
14/09/2026 20:05:00;78450,45;78458,02;78359,6;78413,94
14/09/2026 20:10:00;78413,94;78446,0;78410,93;78425,81
14/09/2026 20:15:00;78425,81;78469,48;78372,8;78376,58
14/09/2026 20:20:00;78376,58;78414,01;78364,3;78414,01
14/09/2026 20:25:00;78414,01;78450,0;78377,34;78409,68
14/09/2026 20:30:00;78398,62;78398,62;78292,56;78292,57
14/09/2026 20:35:00;78290,54;78304,68;78260,0;78288,66
14/09/2026 20:40:00;78288,66;78348,0;78288,65;78322,4
14/09/2026 20:45:00;78322,4;78322,4;78269,47;78307,29
14/09/2026 20:50:00;78307,29;78307,29;78131,3;78180,46
14/09/2026 20:55:00;78180,46;78208,5;78163,215833;78208,5
14/09/2026 21:00:00;78176,65;78238,39;78167,25;78167,25
14/09/2026 21:05:00;78167,26;78225,374;78131,3;78213,939475
14/09/2026 21:10:00;78213,939475;78231,038214;78120,0;78120,0
14/09/2026 21:15:00;78115,78;78130,0;78055,86;78055,87
14/09/2026 21:20:00;78055,87;78084,235;78021,64;78030,71
14/09/2026 21:25:00;78023,77;78059,0;78000,0;78017,99
14/09/2026 21:30:00;78017,99;78052,71;77999,524469;78052,08
14/09/2026 21:35:00;78052,08;78093,58;77970,99;78026,26
14/09/2026 21:40:00;78026,26;78026,26;77942,85;77965,63
14/09/2026 21:45:00;77965,63;78014,02;77943,98;78009,675047
14/09/2026 21:50:00;78009,675047;78018,746667;77957,35;77957,36
14/09/2026 21:55:00;77957,36;78000,55;77945,96;77952,93
14/09/2026 22:00:00;77952,93;77952,93;77831,21;77831,22
14/09/2026 22:05:00;77822,06;77866,91;77765,3;77765,31
14/09/2026 22:10:00;77765,31;77854,538889;77750,0;77828,1
14/09/2026 22:15:00;77828,1;77900,89;77800,01;77872,84
14/09/2026 22:20:00;77872,84;78021,78;77872,84;78021,315
14/09/2026 22:25:00;78021,315;78030,74;77822,751246;77856,47
14/09/2026 22:30:00;77865,72;78013,93;77862,73;77955,96
14/09/2026 22:35:00;77948,16;77995,7975;77936,0;77995,7975
14/09/2026 22:40:00;77995,7975;78024,84;77967,71;78017,52
14/09/2026 22:45:00;78017,52;78073,51;77936,42;78059,24
14/09/2026 22:50:00;78059,24;78074,15;77976,72;77982,74
14/09/2026 22:55:00;77982,75;78015,716;77917,85;77917,85
14/09/2026 23:00:00;77917,85;77970,27;77896,9;77937,84
14/09/2026 23:05:00;77937,84;77971,25;77874,92;77971,25
14/09/2026 23:10:00;77956,18;78018,29;77956,18;77986,35
14/09/2026 23:15:00;77966,51;77992,4;77922,21;77922,21
14/09/2026 23:20:00;77933,27;77977,29;77915,64;77977,23
14/09/2026 23:25:00;77977,23;78018,04;77944,74;77956,59
14/09/2026 23:30:00;77956,59;77959,945;77928,18;77937,26
14/09/2026 23:35:00;77937,26;77937,26;77845,89;77886,24
14/09/2026 23:40:00;77886,25;77905,98;77850,79;77878,5
14/09/2026 23:45:00;77878,5;77878,5;77828,25;77828,26
14/09/2026 23:50:00;77820,0;77881,61;77800,0;77850,43
14/09/2026 23:55:00;77850,44;77919,44;77850,44;77913,73
15/09/2026 00:00:00;77913,73;77913,73;77773,27;77782,07
15/09/2026 00:05:00;77796,98;77858,51;77760,0;77779,6
15/09/2026 00:10:00;77779,6;77816,2;77705,01;77720,01
15/09/2026 00:15:00;77720,01;77767,39;77713,47;77753,8
15/09/2026 00:20:00;77753,81;77842,17;77749,86;77829,98
15/09/2026 00:25:00;77829,98;77843,78;77825,65;77842,89
15/09/2026 00:30:00;77842,89;77849,1;77803,72;77844,89
15/09/2026 00:35:00;77844,89;77864,46;77815,44;77815,45
15/09/2026 00:40:00;77815,45;77833,44;77777,8;77798,111
15/09/2026 00:45:00;77798,111;77811,25;77746,0;77746,01
15/09/2026 00:50:00;77746,01;77764,05;77717,45;77717,45
15/09/2026 00:55:00;77717,45;77717,46;77658,0;77658,0
15/09/2026 01:00:00;77658,0;77744,31;77658,0;77741,82
15/09/2026 01:05:00;77741,82;77751,85;77649,67;77669,73
15/09/2026 01:10:00;77669,73;77678,84;77630,88;77642,39
15/09/2026 01:15:00;77642,39;77673,78;77638,53;77653,86
15/09/2026 01:20:00;77653,87;77686,01;77600,01;77600,01
15/09/2026 01:25:00;77600,01;77636,01;77555,8;77624,21
15/09/2026 01:30:00;77624,21;77665,97;77550,0;77590,0
15/09/2026 01:35:00;77590,0;77590,01;77542,0;77578,58
15/09/2026 01:40:00;77578,58;77649,07;77576,36;77646,65
15/09/2026 01:45:00;77646,65;77646,65;77613,98;77615,01
15/09/2026 01:50:00;77615,01;77615,01;77577,16;77594,0
15/09/2026 01:55:00;77594,0;77601,01;77567,11;77567,11
15/09/2026 02:00:00;77567,12;77611,4;77561,06;77610,15
15/09/2026 02:05:00;77610,15;77646,01;77584,0;77584,01
15/09/2026 02:10:00;77584,01;77584,01;77302,373024;77302,373024
15/09/2026 02:15:00;77302,373024;77455,99;77302,373024;77336,01
15/09/2026 02:20:00;77336,0;77404,0;77336,0;77343,54
15/09/2026 02:25:00;77343,54;77466,01;77328,052857;77466,0
15/09/2026 02:30:00;77466,0;77471,65;77439,01;77462,01
15/09/2026 02:35:00;77462,01;77472,01;77378,0;77413,38
15/09/2026 02:40:00;77428,13;77485,63;77410,543167;77468,375566
15/09/2026 02:45:00;77468,375566;77525,95;77462,0;77506,0
15/09/2026 02:50:00;77506,0;77608,01;77496,0;77604,06
15/09/2026 02:55:00;77604,06;77666,66;77567,44;77630,0
15/09/2026 03:00:00;77630,0;77727,83;77630,0;77727,83
15/09/2026 03:05:00;77727,83;77727,83;77648,02;77648,02
15/09/2026 03:10:00;77648,02;77648,02;77573,55;77573,55
15/09/2026 03:15:00;77573,55;77599,22;77564,8;77564,8
15/09/2026 03:20:00;77564,8;77564,8;77455,65;77462,47
15/09/2026 03:25:00;77462,47;77462,47;77392,26;77410,17
15/09/2026 03:30:00;77410,17;77446,01;77403,06;77412,41
15/09/2026 03:35:00;77412,41;77436,01;77400,0;77414,01
15/09/2026 03:40:00;77414,01;77450,38;77404,0;77442,76
15/09/2026 03:45:00;77442,76;77446,01;77340,0;77340,01
15/09/2026 03:50:00;77340,01;77340,01;77211,55;77234,05
15/09/2026 03:55:00;77234,05;77286,7;77193,53;77286,7
15/09/2026 04:00:00;77286,7;77310,71;77242,21;77302,99
15/09/2026 04:05:00;77302,99;77306,81;77185,82;77265,83
15/09/2026 04:10:00;77265,83;77275,33;77193,54;77218,0
15/09/2026 04:15:00;77218,0;77287,26;77193,56;77281,68
15/09/2026 04:20:00;77281,68;77308,61;77253,38;77275,29
15/09/2026 04:25:00;77275,29;77309,65;77275,29;77279,55
15/09/2026 04:30:00;77279,55;77279,55;77129,2;77129,2
15/09/2026 04:35:00;77129,2;77172,34;77039,52;77073,69
15/09/2026 04:40:00;77073,69;77123,94;77019,8;77034,28
15/09/2026 04:45:00;77034,28;77099,02;77009,99;77026,96
15/09/2026 04:50:00;77026,96;77026,96;76900,77;76918,45
15/09/2026 04:55:00;76918,45;76946,08;76889,22;76937,6
15/09/2026 05:00:00;76937,6;76938,31;76840,67;76858,63
15/09/2026 05:05:00;76858,63;76858,64;76730,01;76774,09
15/09/2026 05:10:00;76774,09;76812,0;76703,59;76810,0
15/09/2026 05:15:00;76810,01;76845,3;76707,62;76804,01
15/09/2026 05:20:00;76838,0;76885,21;76787,22;76858,0
15/09/2026 05:25:00;76858,0;76881,04;76800,01;76856,01
15/09/2026 05:30:00;76856,01;76894,67;76846,01;76882,0
15/09/2026 05:35:00;76882,0;76882,01;76832,0;76866,89
15/09/2026 05:40:00;76866,89;76874,97;76844,0;76844,0
15/09/2026 05:45:00;76844,0;76934,2;76844,0;76877,14
15/09/2026 05:50:00;76877,14;76932,01;76858,0;76932,0
15/09/2026 05:55:00;76932,0;77007,84;76932,0;77000,0
15/09/2026 06:00:00;77000,01;77000,01;76902,0;76937,61
15/09/2026 06:05:00;76937,61;76965,87;76916,0;76952,32
15/09/2026 06:10:00;76952,32;76952,32;76900,0;76933,36
15/09/2026 06:15:00;76933,36;76991,88;76906,0;76906,0
15/09/2026 06:20:00;76906,0;76964,81;76900,0;76907,06
15/09/2026 06:25:00;76907,06;76916,01;76869,99;76912,0
15/09/2026 06:30:00;76912,0;76975,43;76906,17;76975,42
15/09/2026 06:35:00;76975,42;76988,36;76938,0;76967,87
15/09/2026 06:40:00;76967,87;76991,62;76950,0;76991,61
15/09/2026 06:45:00;76991,61;77041,6;76978,0;77041,6
15/09/2026 06:50:00;77041,6;77057,95;76995,06;77057,95
15/09/2026 06:55:00;77057,95;77059,86;76959,99;76984,05
15/09/2026 07:00:00;76984,05;76999,99;76910,01;76936,57
15/09/2026 07:05:00;76936,57;77033,16;76920,0;77033,16
15/09/2026 07:10:00;77033,16;77054,63;76992,0;76996,26
15/09/2026 07:15:00;76996,26;77023,0;76986,58;76986,59
15/09/2026 07:20:00;76986,59;77017,58;76926,31;77017,57
15/09/2026 07:25:00;77017,57;77042,01;76892,0;76892,01
15/09/2026 07:30:00;76892,01;76982,01;76872,9;76966,0
15/09/2026 07:35:00;76966,0;76996,08;76916,71;76942,75
15/09/2026 07:40:00;76942,75;77052,0;76934,77;77052,0
15/09/2026 07:45:00;77052,0;77111,01;77052,0;77080,01
15/09/2026 07:50:00;77080,0;77176,07;77009,75;77088,52
15/09/2026 07:55:00;77088,52;77106,87;77012,0;77053,8
15/09/2026 08:00:00;77053,8;77120,01;77048,0;77106,06
15/09/2026 08:05:00;77102,34;77212,01;77102,34;77212,01
15/09/2026 08:10:00;77212,01;77212,01;77012,0;77030,8
15/09/2026 08:15:00;77030,8;77110,34;77030,8;77073,99
15/09/2026 08:20:00;77073,99;77073,99;76972,0;76974,0
15/09/2026 08:25:00;76974,0;77009,56;76974,0;77001,09
15/09/2026 08:30:00;77001,09;77008,05;76907,19;76907,19
15/09/2026 08:35:00;76907,19;76948,79;76894,0;76919,16
15/09/2026 08:40:00;76919,17;76934,0;76850,0;76923,9
15/09/2026 08:45:00;76923,9;76926,7;76845,0;76845,0
15/09/2026 08:50:00;76845,0;76942,01;76843,75;76900,0
15/09/2026 08:55:00;76900,0;76951,63;76899,99;76940,01
15/09/2026 09:00:00;76940,01;76970,13;76908,0;76945,1
15/09/2026 09:05:00;76945,11;76949,22;76868,01;76868,01
15/09/2026 09:10:00;76859,64;76972,27;76859,64;76922,6
15/09/2026 09:15:00;76922,6;76975,32;76902,0;76964,15
15/09/2026 09:20:00;76964,15;76986,5;76930,26;76937,87
15/09/2026 09:25:00;76937,87;76980,69;76914,0;76953,81
15/09/2026 09:30:00;76953,81;76957,88;76858,66;76942,82
15/09/2026 09:35:00;76942,82;76967,07;76906,0;76960,88
15/09/2026 09:40:00;76960,88;76980,06;76920,01;76980,06
15/09/2026 09:45:00;76980,06;77035,66;76910,0;77006,01
15/09/2026 09:50:00;77006,01;77143,15;76992,06;77122,0
15/09/2026 09:55:00;77122,0;77122,0;76878,18;76958,0
15/09/2026 10:00:00;76958,0;77062,01;76954,29;77052,0
15/09/2026 10:05:00;77052,0;77118,3;77018,02;77032,02
15/09/2026 10:10:00;77032,02;77052,223697;76990,0;77033,259443
15/09/2026 10:15:00;77036,129346;77036,129346;76919,99;76942,01
15/09/2026 10:20:00;76942,01;76966,01;76926,85;76942,9
15/09/2026 10:25:00;76942,9;76997,32;76910,12;76952,01
15/09/2026 10:30:00;76952,01;76952,01;76752,37;76777,56
15/09/2026 10:35:00;76777,56;76777,56;76150,689728;76314,71
15/09/2026 10:40:00;76305,1;76568,0;76256,96;76422,57
15/09/2026 10:45:00;76422,57;76494,01;76251,482797;76335,94
15/09/2026 10:50:00;76246,01;76262,12;76152,01;76219,96
15/09/2026 10:55:00;76219,96;76589,3;76219,96;76589,3
15/09/2026 11:00:00;76620,01;76647,1;76442,36;76442,36
15/09/2026 11:05:00;76442,36;76499,99;76331,043235;76499,99
15/09/2026 11:10:00;76493,42;76517,93;76394,0;76406,34
15/09/2026 11:15:00;76406,34;76492,19;76326,22;76392,01
15/09/2026 11:20:00;76392,01;76503,63;76307,47;76404,01
15/09/2026 11:25:00;76386,01;76462,52;76335,23;76347,23
15/09/2026 11:30:00;76347,23;76347,23;76168,88;76174,29
15/09/2026 11:35:00;76174,29;76174,29;75858,19;75860,17
15/09/2026 11:40:00;75860,17;75984,01;75700,88;75912,0
15/09/2026 11:45:00;75900,0;75908,42;75709,45;75734,33
15/09/2026 11:50:00;75734,33;75935,99;75605,0;75916,01
15/09/2026 11:55:00;75916,01;75994,0;75790,0;75912,44
15/09/2026 12:00:00;75942,0;76065,98;75832,0;76042,01
15/09/2026 12:05:00;76042,01;76100,0;75998,01;76034,01
15/09/2026 12:10:00;76034,01;76082,01;75985,0;76023,26
15/09/2026 12:15:00;76023,26;76081,73;75922,04;76026,0
15/09/2026 12:20:00;76026,01;76370,71;76026,0;76370,71
15/09/2026 12:25:00;76354,29;76512,78;76348,0;76348,01
15/09/2026 12:30:00;76348,01;76416,01;76318,0;76406,6
15/09/2026 12:35:00;76406,6;76444,54;76332,01;76422,01
15/09/2026 12:40:00;76422,01;76462,69;76390,0;76439,41
15/09/2026 12:45:00;76439,41;76495,55;76426,01;76477,13
15/09/2026 12:50:00;76477,13;76596,16;76474,0;76480,0
15/09/2026 12:55:00;76480,0;76600,0;76471,142857;76512,0
15/09/2026 13:00:00;76512,0;76576,47;76457,6;76492,0
15/09/2026 13:05:00;76492,0;76506,01;76324,41;76330,99
15/09/2026 13:10:00;76330,99;76400,0;76274,01;76282,02
15/09/2026 13:15:00;76282,02;76428,91;76282,01;76392,58
15/09/2026 13:20:00;76392,58;76495,5;76392,57;76490,01
15/09/2026 13:25:00;76490,01;76501,63;76434,0;76482,39
15/09/2026 13:30:00;76482,39;76487,4;76372,51;76372,52
15/09/2026 13:35:00;76372,52;76439,57;76356,0;76370,02
15/09/2026 13:40:00;76370,02;76370,02;76300,0;76368,01
15/09/2026 13:45:00;76368,01;76435,08;76366,5;76391,81
15/09/2026 13:50:00;76391,81;76505,65;76391,81;76492,69
15/09/2026 13:55:00;76492,69;76495,22;76381,97;76388,01
15/09/2026 14:00:00;76388,0;76414,666667;76309,21;76309,22
15/09/2026 14:05:00;76309,22;76326,0;76194,22;76230,01
15/09/2026 14:10:00;76230,01;76284,0;76212,0;76273,84
15/09/2026 14:15:00;76273,84;76300,44;76242,04;76264,61
15/09/2026 14:20:00;76264,61;76372,01;76264,61;76364,0
15/09/2026 14:25:00;76364,0;76542,01;76352,09;76522,0
15/09/2026 14:30:00;76522,0;76950,0;76522,0;76920,63
15/09/2026 14:35:00;76920,63;77343,43;76920,63;76963,38
15/09/2026 14:40:00;76963,38;76972,15;76741,58;76772,01
15/09/2026 14:45:00;76772,01;77046,57;76772,0;76998,49
15/09/2026 14:50:00;77046,58;77079,73;77012,01;77052,41
15/09/2026 14:55:00;77052,41;77052,41;76925,99;76962,01
15/09/2026 15:00:00;76962,01;76969,2;76856,0;76882,0
15/09/2026 15:05:00;76882,0;76953,81;76852,0;76900,48
15/09/2026 15:10:00;76900,48;76931,25;76830,0;76878,0
15/09/2026 15:15:00;76878,0;76899,74;76506,1;76647,09
15/09/2026 15:20:00;76647,09;76668,44;76596,0;76652,01
15/09/2026 15:25:00;76652,01;77205,39;76581,99;76919,08
15/09/2026 15:30:00;76919,08;76948,01;76490,0;76789,25
15/09/2026 15:35:00;76789,25;76789,25;75900,66;76370,78
15/09/2026 15:40:00;76370,78;76370,78;75814,19;75831,36
15/09/2026 15:45:00;75744,9;75744,9;75003,78;75053,65
15/09/2026 15:50:00;75053,65;75912,34;74967,99;75892,93
15/09/2026 15:55:00;75892,93;76200,94;75846,77;75985,93
15/09/2026 16:00:00;75985,93;76268,17;75818,33;76120,08
15/09/2026 16:05:00;76120,08;76182,71;75974,19;76030,07
15/09/2026 16:10:00;76030,07;76097,92;75919,18;75978,93
15/09/2026 16:15:00;75978,93;76305,99;75933,55;76260,531417
15/09/2026 16:20:00;76260,531417;76265,0;76047,74;76130,5
15/09/2026 16:25:00;76130,5;76153,83;75879,13;75919,83
15/09/2026 16:30:00;75919,83;76055,14;75875,1;75927,37
15/09/2026 16:35:00;75927,37;76035,53;75888,78;76035,53
15/09/2026 16:40:00;76035,53;76049,96;75891,01;75916,82
15/09/2026 16:45:00;75916,82;75945,09;75868,05;75933,12
15/09/2026 16:50:00;75933,12;76054,01;75906,82;76054,01
15/09/2026 16:55:00;76054,01;76171,784489;76030,83;76147,1
15/09/2026 17:00:00;76185,88;76245,98;76066,27;76083,57
15/09/2026 17:05:00;76083,57;76083,57;75936,0;75975,91
15/09/2026 17:10:00;75975,91;76110,01;75975,9;76041,99
15/09/2026 17:15:00;76041,99;76042,0;75930,0;75930,0
15/09/2026 17:20:00;75930,0;75937,04;75831,26;75928,03
15/09/2026 17:25:00;75928,03;75946,33;75769,84;75769,84
15/09/2026 17:30:00;75744,94;75826,44;75613,91;75683,436666
15/09/2026 17:35:00;75683,436666;75803,43;75680,46;75752,96
15/09/2026 17:40:00;75752,96;75862,19;75752,96;75862,19
15/09/2026 17:45:00;75862,19;76000,0;75862,19;76000,0
15/09/2026 17:50:00;76000,0;76000,0;75926,01;75986,0
15/09/2026 17:55:00;75986,0;75998,01;75927,61;75935,23
15/09/2026 18:00:00;75931,23;75931,23;75760,0;75783,69
15/09/2026 18:05:00;75783,69;75830,71;75727,93;75762,15
15/09/2026 18:10:00;75762,15;75942,92;75762,15;75874,75
15/09/2026 18:15:00;75859,61;75874,75;75809,087571;75860,55
15/09/2026 18:20:00;75860,55;75888,54;75763,39;75793,17
15/09/2026 18:25:00;75793,17;75793,17;75688,094691;75696,524024
15/09/2026 18:30:00;75696,524024;75721,6;75642,25;75660,39
15/09/2026 18:35:00;75660,39;75674,98;75561,91;75674,98
15/09/2026 18:40:00;75674,98;75766,41;75660,0;75748,78
15/09/2026 18:45:00;75748,78;75756,83;75660,01;75660,679
15/09/2026 18:50:00;75660,679;75676,939311;75448,82;75576,22
15/09/2026 18:55:00;75576,23;75576,23;75461,94;75472,45
15/09/2026 19:00:00;75472,45;75538,81;75397,26;75529,15
15/09/2026 19:05:00;75529,15;75529,15;75400,0;75400,0
15/09/2026 19:10:00;75400,0;75456,76;75354,09;75375,074678
15/09/2026 19:15:00;75375,074678;75394,37;75200,01;75212,09
15/09/2026 19:20:00;75220,68;75270,38;75167,85707;75233,53
15/09/2026 19:25:00;75233,53;75540,732451;75209,82;75495,67
15/09/2026 19:30:00;75495,67;75621,47;75492,99;75621,47
15/09/2026 19:35:00;75621,48;75659,76;75532,89;75656,76
15/09/2026 19:40:00;75656,76;75658,855714;75571,0;75613,71
15/09/2026 19:45:00;75613,71;75702,45;75600,0;75702,45
15/09/2026 19:50:00;75702,45;75747,98;75702,44;75740,56
15/09/2026 19:55:00;75740,55;75740,55;75667,99;75667,99
15/09/2026 20:00:00;75667,99;75776,95;75658,47;75770,0
15/09/2026 20:05:00;75769,99;75843,5;75761,500833;75843,5
15/09/2026 20:10:00;75843,49;75896,99;75833,47;75896,98
15/09/2026 20:15:00;75898,84;75933,12;75870,302357;75933,11
15/09/2026 20:20:00;75933,11;75942,13;75866,47;75872,98
15/09/2026 20:25:00;75872,98;75872,98;75742,31;75742,31
15/09/2026 20:30:00;75742,31;75742,31;75562,01;75680,0
15/09/2026 20:35:00;75680,0;75693,11;75586,4;75586,4
15/09/2026 20:40:00;75586,4;75696,94;75570,37;75673,74
15/09/2026 20:45:00;75673,74;75718,91;75649,4;75662,86
15/09/2026 20:50:00;75662,86;75703,41;75649,62;75694,62
15/09/2026 20:55:00;75694,92;75704,19;75625,0;75640,409999
15/09/2026 21:00:00;75640,409999;75726,17;75578,62;75722,7525
15/09/2026 21:05:00;75722,7525;75814,350346;75705,58;75705,59
15/09/2026 21:10:00;75688,69;75756,45;75684,78;75702,63
15/09/2026 21:15:00;75702,64;75794,365;75682,83;75794,365
15/09/2026 21:20:00;75794,365;75837,96;75743,6;75823,89
15/09/2026 21:25:00;75823,89;75845,27;75784,357833;75844,05
15/09/2026 21:30:00;75850,07;75867,05;75808,24;75808,25
15/09/2026 21:35:00;75800,01;75915,49;75800,01;75915,45
15/09/2026 21:40:00;75874,94;75875,17918;75777,73;75802,28
15/09/2026 21:45:00;75808,0;75878,87;75768,68;75841,15
15/09/2026 21:50:00;75841,15;75841,15;75733,46;75735,98
15/09/2026 21:55:00;75748,38;75807,41;75731,65;75772,11
15/09/2026 22:00:00;75772,11;75862,43;75738,045;75738,045
15/09/2026 22:05:00;75738,045;75792,03;75714,231397;75751,56
15/09/2026 22:10:00;75755,81;75827,6;75710,76;75787,65
15/09/2026 22:15:00;75787,65;75810,21;75721,0;75807,804
15/09/2026 22:20:00;75807,804;75918,281333;75795,825456;75918,281333
15/09/2026 22:25:00;75918,281333;75961,96;75870,22;75871,95
15/09/2026 22:30:00;75871,95;75871,95;75686,12;75713,383
15/09/2026 22:35:00;75713,383;75713,383;75558,92;75560,15
15/09/2026 22:40:00;75560,15;75652,95398;75547,73;75650,876306
15/09/2026 22:45:00;75650,876306;75705,167503;75578,88;75585,130048
15/09/2026 22:50:00;75585,130048;75585,72;75500,0;75524,0
15/09/2026 22:55:00;75524,0;75524,0;75467,69;75519,46
15/09/2026 23:00:00;75519,46;75657,53;75473,217186;75611,396333
15/09/2026 23:05:00;75611,396333;75657,36;75587,47;75599,09
15/09/2026 23:10:00;75599,1;75674,04;75550,03;75668,29
15/09/2026 23:15:00;75659,07;75843,706062;75647,212037;75816,1
15/09/2026 23:20:00;75823,85;75848,972333;75817,23;75841,85
15/09/2026 23:25:00;75841,85;75931,75;75841,85;75921,831405
15/09/2026 23:30:00;75921,831405;76038,0;75921,831405;76013,0
15/09/2026 23:35:00;76013,0;76072,69;76009,42;76064,01
15/09/2026 23:40:00;76045,25375;76070,01;75964,78;75964,78
15/09/2026 23:45:00;75935,78;76000,0;75935,31;76000,0
15/09/2026 23:50:00;75992,01;75992,01;75917,83;75917,83
15/09/2026 23:55:00;75917,83;75924,01;75817,46;75886,35
16/09/2026 00:00:00;75886,35;75975,478088;75882,47;75940,43
16/09/2026 00:05:00;75936,79;75947,04;75822,52;75848,48
16/09/2026 00:10:00;75848,48;75956,98;75848,48;75956,98
16/09/2026 00:15:00;75976,01;76056,24;75976,01;76043,82
16/09/2026 00:20:00;76043,82;76073,55;76025,76;76030,32
16/09/2026 00:25:00;76030,32;76030,32;75856,76;75856,77
16/09/2026 00:30:00;75856,77;75906,01;75834,01;75859,93
16/09/2026 00:35:00;75850,59;75890,59;75790,0;75799,99
16/09/2026 00:40:00;75799,99;75829,16;75779,04;75792,01
16/09/2026 00:45:00;75792,01;75830,71;75779,66;75796,0
16/09/2026 00:50:00;75779,67;75791,67;75768,38;75768,39
16/09/2026 00:55:00;75768,39;75832,01;75768,38;75824,0
16/09/2026 01:00:00;75824,0;75918,01;75819,71;75913,85
16/09/2026 01:05:00;75913,85;75919,18;75846,79;75854,0
16/09/2026 01:10:00;75854,01;75898,01;75854,01;75883,99
16/09/2026 01:15:00;75883,99;75885,054999;75838,0;75838,01
16/09/2026 01:20:00;75838,01;75987,060833;75838,0;75987,060833
16/09/2026 01:25:00;75987,060833;75989,01;75890,0;75902,67
16/09/2026 01:30:00;75870,1;75905,83;75853,98;75905,83
16/09/2026 01:35:00;75905,83;75981,97;75905,83;75980,01
16/09/2026 01:40:00;75996,0;76029,795;75865,0;75865,0
16/09/2026 01:45:00;75865,0;75944,934083;75865,0;75904,01
16/09/2026 01:50:00;75904,01;75904,01;75822,36;75830,71
16/09/2026 01:55:00;75830,71;75878,87;75805,7;75864,02
16/09/2026 02:00:00;75864,02;75877,33;75677,64;75720,01
16/09/2026 02:05:00;75720,01;75768,01;75713,240429;75768,01
16/09/2026 02:10:00;75768,01;75810,74;75763,965216;75802,01
16/09/2026 02:15:00;75802,01;75880,3;75802,0;75880,3
16/09/2026 02:20:00;75880,3;75920,01;75844,99;75882,78
16/09/2026 02:25:00;75884,0;75912,304667;75856,0;75864,225
16/09/2026 02:30:00;75864,225;75889,9525;75836,01;75889,9525
16/09/2026 02:35:00;75889,9525;75924,0;75872,32;75924,0
16/09/2026 02:40:00;75924,0;75981,33;75920,0;75966,12
16/09/2026 02:45:00;75966,12;75966,12;75940,49;75958,67
16/09/2026 02:50:00;75958,67;75958,67;75890,51;75890,67
16/09/2026 02:55:00;75890,67;75954,01;75889,91;75954,0
16/09/2026 03:00:00;75954,0;76033,29;75954,0;76033,29
16/09/2026 03:05:00;76033,29;76037,775;75974,06;76037,775
16/09/2026 03:10:00;76037,775;76037,775;75954,69;75996,02
16/09/2026 03:15:00;75996,02;76012,13;75948,06;75987,03
16/09/2026 03:20:00;75987,03;76015,37;75906,18;75906,18
16/09/2026 03:25:00;75906,18;75913,38;75882,36;75906,49
16/09/2026 03:30:00;75906,49;75943,42;75904,0;75943,42
16/09/2026 03:35:00;75943,42;75943,42;75830,0;75830,345
16/09/2026 03:40:00;75830,345;75932,0;75830,345;75932,0
16/09/2026 03:45:00;75932,0;76008,01;75924,4;75976,0
16/09/2026 03:50:00;75976,0;75979,55;75925,52;75979,55
16/09/2026 03:55:00;75979,55;76024,0;75924,0;76024,0
16/09/2026 04:00:00;76024,0;76063,77;75992,02;76063,77
16/09/2026 04:05:00;76063,77;76086,76;75966,0;75966,0
16/09/2026 04:10:00;75966,0;75966,0;75820,0;75880,02
16/09/2026 04:15:00;75880,02;75928,01;75807,2;75815,8
16/09/2026 04:20:00;75815,8;75848,92;75807,2;75838,0
16/09/2026 04:25:00;75838,0;75870,01;75811,87;75817,87
16/09/2026 04:30:00;75817,87;75844,01;75769,01;75822,0
16/09/2026 04:35:00;75822,56;75878,87;75822,55;75878,87
16/09/2026 04:40:00;75878,87;75912,01;75813,74;75813,74
16/09/2026 04:45:00;75813,74;75894,01;75813,61;75817,68
16/09/2026 04:50:00;75817,68;75860,01;75800,0;75811,03
16/09/2026 04:55:00;75811,03;75811,56;75739,36;75781,13
16/09/2026 05:00:00;75781,12;75781,12;75680,76;75692,28
16/09/2026 05:05:00;75692,28;75692,28;75468,18;75532,07
16/09/2026 05:10:00;75532,07;75602,13;75496,92;75523,48
16/09/2026 05:15:00;75523,48;75632,34;75504,43;75505,595
16/09/2026 05:20:00;75505,595;75586,94;75400,0;75411,41
16/09/2026 05:25:00;75411,41;75450,0;75351,22;75436,78
16/09/2026 05:30:00;75436,78;75516,93;75428,0;75488,12
16/09/2026 05:35:00;75488,12;75547,3;75482,03;75547,22
16/09/2026 05:40:00;75547,22;75574,78;75527,35;75558,4
16/09/2026 05:45:00;75558,4;75578,51;75543,36;75558,37
16/09/2026 05:50:00;75558,37;75592,9;75558,37;75592,9
16/09/2026 05:55:00;75592,9;75734,02;75592,9;75734,02
16/09/2026 06:00:00;75736,01;75874,01;75730,0;75874,01
16/09/2026 06:05:00;75874,0;75950,0;75832,01;75860,0
16/09/2026 06:10:00;75860,0;75860,01;75796,23;75796,23
16/09/2026 06:15:00;75796,23;75828,97;75763,53;75805,46
16/09/2026 06:20:00;75805,46;75871,91;75805,46;75871,9
16/09/2026 06:25:00;75871,9;75877,35;75826,0;75834,58
16/09/2026 06:30:00;75834,58;75884,01;75830,03;75858,47
16/09/2026 06:35:00;75858,47;75939,12;75858,46;75908,83
16/09/2026 06:40:00;75908,83;75928,36;75908,82;75919,0
16/09/2026 06:45:00;75919,0;75950,0;75892,43;75936,01
16/09/2026 06:50:00;75936,01;75972,7;75922,97;75972,7
16/09/2026 06:55:00;75972,7;75994,0;75954,22;75993,01
16/09/2026 07:00:00;75993,01;76046,05;75989,63;76006,01
16/09/2026 07:05:00;76006,01;76016,62;75974,21;76012,25
16/09/2026 07:10:00;76012,25;76027,67;75933,12;75944,35
16/09/2026 07:15:00;75944,35;76003,97;75944,35;76003,97
16/09/2026 07:20:00;76003,97;76015,75;75933,12;75933,12
16/09/2026 07:25:00;75933,12;75982,01;75922,0;75972,01
16/09/2026 07:30:00;75972,01;75996,0;75948,0;75974,01
16/09/2026 07:35:00;75974,01;75996,0;75966,0;75972,14
16/09/2026 07:40:00;75972,14;76008,98;75972,14;75987,78
16/09/2026 07:45:00;75987,79;75987,79;75958,0;75958,01
16/09/2026 07:50:00;75958,01;75958,01;75933,29;75933,29
16/09/2026 07:55:00;75933,29;75946,95;75900,0;75946,95
16/09/2026 08:00:00;75946,95;76049,94;75944,0;75975,76
16/09/2026 08:05:00;75975,76;75989,0;75910,04;75940,0
16/09/2026 08:10:00;75940,0;75953,08;75916,0;75916,0
16/09/2026 08:15:00;75916,0;75955,0;75879,13;75955,0
16/09/2026 08:20:00;75955,0;75993,78;75916,0;75916,01
16/09/2026 08:25:00;75916,01;75990,01;75916,0;75978,0
16/09/2026 08:30:00;75978,0;76057,04;75958,0;76029,09
16/09/2026 08:35:00;76029,09;76100,0;75980,0;76023,86
16/09/2026 08:40:00;76023,86;76278,63;75992,85;76234,01
16/09/2026 08:45:00;76236,0;76249,81;76152,48;76228,01
16/09/2026 08:50:00;76228,01;76304,01;76216,17;76234,19
16/09/2026 08:55:00;76234,19;76256,01;76224,93;76250,01
16/09/2026 09:00:00;76250,01;76300,0;76200,0;76295,03
16/09/2026 09:05:00;76295,03;76295,03;76185,0;76185,01
16/09/2026 09:10:00;76185,01;76185,01;76114,0;76115,99
16/09/2026 09:15:00;76115,99;76160,0;76088,89;76114,22
16/09/2026 09:20:00;76114,22;76114,22;76004,22;76004,23
16/09/2026 09:25:00;76004,23;76020,01;75912,5;75933,2
16/09/2026 09:30:00;75933,2;76018,01;75794,02;76018,01
16/09/2026 09:35:00;76018,01;76018,93;75926,0;75962,01
16/09/2026 09:40:00;75962,01;76018,0;75954,68;75964,01
16/09/2026 09:45:00;75964,01;76028,72;75934,0;76021,69
16/09/2026 09:50:00;76021,69;76038,23;75968,0;75968,0
16/09/2026 09:55:00;75904,96;76025,39;75904,96;75968,01
16/09/2026 10:00:00;75968,01;75968,01;75703,26;75744,01
16/09/2026 10:05:00;75744,01;75800,81;75740,0;75744,19
16/09/2026 10:10:00;75744,19;75799,47;75684,3;75799,46
16/09/2026 10:15:00;75799,46;75880,68;75766,16;75820,01
16/09/2026 10:20:00;75777,01;75814,64;75742,68;75760,65
16/09/2026 10:25:00;75760,65;75828,01;75709,04;75770,29
16/09/2026 10:30:00;75762,01;75769,97;75647,05;75662,42
16/09/2026 10:35:00;75662,42;75736,24;75589,12;75589,12
16/09/2026 10:40:00;75589,12;75797,67;75585,1;75780,0
16/09/2026 10:45:00;75780,0;75920,38;75640,3;75873,51
16/09/2026 10:50:00;75873,51;75941,17;75681,58;75737,74
16/09/2026 10:55:00;75737,74;75793,11;75612,27;75646,01
16/09/2026 11:00:00;75646,01;75656,05;75523,49;75574,62
16/09/2026 11:05:00;75574,62;75669,68;75505,89;75570,07
16/09/2026 11:10:00;75570,07;75578,15;75423,05;75570,65
16/09/2026 11:15:00;75570,65;75718,617143;75543,72;75562,72
16/09/2026 11:20:00;75562,72;75687,28;75562,72;75631,92
16/09/2026 11:25:00;75631,92;75824,412364;75626,71;75824,412364
16/09/2026 11:30:00;75824,412364;75829,26;75627,8;75730,01
16/09/2026 18:05:00;76154,0;76213,34;76141,35;76148,0
16/09/2026 18:10:00;76148,01;76167,91;76088,58;76088,58
16/09/2026 18:15:00;76088,58;76155,198269;76088,58;76106,21
16/09/2026 18:20:00;76106,21;76146,61;76057,72;76075,02
16/09/2026 18:25:00;76075,02;76114,57;76074,77;76092,940451
16/09/2026 18:30:00;76092,940451;76098,61;76064,01;76064,01
16/09/2026 18:35:00;76064,01;76077,61312;75994,75;75994,76
16/09/2026 18:40:00;75994,75;75994,75;75951,83;75957,48
16/09/2026 18:45:00;75960,13;75980,01;75944,0;75977,01
16/09/2026 18:50:00;75977,01;76022,61;75960,09;76022,61
16/09/2026 18:55:00;76022,61;76024,01;75944,0;75976,01
16/09/2026 19:00:00;75976,01;75986,01;75742,0;75742,0
16/09/2026 19:05:00;75738,81;75739,613331;75671,0;75699,065
16/09/2026 19:10:00;75699,065;75900,0;75699,065;75899,99
16/09/2026 19:15:00;75892,0;75904,0;75810,11;75810,11
16/09/2026 19:20:00;75810,11;75810,11;75669,874286;75677,810001
16/09/2026 19:25:00;75677,810001;75781,06;75677,810001;75758,22
16/09/2026 19:30:00;75758,22;75758,22;75702,737778;75702,737778
16/09/2026 19:35:00;75702,737778;75770,01;75656,0;75770,01
16/09/2026 19:40:00;75766,01;75816,01;75727,92;75816,0
16/09/2026 19:45:00;75816,0;75820,01;75736,14;75736,14
16/09/2026 19:50:00;75736,14;75736,14;75633,21;75660,959702
16/09/2026 19:55:00;75660,959702;75678,01;75654,0;75675,88
16/09/2026 20:00:00;75698,88;75733,94;75665,487651;75722,43
16/09/2026 20:05:00;75726,01;75800,0;75726,01;75800,0
16/09/2026 20:10:00;75800,0;75845,33;75770,073333;75845,33
16/09/2026 20:15:00;75845,33;76051,08;75845,33;76048,08
16/09/2026 20:20:00;76048,08;76140,62;76045,09;76099,97
16/09/2026 20:25:00;76099,42;76099,42;76062,0;76076,01
16/09/2026 20:30:00;76093,42;76128,03;76072,89;76126,01
16/09/2026 20:35:00;76102,25;76137,48;76071,43;76127,72
16/09/2026 20:40:00;76127,72;76224,01;76127,71;76210,02
16/09/2026 20:45:00;76210,02;76252,01;76161,99;76196,26
16/09/2026 20:50:00;76225,6;76276,02;76210,0;76262,01
16/09/2026 20:55:00;76262,01;76268,01;76194,16;76206,01
16/09/2026 21:00:00;76238,01;76288,0;76230,0;76280,0
16/09/2026 21:05:00;76280,01;76323,72;76208,0;76316,060793
16/09/2026 21:10:00;76316,060793;76432,0;76316,0;76328,01
16/09/2026 21:15:00;76328,01;76454,0;76324,01;76436,724299
16/09/2026 21:20:00;76436,724299;76472,84;76402,0;76472,84
16/09/2026 21:25:00;76460,01;76500,0;76376,0;76404,96
16/09/2026 21:30:00;76404,96;76500,0;76376,01;76446,0
16/09/2026 21:35:00;76446,0;76511,18;76398,0;76482,01
16/09/2026 21:40:00;76476,0;76486,0;76428,0;76434,01
16/09/2026 21:45:00;76434,0;76456,88;76378,0;76408,95
16/09/2026 21:50:00;76408,95;76418,01;76382,0;76394,898333
16/09/2026 21:55:00;76394,898333;76397,13;76336,77;76342,77
16/09/2026 22:00:00;76342,77;76342,77;76222,01;76233,56
16/09/2026 22:05:00;76233,56;76363,65;76230,0;76272,0
16/09/2026 22:10:00;76268,01;76301,82;76234,0;76301,81
16/09/2026 22:15:00;76301,81;76392,6;76258,0;76362,01
16/09/2026 22:20:00;76384,27;76493,77;76382,0;76493,77
16/09/2026 22:25:00;76600,45;76653,84;76555,99;76635,27
16/09/2026 22:30:00;76670,15;76774,08;76599,5;76658,43
16/09/2026 22:35:00;76658,43;76769,51;76606,16;76674,295437
16/09/2026 22:40:00;76674,295437;76674,295437;76510,55;76607,89
16/09/2026 22:45:00;76607,89;76607,89;76475,746209;76530,337623
16/09/2026 22:50:00;76530,337623;76554,38;76400,0;76406,0
16/09/2026 22:55:00;76417,51;76417,51;76342,76;76376,0
16/09/2026 23:00:00;76374,0;76389,73;76327,06;76378,5
16/09/2026 23:05:00;76390,0;76390,0;76232,0;76243,02125
16/09/2026 23:10:00;76243,02125;76243,02125;76114,0;76220,0
16/09/2026 23:15:00;76220,01;76220,01;76137,31;76137,31
16/09/2026 23:20:00;76136,01;76138,19;76077,28;76124,01
16/09/2026 23:25:00;76124,01;76202,04;76124,0;76168,548908
16/09/2026 23:30:00;76168,548908;76262,01;76156,01;76262,0
16/09/2026 23:35:00;76262,01;76430,59;76248,0;76430,59
16/09/2026 23:40:00;76430,59;76446,01;76388,0;76428,16
16/09/2026 23:45:00;76410,0;76450,0;76378,0;76448,01
16/09/2026 23:50:00;76439,53;76485,13;76348,0;76359,784999
16/09/2026 23:55:00;76359,784999;76401,25;76356,28;76369,5
17/09/2026 00:00:00;76394,77;76473,17;76375,690277;76456,01
17/09/2026 00:05:00;76476,0;76502,68;76438,01;76438,02
17/09/2026 00:10:00;76438,02;76448,01;76414,0;76435,99
17/09/2026 00:15:00;76436,0;76458,09;76420,0;76424,01
17/09/2026 00:20:00;76439,99;76488,24;76434,0;76488,24
17/09/2026 00:25:00;76488,24;76530,0;76474,0;76500,01
17/09/2026 00:30:00;76529,9;76535,03;76450,01;76498,02
17/09/2026 00:35:00;76498,02;76531,83;76486,148571;76494,4
17/09/2026 00:40:00;76516,27;76558,322426;76458,01;76482,01
17/09/2026 00:45:00;76482,0;76504,01;76468,0;76471,68
17/09/2026 00:50:00;76471,68;76482,04;76418,0;76434,0
17/09/2026 00:55:00;76434,0;76452,16;76409,54;76442,0
17/09/2026 01:00:00;76441,99;76442,0;76376,0;76398,74
17/09/2026 01:05:00;76398,74;76398,76;76368,01;76368,02
17/09/2026 01:10:00;76368,02;76368,02;76304,0;76320,14
17/09/2026 01:15:00;76320,14;76324,01;76300,0;76300,01
17/09/2026 01:20:00;76300,01;76300,01;76200,0;76202,93
17/09/2026 01:25:00;76202,93;76245,79;76193,66;76214,26
17/09/2026 01:30:00;76214,26;76227,96;76187,0;76227,553334
17/09/2026 01:35:00;76227,553334;76357,23;76223,05714;76352,01
17/09/2026 01:40:00;76382,01;76382,01;76332,0;76374,0
17/09/2026 01:45:00;76374,0;76490,0;76335,4025;76481,32
17/09/2026 01:50:00;76481,32;76521,95;76438,71;76438,72
17/09/2026 01:55:00;76466,0;76592,35;76466,0;76539,81
17/09/2026 02:00:00;76539,81;76632,13;76504,24;76522,33
17/09/2026 02:05:00;76522,33;76522,33;76488,0;76508,59
17/09/2026 02:10:00;76508,59;76508,6;76458,01;76477,36
17/09/2026 02:15:00;76477,36;76482,22;76420,0;76446,01
17/09/2026 02:20:00;76451,61;76478,03;76438,19;76478,03
17/09/2026 02:25:00;76546,36;76547,6;76462,0;76491,27
17/09/2026 02:30:00;76488,0;76498,69;76393,16;76470,96
17/09/2026 02:35:00;76470,96;76482,880625;76393,16;76395,61
17/09/2026 02:40:00;76395,61;76398,01;76333,72;76359,19
17/09/2026 02:45:00;76358,01;76392,01;76358,01;76374,0
17/09/2026 02:50:00;76374,0;76415,99;76370,0;76408,8
17/09/2026 02:55:00;76408,8;76408,8;76318,0;76333,87
17/09/2026 03:00:00;76333,87;76385,16;76308,42;76385,16
17/09/2026 03:05:00;76385,16;76465,18;76385,13;76465,18
17/09/2026 03:10:00;76465,18;76479,35;76449,9;76464,96
17/09/2026 03:15:00;76464,96;76464,96;76371,41;76406,48
17/09/2026 03:20:00;76406,48;76411,81;76342,9;76351,35
17/09/2026 03:25:00;76351,35;76442,84;76350,0;76442,84
17/09/2026 03:30:00;76442,84;76527,05;76442,84;76491,67
17/09/2026 03:35:00;76491,67;76571,42;76491,67;76549,26
17/09/2026 03:40:00;76549,26;76584,1;76532,15;76561,32
17/09/2026 03:45:00;76561,32;76598,01;76547,51;76547,52
17/09/2026 03:50:00;76547,52;76547,52;76500,0;76500,0
17/09/2026 03:55:00;76500,0;76500,01;76472,7;76477,45
17/09/2026 04:00:00;76477,45;76575,81;76477,45;76552,25
17/09/2026 04:05:00;76552,25;76680,95;76552,25;76637,52
17/09/2026 04:10:00;76637,52;76672,01;76526,0;76536,01
17/09/2026 04:15:00;76536,01;76638,11;76518,0;76562,0
17/09/2026 04:20:00;76562,0;76576,71;76540,0;76563,09
17/09/2026 04:25:00;76563,09;76577,37;76522,08;76522,93
17/09/2026 04:30:00;76522,93;76535,0;76500,12;76516,01
17/09/2026 04:35:00;76516,01;76524,06;76497,48;76524,06
17/09/2026 04:40:00;76524,06;76532,8;76493,56;76512,61
17/09/2026 04:45:00;76512,61;76528,0;76479,06;76513,253334
17/09/2026 04:50:00;76513,253334;76513,253334;76460,0;76460,01
17/09/2026 04:55:00;76460,01;76462,5;76425,34;76462,5
17/09/2026 05:00:00;76462,5;76494,865947;76462,5;76494,865947
17/09/2026 05:05:00;76494,865947;76527,66;76453,68;76457,36
17/09/2026 05:10:00;76457,36;76500,0;76418,0;76418,01
17/09/2026 05:15:00;76418,01;76488,01;76396,97;76484,33
17/09/2026 05:20:00;76484,33;76534,62;76476,69;76495,2
17/09/2026 05:25:00;76495,2;76525,1;76462,0;76462,0
17/09/2026 05:30:00;76462,0;76487,95;76415,94;76486,01
17/09/2026 05:35:00;76486,01;76545,01;76464,09;76545,01
17/09/2026 05:40:00;76545,01;76545,01;76458,0;76494,0
17/09/2026 05:45:00;76494,0;76499,76;76477,45;76486,03
17/09/2026 05:50:00;76486,03;76573,24;76486,03;76573,23
17/09/2026 05:55:00;76573,23;76591,46;76564,0;76574,63
17/09/2026 06:00:00;76574,63;76670,0;76574,62;76669,25
17/09/2026 06:05:00;76669,25;76696,94;76636,9;76649,44
17/09/2026 06:10:00;76649,44;76717,42;76649,44;76689,51
17/09/2026 06:15:00;76689,51;76740,99;76650,0;76650,0
17/09/2026 06:20:00;76650,0;76737,33;76650,0;76700,0
17/09/2026 06:25:00;76700,0;76741,74;76689,04;76689,04
17/09/2026 06:30:00;76689,04;76702,01;76637,248631;76693,98
17/09/2026 06:35:00;76693,98;76769,99;76684,0;76702,93
17/09/2026 06:40:00;76702,93;76702,93;76597,03;76597,03
17/09/2026 06:45:00;76597,03;76640,0;76534,88;76561,67
17/09/2026 06:50:00;76561,67;76561,68;76500,13;76531,9
17/09/2026 06:55:00;76531,9;76531,9;76468,04;76468,05
17/09/2026 07:00:00;76468,05;76470,49;76315,15;76370,14
17/09/2026 07:05:00;76370,14;76431,17;76370,14;76392,01
17/09/2026 07:10:00;76392,01;76426,01;76379,96;76398,01
17/09/2026 07:15:00;76398,01;76398,01;76327,44;76341,04
17/09/2026 07:20:00;76341,04;76350,0;76318,93;76330,32
17/09/2026 07:25:00;76330,32;76374,5;76330,31;76350,0
17/09/2026 07:30:00;76350,0;76365,8;76322,85;76344,01
17/09/2026 07:35:00;76344,01;76410,01;76344,01;76393,73
17/09/2026 07:40:00;76393,73;76393,73;76325,0;76325,01
17/09/2026 07:45:00;76325,01;76328,01;76270,0;76312,0
17/09/2026 07:50:00;76312,0;76371,93;76312,0;76370,71
17/09/2026 07:55:00;76370,71;76402,01;76340,81;76402,0
17/09/2026 08:00:00;76402,0;76453,99;76395,62;76440,01
17/09/2026 08:05:00;76440,01;76440,01;76350,0;76370,01
17/09/2026 08:10:00;76370,01;76434,36;76370,01;76434,35
17/09/2026 08:15:00;76434,35;76454,99;76356,0;76388,78
17/09/2026 08:20:00;76388,78;76403,6;76369,3;76369,3
17/09/2026 08:25:00;76369,3;76400,01;76346,14;76394,33
17/09/2026 08:30:00;76394,33;76394,33;76305,97;76306,34
17/09/2026 08:35:00;76310,0;76310,0;76221,19;76221,19
17/09/2026 08:40:00;76221,19;76232,01;76179,0;76192,0
17/09/2026 08:45:00;76205,39;76248,51;76190,38;76218,0
17/09/2026 08:50:00;76218,0;76255,0;76206,0;76251,01
17/09/2026 08:55:00;76255,0;76482,01;76246,0;76482,01
17/09/2026 09:00:00;76482,01;76565,19;76401,65;76529,77
17/09/2026 09:05:00;76529,77;76558,01;76428,0;76558,01
17/09/2026 09:10:00;76570,0;76779,885417;76547,714286;76779,885417
17/09/2026 09:15:00;76779,885417;76943,060057;76779,885417;76930,06
17/09/2026 09:20:00;76930,06;76988,16;76888,18;76937,63
17/09/2026 09:25:00;76937,63;76999,01;76927,92;76996,77
17/09/2026 09:30:00;76996,76;77166,65;76937,15;77021,901333
17/09/2026 09:35:00;77021,901333;77046,53;76932,76;77020,965442
17/09/2026 09:40:00;77020,965442;77020,965442;76865,79;76880,01
17/09/2026 09:45:00;76874,36;76891,69;76792,21;76792,21
17/09/2026 09:50:00;76792,21;76896,31;76787,0;76788,0
17/09/2026 09:55:00;76788,0;76828,28;76734,65;76736,58
17/09/2026 10:00:00;76736,58;76889,65;76714,0;76859,42
17/09/2026 10:05:00;76859,42;76859,42;76677,0;76678,48
17/09/2026 10:10:00;76678,48;76736,13;76637,0;76659,31
17/09/2026 10:15:00;76659,31;76737,61;76650,0;76682,0
17/09/2026 10:20:00;76682,0;76714,88;76600,99;76614,01
17/09/2026 10:25:00;76614,01;76618,01;76470,11;76472,01
17/09/2026 10:30:00;76472,01;76584,01;76314,0;76366,01
17/09/2026 10:35:00;76366,01;76394,01;76016,47;76020,01
17/09/2026 10:40:00;76020,01;76219,31;76020,01;76152,0
17/09/2026 10:45:00;76152,0;76413,717783;76054,0;76350,01
17/09/2026 10:50:00;76350,01;76657,75;76350,01;76508,94
17/09/2026 10:55:00;76508,94;76694,06;76508,94;76694,06
17/09/2026 11:00:00;76694,06;76772,01;76400,0;76421,91
17/09/2026 11:05:00;76421,91;76691,64;76391,45;76666,0
17/09/2026 11:10:00;76666,0;76983,14;76650,0;76978,7
17/09/2026 11:15:00;76978,7;76978,7;76710,0;76749,95
17/09/2026 11:20:00;76749,95;76949,99;76749,95;76949,99
17/09/2026 11:25:00;76949,99;77056,3;76879,34;76938,98
17/09/2026 11:30:00;76938,98;77014,0;76812,33;76830,87
17/09/2026 11:35:00;76830,87;76881,23;76726,68;76756,66
17/09/2026 11:40:00;76756,66;76813,23;76612,0;76620,54
17/09/2026 11:45:00;76620,54;76727,94;76620,0;76699,98
17/09/2026 11:50:00;76699,98;76724,31;76614,85;76645,65
17/09/2026 11:55:00;76645,65;76655,01;76500,0;76502,45
17/09/2026 12:00:00;76502,45;76502,46;76321,81;76380,75
17/09/2026 12:05:00;76380,75;76427,95;76292,0;76386,39
17/09/2026 12:10:00;76386,39;76386,39;76275,0;76350,25
17/09/2026 12:15:00;76350,25;76455,38;76287,24;76402,92
17/09/2026 12:20:00;76402,92;76422,95;76342,4;76370,9
17/09/2026 12:25:00;76370,9;76461,38;76370,9;76460,57
17/09/2026 12:30:00;76460,57;76531,47;76451,88;76516,22
17/09/2026 12:35:00;76516,22;76700,0;76507,96;76700,0
17/09/2026 12:40:00;76700,0;76862,85;76690,66;76766,28
17/09/2026 12:45:00;76766,28;76766,28;76628,34;76636,58
17/09/2026 12:50:00;76636,58;76800,0;76604,59;76741,9
17/09/2026 12:55:00;76741,9;76780,0;76662,0;76780,0
17/09/2026 13:00:00;76780,0;76811,39;76740,36;76740,36
17/09/2026 13:05:00;76740,36;76777,35;76672,21;76751,15
17/09/2026 13:10:00;76751,15;76751,15;76685,39;76731,15
17/09/2026 13:15:00;76731,15;76796,38;76696,94;76711,29
17/09/2026 13:20:00;76711,29;76794,22;76676,01;76765,31
17/09/2026 13:25:00;76765,31;76765,32;76676,02;76710,79
17/09/2026 13:30:00;76710,79;76713,66;76534,0;76600,28
17/09/2026 13:35:00;76600,28;76652,01;76571,38;76627,09
17/09/2026 13:40:00;76627,09;76706,01;76589,07;76706,01
17/09/2026 13:45:00;76706,01;76746,0;76601,6;76626,22
17/09/2026 13:50:00;76626,22;76740,01;76623,35;76668,42
17/09/2026 13:55:00;76668,42;76753,46;76591,64;76753,46
17/09/2026 14:00:00;76753,46;76882,01;76739,93;76882,01
17/09/2026 14:05:00;76906,68;76915,04;76858,67;76893,0
17/09/2026 14:10:00;76893,0;76893,0;76820,0;76820,01
17/09/2026 14:15:00;76820,01;76862,01;76768,53;76848,0
17/09/2026 14:20:00;76848,0;76950,0;76848,0;76896,87
17/09/2026 14:25:00;76896,87;76924,97;76882,96;76924,96
17/09/2026 14:30:00;76924,96;76950,0;76846,02;76950,0
17/09/2026 14:35:00;76934,96;76950,95;76794,0;76794,01
17/09/2026 14:40:00;76794,01;76844,01;76772,0;76772,0
17/09/2026 14:45:00;76772,0;76772,0;76576,0;76634,0
17/09/2026 14:50:00;76634,0;76642,01;76579,39;76605,73
17/09/2026 14:55:00;76605,73;76699,51;76605,73;76667,87
17/09/2026 15:00:00;76667,87;76693,08;76667,87;76688,78
17/09/2026 15:05:00;76688,77;76694,01;76650,0;76661,99
17/09/2026 15:10:00;76661,99;76720,0;76660,0;76719,99
17/09/2026 15:15:00;76719,99;76765,35;76719,99;76765,35
17/09/2026 15:20:00;76765,35;76781,85;76742,0;76742,0
17/09/2026 15:25:00;76742,0;76768,01;76739,32;76744,39
17/09/2026 15:30:00;76744,39;76757,98;76597,22;76603,48
17/09/2026 15:35:00;76603,48;76637,6;76475,98;76475,98
17/09/2026 15:40:00;76475,98;76626,82;76470,4;76626,81
17/09/2026 15:45:00;76626,81;76695,21;76607,31;76654,108
17/09/2026 15:50:00;76654,108;76658,03;76595,99;76618,02
17/09/2026 15:55:00;76618,02;76625,63;76575,96;76575,97
17/09/2026 16:00:00;76575,97;76614,01;76560,19;76585,14
17/09/2026 16:05:00;76585,14;76624,18;76560,19;76560,2
17/09/2026 16:10:00;76560,2;76572,01;76560,19;76564,62
17/09/2026 16:15:00;76564,62;76564,62;76504,62;76545,04
17/09/2026 16:20:00;76545,04;76625,0;76545,04;76581,26
17/09/2026 16:25:00;76581,26;76588,32;76557,07;76588,32
17/09/2026 16:30:00;76588,32;76625,0;76554,0;76604,04
17/09/2026 16:35:00;76604,04;76604,04;76540,01;76546,0
17/09/2026 16:40:00;76546,0;76604,85;76542,0;76603,59
17/09/2026 16:45:00;76603,59;76603,6;76506,18;76553,55
17/09/2026 16:50:00;76553,55;76677,42;76553,55;76608,01
17/09/2026 16:55:00;76608,01;76613,43;76520,44;76594,01
17/09/2026 17:00:00;76594,01;76610,01;76540,73;76598,32
17/09/2026 17:05:00;76598,32;76656,07;76598,32;76622,0
17/09/2026 17:10:00;76622,0;76646,66;76622,0;76636,01
17/09/2026 17:15:00;76636,01;76636,01;76600,0;76616,72
17/09/2026 17:20:00;76616,72;76716,88;76604,354106;76714,22
17/09/2026 17:25:00;76714,22;76732,99;76700,0;76711,45
17/09/2026 17:30:00;76711,45;76711,46;76646,11;76646,12
17/09/2026 17:35:00;76662,01;76668,01;76617,67;76617,67
17/09/2026 17:40:00;76602,0;76604,154166;76512,0;76527,45
17/09/2026 17:45:00;76527,45;76547,59;76527,45;76532,18
17/09/2026 17:50:00;76532,17;76541,04;76490,0;76541,03
17/09/2026 17:55:00;76541,04;76556,01;76528,0;76556,0
17/09/2026 18:00:00;76561,2;76616,01;76523,99;76523,99
17/09/2026 18:05:00;76520,0;76520,01;76515,96;76515,96
17/09/2026 18:10:00;76515,96;76533,17;76500,0;76506,87
17/09/2026 18:15:00;76506,86;76516,01;76506,86;76516,01
17/09/2026 18:20:00;76516,01;76532,01;76516,0;76532,01
17/09/2026 18:25:00;76532,01;76568,97;76530,01;76560,04
17/09/2026 18:30:00;76560,04;76564,66;76544,0;76564,65
17/09/2026 18:35:00;76564,65;76580,1;76560,0;76568,01
17/09/2026 18:40:00;76568,01;76569,24;76539,694391;76539,694391
17/09/2026 18:45:00;76539,694391;76539,694391;76484,0;76484,01
17/09/2026 18:50:00;76484,01;76486,905611;76422,43;76454,31
17/09/2026 18:55:00;76454,31;76458,91;76404,0;76404,0
17/09/2026 19:00:00;76404,0;76442,0;76372,02;76373,588333
17/09/2026 19:05:00;76373,588333;76457,304737;76335,62;76360,30875
17/09/2026 19:10:00;76360,30875;76407,78;76352,0;76367,21
17/09/2026 19:15:00;76367,21;76367,21;76270,01;76270,01
17/09/2026 19:20:00;76270,01;76302,01;76259,98;76266,29
17/09/2026 19:25:00;76276,01;76286,01;76260,0;76273,69
17/09/2026 19:30:00;76273,69;76311,84;76262,0;76306,0
17/09/2026 19:35:00;76306,0;76434,01;76306,0;76434,01
17/09/2026 19:40:00;76436,01;76439,02;76415,82;76418,01
17/09/2026 19:45:00;76418,01;76426,65;76396,01;76426,65
17/09/2026 19:50:00;76426,65;76426,65;76350,0;76358,0
17/09/2026 19:55:00;76358,0;76420,0;76323,38;76420,0
17/09/2026 20:00:00;76399,76;76485,29;76399,01;76460,0
17/09/2026 20:05:00;76460,0;76505,351071;76460,0;76465,03
17/09/2026 20:10:00;76465,03;76510,01;76458,02;76494,5
17/09/2026 20:15:00;76494,5;76500,0;76468,26;76490,02
17/09/2026 20:20:00;76490,02;76499,65;76483,02;76496,0
17/09/2026 20:25:00;76496,0;76496,02;76490,0;76490,01
17/09/2026 20:30:00;76490,01;76490,01;76406,44;76406,44
17/09/2026 20:35:00;76406,44;76434,01;76392,58;76425,01
17/09/2026 20:40:00;76425,01;76445,91;76417,76;76442,06
17/09/2026 20:45:00;76442,06;76500,05;76426,47;76455,99
17/09/2026 20:50:00;76444,38;76444,39;76403,99;76440,0
17/09/2026 20:55:00;76440,0;76482,47;76417,0;76417,0
17/09/2026 21:00:00;76417,0;76440,01;76396,08;76426,05
17/09/2026 21:05:00;76426,05;76440,01;76377,32;76440,0
17/09/2026 21:10:00;76440,0;76472,35;76383,6;76472,35
17/09/2026 21:15:00;76444,0;76450,01;76360,92;76360,92
17/09/2026 21:20:00;76360,92;76360,93;76316,0;76358,57
17/09/2026 21:25:00;76377,22;76382,33;76312,192874;76368,01
17/09/2026 21:30:00;76374,01;76455,09;76362,01;76455,09
17/09/2026 21:35:00;76455,09;76455,09;76364,73;76365,96
17/09/2026 21:40:00;76350,01;76431,36;76350,01;76431,35
17/09/2026 21:45:00;76431,35;76435,75;76407,01;76435,45
17/09/2026 21:50:00;76435,45;76564,62;76434,0;76564,62
17/09/2026 21:55:00;76565,39;76593,04;76546,01;76593,04
17/09/2026 22:00:00;76593,04;76633,31;76568,0;76575,01
17/09/2026 22:05:00;76575,01;76657,83;76575,01;76639,82
17/09/2026 22:10:00;76639,82;76677,16;76544,0;76562,91
17/09/2026 22:15:00;76562,91;76580,953677;76520,0;76577,953677
17/09/2026 22:20:00;76577,953677;76640,01;76577,953677;76600,01
17/09/2026 22:25:00;76576,43;76597,44;76573,16;76588,01
17/09/2026 22:30:00;76588,01;76627,85;76579,96;76586,95
17/09/2026 22:35:00;76586,95;76638,01;76585,2;76630,17
17/09/2026 22:40:00;76630,17;76720,0;76630,16;76717,604514
17/09/2026 22:45:00;76717,604514;76742,01;76695,47;76742,0
17/09/2026 22:50:00;76742,0;76760,01;76693,01;76712,400726
17/09/2026 22:55:00;76712,400726;76765,428;76709,81;76765,428
17/09/2026 23:00:00;76765,428;76800,0;76715,91;76715,92
17/09/2026 23:05:00;76715,91;76715,92;76676,0;76676,01
17/09/2026 23:10:00;76676,01;76788,439766;76644,0;76788,439766
17/09/2026 23:15:00;76788,439766;76815,06;76752,01;76752,01
17/09/2026 23:20:00;76752,01;76853,99;76752,0;76834,58
17/09/2026 23:25:00;76840,23;76923,26;76840,23;76923,26
17/09/2026 23:30:00;76923,26;77038,35;76923,26;77035,54
17/09/2026 23:35:00;77022,96;77035,55;77004,29;77008,0
17/09/2026 23:40:00;77008,01;77046,828774;76946,63;76946,63
17/09/2026 23:45:00;76946,63;76946,63;76924,0;76939,84
17/09/2026 23:50:00;76958,69;77042,2;76942,96488;77038,0
17/09/2026 23:55:00;77038,0;77038,01;76988,3;76988,3
18/09/2026 00:00:00;76988,31;77019,95;76981,94;77019,95
18/09/2026 00:05:00;77019,95;77080,83;77019,95;77045,02
18/09/2026 00:10:00;77045,02;77323,0;77045,02;77323,0
18/09/2026 00:15:00;77323,0;77597,82;77309,48;77436,45
18/09/2026 00:20:00;77436,45;77438,06;77295,91;77331,69
18/09/2026 00:25:00;77336,14;77497,99;77316,52298;77483,56
18/09/2026 00:30:00;77483,56;77524,470406;77397,97;77409,92
18/09/2026 00:35:00;77409,92;77422,83;77333,9;77333,91
18/09/2026 00:40:00;77333,91;77395,98;77321,24;77343,06
18/09/2026 00:45:00;77343,06;77434,97;77343,06;77419,18
18/09/2026 00:50:00;77419,18;77469,3;77384,15;77408,68
18/09/2026 00:55:00;77408,68;77408,68;77370,19;77390,8
18/09/2026 01:00:00;77383,47;77417,39;77343,06;77343,07
18/09/2026 01:05:00;77288,0;77320,98;77238,89;77238,9
18/09/2026 01:10:00;77238,9;77341,64;77233,29;77290,11
18/09/2026 01:15:00;77290,11;77369,86;77261,75;77322,54
18/09/2026 01:20:00;77322,54;77377,66;77287,32;77290,05
18/09/2026 01:25:00;77290,05;77315,689663;77258,13;77264,27
18/09/2026 01:30:00;77264,27;77305,11;77216,76;77246,91
18/09/2026 01:35:00;77246,91;77336,36;77246,91;77320,0
18/09/2026 01:40:00;77281,79;77427,45;77275,0;77427,45
18/09/2026 01:45:00;77449,38;77449,38;77359,02;77416,01
18/09/2026 01:50:00;77416,01;77449,84;77346,6;77449,84
18/09/2026 01:55:00;77449,84;77549,99;77449,84;77528,17
18/09/2026 02:00:00;77528,17;77649,7;77467,97;77467,97
18/09/2026 02:05:00;77467,97;77596,48;77454,55;77495,44
18/09/2026 02:10:00;77495,44;77626,78;77484,49;77550,01
18/09/2026 02:15:00;77541,49;77561,649874;77501,37;77541,06
18/09/2026 02:20:00;77541,06;77550,4;77448,44;77511,02
18/09/2026 02:25:00;77507,88;77619,49;77442,93;77600,72
18/09/2026 02:30:00;77594,99;77705,01;77594,99;77681,74
18/09/2026 02:35:00;77681,74;77715,48;77515,43;77649,16
18/09/2026 02:40:00;77649,16;77649,16;77590,64;77590,64
18/09/2026 02:45:00;77590,64;77594,95;77501,57;77501,57
18/09/2026 02:50:00;77501,57;77525,554574;77472,26;77477,5
18/09/2026 02:55:00;77477,5;77508,01;77460,03;77472,78
18/09/2026 03:00:00;77472,78;77575,485714;77464,166737;77564,22
18/09/2026 03:05:00;77564,14;77593,530363;77512,25;77539,46
18/09/2026 03:10:00;77539,46;77556,0;77493,92;77550,92
18/09/2026 03:15:00;77550,92;77576,84;77488,0;77537,97
18/09/2026 03:20:00;77537,97;77645,06;77498,79;77640,01
18/09/2026 03:25:00;77640,01;77679,62;77544,0;77544,0
18/09/2026 03:30:00;77544,0;77548,37;77498,0;77498,01
18/09/2026 03:35:00;77498,01;77582,02;77494,39;77576,0
18/09/2026 03:40:00;77576,0;77576,0;77518,0;77526,01
18/09/2026 03:45:00;77526,01;77531,6;77474,72;77474,72
18/09/2026 03:50:00;77474,72;77491,41;77459,64;77459,64
18/09/2026 03:55:00;77459,64;77607,69;77402,32;77607,69
18/09/2026 04:00:00;77607,69;77690,01;77575,57;77684,0
18/09/2026 04:05:00;77684,0;77787,83;77591,45;77619,87
18/09/2026 04:10:00;77619,87;77695,09;77619,87;77653,4575
18/09/2026 04:15:00;77653,4575;77732,93;77618,0;77728,01
18/09/2026 04:20:00;77755,28;77824,89;77734,0;77798,01
18/09/2026 04:25:00;77798,01;77847,3;77754,0;77798,01
18/09/2026 04:30:00;77798,01;77850,0;77769,9;77822,52
18/09/2026 04:35:00;77822,52;77828,43;77774,59;77774,59
18/09/2026 04:40:00;77774,59;77838,0;77732,49;77822,01
18/09/2026 04:45:00;77822,01;77822,01;77730,57;77750,0
18/09/2026 04:50:00;77750,0;77802,01;77749,99;77784,09
18/09/2026 04:55:00;77784,09;77792,01;77735,14;77783,0
18/09/2026 05:00:00;77783,0;77973,45;77783,0;77906,81
18/09/2026 05:05:00;77906,81;77906,81;77679,84;77693,11
18/09/2026 05:10:00;77693,11;77842,98;77660,0;77767,1
18/09/2026 05:15:00;77767,1;77899,05;77760,0;77868,01
18/09/2026 05:20:00;77868,01;78050,0;77868,0;78040,2
18/09/2026 05:25:00;78040,2;78043,02042;77962,31;77962,31
18/09/2026 05:30:00;77962,31;78018,89;77919,93;78000,38
18/09/2026 05:35:00;78000,38;78028,01;77928,0;78019,28
18/09/2026 05:40:00;78019,28;78019,28;77902,3;77976,92
18/09/2026 05:45:00;77968,73;78011,7;77959,39;78008,762857
18/09/2026 05:50:00;78008,762857;78068,43;77972,61;78059,43
18/09/2026 05:55:00;78059,43;78279,8;78059,43;78279,8
18/09/2026 06:00:00;78279,8;78410,94;78227,34;78313,49
18/09/2026 06:05:00;78313,49;78490,78;78287,3;78431,9
18/09/2026 06:10:00;78431,9;78440,73;78307,08;78379,8
18/09/2026 06:15:00;78379,8;78386,01;78300,0;78335,42
18/09/2026 06:20:00;78335,42;78394,15;78309,12;78315,25
18/09/2026 06:25:00;78315,25;78315,25;78161,1;78162,96
18/09/2026 06:30:00;78162,96;78164,01;78088,0;78106,01
18/09/2026 06:35:00;78106,01;78106,01;78022,01;78022,01
18/09/2026 06:40:00;78022,01;78064,19;78005,29;78054,01
18/09/2026 06:45:00;78054,01;78196,4;78054,0;78103,8
18/09/2026 06:50:00;78103,8;78168,0;78103,8;78134,06
18/09/2026 06:55:00;78134,06;78220,07;78134,06;78212,01
18/09/2026 07:00:00;78212,01;78221,18;78162,6;78172,01
18/09/2026 07:05:00;78172,01;78222,0;78150,0;78150,0
18/09/2026 07:10:00;78150,0;78198,01;78112,95;78196,59
18/09/2026 07:15:00;78196,59;78212,01;78167,56;78210,01
18/09/2026 07:20:00;78210,01;78245,92;78171,74;78187,47
18/09/2026 07:25:00;78187,47;78280,94;78167,55;78280,94
18/09/2026 07:30:00;78280,94;78319,67;78258,88;78281,46
18/09/2026 07:35:00;78281,46;78281,46;78251,3;78257,31
18/09/2026 07:40:00;78257,31;78280,01;78190,01;78230,0
18/09/2026 07:45:00;78230,0;78350,01;78211,63;78350,01
18/09/2026 07:50:00;78350,01;78369,86;78278,0;78313,77
18/09/2026 07:55:00;78313,77;78324,15;78265,1;78285,35
18/09/2026 08:00:00;78285,35;78382,01;78269,06;78382,01
18/09/2026 08:05:00;78382,01;78426,46;78046,2;78190,0
18/09/2026 08:10:00;78190,0;78208,01;78044,96;78118,0
18/09/2026 08:15:00;78118,0;78165,36;78070,03;78126,98
18/09/2026 08:20:00;78126,98;78137,45;78066,7;78074,8
18/09/2026 08:25:00;78074,8;78102,01;78040,4;78053,42
18/09/2026 08:30:00;78053,42;78156,01;78046,68;78110,73
18/09/2026 08:35:00;78110,73;78172,56;78110,73;78126,61
18/09/2026 08:40:00;78126,62;78126,62;78026,0;78026,0
18/09/2026 08:45:00;78026,0;78074,85;78026,0;78042,86
18/09/2026 08:50:00;78042,86;78098,94;78034,0;78098,93
18/09/2026 08:55:00;78098,94;78098,94;78050,0;78062,01
18/09/2026 09:00:00;78062,01;78124,94;78005,2;78124,94
18/09/2026 09:05:00;78124,94;78124,94;78005,0;78009,99
18/09/2026 09:10:00;78009,99;78110,02;77990,5;78083,44
18/09/2026 09:15:00;78083,44;78110,01;78008,62;78008,62
18/09/2026 09:20:00;78008,63;78084,01;77983,96;78007,11
18/09/2026 09:25:00;78007,11;78041,85;77996,01;78023,3
18/09/2026 09:30:00;78023,3;78090,01;77988,26;78090,01
18/09/2026 09:35:00;78090,0;78166,01;78090,0;78166,01
18/09/2026 09:40:00;78166,01;78182,01;78110,53;78120,0
18/09/2026 09:45:00;78120,0;78146,01;78090,0;78096,0
