horario;abertura;maxima;minima;fechamento
09/08/2026 12:25:00;0,1633;0,1634;0,1633;0,1634
09/08/2026 12:30:00;0,1634;0,1635;0,16318;0,1632
09/08/2026 12:35:00;0,1632;0,1633;0,1631;0,1632
09/08/2026 12:40:00;0,1632;0,1633;0,1632;0,1633
09/08/2026 12:45:00;0,1633;0,1633;0,1631;0,1632
09/08/2026 12:50:00;0,1632;0,1632;0,1631;0,1631
09/08/2026 12:55:00;0,1631;0,1634;0,1631;0,1633
09/08/2026 13:00:00;0,1633;0,1633;0,1632;0,1632
09/08/2026 13:05:00;0,1632;0,1633;0,1631;0,1632
09/08/2026 13:10:00;0,1632;0,1632;0,1631;0,1631
09/08/2026 13:15:00;0,1631;0,1633;0,16299;0,1633
09/08/2026 13:20:00;0,1633;0,1633;0,1631;0,1631
09/08/2026 13:25:00;0,1631;0,1633;0,1631;0,1633
09/08/2026 13:30:00;0,1633;0,1634;0,1633;0,1634
09/08/2026 13:35:00;0,1634;0,1634;0,1632;0,1633
09/08/2026 13:40:00;0,1633;0,1633;0,1632;0,1633
09/08/2026 13:45:00;0,1633;0,1633;0,1632;0,1632
09/08/2026 13:50:00;0,1632;0,1633;0,1631;0,1633
09/08/2026 13:55:00;0,1633;0,1634;0,1632;0,1634
09/08/2026 14:00:00;0,1634;0,16341;0,1632;0,16341
09/08/2026 14:05:00;0,16341;0,163451;0,1633;0,1633
09/08/2026 14:10:00;0,1633;0,16341;0,1633;0,1633
09/08/2026 14:15:00;0,1633;0,16341;0,1633;0,1634
09/08/2026 14:20:00;0,1634;0,1634;0,1632;0,1633
09/08/2026 14:25:00;0,1633;0,1633;0,162886;0,1632
09/08/2026 14:30:00;0,1632;0,1632;0,1631;0,1632
09/08/2026 14:35:00;0,1632;0,1633;0,1631;0,1633
09/08/2026 14:40:00;0,1633;0,1633;0,1629;0,1629
09/08/2026 14:45:00;0,1629;0,1629;0,1626;0,1627
09/08/2026 14:50:00;0,1627;0,1631;0,1627;0,1628
09/08/2026 14:55:00;0,1628;0,1628;0,1627;0,1628
09/08/2026 15:00:00;0,1628;0,1628;0,1626;0,1626
09/08/2026 15:05:00;0,1626;0,1627;0,1626;0,1626
09/08/2026 15:10:00;0,1626;0,1626;0,1624;0,1625
09/08/2026 15:15:00;0,1625;0,1626;0,16237;0,1625
09/08/2026 15:20:00;0,1625;0,1625;0,16238;0,16238
09/08/2026 15:25:00;0,16238;0,1625;0,16238;0,16238
09/08/2026 15:30:00;0,16238;0,1625;0,1623;0,1624
09/08/2026 15:35:00;0,1624;0,1625;0,1621;0,1621
09/08/2026 15:40:00;0,1621;0,1622;0,162;0,162
09/08/2026 15:45:00;0,162;0,1622;0,16198;0,16198
09/08/2026 15:50:00;0,16198;0,1621;0,16198;0,1621
09/08/2026 15:55:00;0,1621;0,1621;0,162;0,162
09/08/2026 16:00:00;0,162;0,162237;0,162;0,1622
09/08/2026 16:05:00;0,1622;0,1622;0,162;0,1621
09/08/2026 16:10:00;0,1621;0,1621;0,1617;0,1618
09/08/2026 16:15:00;0,1618;0,162;0,1618;0,162
09/08/2026 16:20:00;0,162;0,1621;0,1619;0,1619
09/08/2026 16:25:00;0,1619;0,162;0,1619;0,162
09/08/2026 16:30:00;0,162;0,1621;0,1619;0,1621
09/08/2026 16:35:00;0,1621;0,162113;0,1619;0,1619
09/08/2026 16:40:00;0,1619;0,1621;0,1618;0,162
09/08/2026 16:45:00;0,162;0,1626;0,162;0,1625
09/08/2026 16:50:00;0,1625;0,1635;0,1625;0,1634
09/08/2026 16:55:00;0,1634;0,1634;0,1628;0,1628
09/08/2026 17:00:00;0,1628;0,1628;0,1626;0,1626
09/08/2026 17:05:00;0,1626;0,1628;0,1626;0,1627
09/08/2026 17:10:00;0,1627;0,163;0,1624;0,1629
09/08/2026 17:15:00;0,1629;0,1633;0,1629;0,1633
09/08/2026 17:20:00;0,1633;0,1635;0,1633;0,1635
09/08/2026 17:25:00;0,1635;0,1635;0,1633;0,1633
09/08/2026 17:30:00;0,1633;0,1636;0,1631;0,1635
09/08/2026 17:35:00;0,1635;0,1635;0,1634;0,1635
09/08/2026 17:40:00;0,1635;0,1637;0,1634;0,1637
09/08/2026 17:45:00;0,1637;0,1638;0,1636;0,1637
09/08/2026 17:50:00;0,1637;0,164;0,1635;0,164
09/08/2026 17:55:00;0,164;0,164;0,164;0,164
09/08/2026 18:00:00;0,164;0,164;0,1639;0,1639
09/08/2026 18:05:00;0,1639;0,1639;0,1636;0,1636
09/08/2026 18:10:00;0,1636;0,1638;0,1635;0,1636
09/08/2026 18:15:00;0,1636;0,1636;0,1635;0,1636
09/08/2026 18:20:00;0,1636;0,1638;0,1636;0,1638
09/08/2026 18:25:00;0,1638;0,1638;0,1637;0,1638
09/08/2026 18:30:00;0,1638;0,1639;0,1638;0,1638
09/08/2026 18:35:00;0,1638;0,164;0,1637;0,1639
09/08/2026 18:40:00;0,1639;0,1641;0,1638;0,1638
09/08/2026 18:45:00;0,1638;0,1639;0,1638;0,1638
09/08/2026 18:50:00;0,1638;0,1638;0,1637;0,1637
09/08/2026 18:55:00;0,1637;0,164;0,1637;0,164
09/08/2026 19:00:00;0,1639;0,16401;0,1639;0,1639
09/08/2026 19:05:00;0,1639;0,1639;0,1638;0,1639
09/08/2026 19:10:00;0,1639;0,1644;0,1639;0,1643
09/08/2026 19:15:00;0,1643;0,1644;0,164;0,164
09/08/2026 19:20:00;0,164;0,164;0,1637;0,1637
09/08/2026 19:25:00;0,1637;0,1637;0,1635;0,1635
09/08/2026 19:30:00;0,1635;0,1635;0,16308;0,1631
09/08/2026 19:35:00;0,1631;0,1631;0,1625;0,1625
09/08/2026 19:40:00;0,1625;0,1625;0,1623;0,1625
09/08/2026 19:45:00;0,1625;0,1625;0,162;0,162
09/08/2026 19:50:00;0,162;0,162;0,1616;0,162
09/08/2026 19:55:00;0,162;0,162263;0,1619;0,1619
09/08/2026 20:00:00;0,1619;0,1621;0,1618;0,162
09/08/2026 20:05:00;0,162;0,1621;0,1617;0,1617
09/08/2026 20:10:00;0,1617;0,1618;0,16167;0,1618
09/08/2026 20:15:00;0,1618;0,1618;0,1616;0,1617
09/08/2026 20:20:00;0,1617;0,1617;0,1613;0,1614
09/08/2026 20:25:00;0,1614;0,1614;0,1612;0,1612
09/08/2026 20:30:00;0,1612;0,1612;0,1608;0,161
09/08/2026 20:35:00;0,161;0,1633;0,161;0,16303
09/08/2026 20:40:00;0,16303;0,1631;0,1622;0,163021
09/08/2026 20:45:00;0,163021;0,163021;0,161719;0,161719
09/08/2026 20:50:00;0,161719;0,1619;0,16167;0,16171
09/08/2026 20:55:00;0,16171;0,16255;0,161693;0,16186
09/08/2026 21:00:00;0,16186;0,1626;0,161783;0,1624
09/08/2026 21:05:00;0,1624;0,1636;0,1624;0,1636
09/08/2026 21:10:00;0,1636;0,1649;0,163443;0,1642
09/08/2026 21:15:00;0,1642;0,1643;0,1638;0,1638
09/08/2026 21:20:00;0,1638;0,1638;0,1632;0,1632
09/08/2026 21:25:00;0,1632;0,1634;0,1631;0,1634
09/08/2026 21:30:00;0,1634;0,1635;0,1633;0,1635
09/08/2026 21:35:00;0,1635;0,1635;0,1631;0,1631
09/08/2026 21:40:00;0,1631;0,1634;0,163;0,163
09/08/2026 21:45:00;0,163;0,1636;0,163;0,1636
09/08/2026 21:50:00;0,1636;0,1639;0,1636;0,1636
09/08/2026 21:55:00;0,1636;0,1641;0,1635;0,1635
09/08/2026 22:00:00;0,1635;0,1637;0,1633;0,1634
09/08/2026 22:05:00;0,1634;0,1634;0,163;0,1632
09/08/2026 22:10:00;0,1632;0,1635;0,1632;0,1633
09/08/2026 22:15:00;0,1633;0,1635;0,1633;0,1633
09/08/2026 22:20:00;0,1633;0,1634;0,1631;0,1631
09/08/2026 22:25:00;0,1631;0,1631;0,1627;0,1627
09/08/2026 22:30:00;0,1627;0,1627;0,1623;0,1624
09/08/2026 22:35:00;0,1624;0,1626;0,1623;0,1626
09/08/2026 22:40:00;0,1626;0,1626;0,1624;0,1624
09/08/2026 22:45:00;0,1624;0,1634;0,1624;0,1634
09/08/2026 22:50:00;0,1634;0,1638;0,1634;0,1635
09/08/2026 22:55:00;0,1635;0,1636;0,1634;0,1635
09/08/2026 23:00:00;0,1635;0,1637;0,1632;0,1632
09/08/2026 23:05:00;0,1632;0,1633;0,163;0,1631
09/08/2026 23:10:00;0,1631;0,1632;0,1631;0,1631
09/08/2026 23:15:00;0,1631;0,1631;0,1625;0,1625
09/08/2026 23:20:00;0,1625;0,1626;0,1624;0,1624
09/08/2026 23:25:00;0,1624;0,1624;0,1623;0,1624
09/08/2026 23:30:00;0,1624;0,16271;0,1624;0,1627
09/08/2026 23:35:00;0,1627;0,1629;0,1624;0,1629
09/08/2026 23:40:00;0,1629;0,1635;0,1629;0,1635
09/08/2026 23:45:00;0,1635;0,1635;0,163;0,163
09/08/2026 23:50:00;0,163;0,1632;0,163;0,1632
09/08/2026 23:55:00;0,1632;0,1632;0,163;0,1632
10/08/2026 00:00:00;0,1632;0,1633;0,1631;0,1631
10/08/2026 00:05:00;0,1631;0,1632;0,163;0,1632
10/08/2026 00:10:00;0,1632;0,16331;0,1627;0,1627
10/08/2026 00:15:00;0,1627;0,1631;0,1625;0,1631
10/08/2026 00:20:00;0,1631;0,1633;0,163;0,1631
10/08/2026 00:25:00;0,1631;0,1631;0,1626;0,1626
10/08/2026 00:30:00;0,1626;0,1627;0,1625;0,1627
10/08/2026 00:35:00;0,1627;0,1629;0,1627;0,1628
10/08/2026 00:40:00;0,1628;0,1628;0,1626;0,1626
10/08/2026 00:45:00;0,1626;0,162817;0,1626;0,1627
10/08/2026 00:50:00;0,1627;0,1628;0,1624;0,1626
10/08/2026 00:55:00;0,1626;0,1627;0,1624;0,1626
10/08/2026 01:00:00;0,1626;0,163;0,1626;0,163
10/08/2026 01:05:00;0,163;0,163;0,1627;0,1629
10/08/2026 01:10:00;0,1629;0,1629;0,1628;0,1629
10/08/2026 01:15:00;0,1629;0,1631;0,1629;0,163
10/08/2026 01:20:00;0,163;0,1631;0,1628;0,1629
10/08/2026 01:25:00;0,1629;0,16335;0,1629;0,16335
10/08/2026 01:30:00;0,16335;0,1634;0,1631;0,1632
10/08/2026 01:35:00;0,1632;0,1634;0,1632;0,1633
10/08/2026 01:40:00;0,1633;0,1633;0,1629;0,1631
10/08/2026 01:45:00;0,1631;0,1634;0,1631;0,1632
10/08/2026 01:50:00;0,1632;0,1633;0,163;0,163
10/08/2026 01:55:00;0,163;0,1631;0,1629;0,1631
10/08/2026 02:00:00;0,1631;0,1632;0,1631;0,1632
10/08/2026 02:05:00;0,1632;0,1635;0,1632;0,1635
10/08/2026 02:10:00;0,1635;0,1637;0,1634;0,16356
10/08/2026 02:15:00;0,16356;0,163794;0,1634;0,1637
10/08/2026 02:20:00;0,1636;0,164;0,16359;0,1638
10/08/2026 02:25:00;0,1638;0,1639;0,1637;0,1639
10/08/2026 02:30:00;0,1639;0,16391;0,1637;0,16391
10/08/2026 02:35:00;0,16391;0,1642;0,16388;0,1641
10/08/2026 02:40:00;0,1641;0,1641;0,1639;0,164
10/08/2026 02:45:00;0,164;0,1642;0,164;0,1642
10/08/2026 02:50:00;0,1642;0,1643;0,164;0,1643
10/08/2026 02:55:00;0,1643;0,1643;0,1642;0,1642
10/08/2026 03:00:00;0,1642;0,1648;0,1642;0,1648
10/08/2026 03:05:00;0,1648;0,1649;0,1645;0,1645
10/08/2026 03:10:00;0,1645;0,1646;0,1642;0,1642
10/08/2026 03:15:00;0,1642;0,164357;0,1641;0,1643
10/08/2026 03:20:00;0,1642;0,16421;0,164;0,1641
10/08/2026 03:25:00;0,1641;0,16431;0,16401;0,1641
10/08/2026 03:30:00;0,1641;0,1643;0,1641;0,1643
10/08/2026 03:35:00;0,1643;0,1645;0,1642;0,1643
10/08/2026 03:40:00;0,1643;0,1644;0,1642;0,1644
10/08/2026 03:45:00;0,1644;0,1647;0,1642;0,1645
10/08/2026 03:50:00;0,1645;0,1645;0,1643;0,1644
10/08/2026 03:55:00;0,1644;0,1644;0,1643;0,1643
10/08/2026 04:00:00;0,1643;0,1652;0,1643;0,1649
10/08/2026 04:05:00;0,1649;0,1653;0,1649;0,1653
10/08/2026 04:10:00;0,1653;0,1657;0,1653;0,1656
10/08/2026 04:15:00;0,1656;0,1658;0,1654;0,1657
10/08/2026 04:20:00;0,1657;0,1658;0,165554;0,1657
10/08/2026 04:25:00;0,1657;0,1657;0,1655;0,1656
10/08/2026 04:30:00;0,1656;0,1659;0,1656;0,1659
10/08/2026 04:35:00;0,1659;0,166;0,1658;0,1658
10/08/2026 04:40:00;0,1658;0,1659;0,1656;0,1657
10/08/2026 04:45:00;0,1657;0,1657;0,1654;0,1655
10/08/2026 04:50:00;0,1655;0,1656;0,1652;0,1653
10/08/2026 04:55:00;0,1653;0,1656;0,1653;0,16552
10/08/2026 05:00:00;0,16551;0,1657;0,1654;0,1654
10/08/2026 05:05:00;0,1654;0,1654;0,1652;0,1653
10/08/2026 05:10:00;0,1653;0,1653;0,1648;0,1648
10/08/2026 05:15:00;0,1648;0,165;0,1648;0,165
10/08/2026 05:20:00;0,165;0,1654;0,1649;0,1651
10/08/2026 05:25:00;0,1651;0,1652;0,1647;0,1648
10/08/2026 05:30:00;0,1648;0,1648;0,1646;0,1647
10/08/2026 05:35:00;0,1647;0,1648;0,1646;0,1647
10/08/2026 05:40:00;0,1647;0,1647;0,1644;0,1645
10/08/2026 05:45:00;0,1645;0,16462;0,1645;0,1645
10/08/2026 05:50:00;0,1645;0,165;0,1645;0,165
10/08/2026 05:55:00;0,165;0,165;0,1648;0,1649
10/08/2026 06:00:00;0,1649;0,1649;0,1649;0,1649
10/08/2026 06:05:00;0,1649;0,1649;0,1649;0,1649
10/08/2026 06:10:00;0,1649;0,1649;0,1648;0,1648
10/08/2026 06:15:00;0,1648;0,1648;0,1648;0,1648
10/08/2026 06:20:00;0,1648;0,1648;0,1645;0,1646
10/08/2026 06:25:00;0,1646;0,1646;0,164319;0,1645
10/08/2026 06:30:00;0,1645;0,1645;0,1641;0,1641
10/08/2026 06:35:00;0,1641;0,1642;0,164;0,1641
10/08/2026 06:40:00;0,1641;0,1642;0,164;0,164
10/08/2026 06:45:00;0,164;0,164;0,1639;0,164
10/08/2026 06:50:00;0,164;0,164;0,164;0,164
10/08/2026 06:55:00;0,164;0,1641;0,1638;0,1638
10/08/2026 07:00:00;0,1638;0,1643;0,1638;0,1643
10/08/2026 07:05:00;0,1643;0,1643;0,1637;0,1637
10/08/2026 07:10:00;0,1637;0,1638;0,1637;0,1638
10/08/2026 07:15:00;0,1638;0,1639;0,1637;0,1638
10/08/2026 07:20:00;0,1638;0,1641;0,1638;0,1641
10/08/2026 07:25:00;0,1641;0,1642;0,1638;0,1639
10/08/2026 07:30:00;0,1639;0,1639;0,1638;0,1639
10/08/2026 07:35:00;0,1639;0,1639;0,1637;0,1638
10/08/2026 07:40:00;0,1638;0,1639;0,1637;0,1639
10/08/2026 07:45:00;0,1639;0,1639;0,1637;0,1639
10/08/2026 07:50:00;0,1639;0,1639;0,1636;0,1636
10/08/2026 07:55:00;0,1636;0,1636;0,1636;0,1636
10/08/2026 08:00:00;0,1636;0,1637;0,1634;0,1635
10/08/2026 08:05:00;0,1635;0,1635;0,1635;0,1635
10/08/2026 08:10:00;0,1635;0,1636;0,1633;0,1635
10/08/2026 08:15:00;0,1635;0,1638;0,1635;0,1638
10/08/2026 08:20:00;0,1638;0,1639;0,1637;0,1637
10/08/2026 08:25:00;0,1637;0,1637;0,1637;0,1637
10/08/2026 08:30:00;0,1637;0,1638;0,1637;0,1637
10/08/2026 08:35:00;0,1637;0,1637;0,1635;0,1635
10/08/2026 08:40:00;0,1635;0,1636;0,1635;0,1636
10/08/2026 08:45:00;0,1636;0,1638;0,1636;0,1637
10/08/2026 08:50:00;0,1637;0,1638;0,1636;0,1638
10/08/2026 08:55:00;0,1638;0,1639;0,1637;0,1638
10/08/2026 09:00:00;0,1638;0,1641;0,1638;0,1641
10/08/2026 09:05:00;0,164;0,1641;0,1638;0,164
10/08/2026 09:10:00;0,164;0,1641;0,1638;0,1638
10/08/2026 09:15:00;0,1638;0,1638;0,1636;0,1636
10/08/2026 09:20:00;0,1636;0,1636;0,1635;0,1636
10/08/2026 09:25:00;0,1636;0,1636;0,1634;0,1634
10/08/2026 09:30:00;0,1634;0,1635;0,1633;0,1634
10/08/2026 09:35:00;0,1634;0,1634;0,1633;0,1633
10/08/2026 09:40:00;0,1633;0,1635;0,1631;0,1635
10/08/2026 09:45:00;0,1635;0,1636;0,1634;0,1635
10/08/2026 09:50:00;0,1635;0,1635;0,1631;0,1633
10/08/2026 09:55:00;0,1633;0,1634;0,163;0,1631
10/08/2026 10:00:00;0,1631;0,1632;0,163;0,1631
10/08/2026 10:05:00;0,1631;0,1633;0,1631;0,1633
10/08/2026 10:10:00;0,1633;0,1634;0,1632;0,1633
10/08/2026 10:15:00;0,1633;0,1634;0,1632;0,1633
10/08/2026 10:20:00;0,1633;0,1633;0,1631;0,1633
10/08/2026 10:25:00;0,1633;0,1633;0,163;0,163
10/08/2026 10:30:00;0,163;0,1632;0,1627;0,1627
10/08/2026 10:35:00;0,1627;0,1633;0,1627;0,1628
10/08/2026 10:40:00;0,1628;0,1629;0,1627;0,1628
10/08/2026 10:45:00;0,1628;0,1629;0,1626;0,1626
10/08/2026 10:50:00;0,1626;0,1627;0,1625;0,1626
10/08/2026 10:55:00;0,1626;0,1629;0,1626;0,1629
10/08/2026 11:00:00;0,1629;0,1631;0,1629;0,163
10/08/2026 11:05:00;0,163;0,163;0,1626;0,1627
10/08/2026 11:10:00;0,1627;0,1629;0,1625;0,1628
10/08/2026 11:15:00;0,1628;0,163;0,1626;0,1627
10/08/2026 11:20:00;0,1627;0,1628;0,1627;0,1627
10/08/2026 11:25:00;0,1627;0,1631;0,1627;0,1629
10/08/2026 11:30:00;0,1629;0,1629;0,1626;0,1626
10/08/2026 11:35:00;0,1626;0,1629;0,1626;0,1628
10/08/2026 11:40:00;0,1628;0,1629;0,1628;0,1629
10/08/2026 11:45:00;0,1629;0,1629;0,1626;0,1627
10/08/2026 11:50:00;0,1627;0,1627;0,1624;0,1624
10/08/2026 11:55:00;0,1624;0,162419;0,16229;0,16239
10/08/2026 12:00:00;0,16239;0,162417;0,162;0,1624
10/08/2026 12:05:00;0,1624;0,1624;0,1622;0,1623
10/08/2026 12:10:00;0,1623;0,1624;0,1618;0,1619
10/08/2026 12:15:00;0,1619;0,1621;0,1618;0,162
10/08/2026 12:20:00;0,162;0,1622;0,1617;0,1618
10/08/2026 12:25:00;0,1618;0,1623;0,16168;0,1623
10/08/2026 12:30:00;0,1623;0,1623;0,1621;0,1621
10/08/2026 12:35:00;0,1621;0,1621;0,1618;0,162
10/08/2026 12:40:00;0,162;0,1623;0,162;0,1622
10/08/2026 12:45:00;0,1622;0,1623;0,1621;0,1621
10/08/2026 12:50:00;0,1621;0,1625;0,1621;0,1621
10/08/2026 12:55:00;0,1621;0,1625;0,1621;0,1623
10/08/2026 13:00:00;0,1623;0,1625;0,162;0,1625
10/08/2026 13:05:00;0,1625;0,1625;0,1624;0,1624
10/08/2026 13:10:00;0,1624;0,162534;0,1623;0,1623
10/08/2026 13:15:00;0,1623;0,1624;0,1621;0,1623
10/08/2026 13:20:00;0,1623;0,1623;0,1619;0,1622
10/08/2026 13:25:00;0,1622;0,1624;0,1619;0,1619
10/08/2026 13:30:00;0,1619;0,1622;0,1618;0,1618
10/08/2026 13:35:00;0,1618;0,1622;0,1618;0,1622
10/08/2026 13:40:00;0,1622;0,1624;0,1619;0,162
10/08/2026 13:45:00;0,162;0,1621;0,1618;0,1621
10/08/2026 13:50:00;0,1621;0,1622;0,1619;0,1619
10/08/2026 13:55:00;0,1619;0,1622;0,1619;0,1622
10/08/2026 14:00:00;0,1622;0,1622;0,1617;0,1618
10/08/2026 14:05:00;0,1618;0,162;0,1617;0,1619
10/08/2026 14:10:00;0,1619;0,1626;0,1619;0,1626
10/08/2026 14:15:00;0,1625;0,1625;0,1623;0,1623
10/08/2026 14:20:00;0,1622;0,1625;0,1622;0,1625
10/08/2026 14:25:00;0,1625;0,1626;0,1625;0,1626
10/08/2026 14:30:00;0,1626;0,1627;0,1625;0,1627
10/08/2026 14:35:00;0,1627;0,16272;0,1625;0,1626
10/08/2026 14:40:00;0,1626;0,1626;0,16249;0,1625
10/08/2026 14:45:00;0,1625;0,1625;0,1623;0,1623
10/08/2026 14:50:00;0,1623;0,1625;0,1623;0,1624
10/08/2026 14:55:00;0,1624;0,1626;0,1624;0,1626
10/08/2026 15:00:00;0,1626;0,1626;0,1624;0,1624
10/08/2026 15:05:00;0,1624;0,1626;0,1624;0,1626
10/08/2026 15:10:00;0,1626;0,16261;0,1624;0,1624
10/08/2026 15:15:00;0,1624;0,1624;0,1623;0,1624
10/08/2026 15:20:00;0,1624;0,1624;0,1622;0,1624
10/08/2026 15:25:00;0,1624;0,1625;0,1622;0,1622
10/08/2026 15:30:00;0,1622;0,1623;0,1622;0,1622
10/08/2026 15:35:00;0,1622;0,1622;0,1619;0,1621
10/08/2026 15:40:00;0,1621;0,1624;0,1621;0,1623
10/08/2026 15:45:00;0,1623;0,1624;0,1621;0,1624
10/08/2026 15:50:00;0,1624;0,1624;0,1623;0,1624
10/08/2026 15:55:00;0,1624;0,162756;0,1624;0,1624
10/08/2026 16:00:00;0,1625;0,1626;0,1624;0,1625
10/08/2026 16:05:00;0,1625;0,1625;0,1623;0,1624
10/08/2026 16:10:00;0,1624;0,1628;0,1623;0,1627
10/08/2026 16:15:00;0,1627;0,1628;0,1626;0,1627
10/08/2026 16:20:00;0,1627;0,1628;0,1627;0,1628
10/08/2026 16:25:00;0,1628;0,1631;0,1628;0,1631
10/08/2026 16:30:00;0,1631;0,1633;0,1631;0,1632
10/08/2026 16:35:00;0,1632;0,1632;0,1628;0,1629
10/08/2026 16:40:00;0,163;0,163;0,1628;0,1628
10/08/2026 16:45:00;0,1628;0,163;0,1628;0,1628
10/08/2026 16:50:00;0,1628;0,1628;0,1628;0,1628
10/08/2026 16:55:00;0,1628;0,1628;0,1626;0,1626
10/08/2026 17:00:00;0,1629;0,1632;0,1628;0,1632
10/08/2026 17:05:00;0,1632;0,1632;0,16266;0,1628
10/08/2026 17:10:00;0,1629;0,1629;0,1627;0,1627
10/08/2026 17:15:00;0,1627;0,163;0,1627;0,163
10/08/2026 17:20:00;0,1629;0,1629;0,1627;0,1628
10/08/2026 17:25:00;0,1627;0,1628;0,162343;0,1628
10/08/2026 17:30:00;0,1628;0,162844;0,1627;0,1627
10/08/2026 17:35:00;0,1627;0,1628;0,1625;0,1625
10/08/2026 17:40:00;0,1625;0,1627;0,1625;0,1626
10/08/2026 17:45:00;0,1626;0,1626;0,1625;0,1625
10/08/2026 17:50:00;0,1625;0,1627;0,1625;0,1627
10/08/2026 17:55:00;0,1627;0,1628;0,1627;0,1627
10/08/2026 18:00:00;0,1627;0,163;0,1626;0,1629
10/08/2026 18:05:00;0,1629;0,1629;0,1627;0,1629
10/08/2026 18:10:00;0,1629;0,1629;0,1625;0,1626
10/08/2026 18:15:00;0,1626;0,1626;0,1624;0,1625
10/08/2026 18:20:00;0,1625;0,1625;0,1623;0,1623
10/08/2026 18:25:00;0,1623;0,1625;0,1623;0,1623
10/08/2026 18:30:00;0,1623;0,1626;0,16222;0,1626
10/08/2026 18:35:00;0,1626;0,1626;0,1624;0,1624
10/08/2026 18:40:00;0,1624;0,1625;0,1623;0,1625
10/08/2026 18:45:00;0,1625;0,1625;0,162331;0,1624
10/08/2026 18:50:00;0,1624;0,1624;0,162072;0,1621
10/08/2026 18:55:00;0,1621;0,1622;0,1617;0,1618
10/08/2026 19:00:00;0,1618;0,1619;0,1612;0,1615
10/08/2026 19:05:00;0,1615;0,1615;0,1611;0,1615
10/08/2026 19:10:00;0,1615;0,1617;0,1613;0,1617
10/08/2026 19:15:00;0,1617;0,1618;0,1616;0,1617
10/08/2026 19:20:00;0,1617;0,1618;0,1615;0,1616
10/08/2026 19:25:00;0,1614;0,161663;0,1614;0,1616
10/08/2026 19:30:00;0,1616;0,1616;0,161331;0,1614
10/08/2026 19:35:00;0,1614;0,1615;0,1613;0,1614
10/08/2026 19:40:00;0,1614;0,1615;0,161197;0,1614
10/08/2026 19:45:00;0,1614;0,1615;0,1612;0,16125
10/08/2026 19:50:00;0,16125;0,1615;0,16125;0,1614
10/08/2026 19:55:00;0,1614;0,161569;0,1614;0,1614
10/08/2026 20:00:00;0,1614;0,1615;0,1612;0,1612
10/08/2026 20:05:00;0,1613;0,1615;0,1612;0,1614
10/08/2026 20:10:00;0,1614;0,1615;0,1614;0,1615
10/08/2026 20:15:00;0,1615;0,1616;0,1614;0,1616
10/08/2026 20:20:00;0,1616;0,161624;0,161264;0,1614
10/08/2026 20:25:00;0,1614;0,1616;0,161355;0,161355
10/08/2026 20:30:00;0,161355;0,1616;0,161355;0,1615
10/08/2026 20:35:00;0,1615;0,161517;0,161308;0,1615
10/08/2026 20:40:00;0,1615;0,1617;0,1615;0,1617
10/08/2026 20:45:00;0,1617;0,161829;0,1614;0,1614
10/08/2026 20:50:00;0,1614;0,1616;0,1613;0,1613
10/08/2026 20:55:00;0,1613;0,1615;0,1613;0,1614
10/08/2026 21:00:00;0,1614;0,1615;0,1613;0,1613
10/08/2026 21:05:00;0,1613;0,1615;0,1612;0,1614
10/08/2026 21:10:00;0,1614;0,16171;0,1614;0,1617
10/08/2026 21:15:00;0,1617;0,1618;0,16148;0,1618
10/08/2026 21:20:00;0,1617;0,1618;0,1617;0,1617
10/08/2026 21:25:00;0,1617;0,161838;0,161654;0,1618
10/08/2026 21:30:00;0,1618;0,1619;0,1617;0,1618
10/08/2026 21:35:00;0,1618;0,1618;0,1616;0,1616
10/08/2026 21:40:00;0,1616;0,161869;0,1616;0,1618
10/08/2026 21:45:00;0,1618;0,1619;0,1617;0,1618
10/08/2026 21:50:00;0,1618;0,1619;0,161699;0,1618
10/08/2026 21:55:00;0,1618;0,162029;0,1618;0,1618
10/08/2026 22:00:00;0,1618;0,1619;0,1617;0,1619
10/08/2026 22:05:00;0,1619;0,16204;0,1617;0,1618
10/08/2026 22:10:00;0,1618;0,1621;0,1618;0,1619
10/08/2026 22:15:00;0,1619;0,1621;0,1617;0,1618
10/08/2026 22:20:00;0,1618;0,1622;0,1618;0,1621
10/08/2026 22:25:00;0,1621;0,1621;0,161849;0,1619
10/08/2026 22:30:00;0,1619;0,162;0,1618;0,1618
10/08/2026 22:35:00;0,1618;0,1619;0,1618;0,1618
10/08/2026 22:40:00;0,1618;0,1619;0,1617;0,1618
10/08/2026 22:45:00;0,1618;0,162;0,1618;0,1619
10/08/2026 22:50:00;0,1619;0,1625;0,1619;0,1625
10/08/2026 22:55:00;0,1625;0,1628;0,1625;0,1625
10/08/2026 23:00:00;0,1625;0,1628;0,1625;0,1627
10/08/2026 23:05:00;0,1627;0,1627;0,1625;0,1625
10/08/2026 23:10:00;0,1625;0,1626;0,1625;0,1626
10/08/2026 23:15:00;0,1626;0,1626;0,162477;0,1625
10/08/2026 23:20:00;0,1625;0,1625;0,16209;0,16209
10/08/2026 23:25:00;0,16209;0,1622;0,161992;0,1621
10/08/2026 23:30:00;0,1621;0,1623;0,1621;0,1621
10/08/2026 23:35:00;0,1621;0,1621;0,162;0,162
10/08/2026 23:40:00;0,162;0,1622;0,162;0,1621
10/08/2026 23:45:00;0,1621;0,1621;0,162;0,162
10/08/2026 23:50:00;0,162;0,1621;0,1618;0,1619
10/08/2026 23:55:00;0,1619;0,1619;0,1618;0,1618
11/08/2026 00:00:00;0,1618;0,162;0,1618;0,1618
11/08/2026 00:05:00;0,1619;0,1619;0,161757;0,1619
11/08/2026 00:10:00;0,1619;0,162;0,1619;0,1619
11/08/2026 00:15:00;0,1619;0,16201;0,161755;0,1619
11/08/2026 00:20:00;0,1619;0,1619;0,1618;0,1618
11/08/2026 00:25:00;0,1618;0,162;0,16179;0,1619
11/08/2026 00:30:00;0,1619;0,1619;0,16178;0,16178
11/08/2026 00:35:00;0,16178;0,162119;0,16151;0,1621
11/08/2026 00:40:00;0,162;0,1621;0,161827;0,1619
11/08/2026 00:45:00;0,1619;0,162;0,1619;0,162
11/08/2026 00:50:00;0,162;0,162;0,1618;0,1618
11/08/2026 00:55:00;0,1618;0,1619;0,1617;0,1618
11/08/2026 01:00:00;0,1618;0,1619;0,16164;0,16164
11/08/2026 01:05:00;0,16164;0,1618;0,161563;0,1618
11/08/2026 01:10:00;0,1618;0,162;0,1618;0,1619
11/08/2026 01:15:00;0,1619;0,1619;0,1618;0,1618
11/08/2026 01:20:00;0,1618;0,1619;0,1617;0,1619
11/08/2026 01:25:00;0,1619;0,1619;0,1617;0,1617
11/08/2026 01:30:00;0,1617;0,1619;0,1616;0,1616
11/08/2026 01:35:00;0,1615;0,1617;0,16139;0,1615
11/08/2026 01:40:00;0,1615;0,1615;0,1615;0,1615
11/08/2026 01:45:00;0,1615;0,1616;0,1614;0,1615
11/08/2026 01:50:00;0,1615;0,1615;0,161283;0,1614
11/08/2026 01:55:00;0,1614;0,1615;0,1614;0,1615
11/08/2026 02:00:00;0,1614;0,161546;0,16128;0,1614
11/08/2026 02:05:00;0,1614;0,1614;0,1613;0,1613
11/08/2026 02:10:00;0,1613;0,1613;0,1613;0,1613
11/08/2026 02:15:00;0,1613;0,1614;0,1613;0,1614
11/08/2026 02:20:00;0,1614;0,1614;0,161;0,1611
11/08/2026 02:25:00;0,1611;0,1612;0,161;0,1611
11/08/2026 02:30:00;0,1611;0,1613;0,1611;0,1613
11/08/2026 02:35:00;0,1613;0,1615;0,1613;0,1615
11/08/2026 02:40:00;0,1615;0,1615;0,1612;0,1613
11/08/2026 02:45:00;0,1613;0,1613;0,1611;0,1612
11/08/2026 02:50:00;0,1612;0,16135;0,161;0,1612
11/08/2026 02:55:00;0,1612;0,1612;0,161;0,161
11/08/2026 03:00:00;0,161;0,16111;0,16087;0,161
11/08/2026 03:05:00;0,161;0,1613;0,161;0,1613
11/08/2026 03:10:00;0,1613;0,1615;0,1613;0,1615
11/08/2026 03:15:00;0,1615;0,1616;0,1614;0,1616
11/08/2026 03:20:00;0,1616;0,1616;0,1614;0,1614
11/08/2026 03:25:00;0,1614;0,1615;0,1613;0,1614
11/08/2026 03:30:00;0,1614;0,1614;0,1612;0,1613
11/08/2026 03:35:00;0,1614;0,1614;0,1611;0,1614
11/08/2026 03:40:00;0,1614;0,161444;0,1612;0,1612
11/08/2026 03:45:00;0,1612;0,1612;0,1608;0,1608
11/08/2026 03:50:00;0,1608;0,1608;0,1605;0,1605
11/08/2026 03:55:00;0,1605;0,1609;0,1605;0,1608
11/08/2026 04:00:00;0,1608;0,161;0,1608;0,1609
11/08/2026 04:05:00;0,1609;0,161;0,1609;0,161
11/08/2026 04:10:00;0,161;0,161;0,1606;0,1607
11/08/2026 04:15:00;0,1607;0,1608;0,1606;0,1607
11/08/2026 04:20:00;0,1607;0,1608;0,1606;0,1608
11/08/2026 04:25:00;0,1608;0,1608;0,1607;0,1607
11/08/2026 04:30:00;0,1607;0,1609;0,16069;0,16069
11/08/2026 04:35:00;0,16069;0,16122;0,16069;0,16122
11/08/2026 04:40:00;0,16122;0,16124;0,161;0,1612
11/08/2026 04:45:00;0,1612;0,16151;0,1612;0,16151
11/08/2026 04:50:00;0,16151;0,161554;0,1611;0,1611
11/08/2026 04:55:00;0,1611;0,1612;0,161;0,1612
11/08/2026 05:00:00;0,1612;0,1613;0,1612;0,1612
11/08/2026 05:05:00;0,1612;0,161347;0,1611;0,16132
11/08/2026 05:10:00;0,16132;0,16132;0,16098;0,16098
11/08/2026 05:15:00;0,16098;0,161;0,16088;0,16088
11/08/2026 05:20:00;0,16088;0,16101;0,16088;0,16101
11/08/2026 05:25:00;0,16101;0,1614;0,16101;0,1614
11/08/2026 05:30:00;0,1614;0,16143;0,161229;0,16143
11/08/2026 05:35:00;0,16143;0,16146;0,161224;0,16146
11/08/2026 05:40:00;0,16146;0,1617;0,161271;0,1616
11/08/2026 05:45:00;0,1616;0,1618;0,1616;0,1616
11/08/2026 05:50:00;0,1616;0,1618;0,1616;0,1618
11/08/2026 05:55:00;0,1618;0,162;0,1617;0,16192
11/08/2026 06:00:00;0,16192;0,162;0,1616;0,1616
11/08/2026 06:05:00;0,1616;0,1617;0,1614;0,1614
11/08/2026 06:10:00;0,1614;0,1616;0,1613;0,1614
11/08/2026 06:15:00;0,1614;0,1617;0,1613;0,1617
11/08/2026 06:20:00;0,1617;0,1619;0,1616;0,1619
11/08/2026 06:25:00;0,1619;0,1619;0,1616;0,1616
11/08/2026 06:30:00;0,1616;0,1617;0,1613;0,1614
11/08/2026 06:35:00;0,1614;0,1614;0,1612;0,1612
11/08/2026 06:40:00;0,1612;0,1614;0,1612;0,1614
11/08/2026 06:45:00;0,1614;0,1614;0,1612;0,1612
11/08/2026 06:50:00;0,1612;0,1613;0,1612;0,1613
11/08/2026 06:55:00;0,1613;0,1613;0,1612;0,1612
11/08/2026 07:00:00;0,1612;0,1613;0,1611;0,1612
11/08/2026 07:05:00;0,1612;0,1613;0,161;0,161
11/08/2026 07:10:00;0,161;0,1611;0,1605;0,1605
11/08/2026 07:15:00;0,1605;0,1605;0,1603;0,1603
11/08/2026 07:20:00;0,1603;0,1603;0,1599;0,1602
11/08/2026 07:25:00;0,1603;0,1605;0,1603;0,1605
11/08/2026 07:30:00;0,1605;0,1605;0,1603;0,1603
11/08/2026 07:35:00;0,1604;0,1604;0,1602;0,1603
11/08/2026 07:40:00;0,1603;0,1604;0,1603;0,1603
11/08/2026 07:45:00;0,1603;0,1607;0,1603;0,1607
11/08/2026 07:50:00;0,1607;0,1608;0,1604;0,1604
11/08/2026 07:55:00;0,1604;0,1607;0,1604;0,1605
11/08/2026 08:00:00;0,1605;0,1612;0,1605;0,1611
11/08/2026 08:05:00;0,1611;0,1611;0,1608;0,1608
11/08/2026 08:10:00;0,1608;0,1611;0,1608;0,1608
11/08/2026 08:15:00;0,1608;0,1609;0,1606;0,1607
11/08/2026 08:20:00;0,1607;0,1609;0,1607;0,1609
11/08/2026 08:25:00;0,1609;0,1609;0,1607;0,1607
11/08/2026 08:30:00;0,1607;0,1608;0,1607;0,1607
11/08/2026 08:35:00;0,1607;0,1608;0,1606;0,1606
11/08/2026 08:40:00;0,1606;0,1608;0,1606;0,1607
11/08/2026 08:45:00;0,1607;0,1609;0,1607;0,1608
11/08/2026 08:50:00;0,1608;0,16091;0,1606;0,16091
11/08/2026 08:55:00;0,16091;0,16091;0,1607;0,1607
11/08/2026 09:00:00;0,1607;0,1608;0,160519;0,1606
11/08/2026 09:05:00;0,1606;0,1608;0,1606;0,1608
11/08/2026 09:10:00;0,1608;0,1608;0,1605;0,160554
11/08/2026 09:15:00;0,160554;0,1608;0,160545;0,1606
11/08/2026 09:20:00;0,1606;0,160668;0,1604;0,1605
11/08/2026 09:25:00;0,1605;0,1606;0,1603;0,1605
11/08/2026 09:30:00;0,1606;0,1607;0,1604;0,1607
11/08/2026 09:35:00;0,1607;0,161;0,1607;0,1609
11/08/2026 09:40:00;0,1609;0,1609;0,16079;0,1609
11/08/2026 09:45:00;0,1609;0,1609;0,1604;0,1605
11/08/2026 09:50:00;0,1605;0,1606;0,1604;0,1604
11/08/2026 09:55:00;0,1604;0,1605;0,1603;0,1604
11/08/2026 10:00:00;0,1604;0,1607;0,1604;0,1606
11/08/2026 10:05:00;0,1606;0,1609;0,1606;0,1608
11/08/2026 10:10:00;0,1608;0,1609;0,1607;0,1607
11/08/2026 10:15:00;0,1607;0,1609;0,1606;0,1606
11/08/2026 10:20:00;0,1606;0,1607;0,16059;0,1606
11/08/2026 10:25:00;0,1606;0,16085;0,1606;0,1607
11/08/2026 10:30:00;0,1607;0,1608;0,1606;0,1606
11/08/2026 10:35:00;0,1606;0,16092;0,1605;0,1607
11/08/2026 10:40:00;0,1607;0,1609;0,160491;0,1608
11/08/2026 10:45:00;0,1608;0,161;0,1606;0,161
11/08/2026 10:50:00;0,161;0,161;0,1607;0,1608
11/08/2026 10:55:00;0,1608;0,1612;0,1608;0,1611
11/08/2026 11:00:00;0,1611;0,1614;0,160999;0,1613
11/08/2026 11:05:00;0,1613;0,1613;0,161;0,161
11/08/2026 11:10:00;0,161;0,1612;0,161;0,161
11/08/2026 11:15:00;0,161;0,1613;0,161;0,1612
11/08/2026 11:20:00;0,1612;0,1613;0,1609;0,1609
11/08/2026 11:25:00;0,1609;0,161054;0,1608;0,1608
11/08/2026 11:30:00;0,1608;0,1608;0,1606;0,16066
11/08/2026 11:35:00;0,16066;0,160828;0,1604;0,1605
11/08/2026 11:40:00;0,1605;0,1607;0,1604;0,1605
11/08/2026 11:45:00;0,1605;0,1606;0,1602;0,1602
11/08/2026 11:50:00;0,1598;0,15989;0,1594;0,1594
11/08/2026 11:55:00;0,1594;0,1595;0,1588;0,1592
11/08/2026 12:00:00;0,1592;0,1594;0,159079;0,15919
11/08/2026 12:05:00;0,15919;0,1597;0,15919;0,1596
11/08/2026 12:10:00;0,1596;0,1596;0,1592;0,1595
11/08/2026 12:15:00;0,1595;0,1601;0,1595;0,1601
11/08/2026 12:20:00;0,1601;0,1603;0,1598;0,16
11/08/2026 12:25:00;0,16;0,1603;0,16;0,1603
11/08/2026 12:30:00;0,1603;0,1603;0,1598;0,1599
11/08/2026 12:35:00;0,1599;0,1599;0,1593;0,1594
11/08/2026 12:40:00;0,1596;0,1597;0,1592;0,1596
11/08/2026 12:45:00;0,1596;0,1598;0,1594;0,1596
11/08/2026 12:50:00;0,1596;0,1598;0,1595;0,1596
11/08/2026 12:55:00;0,1596;0,1602;0,1596;0,1601
11/08/2026 13:00:00;0,1601;0,1601;0,1597;0,16
11/08/2026 13:05:00;0,16;0,16032;0,1599;0,1602
11/08/2026 13:10:00;0,1602;0,1602;0,16;0,1602
11/08/2026 13:15:00;0,1602;0,1603;0,16;0,1603
11/08/2026 13:20:00;0,1603;0,1607;0,1602;0,1607
11/08/2026 13:25:00;0,1607;0,1607;0,1605;0,1605
11/08/2026 13:30:00;0,1605;0,1607;0,1603;0,1604
11/08/2026 13:35:00;0,1604;0,1607;0,1604;0,1605
11/08/2026 13:40:00;0,1605;0,160651;0,1602;0,1602
11/08/2026 13:45:00;0,1602;0,1605;0,160152;0,1605
11/08/2026 13:50:00;0,1605;0,1606;0,1603;0,1604
11/08/2026 13:55:00;0,1604;0,1605;0,1603;0,1604
11/08/2026 14:00:00;0,1603;0,16068;0,1603;0,1605
11/08/2026 14:05:00;0,1604;0,1604;0,1603;0,1603
11/08/2026 14:10:00;0,1603;0,1607;0,16028;0,1606
11/08/2026 14:15:00;0,1606;0,160808;0,1605;0,1606
11/08/2026 14:20:00;0,1606;0,1607;0,16059;0,1607
11/08/2026 14:25:00;0,1608;0,1609;0,1606;0,1608
11/08/2026 14:30:00;0,1608;0,1611;0,1607;0,1609
11/08/2026 14:35:00;0,1609;0,161;0,16079;0,161
11/08/2026 14:40:00;0,1609;0,1611;0,1609;0,161
11/08/2026 14:45:00;0,161;0,1611;0,161;0,161
11/08/2026 14:50:00;0,161;0,1611;0,1608;0,1608
11/08/2026 14:55:00;0,1608;0,161;0,1608;0,161
11/08/2026 15:00:00;0,161;0,1613;0,1609;0,1613
11/08/2026 15:05:00;0,1613;0,1613;0,1609;0,1609
11/08/2026 15:10:00;0,1609;0,1609;0,16079;0,16079
11/08/2026 15:15:00;0,16079;0,1611;0,16079;0,161
11/08/2026 15:20:00;0,161;0,1612;0,1609;0,1609
11/08/2026 15:25:00;0,1609;0,1611;0,1608;0,1608
11/08/2026 15:30:00;0,1608;0,1608;0,1605;0,1607
11/08/2026 15:35:00;0,1607;0,161;0,1607;0,1609
11/08/2026 15:40:00;0,1609;0,1609;0,1606;0,1608
11/08/2026 15:45:00;0,1608;0,1609;0,1608;0,1608
11/08/2026 15:50:00;0,1608;0,1608;0,1607;0,1607
11/08/2026 15:55:00;0,1607;0,1611;0,1607;0,161
11/08/2026 16:00:00;0,161;0,1611;0,1608;0,1608
11/08/2026 16:05:00;0,1608;0,161;0,1606;0,1607
11/08/2026 16:10:00;0,1607;0,1608;0,16059;0,1607
11/08/2026 16:15:00;0,1607;0,1608;0,1606;0,1607
11/08/2026 16:20:00;0,1607;0,160921;0,1607;0,1608
11/08/2026 16:25:00;0,1608;0,161;0,1608;0,1608
11/08/2026 16:30:00;0,1608;0,16101;0,1606;0,1606
11/08/2026 16:35:00;0,1606;0,1607;0,160498;0,1607
11/08/2026 16:40:00;0,1607;0,1608;0,1607;0,1608
11/08/2026 16:45:00;0,1608;0,1611;0,1608;0,161
11/08/2026 16:50:00;0,161;0,1614;0,1608;0,1614
11/08/2026 16:55:00;0,1614;0,1617;0,161326;0,1617
11/08/2026 17:00:00;0,1617;0,1618;0,1616;0,1617
11/08/2026 17:05:00;0,1617;0,1624;0,1617;0,1618
11/08/2026 17:10:00;0,1618;0,1623;0,1618;0,1621
11/08/2026 17:15:00;0,1621;0,16222;0,1619;0,1619
11/08/2026 17:20:00;0,1619;0,1622;0,1619;0,1621
11/08/2026 17:25:00;0,1621;0,1622;0,1619;0,1621
11/08/2026 17:30:00;0,1621;0,1622;0,1619;0,1619
11/08/2026 17:35:00;0,1619;0,162;0,161529;0,1617
11/08/2026 17:40:00;0,1617;0,162;0,1617;0,1617
11/08/2026 17:45:00;0,1617;0,162;0,1617;0,1618
11/08/2026 17:50:00;0,1618;0,162;0,1618;0,1619
11/08/2026 17:55:00;0,1619;0,1621;0,1619;0,162
11/08/2026 18:00:00;0,162;0,1622;0,162;0,162
11/08/2026 18:05:00;0,162;0,1621;0,1619;0,1619
11/08/2026 18:10:00;0,1619;0,1621;0,1619;0,1621
11/08/2026 18:15:00;0,1621;0,1621;0,1617;0,1618
11/08/2026 18:20:00;0,1618;0,1619;0,1618;0,1618
11/08/2026 18:25:00;0,1618;0,16201;0,1618;0,1618
11/08/2026 18:30:00;0,1618;0,1619;0,1617;0,1618
11/08/2026 18:35:00;0,1618;0,1621;0,1617;0,1621
11/08/2026 18:40:00;0,1621;0,1622;0,1618;0,1619
11/08/2026 18:45:00;0,1619;0,162023;0,1618;0,162023
11/08/2026 18:50:00;0,162023;0,162501;0,162;0,1624
11/08/2026 18:55:00;0,1624;0,162712;0,1623;0,1626
11/08/2026 19:00:00;0,1626;0,1628;0,1625;0,1626
11/08/2026 19:05:00;0,1626;0,1626;0,1623;0,1624
11/08/2026 19:10:00;0,1624;0,1624;0,1623;0,1623
11/08/2026 19:15:00;0,1623;0,1624;0,1622;0,1623
11/08/2026 19:20:00;0,1623;0,1623;0,162199;0,1622
11/08/2026 19:25:00;0,1622;0,1623;0,1621;0,1622
11/08/2026 19:30:00;0,1622;0,1623;0,162;0,1621
11/08/2026 19:35:00;0,1621;0,1621;0,1619;0,1619
11/08/2026 19:40:00;0,162;0,162;0,1618;0,1618
11/08/2026 19:45:00;0,1618;0,1619;0,1618;0,1618
11/08/2026 19:50:00;0,1618;0,1621;0,1618;0,162
11/08/2026 19:55:00;0,162;0,1621;0,1619;0,1619
11/08/2026 20:00:00;0,1619;0,1619;0,1617;0,1617
11/08/2026 20:05:00;0,1617;0,1619;0,1617;0,1617
11/08/2026 20:10:00;0,1617;0,1617;0,1617;0,1617
11/08/2026 20:15:00;0,1617;0,1617;0,1615;0,1615
11/08/2026 20:20:00;0,1615;0,1617;0,1615;0,1616
11/08/2026 20:25:00;0,1616;0,1617;0,16159;0,1617
11/08/2026 20:30:00;0,1617;0,1617;0,1615;0,1617
11/08/2026 20:35:00;0,1617;0,1617;0,1616;0,1616
11/08/2026 20:40:00;0,1616;0,161934;0,1616;0,1618
11/08/2026 20:45:00;0,1618;0,162;0,1617;0,162
11/08/2026 20:50:00;0,162;0,1621;0,162;0,162
11/08/2026 20:55:00;0,162;0,1621;0,1619;0,1621
11/08/2026 21:00:00;0,1621;0,1622;0,161898;0,161898
11/08/2026 21:05:00;0,161898;0,1621;0,16175;0,162
11/08/2026 21:10:00;0,162;0,1621;0,162;0,1621
11/08/2026 21:15:00;0,1621;0,1622;0,162;0,162
11/08/2026 21:20:00;0,162;0,162257;0,162;0,1622
11/08/2026 21:25:00;0,1622;0,1623;0,162;0,162
11/08/2026 21:30:00;0,162;0,1622;0,161874;0,1622
11/08/2026 21:35:00;0,1622;0,1622;0,162;0,162
11/08/2026 21:40:00;0,162;0,162169;0,1619;0,1619
11/08/2026 21:45:00;0,1619;0,162;0,1618;0,1618
11/08/2026 21:50:00;0,1618;0,1619;0,1615;0,1615
11/08/2026 21:55:00;0,1615;0,1617;0,1615;0,1616
11/08/2026 22:00:00;0,1616;0,1619;0,1616;0,1617
11/08/2026 22:05:00;0,1617;0,162;0,1617;0,1618
11/08/2026 22:10:00;0,1618;0,1622;0,1618;0,1621
11/08/2026 22:15:00;0,1621;0,1623;0,1619;0,162
11/08/2026 22:20:00;0,162;0,1621;0,1616;0,1618
11/08/2026 22:25:00;0,1618;0,162173;0,1618;0,1619
11/08/2026 22:30:00;0,1619;0,162;0,1617;0,1619
11/08/2026 22:35:00;0,1619;0,1621;0,1619;0,1621
11/08/2026 22:40:00;0,1621;0,1624;0,1621;0,1623
11/08/2026 22:45:00;0,1623;0,1625;0,1622;0,1624
11/08/2026 22:50:00;0,1624;0,1626;0,1623;0,1624
11/08/2026 22:55:00;0,1624;0,1624;0,162267;0,1623
11/08/2026 23:00:00;0,1623;0,16271;0,1623;0,1626
11/08/2026 23:05:00;0,1626;0,1626;0,1625;0,1625
11/08/2026 23:10:00;0,1625;0,162734;0,162206;0,162734
11/08/2026 23:15:00;0,162734;0,162734;0,1623;0,1623
11/08/2026 23:20:00;0,1623;0,1623;0,162;0,162
11/08/2026 23:25:00;0,162;0,1622;0,161989;0,1622
11/08/2026 23:30:00;0,1622;0,1622;0,162;0,1621
11/08/2026 23:35:00;0,1621;0,1621;0,1619;0,1619
11/08/2026 23:40:00;0,1619;0,162;0,16189;0,1619
11/08/2026 23:45:00;0,1619;0,1621;0,1619;0,162
11/08/2026 23:50:00;0,162;0,1622;0,162;0,1622
11/08/2026 23:55:00;0,1622;0,1622;0,162;0,162056
12/08/2026 00:00:00;0,162056;0,16232;0,16198;0,1622
12/08/2026 00:05:00;0,1622;0,1623;0,162;0,162
12/08/2026 00:10:00;0,162;0,162;0,1619;0,162
12/08/2026 00:15:00;0,162;0,162;0,1619;0,162
12/08/2026 00:20:00;0,162;0,1621;0,1619;0,162
12/08/2026 00:25:00;0,162;0,1622;0,1619;0,162
12/08/2026 00:30:00;0,162;0,162;0,1619;0,1619
12/08/2026 00:35:00;0,1619;0,1623;0,1619;0,1622
12/08/2026 00:40:00;0,1622;0,1622;0,1621;0,1621
12/08/2026 00:45:00;0,1621;0,1623;0,1621;0,1622
12/08/2026 00:50:00;0,1622;0,1623;0,1619;0,1619
12/08/2026 00:55:00;0,1619;0,1619;0,1619;0,1619
12/08/2026 01:00:00;0,1619;0,1621;0,1619;0,1619
12/08/2026 01:05:00;0,1619;0,162;0,1618;0,1618
12/08/2026 01:10:00;0,1618;0,1619;0,1617;0,1618
12/08/2026 01:15:00;0,1618;0,1619;0,1618;0,1618
12/08/2026 01:20:00;0,1618;0,1619;0,1618;0,1618
12/08/2026 01:25:00;0,1618;0,1619;0,1617;0,1618
12/08/2026 01:30:00;0,1618;0,1618;0,1615;0,1616
12/08/2026 01:35:00;0,1616;0,1619;0,1615;0,1618
12/08/2026 01:40:00;0,1618;0,1619;0,1617;0,1619
12/08/2026 01:45:00;0,1619;0,162;0,1618;0,162
12/08/2026 01:50:00;0,162;0,1622;0,1619;0,1622
12/08/2026 01:55:00;0,1622;0,1623;0,1621;0,1622
12/08/2026 02:00:00;0,1622;0,1622;0,162;0,162
12/08/2026 02:05:00;0,162;0,1621;0,1618;0,1621
12/08/2026 02:10:00;0,1621;0,1623;0,1621;0,1622
12/08/2026 02:15:00;0,1622;0,1623;0,1622;0,1623
12/08/2026 02:20:00;0,1623;0,1623;0,1622;0,1622
12/08/2026 02:25:00;0,1622;0,1622;0,1622;0,1622
12/08/2026 02:30:00;0,1622;0,1623;0,1622;0,1622
12/08/2026 02:35:00;0,1622;0,1622;0,1614;0,1614
12/08/2026 02:40:00;0,1614;0,1615;0,1613;0,1614
12/08/2026 02:45:00;0,1614;0,1615;0,1611;0,1612
12/08/2026 02:50:00;0,1612;0,1613;0,1611;0,1611
12/08/2026 02:55:00;0,1611;0,1613;0,1611;0,1612
12/08/2026 03:00:00;0,1612;0,1612;0,161;0,161
12/08/2026 03:05:00;0,161;0,1612;0,161;0,161
12/08/2026 03:10:00;0,161;0,1611;0,1606;0,1606
12/08/2026 03:15:00;0,1606;0,1608;0,1606;0,1607
12/08/2026 03:20:00;0,1607;0,1607;0,1604;0,1605
12/08/2026 03:25:00;0,1605;0,1606;0,1604;0,1604
12/08/2026 03:30:00;0,1604;0,1604;0,1599;0,16
12/08/2026 03:35:00;0,16;0,1601;0,1599;0,1599
12/08/2026 03:40:00;0,1599;0,1599;0,1596;0,1596
12/08/2026 03:45:00;0,1596;0,1603;0,1596;0,1603
12/08/2026 03:50:00;0,1603;0,1604;0,1602;0,1602
12/08/2026 03:55:00;0,1602;0,1607;0,1602;0,1605
12/08/2026 04:00:00;0,1605;0,161;0,1605;0,1608
12/08/2026 04:05:00;0,1608;0,161;0,1607;0,1608
12/08/2026 04:10:00;0,1608;0,1609;0,1608;0,1609
12/08/2026 04:15:00;0,1609;0,161;0,1608;0,1608
12/08/2026 04:20:00;0,1608;0,1612;0,1608;0,1612
12/08/2026 04:25:00;0,1612;0,1612;0,1609;0,1609
12/08/2026 04:30:00;0,1609;0,1611;0,1609;0,161
12/08/2026 04:35:00;0,161;0,161;0,1607;0,1608
12/08/2026 04:40:00;0,1608;0,1609;0,1606;0,1608
12/08/2026 04:45:00;0,1608;0,1608;0,1606;0,1608
12/08/2026 04:50:00;0,1608;0,161;0,1607;0,161
12/08/2026 04:55:00;0,161;0,161;0,1608;0,1608
12/08/2026 05:00:00;0,1608;0,1609;0,1608;0,1609
12/08/2026 05:05:00;0,1609;0,1609;0,1606;0,1607
12/08/2026 05:10:00;0,1607;0,1607;0,1606;0,1606
12/08/2026 05:15:00;0,1606;0,1608;0,1606;0,1607
12/08/2026 05:20:00;0,1607;0,1608;0,1604;0,1605
12/08/2026 05:25:00;0,1605;0,1606;0,1605;0,1605
12/08/2026 05:30:00;0,1605;0,1605;0,1604;0,1604
12/08/2026 05:35:00;0,1604;0,1604;0,1602;0,1603
12/08/2026 05:40:00;0,1603;0,1603;0,1598;0,1598
12/08/2026 05:45:00;0,1598;0,1601;0,1598;0,1601
12/08/2026 05:50:00;0,1601;0,1602;0,1599;0,1601
12/08/2026 05:55:00;0,1601;0,1601;0,16;0,16
12/08/2026 06:00:00;0,16;0,1604;0,16;0,1604
12/08/2026 06:05:00;0,1604;0,1605;0,1603;0,1604
12/08/2026 06:10:00;0,1604;0,1606;0,1603;0,1605
12/08/2026 06:15:00;0,1605;0,161;0,1605;0,161
12/08/2026 06:20:00;0,161;0,1613;0,1609;0,1613
12/08/2026 06:25:00;0,1613;0,1616;0,1613;0,1615
12/08/2026 06:30:00;0,1615;0,1617;0,1614;0,1615
12/08/2026 06:35:00;0,1615;0,1618;0,1615;0,1617
12/08/2026 06:40:00;0,1617;0,1617;0,1615;0,1615
12/08/2026 06:45:00;0,1615;0,1617;0,1615;0,1617
12/08/2026 06:50:00;0,1617;0,1617;0,1614;0,1614
12/08/2026 06:55:00;0,1614;0,1616;0,1614;0,1616
12/08/2026 07:00:00;0,1616;0,1619;0,1614;0,1615
12/08/2026 07:05:00;0,1615;0,1615;0,1615;0,1615
12/08/2026 07:10:00;0,1615;0,1616;0,1614;0,1615
12/08/2026 07:15:00;0,1615;0,1617;0,1613;0,1614
12/08/2026 07:20:00;0,1614;0,1615;0,1613;0,1613
12/08/2026 07:25:00;0,1613;0,1613;0,161;0,1611
12/08/2026 07:30:00;0,1611;0,1613;0,161;0,1613
12/08/2026 07:35:00;0,1613;0,1615;0,1613;0,1614
12/08/2026 07:40:00;0,1614;0,1616;0,1614;0,1614
12/08/2026 07:45:00;0,1614;0,1615;0,1612;0,1612
12/08/2026 07:50:00;0,1612;0,1614;0,1612;0,1613
12/08/2026 07:55:00;0,1613;0,1614;0,1613;0,1613
12/08/2026 08:00:00;0,1613;0,1617;0,1613;0,1614
12/08/2026 08:05:00;0,1614;0,1614;0,1612;0,1613
12/08/2026 08:10:00;0,1613;0,1614;0,1612;0,1612
12/08/2026 08:15:00;0,1612;0,1614;0,1612;0,1614
12/08/2026 08:20:00;0,1614;0,1614;0,1612;0,1612
12/08/2026 08:25:00;0,1612;0,1615;0,1612;0,1612
12/08/2026 08:30:00;0,1612;0,1612;0,1611;0,1611
12/08/2026 08:35:00;0,1611;0,1614;0,1611;0,1614
12/08/2026 08:40:00;0,1614;0,1614;0,1612;0,1613
12/08/2026 08:45:00;0,1613;0,1613;0,1612;0,1612
12/08/2026 08:50:00;0,1612;0,1613;0,1612;0,1612
12/08/2026 08:55:00;0,1612;0,161476;0,1612;0,1612
12/08/2026 09:00:00;0,1612;0,1614;0,1611;0,1612
12/08/2026 09:05:00;0,1612;0,1613;0,1611;0,1613
12/08/2026 09:10:00;0,1613;0,1613;0,1612;0,1612
12/08/2026 09:15:00;0,1612;0,161513;0,1611;0,16151
12/08/2026 09:20:00;0,16151;0,16151;0,1612;0,1612
12/08/2026 09:25:00;0,1612;0,1622;0,1612;0,1621
12/08/2026 09:30:00;0,1621;0,1622;0,1613;0,1621
12/08/2026 09:35:00;0,1621;0,1621;0,1616;0,1616
12/08/2026 09:40:00;0,1616;0,1619;0,1614;0,1614
12/08/2026 09:45:00;0,1614;0,1615;0,1613;0,1614
12/08/2026 09:50:00;0,1614;0,1619;0,1614;0,1618
12/08/2026 09:55:00;0,1618;0,1619;0,1617;0,1619
12/08/2026 10:00:00;0,1619;0,1619;0,1615;0,1615
12/08/2026 10:05:00;0,1615;0,1617;0,1614;0,1616
12/08/2026 10:10:00;0,1616;0,1617;0,1614;0,1617
12/08/2026 10:15:00;0,1617;0,1618;0,1616;0,1618
12/08/2026 10:20:00;0,1618;0,162;0,1618;0,16195
12/08/2026 10:25:00;0,16195;0,16195;0,161651;0,1619
12/08/2026 10:30:00;0,1619;0,1621;0,1615;0,1617
12/08/2026 10:35:00;0,1617;0,1618;0,1615;0,1615
12/08/2026 10:40:00;0,1615;0,1616;0,1612;0,1614
12/08/2026 10:45:00;0,1614;0,161837;0,1614;0,161834
12/08/2026 10:50:00;0,161834;0,161834;0,161427;0,1615
12/08/2026 10:55:00;0,1615;0,162;0,1613;0,1616
12/08/2026 11:00:00;0,1616;0,1617;0,161;0,161
12/08/2026 11:05:00;0,1608;0,161;0,1606;0,161
12/08/2026 11:10:00;0,161;0,1615;0,161;0,1611
12/08/2026 11:15:00;0,1611;0,16133;0,160625;0,1608
12/08/2026 11:20:00;0,1608;0,1608;0,1603;0,1603
12/08/2026 11:25:00;0,1603;0,1606;0,1602;0,1603
12/08/2026 11:30:00;0,1603;0,1607;0,1601;0,1606
12/08/2026 11:35:00;0,1606;0,1606;0,1592;0,1592
12/08/2026 11:40:00;0,1592;0,159263;0,1585;0,1591
12/08/2026 11:45:00;0,1591;0,1591;0,1587;0,1591
12/08/2026 11:50:00;0,1591;0,1591;0,1586;0,1586
12/08/2026 11:55:00;0,1586;0,1591;0,1586;0,1591
12/08/2026 12:00:00;0,1591;0,1595;0,159;0,1594
12/08/2026 12:05:00;0,1594;0,1596;0,1593;0,1594
12/08/2026 12:10:00;0,1594;0,1597;0,1594;0,1596
12/08/2026 12:15:00;0,1596;0,16;0,1596;0,1599
12/08/2026 12:20:00;0,1599;0,16;0,1597;0,16
12/08/2026 12:25:00;0,16;0,1601;0,1596;0,1601
12/08/2026 12:30:00;0,1601;0,1603;0,1597;0,1599
12/08/2026 12:35:00;0,1599;0,1602;0,1598;0,1598
12/08/2026 12:40:00;0,1598;0,16;0,1597;0,16
12/08/2026 12:45:00;0,16;0,1602;0,1598;0,1602
12/08/2026 12:50:00;0,1602;0,1603;0,1601;0,1601
12/08/2026 12:55:00;0,1601;0,1603;0,1599;0,1599
12/08/2026 13:00:00;0,1599;0,1603;0,1599;0,1603
12/08/2026 13:05:00;0,1603;0,1603;0,1599;0,1599
12/08/2026 13:10:00;0,16;0,160134;0,159887;0,1601
12/08/2026 13:15:00;0,1601;0,1601;0,1599;0,1599
12/08/2026 13:20:00;0,1599;0,1599;0,1593;0,1593
12/08/2026 13:25:00;0,1594;0,1594;0,1592;0,1592
12/08/2026 13:30:00;0,1592;0,1592;0,1591;0,1591
12/08/2026 13:35:00;0,1591;0,1591;0,15899;0,159
12/08/2026 13:40:00;0,159;0,1593;0,159;0,159
12/08/2026 13:45:00;0,159;0,159;0,1585;0,1585
12/08/2026 13:50:00;0,1585;0,1588;0,158499;0,1585
12/08/2026 13:55:00;0,1585;0,1588;0,1585;0,1586
12/08/2026 14:00:00;0,1586;0,1594;0,1586;0,1594
12/08/2026 14:05:00;0,1594;0,1594;0,1591;0,1591
12/08/2026 14:10:00;0,1593;0,159369;0,1591;0,1591
12/08/2026 14:15:00;0,1591;0,1592;0,159;0,1591
12/08/2026 14:20:00;0,1591;0,1592;0,1589;0,159
12/08/2026 14:25:00;0,159;0,1591;0,1589;0,1591
12/08/2026 14:30:00;0,1591;0,1593;0,159;0,1593
12/08/2026 14:35:00;0,1593;0,1595;0,1592;0,1594
12/08/2026 14:40:00;0,1594;0,1596;0,1594;0,1595
12/08/2026 14:45:00;0,1595;0,1595;0,1594;0,1595
12/08/2026 14:50:00;0,1595;0,1596;0,1594;0,1594
12/08/2026 14:55:00;0,1594;0,1595;0,1594;0,1594
12/08/2026 15:00:00;0,1594;0,1598;0,1594;0,1598
12/08/2026 15:05:00;0,1598;0,1599;0,1596;0,1598
12/08/2026 15:10:00;0,1598;0,1598;0,1597;0,1597
12/08/2026 15:15:00;0,1597;0,1599;0,1596;0,1598
12/08/2026 15:20:00;0,1598;0,1598;0,159666;0,1597
12/08/2026 15:25:00;0,1597;0,1598;0,1596;0,1598
12/08/2026 15:30:00;0,1598;0,16;0,1597;0,16
12/08/2026 15:35:00;0,16;0,16;0,1597;0,1597
12/08/2026 15:40:00;0,1597;0,1598;0,1595;0,1597
12/08/2026 15:45:00;0,1597;0,1597;0,1594;0,1595
12/08/2026 15:50:00;0,1595;0,1595;0,1591;0,1593
12/08/2026 15:55:00;0,1593;0,1593;0,1592;0,1593
12/08/2026 16:00:00;0,1593;0,1593;0,15919;0,1593
12/08/2026 16:05:00;0,1593;0,1593;0,158972;0,1591
12/08/2026 16:10:00;0,1591;0,1594;0,1589;0,159
12/08/2026 16:15:00;0,159;0,1591;0,159;0,159
12/08/2026 16:20:00;0,159;0,159;0,1589;0,1589
12/08/2026 16:25:00;0,1589;0,1593;0,1589;0,1592
12/08/2026 16:30:00;0,1592;0,1593;0,1591;0,1591
12/08/2026 16:35:00;0,1591;0,1591;0,159;0,159
12/08/2026 16:40:00;0,159;0,1592;0,1588;0,1588
12/08/2026 16:45:00;0,1588;0,1589;0,1588;0,1589
12/08/2026 16:50:00;0,1589;0,1589;0,1587;0,1588
12/08/2026 16:55:00;0,1588;0,1588;0,1586;0,1588
12/08/2026 17:00:00;0,1588;0,1589;0,1588;0,1589
12/08/2026 17:05:00;0,1589;0,159;0,1588;0,1588
12/08/2026 17:10:00;0,1588;0,1591;0,1588;0,1591
12/08/2026 17:15:00;0,1591;0,1591;0,1589;0,1589
12/08/2026 17:20:00;0,1589;0,1591;0,1588;0,1591
12/08/2026 17:25:00;0,1591;0,1593;0,159;0,1592
12/08/2026 17:30:00;0,1592;0,1593;0,1592;0,1592
12/08/2026 17:35:00;0,1592;0,1594;0,1592;0,1593
12/08/2026 17:40:00;0,1593;0,1597;0,1593;0,1597
12/08/2026 17:45:00;0,1597;0,1599;0,1596;0,1596
12/08/2026 17:50:00;0,1596;0,1597;0,1594;0,1594
12/08/2026 17:55:00;0,1594;0,1598;0,1594;0,1598
12/08/2026 18:00:00;0,1598;0,1598;0,1594;0,1594
12/08/2026 18:05:00;0,1594;0,1595;0,1593;0,1595
12/08/2026 18:10:00;0,1595;0,1595;0,1593;0,1593
12/08/2026 18:15:00;0,1593;0,1594;0,1593;0,1594
12/08/2026 18:20:00;0,1594;0,1595;0,1589;0,1589
12/08/2026 18:25:00;0,1589;0,1589;0,1586;0,1588
12/08/2026 18:30:00;0,1588;0,159;0,1586;0,1589
12/08/2026 18:35:00;0,1589;0,1591;0,1587;0,1591
12/08/2026 18:40:00;0,1591;0,1592;0,159;0,159
12/08/2026 18:45:00;0,159;0,1591;0,15865;0,15865
12/08/2026 18:50:00;0,15865;0,1589;0,15865;0,1588
12/08/2026 18:55:00;0,1588;0,1588;0,1583;0,1586
12/08/2026 19:00:00;0,1586;0,1588;0,158081;0,158081
12/08/2026 19:05:00;0,158081;0,1596;0,158;0,158
12/08/2026 19:10:00;0,158;0,159;0,158;0,1588
12/08/2026 19:15:00;0,1588;0,159;0,1588;0,1589
12/08/2026 19:20:00;0,1589;0,159;0,1587;0,1589
12/08/2026 19:25:00;0,1589;0,1591;0,1589;0,159
12/08/2026 19:30:00;0,159;0,159;0,1588;0,1589
12/08/2026 19:35:00;0,1589;0,159081;0,1587;0,1587
12/08/2026 19:40:00;0,1587;0,159;0,1587;0,1588
12/08/2026 19:45:00;0,1588;0,1589;0,1587;0,1587
12/08/2026 19:50:00;0,1587;0,1589;0,15869;0,1588
12/08/2026 19:55:00;0,1588;0,158996;0,1587;0,1587
12/08/2026 20:00:00;0,1587;0,1588;0,1587;0,1587
12/08/2026 20:05:00;0,1587;0,15879;0,15857;0,15857
12/08/2026 20:10:00;0,15857;0,1589;0,158455;0,1588
12/08/2026 20:15:00;0,1588;0,1591;0,1588;0,1589
12/08/2026 20:20:00;0,1589;0,1589;0,1588;0,1588
12/08/2026 20:25:00;0,1588;0,159;0,1588;0,1589
12/08/2026 20:30:00;0,1589;0,1594;0,1589;0,1593
12/08/2026 20:35:00;0,1593;0,1595;0,159174;0,1594
12/08/2026 20:40:00;0,1594;0,1596;0,1592;0,1593
12/08/2026 20:45:00;0,1593;0,159671;0,1593;0,1596
12/08/2026 20:50:00;0,1596;0,1596;0,1594;0,1596
12/08/2026 20:55:00;0,1596;0,1596;0,1594;0,1595
12/08/2026 21:00:00;0,1595;0,1596;0,1595;0,1595
12/08/2026 21:05:00;0,1595;0,1601;0,159499;0,1601
12/08/2026 21:10:00;0,1601;0,1604;0,16;0,1604
12/08/2026 21:15:00;0,1604;0,1606;0,1603;0,1603
12/08/2026 21:20:00;0,1603;0,1605;0,1601;0,1604
12/08/2026 21:25:00;0,1604;0,1604;0,1603;0,1604
12/08/2026 21:30:00;0,1604;0,1605;0,1601;0,1602
12/08/2026 21:35:00;0,1602;0,1602;0,1599;0,1599
12/08/2026 21:40:00;0,1599;0,16;0,1597;0,1597
12/08/2026 21:45:00;0,1597;0,1601;0,1597;0,1601
12/08/2026 21:50:00;0,1601;0,1601;0,16;0,16
12/08/2026 21:55:00;0,16;0,1603;0,16;0,1601
12/08/2026 22:00:00;0,1601;0,1601;0,16;0,1601
12/08/2026 22:05:00;0,1601;0,1601;0,1598;0,1598
12/08/2026 22:10:00;0,1598;0,1601;0,1598;0,16
12/08/2026 22:15:00;0,16;0,160376;0,15999;0,1601
12/08/2026 22:20:00;0,1601;0,1602;0,1597;0,1598
12/08/2026 22:25:00;0,1598;0,1598;0,159427;0,1595
12/08/2026 22:30:00;0,1596;0,1597;0,159478;0,1595
12/08/2026 22:35:00;0,1595;0,1601;0,1595;0,1601
12/08/2026 22:40:00;0,1601;0,1601;0,1597;0,1597
12/08/2026 22:45:00;0,1597;0,1599;0,1596;0,1599
12/08/2026 22:50:00;0,1599;0,1601;0,1599;0,1601
12/08/2026 22:55:00;0,16;0,1602;0,1599;0,1599
12/08/2026 23:00:00;0,1599;0,16;0,1597;0,1597
12/08/2026 23:05:00;0,1597;0,160021;0,1597;0,159976
12/08/2026 23:10:00;0,159976;0,159982;0,1596;0,1596
12/08/2026 23:15:00;0,1596;0,1598;0,159506;0,1597
12/08/2026 23:20:00;0,1597;0,1598;0,1596;0,1596
12/08/2026 23:25:00;0,1596;0,1598;0,1596;0,1598
12/08/2026 23:30:00;0,1598;0,1599;0,1596;0,1599
12/08/2026 23:35:00;0,1599;0,1599;0,159619;0,1599
12/08/2026 23:40:00;0,1599;0,1601;0,1597;0,16
12/08/2026 23:45:00;0,16;0,1602;0,16;0,1602
12/08/2026 23:50:00;0,1602;0,1606;0,1602;0,1606
12/08/2026 23:55:00;0,1606;0,1614;0,1606;0,1613
13/08/2026 00:00:00;0,1613;0,1615;0,1611;0,1614
13/08/2026 00:05:00;0,1614;0,161663;0,1614;0,1615
13/08/2026 00:10:00;0,1615;0,1618;0,1614;0,1617
13/08/2026 00:15:00;0,1617;0,1619;0,1617;0,1619
13/08/2026 00:20:00;0,1622;0,1622;0,1618;0,1619
13/08/2026 00:25:00;0,1619;0,1622;0,1618;0,162
13/08/2026 00:30:00;0,162;0,1623;0,1618;0,1618
13/08/2026 00:35:00;0,1618;0,1621;0,1617;0,1621
13/08/2026 00:40:00;0,1621;0,1621;0,162;0,1621
13/08/2026 00:45:00;0,1621;0,1625;0,162;0,1623
13/08/2026 00:50:00;0,1623;0,1625;0,1623;0,1623
13/08/2026 00:55:00;0,1623;0,1625;0,1623;0,1623
13/08/2026 01:00:00;0,1623;0,163;0,1621;0,1621
13/08/2026 01:05:00;0,1621;0,1623;0,162;0,1621
13/08/2026 01:10:00;0,1621;0,1622;0,162;0,1621
13/08/2026 01:15:00;0,1621;0,1621;0,1618;0,1619
13/08/2026 01:20:00;0,1619;0,162;0,1618;0,1618
13/08/2026 01:25:00;0,1618;0,1618;0,1614;0,1614
13/08/2026 01:30:00;0,1614;0,1616;0,1614;0,1615
13/08/2026 01:35:00;0,1615;0,16169;0,16148;0,16169
13/08/2026 01:40:00;0,16169;0,1619;0,1616;0,1617
13/08/2026 01:45:00;0,1617;0,1618;0,1615;0,1615
13/08/2026 01:50:00;0,1615;0,1615;0,1613;0,1613
13/08/2026 01:55:00;0,1613;0,1614;0,1613;0,1613
13/08/2026 02:00:00;0,1613;0,1614;0,1612;0,1613
13/08/2026 02:05:00;0,1613;0,1617;0,1613;0,1615
13/08/2026 02:10:00;0,1615;0,1615;0,1614;0,1614
13/08/2026 02:15:00;0,1614;0,1617;0,1614;0,1615
13/08/2026 02:20:00;0,1615;0,1615;0,1614;0,1615
13/08/2026 02:25:00;0,1615;0,1618;0,1615;0,1618
13/08/2026 02:30:00;0,1618;0,1618;0,1615;0,1616
13/08/2026 02:35:00;0,1616;0,1619;0,1616;0,1618
13/08/2026 02:40:00;0,1618;0,1618;0,1616;0,1617
13/08/2026 02:45:00;0,1617;0,1618;0,1616;0,1617
13/08/2026 02:50:00;0,1617;0,162;0,1616;0,162
13/08/2026 02:55:00;0,162;0,1622;0,1617;0,1617
13/08/2026 03:00:00;0,1617;0,1617;0,1615;0,1615
13/08/2026 03:05:00;0,1615;0,1619;0,1614;0,1617
13/08/2026 03:10:00;0,1617;0,1618;0,1616;0,1617
13/08/2026 03:15:00;0,1617;0,161919;0,1617;0,1619
13/08/2026 03:20:00;0,1619;0,1619;0,1617;0,1617
13/08/2026 03:25:00;0,1617;0,1617;0,1615;0,1615
13/08/2026 03:30:00;0,1615;0,1615;0,1613;0,1613
13/08/2026 03:35:00;0,1613;0,1614;0,1613;0,1614
13/08/2026 03:40:00;0,1614;0,1614;0,1613;0,1613
13/08/2026 03:45:00;0,1613;0,1615;0,1613;0,1614
13/08/2026 03:50:00;0,1614;0,1616;0,1614;0,1616
13/08/2026 03:55:00;0,1616;0,1619;0,1616;0,1618
13/08/2026 04:00:00;0,1618;0,1618;0,1617;0,1617
13/08/2026 04:05:00;0,1617;0,1617;0,1615;0,1615
13/08/2026 04:10:00;0,1615;0,1618;0,1615;0,1616
13/08/2026 04:15:00;0,1616;0,1617;0,1614;0,1614
13/08/2026 04:20:00;0,1614;0,1615;0,161341;0,1614
13/08/2026 04:25:00;0,1614;0,1615;0,16127;0,16127
13/08/2026 04:30:00;0,16127;0,1615;0,16127;0,1613
13/08/2026 04:35:00;0,1613;0,1615;0,1613;0,1614
13/08/2026 04:40:00;0,1614;0,1614;0,1612;0,1613
13/08/2026 04:45:00;0,1613;0,161502;0,161179;0,1613
13/08/2026 04:50:00;0,1613;0,1615;0,1613;0,1614
13/08/2026 04:55:00;0,1614;0,1615;0,1613;0,1613
13/08/2026 05:00:00;0,1613;0,1615;0,1613;0,1613
13/08/2026 05:05:00;0,1613;0,1614;0,1612;0,1613
13/08/2026 05:10:00;0,1613;0,1614;0,1611;0,1611
13/08/2026 05:15:00;0,1611;0,1613;0,1611;0,1612
13/08/2026 05:20:00;0,1612;0,1614;0,16119;0,1613
13/08/2026 05:25:00;0,1613;0,1613;0,1611;0,1612
13/08/2026 05:30:00;0,1612;0,161234;0,16109;0,1611
13/08/2026 05:35:00;0,1611;0,1613;0,16107;0,1613
13/08/2026 05:40:00;0,1613;0,1613;0,1611;0,1611
13/08/2026 05:45:00;0,1611;0,1612;0,161;0,1612
13/08/2026 05:50:00;0,1612;0,1612;0,1611;0,1611
13/08/2026 05:55:00;0,1611;0,1613;0,1611;0,1613
13/08/2026 06:00:00;0,1613;0,1613;0,1609;0,161
13/08/2026 06:05:00;0,161;0,1611;0,1609;0,1609
13/08/2026 06:10:00;0,1609;0,161;0,1609;0,1609
13/08/2026 06:15:00;0,1609;0,161;0,1608;0,1609
13/08/2026 06:20:00;0,1609;0,1609;0,1608;0,1609
13/08/2026 06:25:00;0,1609;0,1609;0,1607;0,1607
13/08/2026 06:30:00;0,1607;0,1609;0,1607;0,1608
13/08/2026 06:35:00;0,1608;0,1608;0,1606;0,1607
13/08/2026 06:40:00;0,1607;0,1607;0,1606;0,1606
13/08/2026 06:45:00;0,1606;0,1608;0,1606;0,1608
13/08/2026 06:50:00;0,1608;0,1609;0,1608;0,1608
13/08/2026 06:55:00;0,1608;0,1611;0,1608;0,1609
13/08/2026 07:00:00;0,1609;0,1612;0,1609;0,1612
13/08/2026 07:05:00;0,1612;0,1613;0,1609;0,161
13/08/2026 07:10:00;0,161;0,1611;0,161;0,161
13/08/2026 07:15:00;0,161;0,1612;0,161;0,1611
13/08/2026 07:20:00;0,1611;0,1612;0,161;0,161
13/08/2026 07:25:00;0,161;0,1612;0,1609;0,1612
13/08/2026 07:30:00;0,1612;0,1612;0,1608;0,1609
13/08/2026 07:35:00;0,1609;0,1611;0,1609;0,161
13/08/2026 07:40:00;0,161;0,1614;0,1609;0,1614
13/08/2026 07:45:00;0,1614;0,1615;0,1613;0,1613
13/08/2026 07:50:00;0,1613;0,1615;0,1613;0,1614
13/08/2026 07:55:00;0,1614;0,1614;0,1611;0,1611
13/08/2026 08:00:00;0,1611;0,1612;0,1609;0,1609
13/08/2026 08:05:00;0,1609;0,161;0,1608;0,1609
13/08/2026 08:10:00;0,1609;0,1609;0,1607;0,1607
13/08/2026 08:15:00;0,1607;0,1608;0,1605;0,1606
13/08/2026 08:20:00;0,1606;0,1607;0,1604;0,1604
13/08/2026 08:25:00;0,1604;0,1606;0,1604;0,1604
13/08/2026 08:30:00;0,1604;0,1604;0,1602;0,1603
13/08/2026 08:35:00;0,1603;0,1604;0,1602;0,1604
13/08/2026 08:40:00;0,1604;0,1607;0,1593;0,1595
13/08/2026 08:45:00;0,1595;0,1597;0,159356;0,1597
13/08/2026 08:50:00;0,1597;0,1599;0,1595;0,1599
13/08/2026 08:55:00;0,1599;0,1599;0,1594;0,1598
13/08/2026 09:00:00;0,1598;0,1598;0,1594;0,1595
13/08/2026 09:05:00;0,1595;0,1598;0,1595;0,1597
13/08/2026 09:10:00;0,1597;0,16;0,1597;0,1599
13/08/2026 09:15:00;0,1599;0,1601;0,1599;0,1601
13/08/2026 09:20:00;0,1601;0,1602;0,16;0,1602
13/08/2026 09:25:00;0,1602;0,1604;0,1602;0,1603
13/08/2026 09:30:00;0,1603;0,1605;0,1601;0,1604
13/08/2026 09:35:00;0,1604;0,1605;0,1602;0,1602
13/08/2026 09:40:00;0,1602;0,1602;0,1601;0,1601
13/08/2026 09:45:00;0,1601;0,1603;0,1601;0,1603
13/08/2026 09:50:00;0,1603;0,1603;0,1602;0,1602
13/08/2026 09:55:00;0,1602;0,1606;0,1602;0,1605
13/08/2026 10:00:00;0,1605;0,1607;0,1604;0,1604
13/08/2026 10:05:00;0,1604;0,1605;0,1603;0,1603
13/08/2026 10:10:00;0,1603;0,1603;0,1602;0,1602
13/08/2026 10:15:00;0,1602;0,1604;0,1601;0,1603
13/08/2026 10:20:00;0,1603;0,1604;0,1603;0,1603
13/08/2026 10:25:00;0,1603;0,1605;0,1602;0,1603
13/08/2026 10:30:00;0,1603;0,1604;0,1602;0,1604
13/08/2026 10:35:00;0,1604;0,1604;0,1602;0,1603
13/08/2026 10:40:00;0,1603;0,1604;0,1602;0,1602
13/08/2026 10:45:00;0,1603;0,1606;0,1601;0,1606
13/08/2026 10:50:00;0,1606;0,1606;0,1604;0,1605
13/08/2026 10:55:00;0,1605;0,1605;0,1602;0,1603
13/08/2026 11:00:00;0,1603;0,1605;0,1602;0,1604
13/08/2026 11:05:00;0,1604;0,1604;0,1602;0,1603
13/08/2026 11:10:00;0,1603;0,1611;0,1603;0,1607
13/08/2026 11:15:00;0,1607;0,1607;0,160446;0,1605
13/08/2026 11:20:00;0,1605;0,1606;0,1604;0,1604
13/08/2026 11:25:00;0,1605;0,1606;0,1602;0,1605
13/08/2026 11:30:00;0,1605;0,1608;0,1603;0,1608
13/08/2026 11:35:00;0,1609;0,161037;0,1608;0,1608
13/08/2026 11:40:00;0,1608;0,1614;0,1608;0,1611
13/08/2026 11:45:00;0,1611;0,1612;0,1609;0,161
13/08/2026 11:50:00;0,161;0,161354;0,1609;0,1609
13/08/2026 11:55:00;0,1609;0,1612;0,1609;0,161
13/08/2026 12:00:00;0,161;0,1613;0,161;0,1611
13/08/2026 12:05:00;0,1611;0,1611;0,1609;0,161
13/08/2026 12:10:00;0,161;0,161;0,1609;0,161
13/08/2026 12:15:00;0,161;0,161;0,16059;0,1609
13/08/2026 12:20:00;0,1609;0,1611;0,1607;0,1608
13/08/2026 12:25:00;0,1608;0,160894;0,1605;0,160894
13/08/2026 12:30:00;0,160894;0,160894;0,160098;0,1602
13/08/2026 12:35:00;0,1602;0,1604;0,160131;0,1603
13/08/2026 12:40:00;0,1603;0,1604;0,1603;0,1604
13/08/2026 12:45:00;0,1604;0,1604;0,1601;0,1601
13/08/2026 12:50:00;0,1601;0,1601;0,1599;0,1599
13/08/2026 12:55:00;0,1599;0,1601;0,1595;0,1595
13/08/2026 13:00:00;0,1595;0,159571;0,1592;0,1593
13/08/2026 13:05:00;0,1593;0,1596;0,1593;0,1594
13/08/2026 13:10:00;0,1594;0,1597;0,15922;0,1597
13/08/2026 13:15:00;0,1597;0,1597;0,1594;0,1595
13/08/2026 13:20:00;0,1595;0,1598;0,1593;0,1596
13/08/2026 13:25:00;0,1596;0,1598;0,1592;0,1592
13/08/2026 13:30:00;0,1592;0,1597;0,1591;0,1592
13/08/2026 13:35:00;0,1592;0,1593;0,1585;0,1586
13/08/2026 13:40:00;0,1587;0,1591;0,1583;0,1591
13/08/2026 13:45:00;0,1591;0,1595;0,1589;0,1594
13/08/2026 13:50:00;0,1594;0,1596;0,1585;0,1586
13/08/2026 13:55:00;0,1585;0,1587;0,1584;0,1587
13/08/2026 14:00:00;0,1587;0,1589;0,1585;0,1588
13/08/2026 14:05:00;0,1589;0,159;0,1588;0,1589
13/08/2026 14:10:00;0,1589;0,1591;0,1589;0,1589
13/08/2026 14:15:00;0,1589;0,1591;0,1588;0,1588
13/08/2026 14:20:00;0,1588;0,1591;0,1588;0,1589
13/08/2026 14:25:00;0,1589;0,1591;0,1589;0,1589
13/08/2026 14:30:00;0,1589;0,1592;0,1588;0,159
13/08/2026 14:35:00;0,1591;0,1591;0,1589;0,1591
13/08/2026 14:40:00;0,1591;0,1594;0,1591;0,1594
13/08/2026 14:45:00;0,1594;0,159726;0,1594;0,1594
13/08/2026 14:50:00;0,1594;0,1596;0,1594;0,1595
13/08/2026 14:55:00;0,1595;0,1596;0,1594;0,1594
13/08/2026 15:00:00;0,1594;0,1598;0,1594;0,1597
13/08/2026 15:05:00;0,1597;0,1597;0,1595;0,1595
13/08/2026 15:10:00;0,1595;0,1596;0,1594;0,1595
13/08/2026 15:15:00;0,1595;0,1596;0,159326;0,1596
13/08/2026 15:20:00;0,1596;0,1596;0,1592;0,1593
13/08/2026 15:25:00;0,1593;0,1594;0,1592;0,1593
13/08/2026 15:30:00;0,1592;0,159501;0,1591;0,159501
13/08/2026 15:35:00;0,159501;0,1596;0,159293;0,1594
13/08/2026 15:40:00;0,1594;0,1598;0,1594;0,1598
13/08/2026 15:45:00;0,1598;0,159881;0,1597;0,1597
13/08/2026 15:50:00;0,1597;0,1601;0,1597;0,1601
13/08/2026 15:55:00;0,16;0,160247;0,1599;0,16
13/08/2026 16:00:00;0,16;0,1601;0,1598;0,1598
13/08/2026 16:05:00;0,1598;0,1602;0,1598;0,16
13/08/2026 16:10:00;0,16;0,1602;0,1599;0,1599
13/08/2026 16:15:00;0,1599;0,16;0,1599;0,1599
13/08/2026 16:20:00;0,1599;0,1599;0,1597;0,1598
13/08/2026 16:25:00;0,1598;0,16089;0,1597;0,1599
13/08/2026 16:30:00;0,1599;0,16;0,1599;0,1599
13/08/2026 16:35:00;0,1599;0,16;0,1599;0,16
13/08/2026 16:40:00;0,16;0,1601;0,1599;0,1599
13/08/2026 16:45:00;0,1599;0,16;0,1599;0,1599
13/08/2026 16:50:00;0,1599;0,16;0,1598;0,1598
13/08/2026 16:55:00;0,1598;0,1599;0,1598;0,1599
13/08/2026 17:00:00;0,16;0,16;0,159699;0,159799
13/08/2026 17:05:00;0,159799;0,1603;0,159799;0,1601
13/08/2026 17:10:00;0,1601;0,1602;0,16;0,1601
13/08/2026 17:15:00;0,1601;0,16031;0,1601;0,1602
13/08/2026 17:20:00;0,1602;0,1603;0,1601;0,1602
13/08/2026 17:25:00;0,1602;0,1602;0,16009;0,1601
13/08/2026 17:30:00;0,1601;0,1602;0,16;0,1601
13/08/2026 17:35:00;0,1601;0,160147;0,1597;0,1597
13/08/2026 17:40:00;0,1597;0,1599;0,1597;0,1598
13/08/2026 17:45:00;0,1598;0,1599;0,159699;0,1597
13/08/2026 17:50:00;0,1597;0,1598;0,159536;0,1596
13/08/2026 17:55:00;0,1596;0,1597;0,15959;0,1596
13/08/2026 18:00:00;0,1596;0,1597;0,15949;0,15959
13/08/2026 18:05:00;0,15959;0,1598;0,1595;0,1597
13/08/2026 18:10:00;0,1597;0,1597;0,159485;0,1595
13/08/2026 18:15:00;0,1594;0,1596;0,15938;0,1596
13/08/2026 18:20:00;0,1596;0,1598;0,1596;0,1596
13/08/2026 18:25:00;0,1597;0,1597;0,1596;0,1596
13/08/2026 18:30:00;0,1596;0,1597;0,1594;0,1594
13/08/2026 18:35:00;0,1594;0,159594;0,1593;0,159534
13/08/2026 18:40:00;0,159534;0,159552;0,159358;0,1594
13/08/2026 18:45:00;0,1594;0,1596;0,1594;0,1595
13/08/2026 18:50:00;0,1595;0,1596;0,159453;0,1595
13/08/2026 18:55:00;0,1595;0,1597;0,1594;0,1594
13/08/2026 19:00:00;0,1594;0,1599;0,159379;0,1599
13/08/2026 19:05:00;0,1599;0,16;0,1597;0,1597
13/08/2026 19:10:00;0,1597;0,1598;0,1596;0,1596
13/08/2026 19:15:00;0,1596;0,1599;0,1596;0,1598
13/08/2026 19:20:00;0,1598;0,15991;0,1596;0,1598
13/08/2026 19:25:00;0,1598;0,1602;0,1598;0,16015
13/08/2026 19:30:00;0,16015;0,160157;0,1598;0,1598
13/08/2026 19:35:00;0,1598;0,1598;0,1598;0,1598
13/08/2026 19:40:00;0,1598;0,15988;0,15965;0,15965
13/08/2026 19:45:00;0,15965;0,1598;0,1595;0,1597
13/08/2026 19:50:00;0,1597;0,1602;0,1597;0,1602
13/08/2026 19:55:00;0,1602;0,1602;0,15921;0,1593
13/08/2026 20:00:00;0,1593;0,1596;0,1593;0,1595
13/08/2026 20:05:00;0,1595;0,1596;0,1594;0,1594
13/08/2026 20:10:00;0,1595;0,1596;0,1593;0,1594
13/08/2026 20:15:00;0,1594;0,1596;0,15939;0,1596
13/08/2026 20:20:00;0,1596;0,1596;0,1595;0,1595
13/08/2026 20:25:00;0,1595;0,15977;0,15947;0,1595
13/08/2026 20:30:00;0,1595;0,1596;0,1592;0,1595
13/08/2026 20:35:00;0,1595;0,1596;0,1595;0,1595
13/08/2026 20:40:00;0,1595;0,1596;0,1595;0,1596
13/08/2026 20:45:00;0,1596;0,1598;0,159269;0,15961
13/08/2026 20:50:00;0,15961;0,15961;0,1593;0,1593
13/08/2026 20:55:00;0,1593;0,1596;0,1593;0,1596
13/08/2026 21:00:00;0,1596;0,1596;0,1594;0,1594
13/08/2026 21:05:00;0,1594;0,1597;0,1594;0,1595
13/08/2026 21:10:00;0,1596;0,1596;0,15917;0,1594
13/08/2026 21:15:00;0,1594;0,1596;0,159318;0,1595
13/08/2026 21:20:00;0,1595;0,1597;0,1594;0,1596
13/08/2026 21:25:00;0,1596;0,1596;0,1593;0,1593
13/08/2026 21:30:00;0,1593;0,1594;0,1592;0,1592
13/08/2026 21:35:00;0,1592;0,1594;0,1592;0,1593
13/08/2026 21:40:00;0,1593;0,1597;0,1593;0,1596
13/08/2026 21:45:00;0,1596;0,1599;0,1595;0,1595
13/08/2026 21:50:00;0,1596;0,1598;0,1596;0,1597
13/08/2026 21:55:00;0,1597;0,159873;0,15969;0,1597
13/08/2026 22:00:00;0,1597;0,159873;0,1596;0,1598
13/08/2026 22:05:00;0,1598;0,1599;0,1597;0,1597
13/08/2026 22:10:00;0,1597;0,1602;0,1596;0,16
13/08/2026 22:15:00;0,16;0,16;0,159453;0,1596
13/08/2026 22:20:00;0,1596;0,1598;0,1596;0,1597
13/08/2026 22:25:00;0,1597;0,1597;0,1595;0,1595
13/08/2026 22:30:00;0,1595;0,1596;0,1595;0,1595
13/08/2026 22:35:00;0,1595;0,1596;0,1595;0,1595
13/08/2026 22:40:00;0,1595;0,1599;0,1595;0,1599
13/08/2026 22:45:00;0,1599;0,1599;0,1597;0,1597
13/08/2026 22:50:00;0,1597;0,1599;0,1597;0,1597
13/08/2026 22:55:00;0,1597;0,1599;0,1597;0,1598
13/08/2026 23:00:00;0,1598;0,15981;0,1597;0,1597
13/08/2026 23:05:00;0,1597;0,1599;0,1597;0,1599
13/08/2026 23:10:00;0,1599;0,1599;0,159666;0,1598
13/08/2026 23:15:00;0,1598;0,1599;0,1596;0,1596
13/08/2026 23:20:00;0,1596;0,1597;0,1595;0,1596
13/08/2026 23:25:00;0,1596;0,1596;0,1592;0,1596
13/08/2026 23:30:00;0,1596;0,1597;0,1595;0,1596
13/08/2026 23:35:00;0,1596;0,1597;0,1595;0,1595
13/08/2026 23:40:00;0,1595;0,1597;0,1594;0,1597
13/08/2026 23:45:00;0,1597;0,1597;0,1596;0,1597
13/08/2026 23:50:00;0,1597;0,1597;0,1596;0,1596
13/08/2026 23:55:00;0,1596;0,1596;0,1594;0,1596
14/08/2026 00:00:00;0,1596;0,1596;0,1592;0,1592
14/08/2026 00:05:00;0,1592;0,1593;0,1592;0,1592
14/08/2026 00:10:00;0,1591;0,1592;0,1591;0,1592
14/08/2026 00:15:00;0,1592;0,1594;0,1592;0,1594
14/08/2026 00:20:00;0,1594;0,1595;0,1593;0,1594
14/08/2026 00:25:00;0,1594;0,1594;0,1592;0,1593
14/08/2026 00:30:00;0,1593;0,1593;0,1592;0,1592
14/08/2026 00:35:00;0,1592;0,1593;0,159;0,159
14/08/2026 00:40:00;0,159;0,1591;0,159;0,159
14/08/2026 00:45:00;0,159;0,1591;0,1588;0,159
14/08/2026 00:50:00;0,159;0,159;0,15879;0,1589
14/08/2026 00:55:00;0,1589;0,159;0,1588;0,1589
14/08/2026 01:00:00;0,1589;0,1592;0,1588;0,1592
14/08/2026 01:05:00;0,1592;0,159358;0,159074;0,1592
14/08/2026 01:10:00;0,1594;0,1595;0,1592;0,1593
14/08/2026 01:15:00;0,1593;0,1594;0,1591;0,1592
14/08/2026 01:20:00;0,1592;0,1592;0,1591;0,1591
14/08/2026 01:25:00;0,1591;0,1593;0,1591;0,1592
14/08/2026 01:30:00;0,1592;0,1592;0,1591;0,1591
14/08/2026 01:35:00;0,1591;0,1592;0,159;0,159
14/08/2026 01:40:00;0,159;0,1591;0,159;0,159
14/08/2026 01:45:00;0,159;0,1591;0,1589;0,1589
14/08/2026 01:50:00;0,1589;0,159;0,1589;0,159
14/08/2026 01:55:00;0,159;0,1591;0,15885;0,15885
14/08/2026 02:00:00;0,15885;0,15912;0,15885;0,1591
14/08/2026 02:05:00;0,1591;0,1591;0,159;0,159
14/08/2026 02:10:00;0,159;0,1591;0,1589;0,1589
14/08/2026 02:15:00;0,1589;0,159;0,1588;0,1589
14/08/2026 02:20:00;0,1589;0,1592;0,1589;0,159
14/08/2026 02:25:00;0,159;0,1593;0,159;0,1592
14/08/2026 02:30:00;0,1592;0,1593;0,1592;0,1593
14/08/2026 02:35:00;0,1593;0,1593;0,1591;0,1593
14/08/2026 02:40:00;0,1593;0,1594;0,1592;0,1593
14/08/2026 02:45:00;0,1593;0,1593;0,1592;0,1592
14/08/2026 02:50:00;0,1592;0,1592;0,1592;0,1592
14/08/2026 02:55:00;0,1592;0,1595;0,1592;0,1595
14/08/2026 03:00:00;0,1595;0,1595;0,1593;0,1594
14/08/2026 03:05:00;0,1594;0,1594;0,1593;0,1593
14/08/2026 03:10:00;0,1593;0,1593;0,1592;0,1593
14/08/2026 03:15:00;0,1593;0,1594;0,1591;0,1593
14/08/2026 03:20:00;0,1593;0,1593;0,1591;0,1591
14/08/2026 03:25:00;0,1591;0,1592;0,159;0,159
14/08/2026 03:30:00;0,159;0,1592;0,159;0,1592
14/08/2026 03:35:00;0,1592;0,1594;0,1591;0,1592
14/08/2026 03:40:00;0,1592;0,1593;0,1592;0,1592
14/08/2026 03:45:00;0,1592;0,1595;0,1592;0,1593
14/08/2026 03:50:00;0,1593;0,1594;0,1591;0,1593
14/08/2026 03:55:00;0,1593;0,1595;0,1592;0,1592
14/08/2026 04:00:00;0,1592;0,1593;0,1591;0,1592
14/08/2026 04:05:00;0,1592;0,1594;0,1591;0,1591
14/08/2026 04:10:00;0,1591;0,1592;0,159;0,1591
14/08/2026 04:15:00;0,1591;0,1591;0,159;0,1591
14/08/2026 04:20:00;0,1591;0,1591;0,159;0,159
14/08/2026 04:25:00;0,159;0,1592;0,159;0,159
14/08/2026 04:30:00;0,159;0,159;0,1587;0,1588
14/08/2026 04:35:00;0,1588;0,1589;0,15879;0,15879
14/08/2026 04:40:00;0,15879;0,159;0,158719;0,1589
14/08/2026 04:45:00;0,1589;0,159;0,1587;0,1588
14/08/2026 04:50:00;0,1588;0,1589;0,1587;0,1587
14/08/2026 04:55:00;0,1587;0,1588;0,1586;0,1586
14/08/2026 05:00:00;0,1586;0,1588;0,1586;0,1586
14/08/2026 05:05:00;0,1586;0,1588;0,1586;0,1588
14/08/2026 05:10:00;0,1588;0,1588;0,1585;0,1586
14/08/2026 05:15:00;0,1586;0,1588;0,1585;0,1585
14/08/2026 05:20:00;0,1585;0,158786;0,1585;0,1585
14/08/2026 05:25:00;0,1585;0,1587;0,15846;0,1585
14/08/2026 05:30:00;0,1585;0,1588;0,1585;0,1588
14/08/2026 05:35:00;0,1588;0,1591;0,1588;0,1589
14/08/2026 05:40:00;0,1589;0,1589;0,1587;0,1587
14/08/2026 05:45:00;0,1587;0,1589;0,1587;0,1588
14/08/2026 05:50:00;0,1588;0,1589;0,1587;0,1587
14/08/2026 05:55:00;0,1587;0,1589;0,1587;0,1588
14/08/2026 06:00:00;0,1588;0,158882;0,1587;0,1588
14/08/2026 06:05:00;0,1588;0,159;0,158625;0,1588
14/08/2026 06:10:00;0,1588;0,15921;0,15877;0,15921
14/08/2026 06:15:00;0,15921;0,15942;0,15917;0,159356
14/08/2026 06:20:00;0,159356;0,159356;0,1592;0,1592
14/08/2026 06:25:00;0,1592;0,159332;0,1591;0,1592
14/08/2026 06:30:00;0,159;0,159;0,1588;0,1588
14/08/2026 06:35:00;0,1588;0,1588;0,15859;0,15859
14/08/2026 06:40:00;0,15859;0,158642;0,1583;0,1584
14/08/2026 06:45:00;0,1584;0,158556;0,15839;0,1584
14/08/2026 06:50:00;0,1584;0,158611;0,1584;0,1586
14/08/2026 06:55:00;0,1586;0,1586;0,1585;0,1585
14/08/2026 07:00:00;0,1585;0,1588;0,1585;0,1587
14/08/2026 07:05:00;0,1587;0,159;0,1586;0,159
14/08/2026 07:10:00;0,1589;0,15931;0,1589;0,159
14/08/2026 07:15:00;0,159;0,1592;0,159;0,159
14/08/2026 07:20:00;0,159;0,159;0,1587;0,1587
14/08/2026 07:25:00;0,1587;0,1589;0,1587;0,1589
14/08/2026 07:30:00;0,1589;0,159;0,1589;0,1589
14/08/2026 07:35:00;0,1589;0,1591;0,1587;0,1587
14/08/2026 07:40:00;0,1587;0,1589;0,1585;0,1586
14/08/2026 07:45:00;0,1586;0,15872;0,1585;0,1587
14/08/2026 07:50:00;0,1587;0,1587;0,1586;0,1586
14/08/2026 07:55:00;0,1586;0,158862;0,1586;0,1586
14/08/2026 08:00:00;0,1586;0,1589;0,1586;0,1589
14/08/2026 08:05:00;0,1589;0,1592;0,1589;0,159
14/08/2026 08:10:00;0,159;0,159201;0,1589;0,1589
14/08/2026 08:15:00;0,1589;0,1592;0,158899;0,1592
14/08/2026 08:20:00;0,1592;0,1595;0,1592;0,1592
14/08/2026 08:25:00;0,1592;0,1594;0,1592;0,1593
14/08/2026 08:30:00;0,1593;0,1594;0,1591;0,1592
14/08/2026 08:35:00;0,1592;0,1594;0,159;0,159
14/08/2026 08:40:00;0,159;0,1591;0,1589;0,1589
14/08/2026 08:45:00;0,1589;0,1592;0,1589;0,1591
14/08/2026 08:50:00;0,1591;0,1592;0,1591;0,1591
14/08/2026 08:55:00;0,1591;0,1591;0,1588;0,1588
14/08/2026 09:00:00;0,1588;0,159;0,1588;0,1589
14/08/2026 09:05:00;0,1589;0,1589;0,1586;0,1586
14/08/2026 09:10:00;0,1586;0,1586;0,1585;0,1586
14/08/2026 09:15:00;0,1586;0,1588;0,1586;0,1588
14/08/2026 09:20:00;0,1588;0,159;0,1587;0,1589
14/08/2026 09:25:00;0,1589;0,1592;0,1589;0,1592
14/08/2026 09:30:00;0,1592;0,1593;0,1592;0,1593
14/08/2026 09:35:00;0,1593;0,1594;0,1592;0,1594
14/08/2026 09:40:00;0,1594;0,1595;0,1593;0,1594
14/08/2026 09:45:00;0,1594;0,1594;0,1592;0,1593
14/08/2026 09:50:00;0,1594;0,1594;0,1592;0,1592
14/08/2026 09:55:00;0,1592;0,1594;0,1592;0,1593
14/08/2026 10:00:00;0,1593;0,1596;0,1593;0,1595
14/08/2026 10:05:00;0,1595;0,1597;0,1595;0,1595
14/08/2026 10:10:00;0,1595;0,16;0,1595;0,1599
14/08/2026 10:15:00;0,1599;0,16;0,1599;0,16
14/08/2026 10:20:00;0,16;0,16;0,1596;0,1597
14/08/2026 10:25:00;0,1597;0,1599;0,1597;0,1598
14/08/2026 10:30:00;0,1598;0,1598;0,1596;0,1597
14/08/2026 10:35:00;0,1597;0,16;0,1596;0,1596
14/08/2026 10:40:00;0,1596;0,1598;0,1596;0,1597
14/08/2026 10:45:00;0,1597;0,16;0,1597;0,1599
14/08/2026 10:50:00;0,1599;0,16012;0,1598;0,1598
14/08/2026 10:55:00;0,1598;0,1598;0,1597;0,1598
14/08/2026 11:00:00;0,1598;0,16;0,1597;0,1597
14/08/2026 11:05:00;0,1597;0,16;0,1597;0,1598
14/08/2026 11:10:00;0,1598;0,1601;0,1598;0,1598
14/08/2026 11:15:00;0,1598;0,1598;0,1596;0,1597
14/08/2026 11:20:00;0,1596;0,1599;0,159531;0,1596
14/08/2026 11:25:00;0,1596;0,1602;0,1596;0,1601
14/08/2026 11:30:00;0,1601;0,160331;0,16;0,1603
14/08/2026 11:35:00;0,1603;0,1603;0,16;0,16
14/08/2026 11:40:00;0,16;0,1601;0,1599;0,1599
14/08/2026 11:45:00;0,1599;0,1602;0,1599;0,1601
14/08/2026 11:50:00;0,16;0,16;0,1599;0,1599
14/08/2026 11:55:00;0,1599;0,1599;0,159;0,1591
14/08/2026 12:00:00;0,1591;0,1591;0,1587;0,1587
14/08/2026 12:05:00;0,1587;0,1594;0,1587;0,1593
14/08/2026 12:10:00;0,1593;0,1596;0,1593;0,1593
14/08/2026 12:15:00;0,1593;0,1593;0,1591;0,1592
14/08/2026 12:20:00;0,1592;0,159757;0,1592;0,1596
14/08/2026 12:25:00;0,1597;0,1598;0,1594;0,1598
14/08/2026 12:30:00;0,1598;0,1598;0,1596;0,1597
14/08/2026 12:35:00;0,1597;0,1599;0,1594;0,1598
14/08/2026 12:40:00;0,1598;0,16;0,1596;0,16
14/08/2026 12:45:00;0,16;0,1603;0,16;0,16
14/08/2026 12:50:00;0,16;0,1602;0,1599;0,1602
14/08/2026 12:55:00;0,1603;0,160394;0,1602;0,1602
14/08/2026 13:00:00;0,1602;0,1605;0,1601;0,1601
14/08/2026 13:05:00;0,1601;0,160173;0,16;0,1601
14/08/2026 13:10:00;0,16;0,1603;0,16;0,1601
14/08/2026 13:15:00;0,1601;0,160159;0,16;0,16
14/08/2026 13:20:00;0,16;0,1603;0,1598;0,1603
14/08/2026 13:25:00;0,1603;0,1603;0,16;0,16
14/08/2026 13:30:00;0,16;0,1602;0,1599;0,1601
14/08/2026 13:35:00;0,1601;0,160163;0,159986;0,16
14/08/2026 13:40:00;0,16;0,16;0,1598;0,1599
14/08/2026 13:45:00;0,1599;0,1599;0,1596;0,1597
14/08/2026 13:50:00;0,1597;0,1598;0,1595;0,1596
14/08/2026 13:55:00;0,1596;0,15994;0,15951;0,1597
14/08/2026 14:00:00;0,1597;0,159821;0,1596;0,1597
14/08/2026 14:05:00;0,1597;0,159826;0,1597;0,159826
14/08/2026 14:10:00;0,159826;0,159826;0,1596;0,1598
14/08/2026 14:15:00;0,1598;0,1601;0,1598;0,16
14/08/2026 14:20:00;0,16;0,1604;0,16;0,1603
14/08/2026 14:25:00;0,1603;0,1603;0,16;0,16
14/08/2026 14:30:00;0,16;0,1603;0,16;0,1602
14/08/2026 14:35:00;0,1602;0,1602;0,1601;0,1601
14/08/2026 14:40:00;0,1601;0,160227;0,1599;0,16
14/08/2026 14:45:00;0,16;0,1601;0,16;0,1601
14/08/2026 14:50:00;0,1601;0,1601;0,1597;0,1597
14/08/2026 14:55:00;0,1597;0,1599;0,1596;0,1596
14/08/2026 15:00:00;0,1596;0,1599;0,1595;0,1599
14/08/2026 15:05:00;0,1599;0,1599;0,1598;0,1598
14/08/2026 15:10:00;0,1598;0,1598;0,1596;0,1596
14/08/2026 15:15:00;0,1596;0,1597;0,1596;0,1596
14/08/2026 15:20:00;0,1596;0,1597;0,1595;0,1596
14/08/2026 15:25:00;0,1596;0,1597;0,1594;0,1595
14/08/2026 15:30:00;0,1595;0,1595;0,159296;0,1593
14/08/2026 15:35:00;0,1593;0,1596;0,1592;0,1595
14/08/2026 15:40:00;0,1595;0,15954;0,1593;0,15952
14/08/2026 15:45:00;0,15952;0,159603;0,1593;0,1594
14/08/2026 15:50:00;0,1594;0,1594;0,159109;0,1592
14/08/2026 15:55:00;0,1592;0,159762;0,1591;0,15912
14/08/2026 16:00:00;0,15912;0,1592;0,158973;0,1592
14/08/2026 16:05:00;0,1592;0,1592;0,1588;0,1589
14/08/2026 16:10:00;0,1589;0,159;0,1588;0,1588
14/08/2026 16:15:00;0,1588;0,159;0,1587;0,1588
14/08/2026 16:20:00;0,1588;0,158996;0,1588;0,1588
14/08/2026 16:25:00;0,1588;0,159;0,15849;0,1588
14/08/2026 16:30:00;0,1588;0,159;0,1588;0,1589
14/08/2026 16:35:00;0,1589;0,159126;0,158;0,159
14/08/2026 16:40:00;0,159;0,1591;0,1589;0,159
14/08/2026 16:45:00;0,159;0,1592;0,159;0,1591
14/08/2026 16:50:00;0,1591;0,1592;0,15886;0,159
14/08/2026 16:55:00;0,159;0,1591;0,159;0,159
14/08/2026 17:00:00;0,159;0,1591;0,158897;0,158897
14/08/2026 17:05:00;0,158897;0,1593;0,1588;0,1592
14/08/2026 17:10:00;0,1592;0,159216;0,1589;0,159
14/08/2026 17:15:00;0,1589;0,159;0,155828;0,1589
14/08/2026 17:20:00;0,1589;0,1591;0,1589;0,1591
14/08/2026 17:25:00;0,1591;0,1591;0,159;0,159
14/08/2026 17:30:00;0,159;0,1591;0,159;0,1591
14/08/2026 17:35:00;0,1591;0,1591;0,159;0,159
14/08/2026 17:40:00;0,159;0,1591;0,159;0,159
14/08/2026 17:45:00;0,159;0,1591;0,1589;0,159
14/08/2026 17:50:00;0,159;0,1591;0,1589;0,159
14/08/2026 17:55:00;0,159;0,159;0,1588;0,1589
14/08/2026 18:00:00;0,1589;0,1589;0,1586;0,1588
14/08/2026 18:05:00;0,1588;0,1588;0,1584;0,1584
14/08/2026 18:10:00;0,1584;0,1585;0,1583;0,1584
14/08/2026 18:15:00;0,1584;0,1586;0,1583;0,1585
14/08/2026 18:20:00;0,1585;0,1587;0,1585;0,1587
14/08/2026 18:25:00;0,1587;0,1587;0,1585;0,1586
14/08/2026 18:30:00;0,1585;0,158729;0,1584;0,1584
14/08/2026 18:35:00;0,1584;0,1586;0,1584;0,1585
14/08/2026 18:40:00;0,1585;0,15861;0,1585;0,15861
14/08/2026 18:45:00;0,15861;0,15861;0,157999;0,1582
14/08/2026 18:50:00;0,1582;0,1583;0,15809;0,1581
14/08/2026 18:55:00;0,1581;0,1583;0,15799;0,1582
14/08/2026 19:00:00;0,1582;0,1584;0,1579;0,1579
14/08/2026 19:05:00;0,1579;0,1581;0,15789;0,158
14/08/2026 19:10:00;0,158;0,158;0,1568;0,1572
14/08/2026 19:15:00;0,1572;0,1572;0,1565;0,1567
14/08/2026 19:20:00;0,1566;0,1569;0,1564;0,1566
14/08/2026 19:25:00;0,1566;0,1567;0,1565;0,1566
14/08/2026 19:30:00;0,1566;0,1572;0,1566;0,1572
14/08/2026 19:35:00;0,1572;0,1573;0,1571;0,1573
14/08/2026 19:40:00;0,1573;0,1575;0,1573;0,1573
14/08/2026 19:45:00;0,1573;0,157426;0,157;0,157
14/08/2026 19:50:00;0,157;0,1571;0,1569;0,157
14/08/2026 19:55:00;0,157;0,157;0,156532;0,1568
14/08/2026 20:00:00;0,1568;0,157;0,1567;0,157
14/08/2026 20:05:00;0,157;0,157;0,1568;0,1569
14/08/2026 20:10:00;0,1569;0,1572;0,1569;0,1571
14/08/2026 20:15:00;0,1571;0,157344;0,1571;0,1572
14/08/2026 20:20:00;0,1572;0,15761;0,1572;0,15761
14/08/2026 20:25:00;0,15761;0,1578;0,1575;0,1578
14/08/2026 20:30:00;0,1578;0,1579;0,15769;0,1578
14/08/2026 20:35:00;0,1577;0,158;0,1577;0,158
14/08/2026 20:40:00;0,158;0,158068;0,1578;0,1578
14/08/2026 20:45:00;0,1578;0,15801;0,157752;0,1579
14/08/2026 20:50:00;0,1579;0,15831;0,15789;0,158
14/08/2026 20:55:00;0,158;0,1582;0,157949;0,1581
14/08/2026 21:00:00;0,1581;0,1582;0,158;0,1581
14/08/2026 21:05:00;0,1581;0,1589;0,1578;0,1578
14/08/2026 21:10:00;0,1578;0,158086;0,157635;0,157733
14/08/2026 21:15:00;0,157733;0,15851;0,157733;0,158501
14/08/2026 21:20:00;0,158501;0,158501;0,157969;0,158489
14/08/2026 21:25:00;0,158489;0,158489;0,1578;0,1579
14/08/2026 21:30:00;0,1579;0,158;0,15779;0,158
14/08/2026 21:35:00;0,158;0,1582;0,157763;0,1582
14/08/2026 21:40:00;0,1581;0,158201;0,157753;0,157753
14/08/2026 21:45:00;0,157753;0,158286;0,15769;0,158
14/08/2026 21:50:00;0,158;0,15822;0,157699;0,157699
14/08/2026 21:55:00;0,157699;0,1581;0,157699;0,1579
14/08/2026 22:00:00;0,1579;0,1582;0,1579;0,1579
14/08/2026 22:05:00;0,1579;0,157932;0,1577;0,1579
14/08/2026 22:10:00;0,1581;0,158208;0,1581;0,158208
14/08/2026 22:15:00;0,158208;0,158303;0,158;0,158
14/08/2026 22:20:00;0,158;0,1582;0,158;0,1581
14/08/2026 22:25:00;0,1581;0,15852;0,1581;0,1582
14/08/2026 22:30:00;0,1582;0,1584;0,1581;0,1584
14/08/2026 22:35:00;0,1584;0,1585;0,1584;0,1584
14/08/2026 22:40:00;0,1584;0,1584;0,1583;0,1584
14/08/2026 22:45:00;0,1582;0,1582;0,1581;0,1581
14/08/2026 22:50:00;0,1581;0,1585;0,1581;0,1584
14/08/2026 22:55:00;0,1584;0,1584;0,1583;0,1584
14/08/2026 23:00:00;0,1584;0,1587;0,1584;0,1586
14/08/2026 23:05:00;0,1586;0,1588;0,1586;0,1586
14/08/2026 23:10:00;0,1586;0,1588;0,1586;0,1588
14/08/2026 23:15:00;0,1588;0,1593;0,158743;0,1591
14/08/2026 23:20:00;0,1592;0,1594;0,1591;0,1594
14/08/2026 23:25:00;0,1594;0,1594;0,1592;0,1592
14/08/2026 23:30:00;0,1592;0,1594;0,1592;0,1593
14/08/2026 23:35:00;0,1593;0,1595;0,1591;0,1592
14/08/2026 23:40:00;0,1593;0,15932;0,159106;0,1592
14/08/2026 23:45:00;0,1592;0,1594;0,1591;0,1592
14/08/2026 23:50:00;0,1591;0,1593;0,1591;0,1593
14/08/2026 23:55:00;0,1592;0,15952;0,1592;0,1594
15/08/2026 00:00:00;0,1594;0,1595;0,15919;0,1592
15/08/2026 00:05:00;0,1593;0,159522;0,15917;0,1594
15/08/2026 00:10:00;0,1594;0,15952;0,1593;0,1594
15/08/2026 00:15:00;0,1594;0,15962;0,1593;0,1594
15/08/2026 00:20:00;0,1594;0,1595;0,1592;0,1592
15/08/2026 00:25:00;0,1592;0,1593;0,159;0,1591
15/08/2026 00:30:00;0,1591;0,1593;0,1591;0,1592
15/08/2026 00:35:00;0,1591;0,1592;0,1588;0,1589
15/08/2026 00:40:00;0,1589;0,1591;0,1589;0,1589
15/08/2026 00:45:00;0,1589;0,159;0,1589;0,159
15/08/2026 00:50:00;0,159;0,159;0,158873;0,159
15/08/2026 00:55:00;0,159;0,159;0,1588;0,1588
15/08/2026 01:00:00;0,1588;0,15901;0,1588;0,1589
15/08/2026 01:05:00;0,1589;0,1589;0,1588;0,1589
15/08/2026 01:10:00;0,1589;0,1591;0,1589;0,159
15/08/2026 01:15:00;0,159;0,159274;0,159;0,1591
15/08/2026 01:20:00;0,1592;0,15932;0,1591;0,15932
15/08/2026 01:25:00;0,15932;0,1595;0,1593;0,1594
15/08/2026 01:30:00;0,1594;0,1594;0,1591;0,1591
15/08/2026 01:35:00;0,1591;0,1593;0,1591;0,1593
15/08/2026 01:40:00;0,1593;0,1594;0,15916;0,1593
15/08/2026 01:45:00;0,1593;0,1594;0,15919;0,15919
15/08/2026 01:50:00;0,15919;0,1593;0,15919;0,1592
15/08/2026 01:55:00;0,1592;0,1593;0,1592;0,1592
15/08/2026 02:00:00;0,1592;0,15942;0,1592;0,1592
15/08/2026 02:05:00;0,1592;0,15943;0,1592;0,15943
15/08/2026 02:10:00;0,15943;0,15943;0,1592;0,1592
15/08/2026 02:15:00;0,1592;0,1593;0,1589;0,1589
15/08/2026 02:20:00;0,1589;0,1591;0,1588;0,1588
15/08/2026 02:25:00;0,1588;0,15952;0,1588;0,15952
15/08/2026 02:30:00;0,15952;0,159554;0,1592;0,1592
15/08/2026 02:35:00;0,1592;0,1592;0,1589;0,1589
15/08/2026 02:40:00;0,1589;0,1592;0,15889;0,1591
15/08/2026 02:45:00;0,1591;0,1593;0,1591;0,1591
15/08/2026 02:50:00;0,1592;0,1592;0,1591;0,1591
15/08/2026 02:55:00;0,1591;0,1591;0,15895;0,15895
15/08/2026 03:00:00;0,15895;0,1592;0,158805;0,159
15/08/2026 03:05:00;0,159;0,1592;0,159;0,1592
15/08/2026 03:10:00;0,1592;0,15931;0,1592;0,15931
15/08/2026 03:15:00;0,15931;0,15931;0,159156;0,1592
15/08/2026 03:20:00;0,1592;0,1593;0,1591;0,1591
15/08/2026 03:25:00;0,1591;0,1592;0,1589;0,1589
15/08/2026 03:30:00;0,1589;0,1591;0,1589;0,1589
15/08/2026 03:35:00;0,1589;0,1591;0,1589;0,159
15/08/2026 03:40:00;0,159;0,159;0,1589;0,159
15/08/2026 03:45:00;0,1589;0,159;0,1589;0,1589
15/08/2026 03:50:00;0,1589;0,159;0,1588;0,1589
15/08/2026 03:55:00;0,1589;0,1589;0,158693;0,158693
15/08/2026 04:00:00;0,158694;0,1588;0,1586;0,1586
15/08/2026 04:05:00;0,1586;0,1587;0,158553;0,158553
15/08/2026 04:10:00;0,158553;0,1587;0,158553;0,1587
15/08/2026 04:15:00;0,1587;0,1588;0,1585;0,1585
15/08/2026 04:20:00;0,1585;0,1587;0,1585;0,1586
15/08/2026 04:25:00;0,1586;0,15862;0,1585;0,1585
15/08/2026 04:30:00;0,1585;0,1586;0,1584;0,1586
15/08/2026 04:35:00;0,1586;0,1586;0,1584;0,1584
15/08/2026 04:40:00;0,1584;0,1585;0,1582;0,1582
15/08/2026 04:45:00;0,1582;0,1583;0,1581;0,1581
15/08/2026 04:50:00;0,1581;0,1583;0,1581;0,1582
15/08/2026 04:55:00;0,1582;0,1582;0,1581;0,1581
15/08/2026 05:00:00;0,1581;0,15831;0,1581;0,1583
15/08/2026 05:05:00;0,1582;0,1582;0,1581;0,1581
15/08/2026 05:10:00;0,1581;0,1583;0,1581;0,1582
15/08/2026 05:15:00;0,1582;0,1583;0,1582;0,1582
15/08/2026 05:20:00;0,1582;0,1584;0,1582;0,1583
15/08/2026 05:25:00;0,1583;0,1584;0,1583;0,1583
15/08/2026 05:30:00;0,1583;0,1584;0,1582;0,1583
15/08/2026 05:35:00;0,1583;0,15831;0,15809;0,1581
15/08/2026 05:40:00;0,1581;0,15821;0,1581;0,1582
15/08/2026 05:45:00;0,1582;0,1583;0,1581;0,1582
15/08/2026 05:50:00;0,1582;0,1582;0,1581;0,1581
15/08/2026 05:55:00;0,1581;0,1581;0,158;0,1581
15/08/2026 06:00:00;0,1581;0,1582;0,158;0,1581
15/08/2026 06:05:00;0,158;0,1582;0,158;0,1582
15/08/2026 06:10:00;0,1582;0,1583;0,1582;0,1582
15/08/2026 06:15:00;0,1582;0,15831;0,158131;0,1582
15/08/2026 06:20:00;0,1582;0,1583;0,1582;0,1582
15/08/2026 06:25:00;0,1582;0,1583;0,1582;0,1582
15/08/2026 06:30:00;0,1582;0,1584;0,1582;0,1583
15/08/2026 06:35:00;0,1583;0,1584;0,1583;0,1583
15/08/2026 06:40:00;0,1583;0,1583;0,15808;0,1582
15/08/2026 06:45:00;0,1583;0,1583;0,1582;0,1582
15/08/2026 06:50:00;0,1582;0,1583;0,1581;0,1582
15/08/2026 06:55:00;0,1583;0,1584;0,15807;0,1583
15/08/2026 07:00:00;0,1583;0,15841;0,15819;0,1582
15/08/2026 07:05:00;0,1582;0,15841;0,1582;0,1584
15/08/2026 07:10:00;0,1584;0,1585;0,1584;0,1585
15/08/2026 07:15:00;0,1585;0,1585;0,1583;0,1583
15/08/2026 07:20:00;0,1583;0,1585;0,1583;0,1584
15/08/2026 07:25:00;0,1584;0,1585;0,1584;0,1584
15/08/2026 07:30:00;0,1584;0,158432;0,158299;0,1583
15/08/2026 07:35:00;0,1583;0,15831;0,1582;0,1582
15/08/2026 07:40:00;0,1583;0,1584;0,1583;0,1583
15/08/2026 07:45:00;0,1583;0,1584;0,1582;0,1582
15/08/2026 07:50:00;0,1582;0,1583;0,1582;0,1582
15/08/2026 07:55:00;0,1582;0,158363;0,158189;0,1583
15/08/2026 08:00:00;0,1583;0,1583;0,1582;0,1582
15/08/2026 08:05:00;0,1582;0,1584;0,1582;0,1584
15/08/2026 08:10:00;0,1584;0,158493;0,15804;0,1583
15/08/2026 08:15:00;0,1583;0,1584;0,1582;0,1582
15/08/2026 08:20:00;0,1583;0,1583;0,1582;0,1582
15/08/2026 08:25:00;0,1583;0,1583;0,1581;0,1581
15/08/2026 08:30:00;0,1581;0,15819;0,158;0,158
15/08/2026 08:35:00;0,158;0,1581;0,1579;0,1581
15/08/2026 08:40:00;0,1581;0,1581;0,158;0,158
15/08/2026 08:45:00;0,158;0,1581;0,1579;0,1579
15/08/2026 08:50:00;0,1579;0,158;0,1578;0,1579
15/08/2026 08:55:00;0,1579;0,158;0,1579;0,1579
15/08/2026 09:00:00;0,1579;0,158;0,1579;0,1579
15/08/2026 09:05:00;0,158;0,158;0,15789;0,1579
15/08/2026 09:10:00;0,1579;0,1579;0,1577;0,1578
15/08/2026 09:15:00;0,1578;0,1578;0,1578;0,1578
15/08/2026 09:20:00;0,1578;0,158;0,1578;0,1578
15/08/2026 09:25:00;0,1578;0,158;0,1578;0,1579
15/08/2026 09:30:00;0,1579;0,158;0,1579;0,158
15/08/2026 09:35:00;0,158;0,15811;0,1579;0,15811
15/08/2026 09:40:00;0,15811;0,15811;0,1579;0,1579
15/08/2026 09:45:00;0,1579;0,158;0,1579;0,1579
15/08/2026 09:50:00;0,1579;0,1579;0,1578;0,1578
15/08/2026 09:55:00;0,1579;0,158171;0,157798;0,1581
15/08/2026 10:00:00;0,1581;0,1581;0,1579;0,158
15/08/2026 10:05:00;0,158;0,158201;0,158;0,158201
15/08/2026 10:10:00;0,158201;0,158201;0,15799;0,1581
15/08/2026 10:15:00;0,1581;0,1581;0,1579;0,1579
15/08/2026 10:20:00;0,1579;0,1579;0,1578;0,1579
15/08/2026 10:25:00;0,1579;0,158;0,1579;0,1579
15/08/2026 10:30:00;0,1579;0,1579;0,15779;0,1578
15/08/2026 10:35:00;0,1578;0,158;0,1578;0,1578
15/08/2026 10:40:00;0,1578;0,158;0,1578;0,1578
15/08/2026 10:45:00;0,1578;0,158;0,1578;0,1578
15/08/2026 10:50:00;0,1578;0,158074;0,15779;0,1579
15/08/2026 10:55:00;0,1579;0,158;0,1579;0,1579
15/08/2026 11:00:00;0,1579;0,1581;0,1577;0,1577
15/08/2026 11:05:00;0,1577;0,1579;0,1577;0,1578
15/08/2026 11:10:00;0,1578;0,158075;0,1578;0,1578
15/08/2026 11:15:00;0,1578;0,158;0,1577;0,1577
15/08/2026 11:20:00;0,1577;0,1579;0,1577;0,1578
15/08/2026 11:25:00;0,1577;0,1578;0,1577;0,1577
15/08/2026 11:30:00;0,1577;0,1578;0,1577;0,1577
15/08/2026 11:35:00;0,1577;0,1579;0,1577;0,1578
15/08/2026 11:40:00;0,1578;0,158054;0,1578;0,158
15/08/2026 11:45:00;0,1579;0,1581;0,15779;0,1581
15/08/2026 11:50:00;0,1581;0,15811;0,158;0,15811
15/08/2026 11:55:00;0,15811;0,1584;0,158;0,1582
15/08/2026 12:00:00;0,1582;0,1585;0,15819;0,1584
15/08/2026 12:05:00;0,1584;0,1585;0,1584;0,1585
15/08/2026 12:10:00;0,1586;0,1588;0,1585;0,1586
15/08/2026 12:15:00;0,1586;0,1588;0,1586;0,1587
15/08/2026 12:20:00;0,1585;0,1586;0,158174;0,1583
15/08/2026 12:25:00;0,1583;0,1586;0,1583;0,1585
15/08/2026 12:30:00;0,1586;0,1587;0,158331;0,1585
15/08/2026 12:35:00;0,1585;0,1587;0,1585;0,1586
15/08/2026 12:40:00;0,1586;0,1586;0,1584;0,1584
15/08/2026 12:45:00;0,1584;0,1586;0,1584;0,1586
15/08/2026 12:50:00;0,1586;0,1586;0,1585;0,1585
15/08/2026 12:55:00;0,1585;0,1588;0,1585;0,1588
15/08/2026 13:00:00;0,1588;0,1588;0,1585;0,1585
15/08/2026 13:05:00;0,1585;0,1587;0,1585;0,1587
15/08/2026 13:10:00;0,1587;0,1589;0,1587;0,1587
15/08/2026 13:15:00;0,1587;0,1588;0,1587;0,15875
15/08/2026 13:20:00;0,15875;0,1589;0,1587;0,1589
15/08/2026 13:25:00;0,1589;0,15903;0,15888;0,15903
15/08/2026 13:30:00;0,15903;0,159082;0,1586;0,1586
15/08/2026 13:35:00;0,1586;0,1589;0,15856;0,15856
15/08/2026 13:40:00;0,15856;0,159;0,15856;0,1588
15/08/2026 13:45:00;0,1588;0,158978;0,1588;0,158978
15/08/2026 13:50:00;0,158978;0,159;0,15873;0,15873
15/08/2026 13:55:00;0,15873;0,159103;0,15873;0,1591
15/08/2026 14:00:00;0,159;0,159273;0,158979;0,1591
15/08/2026 14:05:00;0,1591;0,1593;0,1591;0,1592
15/08/2026 14:10:00;0,1592;0,1595;0,1592;0,1595
15/08/2026 14:15:00;0,1595;0,15991;0,1595;0,1596
15/08/2026 14:20:00;0,1596;0,1596;0,1592;0,1594
15/08/2026 14:25:00;0,1594;0,1594;0,1591;0,1592
15/08/2026 14:30:00;0,1592;0,1593;0,1591;0,1592
15/08/2026 14:35:00;0,1592;0,1592;0,1591;0,1592
15/08/2026 14:40:00;0,1592;0,1592;0,1591;0,1592
15/08/2026 14:45:00;0,1591;0,1591;0,1591;0,1591
15/08/2026 14:50:00;0,1591;0,1592;0,1591;0,1591
15/08/2026 14:55:00;0,1591;0,159357;0,15909;0,1593
15/08/2026 15:00:00;0,1593;0,1593;0,1591;0,1593
15/08/2026 15:05:00;0,1593;0,1593;0,159049;0,1591
15/08/2026 15:10:00;0,1591;0,1592;0,15898;0,159
15/08/2026 15:15:00;0,159;0,1591;0,158713;0,1588
15/08/2026 15:20:00;0,1588;0,1589;0,1587;0,1589
15/08/2026 15:25:00;0,1588;0,1589;0,158637;0,1587
15/08/2026 15:30:00;0,1588;0,1588;0,1587;0,1588
15/08/2026 15:35:00;0,1588;0,1589;0,15869;0,15869
15/08/2026 15:40:00;0,15869;0,1588;0,15869;0,1588
15/08/2026 15:45:00;0,1587;0,1587;0,1586;0,1586
15/08/2026 15:50:00;0,1586;0,1586;0,1584;0,1585
15/08/2026 15:55:00;0,1585;0,1585;0,1584;0,1584
15/08/2026 16:00:00;0,1584;0,1587;0,1584;0,1587
15/08/2026 16:05:00;0,1587;0,1587;0,1585;0,1585
15/08/2026 16:10:00;0,1585;0,1586;0,1584;0,1585
15/08/2026 16:15:00;0,1584;0,1585;0,158253;0,1584
15/08/2026 16:20:00;0,1584;0,1585;0,1583;0,1584
15/08/2026 16:25:00;0,1584;0,15861;0,1582;0,1582
15/08/2026 16:30:00;0,1582;0,1583;0,1578;0,1578
15/08/2026 16:35:00;0,1578;0,158;0,1578;0,1579
15/08/2026 16:40:00;0,1579;0,158;0,1578;0,1579
15/08/2026 16:45:00;0,1579;0,1581;0,1579;0,1581
15/08/2026 16:50:00;0,1581;0,1581;0,158;0,1581
15/08/2026 16:55:00;0,1581;0,1581;0,1579;0,158
15/08/2026 17:00:00;0,158;0,158;0,1579;0,158
15/08/2026 17:05:00;0,1579;0,1579;0,1579;0,1579
15/08/2026 17:10:00;0,1579;0,158;0,1579;0,1579
15/08/2026 17:15:00;0,1579;0,1581;0,1578;0,158
15/08/2026 17:20:00;0,1581;0,1581;0,1577;0,1578
15/08/2026 17:25:00;0,1578;0,1578;0,157612;0,1577
15/08/2026 17:30:00;0,1578;0,1578;0,15769;0,1577
15/08/2026 17:35:00;0,1577;0,1577;0,157552;0,1577
15/08/2026 17:40:00;0,1578;0,1579;0,1577;0,1577
15/08/2026 17:45:00;0,1578;0,158;0,1577;0,1579
15/08/2026 17:50:00;0,1579;0,158;0,15788;0,1579
15/08/2026 17:55:00;0,1579;0,158035;0,1579;0,1579
15/08/2026 18:00:00;0,1579;0,158;0,1579;0,1579
15/08/2026 18:05:00;0,1579;0,1581;0,1578;0,1581
15/08/2026 18:10:00;0,1581;0,1583;0,158;0,1582
15/08/2026 18:15:00;0,1582;0,158288;0,1581;0,1581
15/08/2026 18:20:00;0,1581;0,1582;0,158;0,1581
15/08/2026 18:25:00;0,1583;0,158586;0,1582;0,1585
15/08/2026 18:30:00;0,1585;0,1586;0,1584;0,1585
15/08/2026 18:35:00;0,1585;0,1589;0,1585;0,1588
15/08/2026 18:40:00;0,1588;0,1589;0,1588;0,1589
15/08/2026 18:45:00;0,1589;0,158932;0,158737;0,1588
15/08/2026 18:50:00;0,1589;0,15911;0,1586;0,1586
15/08/2026 18:55:00;0,1586;0,1587;0,1584;0,1585
15/08/2026 19:00:00;0,1585;0,1588;0,1585;0,1586
15/08/2026 19:05:00;0,1586;0,1586;0,1585;0,1585
15/08/2026 19:10:00;0,1585;0,1587;0,1585;0,1587
15/08/2026 19:15:00;0,1587;0,1587;0,15845;0,1586
15/08/2026 19:20:00;0,1586;0,1587;0,1586;0,1586
15/08/2026 19:25:00;0,1586;0,1586;0,1585;0,1585
15/08/2026 19:30:00;0,1585;0,1588;0,1585;0,1587
15/08/2026 19:35:00;0,1587;0,1587;0,1585;0,1585
15/08/2026 19:40:00;0,1585;0,1586;0,1585;0,1585
15/08/2026 19:45:00;0,1585;0,1586;0,1585;0,1585
15/08/2026 19:50:00;0,1586;0,1586;0,1584;0,1584
15/08/2026 19:55:00;0,1585;0,158594;0,1583;0,1584
15/08/2026 20:00:00;0,1585;0,1585;0,15828;0,1583
15/08/2026 20:05:00;0,1583;0,1584;0,1583;0,1583
15/08/2026 20:10:00;0,1583;0,1583;0,1582;0,1582
15/08/2026 20:15:00;0,1582;0,1583;0,158;0,158
15/08/2026 20:20:00;0,158;0,158;0,1579;0,1579
15/08/2026 20:25:00;0,1579;0,15801;0,157837;0,1579
15/08/2026 20:30:00;0,1579;0,1579;0,15768;0,15768
15/08/2026 20:35:00;0,15768;0,158;0,15768;0,158
15/08/2026 20:40:00;0,158;0,158;0,1579;0,1579
15/08/2026 20:45:00;0,1579;0,158;0,15789;0,1579
15/08/2026 20:50:00;0,1579;0,158;0,1579;0,158
15/08/2026 20:55:00;0,158;0,1581;0,158;0,158
15/08/2026 21:00:00;0,1581;0,15811;0,1578;0,158
15/08/2026 21:05:00;0,158;0,158;0,15776;0,15779
15/08/2026 21:10:00;0,15779;0,158;0,1577;0,1577
15/08/2026 21:15:00;0,1577;0,157834;0,1577;0,15773
15/08/2026 21:20:00;0,15773;0,15783;0,1576;0,1576
15/08/2026 21:25:00;0,1576;0,1579;0,15754;0,15754
15/08/2026 21:30:00;0,15754;0,1578;0,1575;0,1576
15/08/2026 21:35:00;0,1576;0,1577;0,1575;0,1575
15/08/2026 21:40:00;0,1575;0,1576;0,157283;0,157283
15/08/2026 21:45:00;0,157283;0,15771;0,157283;0,1575
15/08/2026 21:50:00;0,1574;0,1576;0,1574;0,1575
15/08/2026 21:55:00;0,1575;0,1577;0,1575;0,1575
15/08/2026 22:00:00;0,1575;0,157756;0,15749;0,1577
15/08/2026 22:05:00;0,1576;0,1577;0,157337;0,1574
15/08/2026 22:10:00;0,1574;0,1576;0,1574;0,1575
15/08/2026 22:15:00;0,1575;0,1575;0,1574;0,1575
15/08/2026 22:20:00;0,1575;0,1576;0,1574;0,1574
15/08/2026 22:25:00;0,1574;0,1574;0,1569;0,1569
15/08/2026 22:30:00;0,1569;0,157;0,1568;0,1568
15/08/2026 22:35:00;0,1568;0,1568;0,1567;0,1567
15/08/2026 22:40:00;0,1568;0,1572;0,1568;0,1572
15/08/2026 22:45:00;0,1572;0,1572;0,157;0,1571
15/08/2026 22:50:00;0,1571;0,1572;0,157;0,157
15/08/2026 22:55:00;0,157;0,1572;0,157;0,1572
15/08/2026 23:00:00;0,1572;0,1572;0,1569;0,1569
15/08/2026 23:05:00;0,1569;0,157;0,1569;0,1569
15/08/2026 23:10:00;0,1569;0,1569;0,1568;0,1568
15/08/2026 23:15:00;0,1568;0,1568;0,1567;0,1568
15/08/2026 23:20:00;0,1568;0,157;0,1567;0,1568
15/08/2026 23:25:00;0,1568;0,1571;0,1568;0,157
15/08/2026 23:30:00;0,157;0,1571;0,157;0,1571
15/08/2026 23:35:00;0,157;0,1571;0,1569;0,1569
15/08/2026 23:40:00;0,1569;0,1571;0,1569;0,1571
15/08/2026 23:45:00;0,1571;0,1571;0,157;0,157
15/08/2026 23:50:00;0,157;0,1572;0,1569;0,157
15/08/2026 23:55:00;0,157;0,1571;0,157;0,157
16/08/2026 00:00:00;0,157;0,1573;0,1569;0,1573
16/08/2026 00:05:00;0,1573;0,1573;0,1571;0,1571
16/08/2026 00:10:00;0,1571;0,1572;0,157;0,1571
16/08/2026 00:15:00;0,157;0,1572;0,157;0,157
16/08/2026 00:20:00;0,157;0,1571;0,156975;0,157
16/08/2026 00:25:00;0,157;0,1571;0,157;0,157
16/08/2026 00:30:00;0,157;0,1572;0,157;0,1571
16/08/2026 00:35:00;0,1571;0,157223;0,1571;0,1571
16/08/2026 00:40:00;0,1571;0,1571;0,157;0,157
16/08/2026 00:45:00;0,157;0,1571;0,1569;0,1569
16/08/2026 00:50:00;0,1569;0,1569;0,1568;0,1568
16/08/2026 00:55:00;0,1568;0,1569;0,15674;0,15674
16/08/2026 01:00:00;0,15674;0,157;0,156719;0,157
16/08/2026 01:05:00;0,157;0,157;0,1568;0,1568
16/08/2026 01:10:00;0,1569;0,1569;0,1568;0,1568
16/08/2026 01:15:00;0,1568;0,1569;0,1568;0,1568
16/08/2026 01:20:00;0,1569;0,157;0,1569;0,157
16/08/2026 01:25:00;0,157;0,157;0,15688;0,1569
16/08/2026 01:30:00;0,1569;0,1569;0,1568;0,1568
16/08/2026 01:35:00;0,1568;0,1568;0,1567;0,1567
16/08/2026 01:40:00;0,1567;0,1569;0,1567;0,1568
16/08/2026 01:45:00;0,1568;0,1569;0,1568;0,1568
16/08/2026 01:50:00;0,1568;0,1569;0,1567;0,1568
16/08/2026 01:55:00;0,1568;0,1569;0,1567;0,1568
16/08/2026 02:00:00;0,1568;0,15702;0,1567;0,1569
16/08/2026 02:05:00;0,1569;0,15712;0,15682;0,15682
16/08/2026 02:10:00;0,15682;0,157;0,15682;0,1569
16/08/2026 02:15:00;0,1569;0,157;0,1567;0,1567
16/08/2026 02:20:00;0,1567;0,1569;0,1567;0,1568
16/08/2026 02:25:00;0,1568;0,1568;0,15655;0,15655
16/08/2026 02:30:00;0,15655;0,1569;0,15655;0,1568
16/08/2026 02:35:00;0,1568;0,1569;0,1568;0,1568
16/08/2026 02:40:00;0,1568;0,1569;0,1567;0,1567
16/08/2026 02:45:00;0,1567;0,1568;0,1567;0,1567
16/08/2026 02:50:00;0,1567;0,1568;0,1566;0,1567
16/08/2026 02:55:00;0,1567;0,156932;0,15661;0,1568
16/08/2026 03:00:00;0,1568;0,1569;0,1567;0,1568
16/08/2026 03:05:00;0,1569;0,1569;0,1568;0,1569
16/08/2026 03:10:00;0,1569;0,157;0,1568;0,1568
16/08/2026 03:15:00;0,1568;0,1568;0,1567;0,1568
16/08/2026 03:20:00;0,1568;0,1568;0,1566;0,1566
16/08/2026 03:25:00;0,1566;0,1568;0,1566;0,1568
16/08/2026 03:30:00;0,1567;0,1568;0,1567;0,1568
16/08/2026 03:35:00;0,1568;0,1568;0,1567;0,1568
16/08/2026 03:40:00;0,1568;0,1569;0,1568;0,1568
16/08/2026 03:45:00;0,1568;0,157;0,1568;0,1569
16/08/2026 03:50:00;0,1569;0,1569;0,1568;0,1568
16/08/2026 03:55:00;0,1568;0,1569;0,1568;0,1568
16/08/2026 04:00:00;0,1568;0,1569;0,1567;0,1567
16/08/2026 04:05:00;0,1567;0,1569;0,1567;0,1568
16/08/2026 04:10:00;0,1568;0,157;0,1568;0,1569
16/08/2026 04:15:00;0,1569;0,1571;0,1569;0,157
16/08/2026 04:20:00;0,1569;0,157;0,1569;0,1569
16/08/2026 04:25:00;0,1569;0,157;0,1569;0,1569
16/08/2026 04:30:00;0,1569;0,157;0,1569;0,1569
16/08/2026 04:35:00;0,1569;0,1569;0,1568;0,1568
16/08/2026 04:40:00;0,1568;0,157;0,1568;0,1569
16/08/2026 04:45:00;0,1569;0,157;0,1568;0,1568
16/08/2026 04:50:00;0,1568;0,1568;0,1568;0,1568
16/08/2026 04:55:00;0,1568;0,157;0,1568;0,1568
16/08/2026 05:00:00;0,1568;0,15703;0,1568;0,1569
16/08/2026 05:05:00;0,1569;0,157;0,1568;0,1569
16/08/2026 05:10:00;0,1569;0,1569;0,1568;0,1568
16/08/2026 05:15:00;0,1568;0,1569;0,1568;0,1569
16/08/2026 05:20:00;0,1568;0,1569;0,1568;0,1568
16/08/2026 05:25:00;0,1568;0,1571;0,1568;0,1571
16/08/2026 05:30:00;0,1571;0,1571;0,1569;0,157
16/08/2026 05:35:00;0,157;0,1571;0,1569;0,157
16/08/2026 05:40:00;0,157;0,157;0,1569;0,1569
16/08/2026 05:45:00;0,1569;0,157;0,1569;0,1569
16/08/2026 05:50:00;0,1569;0,1572;0,1569;0,1571
16/08/2026 05:55:00;0,1571;0,1573;0,1571;0,1571
16/08/2026 06:00:00;0,1571;0,1573;0,1571;0,1573
16/08/2026 06:05:00;0,1572;0,15734;0,1571;0,1571
16/08/2026 06:10:00;0,1571;0,1572;0,157;0,1571
16/08/2026 06:15:00;0,1571;0,1572;0,1571;0,1571
16/08/2026 06:20:00;0,1572;0,1572;0,1569;0,157
16/08/2026 06:25:00;0,157;0,1571;0,157;0,157
16/08/2026 06:30:00;0,157;0,1572;0,157;0,157
16/08/2026 06:35:00;0,157;0,1571;0,157;0,157
16/08/2026 06:40:00;0,157;0,157;0,1569;0,1569
16/08/2026 06:45:00;0,1569;0,1572;0,1569;0,1571
16/08/2026 06:50:00;0,1571;0,1573;0,1571;0,1572
16/08/2026 06:55:00;0,1571;0,1572;0,157;0,157
16/08/2026 07:00:00;0,157;0,15711;0,1568;0,1568
16/08/2026 07:05:00;0,1568;0,157;0,1568;0,1569
16/08/2026 07:10:00;0,1569;0,157;0,1568;0,1568
16/08/2026 07:15:00;0,1568;0,1569;0,1568;0,1568
16/08/2026 07:20:00;0,1568;0,1569;0,1568;0,1568
16/08/2026 07:25:00;0,1568;0,157;0,15679;0,157
16/08/2026 07:30:00;0,157;0,157019;0,1568;0,1568
16/08/2026 07:35:00;0,1569;0,157073;0,1569;0,1569
16/08/2026 07:40:00;0,1569;0,1569;0,1567;0,1568
16/08/2026 07:45:00;0,1568;0,1569;0,1568;0,1568
16/08/2026 07:50:00;0,1568;0,1569;0,156724;0,15678
16/08/2026 07:55:00;0,15678;0,1569;0,15678;0,1568
16/08/2026 08:00:00;0,1568;0,1571;0,1568;0,157
16/08/2026 08:05:00;0,1571;0,15711;0,1569;0,15711
16/08/2026 08:10:00;0,15711;0,1572;0,1569;0,1571
16/08/2026 08:15:00;0,1571;0,1573;0,1571;0,1571
16/08/2026 08:20:00;0,1571;0,1571;0,157;0,157
16/08/2026 08:25:00;0,1571;0,1573;0,157;0,1573
16/08/2026 08:30:00;0,1573;0,1573;0,15709;0,1571
16/08/2026 08:35:00;0,1571;0,1571;0,157;0,157
16/08/2026 08:40:00;0,157;0,1571;0,156949;0,157
16/08/2026 08:45:00;0,157;0,1571;0,156906;0,157
16/08/2026 08:50:00;0,157;0,157;0,1569;0,157
16/08/2026 08:55:00;0,157;0,157;0,1569;0,1569
16/08/2026 09:00:00;0,1569;0,157;0,1569;0,1569
16/08/2026 09:05:00;0,1569;0,157;0,1569;0,1569
16/08/2026 09:10:00;0,1569;0,157;0,1569;0,1569
16/08/2026 09:15:00;0,1569;0,157;0,1569;0,1569
16/08/2026 09:20:00;0,1569;0,157135;0,1569;0,157
16/08/2026 09:25:00;0,157;0,1571;0,157;0,157
16/08/2026 09:30:00;0,157;0,1571;0,1569;0,1569
16/08/2026 09:35:00;0,1569;0,157;0,1568;0,1568
16/08/2026 09:40:00;0,1568;0,156901;0,1568;0,156901
16/08/2026 09:45:00;0,156901;0,15701;0,156738;0,157
16/08/2026 09:50:00;0,1569;0,157;0,1569;0,1569
16/08/2026 09:55:00;0,1569;0,157;0,1569;0,1569
16/08/2026 10:00:00;0,1569;0,157194;0,1569;0,157
16/08/2026 10:05:00;0,157;0,1571;0,15689;0,1571
16/08/2026 10:10:00;0,1571;0,1572;0,1571;0,1571
16/08/2026 10:15:00;0,157;0,1572;0,157;0,1572
16/08/2026 10:20:00;0,1572;0,1572;0,15698;0,157
16/08/2026 10:25:00;0,157;0,1571;0,1569;0,1569
16/08/2026 10:30:00;0,1569;0,1571;0,15689;0,157
16/08/2026 10:35:00;0,157;0,1571;0,157;0,1571
16/08/2026 10:40:00;0,1571;0,157179;0,157;0,1571
16/08/2026 10:45:00;0,157;0,1572;0,156887;0,1572
16/08/2026 10:50:00;0,1572;0,1572;0,1571;0,1571
16/08/2026 10:55:00;0,1571;0,15731;0,1571;0,15731
16/08/2026 11:00:00;0,15731;0,15731;0,1572;0,1572
16/08/2026 11:05:00;0,1572;0,1572;0,15708;0,1571
16/08/2026 11:10:00;0,1571;0,1572;0,1571;0,1572
16/08/2026 11:15:00;0,1572;0,1573;0,1571;0,1573
16/08/2026 11:20:00;0,1573;0,157373;0,157053;0,1572
16/08/2026 11:25:00;0,1572;0,1572;0,1571;0,1571
16/08/2026 11:30:00;0,1571;0,157389;0,1571;0,1571
16/08/2026 11:35:00;0,1571;0,1573;0,15709;0,1571
16/08/2026 11:40:00;0,1571;0,1573;0,1571;0,1572
16/08/2026 11:45:00;0,1572;0,15731;0,1572;0,1573
16/08/2026 11:50:00;0,1572;0,1573;0,1572;0,1572
16/08/2026 11:55:00;0,1572;0,157398;0,1572;0,1572
16/08/2026 12:00:00;0,1572;0,157801;0,1572;0,157801
16/08/2026 12:05:00;0,157801;0,157871;0,1576;0,1576
16/08/2026 12:10:00;0,1576;0,1578;0,1576;0,1576
16/08/2026 12:15:00;0,1576;0,1577;0,1576;0,1577
16/08/2026 12:20:00;0,1577;0,1578;0,157389;0,1576
16/08/2026 12:25:00;0,1576;0,1578;0,1576;0,1577
16/08/2026 12:30:00;0,1577;0,1578;0,1577;0,1577
16/08/2026 12:35:00;0,1577;0,158;0,1577;0,1579
16/08/2026 12:40:00;0,1579;0,1579;0,1578;0,1578
16/08/2026 12:45:00;0,1578;0,1582;0,1578;0,158101
16/08/2026 12:50:00;0,158101;0,1582;0,158;0,158
16/08/2026 12:55:00;0,158;0,1581;0,1579;0,1579
16/08/2026 13:00:00;0,1579;0,1581;0,1579;0,1581
16/08/2026 13:05:00;0,1581;0,1582;0,15799;0,15799
16/08/2026 13:10:00;0,15799;0,1584;0,15799;0,1582
16/08/2026 13:15:00;0,1582;0,1588;0,1582;0,1588
16/08/2026 13:20:00;0,1588;0,1592;0,1587;0,1591
16/08/2026 13:25:00;0,1591;0,1594;0,159;0,1594
16/08/2026 13:30:00;0,1593;0,1598;0,1593;0,1594
16/08/2026 13:35:00;0,1594;0,1597;0,1592;0,1592
16/08/2026 13:40:00;0,1592;0,1592;0,15879;0,1589
16/08/2026 13:45:00;0,1589;0,159363;0,1589;0,1593
16/08/2026 13:50:00;0,1593;0,1593;0,1589;0,1592
16/08/2026 13:55:00;0,1592;0,1593;0,1589;0,1591
16/08/2026 14:00:00;0,1591;0,1592;0,15869;0,15869
16/08/2026 14:05:00;0,15869;0,1589;0,15869;0,1587
16/08/2026 14:10:00;0,1587;0,1589;0,15859;0,1586
16/08/2026 14:15:00;0,1586;0,1586;0,1583;0,1583
16/08/2026 14:20:00;0,1583;0,1585;0,1582;0,1582
16/08/2026 14:25:00;0,1582;0,1582;0,15809;0,15809
16/08/2026 14:30:00;0,15809;0,1581;0,1578;0,1578
16/08/2026 14:35:00;0,1578;0,1581;0,1578;0,158
16/08/2026 14:40:00;0,158;0,1581;0,1579;0,158
16/08/2026 14:45:00;0,158;0,158;0,1578;0,1579
16/08/2026 14:50:00;0,1579;0,158;0,1578;0,1579
16/08/2026 14:55:00;0,1579;0,158;0,1578;0,1579
16/08/2026 15:00:00;0,1579;0,1579;0,1576;0,1576
16/08/2026 15:05:00;0,1576;0,1577;0,1576;0,1576
16/08/2026 15:10:00;0,1576;0,1577;0,1576;0,1577
16/08/2026 15:15:00;0,1577;0,1577;0,1575;0,1576
16/08/2026 15:20:00;0,1576;0,1576;0,157314;0,1575
16/08/2026 15:25:00;0,1575;0,1575;0,1573;0,1575
16/08/2026 15:30:00;0,1575;0,1576;0,1574;0,1576
16/08/2026 15:35:00;0,1576;0,1576;0,1574;0,1575
16/08/2026 15:40:00;0,1575;0,1575;0,15739;0,15739
16/08/2026 15:45:00;0,15739;0,1575;0,15739;0,1575
16/08/2026 15:50:00;0,1575;0,1575;0,15729;0,1573
16/08/2026 15:55:00;0,1573;0,1574;0,1573;0,1573
16/08/2026 16:00:00;0,1573;0,1576;0,1573;0,1574
16/08/2026 16:05:00;0,1574;0,1576;0,1574;0,1574
16/08/2026 16:10:00;0,1574;0,1575;0,1574;0,1574
16/08/2026 16:15:00;0,1574;0,1576;0,1574;0,1576
16/08/2026 16:20:00;0,1576;0,1576;0,1574;0,1575
16/08/2026 16:25:00;0,1575;0,1577;0,1575;0,1577
16/08/2026 16:30:00;0,1577;0,1579;0,1577;0,1578
16/08/2026 16:35:00;0,1578;0,1579;0,1578;0,1578
16/08/2026 16:40:00;0,1578;0,158362;0,1578;0,1583
16/08/2026 16:45:00;0,1583;0,1583;0,1577;0,1577
16/08/2026 16:50:00;0,1577;0,1579;0,1575;0,1575
16/08/2026 16:55:00;0,1575;0,1576;0,1574;0,1574
16/08/2026 17:00:00;0,1574;0,1576;0,15738;0,15738
16/08/2026 17:05:00;0,15738;0,1576;0,15738;0,1575
16/08/2026 17:10:00;0,1575;0,157669;0,1575;0,1576
16/08/2026 17:15:00;0,1576;0,1576;0,1575;0,1575
16/08/2026 17:20:00;0,1575;0,1578;0,1575;0,1577
16/08/2026 17:25:00;0,1577;0,1579;0,1576;0,1577
16/08/2026 17:30:00;0,1577;0,157802;0,1577;0,1577
16/08/2026 17:35:00;0,1577;0,1578;0,1576;0,1576
16/08/2026 17:40:00;0,1576;0,157614;0,1574;0,1575
16/08/2026 17:45:00;0,1575;0,1575;0,1573;0,1574
16/08/2026 17:50:00;0,1574;0,1574;0,1572;0,1574
16/08/2026 17:55:00;0,1574;0,1574;0,1571;0,1572
16/08/2026 18:00:00;0,1572;0,1572;0,1563;0,1572
16/08/2026 18:05:00;0,1572;0,1572;0,1565;0,157
16/08/2026 18:10:00;0,157;0,1571;0,1568;0,1571
16/08/2026 18:15:00;0,1571;0,15732;0,1571;0,15732
16/08/2026 18:20:00;0,15732;0,157373;0,1571;0,1571
16/08/2026 18:25:00;0,1571;0,1571;0,1568;0,157
16/08/2026 18:30:00;0,157;0,1571;0,1569;0,157
16/08/2026 18:35:00;0,157;0,1573;0,1565;0,1565
16/08/2026 18:40:00;0,1565;0,1565;0,1562;0,1563
16/08/2026 18:45:00;0,1563;0,1563;0,1561;0,1563
16/08/2026 18:50:00;0,1563;0,1564;0,1562;0,1564
16/08/2026 18:55:00;0,1564;0,156402;0,15618;0,15619
16/08/2026 19:00:00;0,15619;0,1564;0,155897;0,156098
16/08/2026 19:05:00;0,156098;0,156972;0,156098;0,15673
16/08/2026 19:10:00;0,15673;0,156911;0,1565;0,1565
16/08/2026 19:15:00;0,1565;0,1567;0,1564;0,1564
16/08/2026 19:20:00;0,1564;0,1568;0,15628;0,156701
16/08/2026 19:25:00;0,156701;0,156701;0,1564;0,1565
16/08/2026 19:30:00;0,1565;0,1567;0,1564;0,1565
16/08/2026 19:35:00;0,1565;0,15665;0,1564;0,15665
16/08/2026 19:40:00;0,15665;0,15665;0,1563;0,1564
16/08/2026 19:45:00;0,1564;0,1565;0,1562;0,1564
16/08/2026 19:50:00;0,1564;0,1564;0,1562;0,1562
16/08/2026 19:55:00;0,1562;0,1564;0,156085;0,1563
16/08/2026 20:00:00;0,1563;0,1568;0,1563;0,15651
16/08/2026 20:05:00;0,15651;0,156524;0,15639;0,15648
16/08/2026 20:10:00;0,15648;0,1566;0,1562;0,1563
16/08/2026 20:15:00;0,1563;0,156466;0,156134;0,156154
16/08/2026 20:20:00;0,156154;0,156311;0,156154;0,156311
16/08/2026 20:25:00;0,156311;0,15643;0,1562;0,15643
16/08/2026 20:30:00;0,15643;0,1565;0,1561;0,1562
16/08/2026 20:35:00;0,1562;0,156369;0,1562;0,1563
16/08/2026 20:40:00;0,1563;0,1563;0,1561;0,1563
16/08/2026 20:45:00;0,1563;0,1564;0,1562;0,1564
16/08/2026 20:50:00;0,1564;0,156521;0,156389;0,156511
16/08/2026 20:55:00;0,156511;0,156511;0,1563;0,15644
16/08/2026 21:00:00;0,15644;0,156443;0,15628;0,156443
16/08/2026 21:05:00;0,156443;0,1565;0,1562;0,1565
16/08/2026 21:10:00;0,1565;0,1565;0,156069;0,1562
16/08/2026 21:15:00;0,1562;0,1564;0,1561;0,1562
16/08/2026 21:20:00;0,1562;0,1564;0,1561;0,1561
16/08/2026 21:25:00;0,156;0,1563;0,155954;0,15608
16/08/2026 21:30:00;0,15608;0,1565;0,15608;0,1564
16/08/2026 21:35:00;0,1564;0,1564;0,1561;0,1564
16/08/2026 21:40:00;0,1564;0,1564;0,156034;0,156034
16/08/2026 21:45:00;0,156034;0,1563;0,155964;0,155964
16/08/2026 21:50:00;0,155964;0,155983;0,155917;0,155949
16/08/2026 21:55:00;0,155949;0,15602;0,155923;0,155945
16/08/2026 22:00:00;0,155945;0,157;0,155945;0,157
16/08/2026 22:05:00;0,157;0,157353;0,1569;0,1569
16/08/2026 22:10:00;0,1569;0,157;0,1567;0,1567
16/08/2026 22:15:00;0,1567;0,1568;0,1565;0,1565
16/08/2026 22:20:00;0,1565;0,1569;0,1565;0,1568
16/08/2026 22:25:00;0,1568;0,157;0,1568;0,1568
16/08/2026 22:30:00;0,1568;0,157;0,1568;0,1569
16/08/2026 22:35:00;0,1569;0,1569;0,1568;0,1569
16/08/2026 22:40:00;0,1569;0,1569;0,1567;0,1569
16/08/2026 22:45:00;0,1569;0,157;0,1568;0,1569
16/08/2026 22:50:00;0,1569;0,1569;0,1567;0,1568
16/08/2026 22:55:00;0,1568;0,1568;0,1566;0,1566
16/08/2026 23:00:00;0,1566;0,1568;0,1566;0,1567
16/08/2026 23:05:00;0,1567;0,1568;0,1565;0,1567
16/08/2026 23:10:00;0,1567;0,1568;0,1567;0,1568
16/08/2026 23:15:00;0,1568;0,157;0,1562;0,1569
16/08/2026 23:20:00;0,1569;0,1571;0,1568;0,1571
16/08/2026 23:25:00;0,1571;0,1575;0,1571;0,1574
16/08/2026 23:30:00;0,1574;0,1581;0,1573;0,1581
16/08/2026 23:35:00;0,1581;0,1581;0,1578;0,1578
16/08/2026 23:40:00;0,1578;0,1581;0,1578;0,158
16/08/2026 23:45:00;0,158;0,1581;0,1579;0,158
16/08/2026 23:50:00;0,158;0,1586;0,158;0,1584
16/08/2026 23:55:00;0,1584;0,1586;0,1584;0,1586
17/08/2026 00:00:00;0,1586;0,1586;0,1584;0,1584
17/08/2026 00:05:00;0,1584;0,1586;0,1583;0,1583
17/08/2026 00:10:00;0,1583;0,1585;0,1583;0,1584
17/08/2026 00:15:00;0,1584;0,1585;0,1583;0,1583
17/08/2026 00:20:00;0,1583;0,1584;0,1583;0,1583
17/08/2026 00:25:00;0,1583;0,1584;0,158219;0,1583
17/08/2026 00:30:00;0,1583;0,1584;0,1582;0,1583
17/08/2026 00:35:00;0,1583;0,1584;0,15819;0,1583
17/08/2026 00:40:00;0,1583;0,1584;0,1582;0,158302
17/08/2026 00:45:00;0,158302;0,1584;0,15827;0,1583
17/08/2026 00:50:00;0,1583;0,1585;0,158203;0,1584
17/08/2026 00:55:00;0,1584;0,1585;0,1583;0,1583
17/08/2026 01:00:00;0,1583;0,1586;0,1583;0,1584
17/08/2026 01:05:00;0,1584;0,1587;0,1584;0,1586
17/08/2026 01:10:00;0,1586;0,1587;0,1585;0,1585
17/08/2026 01:15:00;0,1585;0,1586;0,1584;0,1584
17/08/2026 01:20:00;0,1584;0,1586;0,1584;0,1584
17/08/2026 01:25:00;0,1584;0,1585;0,1584;0,1584
17/08/2026 01:30:00;0,1584;0,1585;0,1584;0,1584
17/08/2026 01:35:00;0,1584;0,158619;0,1584;0,1586
17/08/2026 01:40:00;0,1586;0,15873;0,1586;0,1586
17/08/2026 01:45:00;0,1586;0,15877;0,158346;0,15877
17/08/2026 01:50:00;0,15877;0,15878;0,15839;0,1585
17/08/2026 01:55:00;0,1585;0,15874;0,1585;0,15874
17/08/2026 02:00:00;0,15874;0,158807;0,1586;0,1587
17/08/2026 02:05:00;0,1587;0,1587;0,15848;0,15848
17/08/2026 02:10:00;0,15848;0,15871;0,1584;0,15871
17/08/2026 02:15:00;0,15871;0,15871;0,1585;0,1586
17/08/2026 02:20:00;0,1586;0,158673;0,1584;0,1585
17/08/2026 02:25:00;0,1585;0,15854;0,1583;0,1583
17/08/2026 02:30:00;0,1583;0,1584;0,15812;0,15812
17/08/2026 02:35:00;0,15812;0,1584;0,15812;0,1583
17/08/2026 02:40:00;0,1583;0,1584;0,1583;0,1583
17/08/2026 02:45:00;0,1583;0,1584;0,1582;0,1582
17/08/2026 02:50:00;0,1582;0,1584;0,1582;0,1583
17/08/2026 02:55:00;0,1583;0,15843;0,1583;0,15843
17/08/2026 03:00:00;0,15843;0,1585;0,1583;0,1584
17/08/2026 03:05:00;0,1584;0,1586;0,1584;0,1586
17/08/2026 03:10:00;0,1586;0,1586;0,1584;0,1585
17/08/2026 03:15:00;0,1585;0,1587;0,1585;0,1586
17/08/2026 03:20:00;0,1586;0,1588;0,1586;0,1586
17/08/2026 03:25:00;0,1586;0,1587;0,1586;0,1587
17/08/2026 03:30:00;0,1587;0,159;0,15861;0,159
17/08/2026 03:35:00;0,159;0,15904;0,1587;0,15904
17/08/2026 03:40:00;0,15904;0,15904;0,1586;0,1586
17/08/2026 03:45:00;0,1586;0,1593;0,1586;0,1593
17/08/2026 03:50:00;0,1593;0,1593;0,15859;0,15859
17/08/2026 03:55:00;0,15859;0,1588;0,15859;0,1587
17/08/2026 04:00:00;0,1587;0,1588;0,1584;0,1585
17/08/2026 04:05:00;0,1585;0,1585;0,15839;0,1585
17/08/2026 04:10:00;0,1584;0,1586;0,1583;0,1584
17/08/2026 04:15:00;0,1584;0,1584;0,1582;0,1583
17/08/2026 04:20:00;0,1583;0,1587;0,1583;0,1587
17/08/2026 04:25:00;0,1587;0,1589;0,1587;0,1589
17/08/2026 04:30:00;0,1589;0,1589;0,1587;0,1587
17/08/2026 04:35:00;0,1587;0,1587;0,1586;0,1586
17/08/2026 04:40:00;0,1586;0,1587;0,1586;0,1586
17/08/2026 04:45:00;0,1586;0,1588;0,1585;0,1588
17/08/2026 04:50:00;0,1587;0,1588;0,1585;0,1585
17/08/2026 04:55:00;0,1585;0,1586;0,1584;0,1584
17/08/2026 05:00:00;0,1584;0,1586;0,1581;0,1581
17/08/2026 05:05:00;0,1581;0,1581;0,1578;0,158
17/08/2026 05:10:00;0,158;0,1582;0,1578;0,1582
17/08/2026 05:15:00;0,1582;0,1583;0,1577;0,1583
17/08/2026 05:20:00;0,1583;0,1583;0,1576;0,1578
17/08/2026 05:25:00;0,1578;0,1579;0,1577;0,1577
17/08/2026 05:30:00;0,1577;0,1579;0,15768;0,1577
17/08/2026 05:35:00;0,1577;0,1578;0,1577;0,1577
17/08/2026 05:40:00;0,1577;0,1577;0,1576;0,1576
17/08/2026 05:45:00;0,1576;0,1577;0,1574;0,1574
17/08/2026 05:50:00;0,1574;0,1575;0,1574;0,1574
17/08/2026 05:55:00;0,1574;0,1575;0,15736;0,15736
17/08/2026 06:00:00;0,15736;0,15761;0,1573;0,1574
17/08/2026 06:05:00;0,1574;0,1577;0,1574;0,1577
17/08/2026 06:10:00;0,1577;0,1577;0,1575;0,1576
17/08/2026 06:15:00;0,1576;0,157686;0,1573;0,1573
17/08/2026 06:20:00;0,1573;0,157466;0,1572;0,1573
17/08/2026 06:25:00;0,1573;0,1575;0,15729;0,1575
17/08/2026 06:30:00;0,1575;0,1575;0,1574;0,1574
17/08/2026 06:35:00;0,1574;0,1574;0,157192;0,1574
17/08/2026 06:40:00;0,1574;0,1575;0,1573;0,1574
17/08/2026 06:45:00;0,1574;0,1574;0,1573;0,1574
17/08/2026 06:50:00;0,1574;0,1576;0,1574;0,1576
17/08/2026 06:55:00;0,1576;0,1576;0,1574;0,1575
17/08/2026 07:00:00;0,1575;0,1577;0,1574;0,1575
17/08/2026 07:05:00;0,1575;0,1576;0,1575;0,1575
17/08/2026 07:10:00;0,1575;0,1577;0,1575;0,1576
17/08/2026 07:15:00;0,1576;0,1577;0,1576;0,1576
17/08/2026 07:20:00;0,1576;0,1577;0,1574;0,1574
17/08/2026 07:25:00;0,1574;0,1578;0,1574;0,1578
17/08/2026 07:30:00;0,1578;0,1581;0,1578;0,1579
17/08/2026 07:35:00;0,1579;0,1583;0,1579;0,1583
17/08/2026 07:40:00;0,1583;0,1585;0,1581;0,1585
17/08/2026 07:45:00;0,1585;0,1585;0,1582;0,1583
17/08/2026 07:50:00;0,1583;0,1584;0,1583;0,1583
17/08/2026 07:55:00;0,1583;0,1583;0,1582;0,1583
17/08/2026 08:00:00;0,1583;0,1584;0,1583;0,1583
17/08/2026 08:05:00;0,1583;0,1583;0,1582;0,1582
17/08/2026 08:10:00;0,1582;0,1583;0,1581;0,1583
17/08/2026 08:15:00;0,1583;0,1584;0,1582;0,1582
17/08/2026 08:20:00;0,1582;0,1583;0,1582;0,1582
17/08/2026 08:25:00;0,1582;0,1583;0,1581;0,1583
17/08/2026 08:30:00;0,1583;0,1584;0,1582;0,1584
17/08/2026 08:35:00;0,1584;0,15841;0,1581;0,1581
17/08/2026 08:40:00;0,1581;0,1582;0,158;0,158
17/08/2026 08:45:00;0,158;0,1581;0,158;0,158
17/08/2026 08:50:00;0,158;0,15821;0,158;0,15821
17/08/2026 08:55:00;0,15821;0,158269;0,158;0,158
17/08/2026 09:00:00;0,158;0,1581;0,15799;0,15799
17/08/2026 09:05:00;0,15799;0,15799;0,1576;0,1579
17/08/2026 09:10:00;0,1579;0,1582;0,1578;0,1582
17/08/2026 09:15:00;0,1582;0,1583;0,158;0,1581
17/08/2026 09:20:00;0,1581;0,1582;0,158;0,1581
17/08/2026 09:25:00;0,1581;0,1582;0,1578;0,1579
17/08/2026 09:30:00;0,1579;0,158;0,1578;0,1578
17/08/2026 09:35:00;0,1578;0,1579;0,1575;0,1575
17/08/2026 09:40:00;0,1575;0,1576;0,1573;0,1573
17/08/2026 09:45:00;0,1573;0,1575;0,1573;0,1574
17/08/2026 09:50:00;0,1574;0,1575;0,1573;0,1574
17/08/2026 09:55:00;0,1574;0,1576;0,1573;0,1573
17/08/2026 10:00:00;0,1573;0,1574;0,1572;0,1572
17/08/2026 10:05:00;0,1572;0,1574;0,1572;0,1574
17/08/2026 10:10:00;0,1574;0,1576;0,1574;0,1575
17/08/2026 10:15:00;0,1575;0,1576;0,1573;0,1573
17/08/2026 10:20:00;0,1573;0,1574;0,15726;0,1574
17/08/2026 10:25:00;0,1574;0,1574;0,1572;0,1574
17/08/2026 10:30:00;0,1574;0,1579;0,1571;0,1578
17/08/2026 10:35:00;0,1578;0,158;0,1577;0,1577
17/08/2026 10:40:00;0,1577;0,15811;0,1577;0,1578
17/08/2026 10:45:00;0,1578;0,158;0,1576;0,158
17/08/2026 10:50:00;0,158;0,158;0,1577;0,1577
17/08/2026 10:55:00;0,1577;0,1579;0,1576;0,1578
17/08/2026 11:00:00;0,1577;0,1577;0,1575;0,1575
17/08/2026 11:05:00;0,1575;0,1576;0,1574;0,1576
17/08/2026 11:10:00;0,1576;0,1577;0,1574;0,1576
17/08/2026 11:15:00;0,1576;0,1576;0,15739;0,157399
17/08/2026 11:20:00;0,157399;0,157569;0,1573;0,1574
17/08/2026 11:25:00;0,1574;0,1575;0,1573;0,1575
17/08/2026 11:30:00;0,1575;0,1578;0,1574;0,1578
17/08/2026 11:35:00;0,1578;0,1578;0,157499;0,1575
17/08/2026 11:40:00;0,1575;0,1577;0,1575;0,1577
17/08/2026 11:45:00;0,1577;0,1579;0,1576;0,1579
17/08/2026 11:50:00;0,1579;0,1582;0,1579;0,158
17/08/2026 11:55:00;0,158;0,1584;0,158;0,1584
17/08/2026 12:00:00;0,1583;0,1584;0,158;0,158
17/08/2026 12:05:00;0,158;0,1582;0,158;0,1582
17/08/2026 12:10:00;0,1582;0,1583;0,157983;0,157983
17/08/2026 12:15:00;0,157983;0,158028;0,157699;0,157699
17/08/2026 12:20:00;0,157699;0,157773;0,157599;0,157599
17/08/2026 12:25:00;0,157599;0,1583;0,157599;0,1583
17/08/2026 12:30:00;0,1583;0,1587;0,1583;0,1586
17/08/2026 12:35:00;0,1586;0,1588;0,1586;0,1586
17/08/2026 12:40:00;0,1586;0,1588;0,1586;0,1587
17/08/2026 12:45:00;0,1587;0,158983;0,1587;0,1589
17/08/2026 12:50:00;0,1592;0,1593;0,1589;0,1591
17/08/2026 12:55:00;0,1591;0,1591;0,1589;0,1589
17/08/2026 13:00:00;0,1589;0,1591;0,1587;0,1587
17/08/2026 13:05:00;0,1587;0,1588;0,1585;0,1585
17/08/2026 13:10:00;0,1585;0,1585;0,1581;0,1582
17/08/2026 13:15:00;0,1582;0,1585;0,158;0,158
17/08/2026 13:20:00;0,158;0,158376;0,1578;0,1581
17/08/2026 13:25:00;0,1581;0,15881;0,1579;0,158
17/08/2026 13:30:00;0,158;0,1581;0,1579;0,1581
17/08/2026 13:35:00;0,1581;0,158446;0,1581;0,1583
17/08/2026 13:40:00;0,1584;0,158569;0,1581;0,1582
17/08/2026 13:45:00;0,1582;0,1584;0,158;0,1584
17/08/2026 13:50:00;0,1584;0,1584;0,1581;0,1581
17/08/2026 13:55:00;0,1582;0,158381;0,158;0,158
17/08/2026 14:00:00;0,158;0,158;0,157899;0,1579
17/08/2026 14:05:00;0,1579;0,158;0,1578;0,157899
17/08/2026 14:10:00;0,157899;0,158;0,1578;0,1578
17/08/2026 14:15:00;0,1578;0,1582;0,1578;0,1581
17/08/2026 14:20:00;0,1581;0,1589;0,1581;0,1587
17/08/2026 14:25:00;0,1587;0,1587;0,1583;0,1583
17/08/2026 14:30:00;0,1583;0,1583;0,15798;0,1581
17/08/2026 14:35:00;0,1581;0,1581;0,157682;0,1578
17/08/2026 14:40:00;0,1578;0,1579;0,1577;0,1577
17/08/2026 14:45:00;0,1577;0,158;0,1577;0,1578
17/08/2026 14:50:00;0,1579;0,1581;0,1579;0,1579
17/08/2026 14:55:00;0,1579;0,1581;0,1579;0,1579
17/08/2026 15:00:00;0,1579;0,1581;0,1578;0,1581
17/08/2026 15:05:00;0,1581;0,1582;0,1579;0,1579
17/08/2026 15:10:00;0,1579;0,1582;0,1579;0,1581
17/08/2026 15:15:00;0,1581;0,1585;0,158;0,1582
17/08/2026 15:20:00;0,1582;0,1584;0,158;0,1584
17/08/2026 15:25:00;0,1584;0,1584;0,1582;0,1582
17/08/2026 15:30:00;0,1582;0,1583;0,1581;0,1582
17/08/2026 15:35:00;0,1582;0,1584;0,1582;0,1582
17/08/2026 15:40:00;0,1582;0,1584;0,1582;0,1584
17/08/2026 15:45:00;0,1584;0,1584;0,1582;0,1583
17/08/2026 15:50:00;0,1583;0,15844;0,1581;0,1581
17/08/2026 15:55:00;0,1581;0,1582;0,158041;0,1581
17/08/2026 16:00:00;0,1581;0,1581;0,1579;0,158
17/08/2026 16:05:00;0,158;0,158035;0,157777;0,157777
17/08/2026 16:10:00;0,157777;0,1582;0,15776;0,1579
17/08/2026 16:15:00;0,158;0,1581;0,1579;0,158
17/08/2026 16:20:00;0,158;0,1581;0,1579;0,1581
17/08/2026 16:25:00;0,158;0,1581;0,158;0,158
17/08/2026 16:30:00;0,158;0,158;0,1578;0,1578
17/08/2026 16:35:00;0,1578;0,158;0,1578;0,1578
17/08/2026 16:40:00;0,1578;0,1581;0,1578;0,1581
17/08/2026 16:45:00;0,1581;0,158126;0,1577;0,1578
17/08/2026 16:50:00;0,1577;0,157757;0,1575;0,1575
17/08/2026 16:55:00;0,1575;0,1576;0,1575;0,1576
17/08/2026 17:00:00;0,1575;0,1576;0,1574;0,1574
17/08/2026 17:05:00;0,1574;0,1574;0,15729;0,1574
17/08/2026 17:10:00;0,1574;0,1575;0,1572;0,1575
17/08/2026 17:15:00;0,1575;0,1576;0,1573;0,1573
17/08/2026 17:20:00;0,1573;0,1575;0,1572;0,1574
17/08/2026 17:25:00;0,1574;0,1576;0,1574;0,1576
17/08/2026 17:30:00;0,1576;0,1577;0,1574;0,1575
17/08/2026 17:35:00;0,1575;0,1578;0,157413;0,1577
17/08/2026 17:40:00;0,1576;0,1579;0,1576;0,1578
17/08/2026 17:45:00;0,1579;0,1582;0,1578;0,1578
17/08/2026 17:50:00;0,1578;0,158;0,157672;0,158
17/08/2026 17:55:00;0,1579;0,1582;0,1579;0,158
17/08/2026 18:00:00;0,158;0,1582;0,158;0,158
17/08/2026 18:05:00;0,158;0,1581;0,1578;0,158
17/08/2026 18:10:00;0,158;0,1581;0,1577;0,1578
17/08/2026 18:15:00;0,1578;0,1578;0,1575;0,1575
17/08/2026 18:20:00;0,1575;0,1577;0,1574;0,1574
17/08/2026 18:25:00;0,1574;0,1575;0,1574;0,1574
17/08/2026 18:30:00;0,1574;0,1576;0,1574;0,1575
17/08/2026 18:35:00;0,1575;0,1576;0,1574;0,1575
17/08/2026 18:40:00;0,1575;0,1577;0,1574;0,1575
17/08/2026 18:45:00;0,1574;0,1575;0,1574;0,1575
17/08/2026 18:50:00;0,1574;0,1575;0,1573;0,1574
17/08/2026 18:55:00;0,1573;0,1575;0,1573;0,1575
17/08/2026 19:00:00;0,1574;0,1576;0,1573;0,1575
17/08/2026 19:05:00;0,1575;0,157541;0,1574;0,1574
17/08/2026 19:10:00;0,1574;0,1575;0,1574;0,1574
17/08/2026 19:15:00;0,1574;0,15751;0,157299;0,15751
17/08/2026 19:20:00;0,15751;0,157654;0,1572;0,1574
17/08/2026 19:25:00;0,1574;0,1575;0,1573;0,1573
17/08/2026 19:30:00;0,1573;0,1573;0,1572;0,1573
17/08/2026 19:35:00;0,1573;0,1574;0,1573;0,1573
17/08/2026 19:40:00;0,1573;0,1574;0,1573;0,1573
17/08/2026 19:45:00;0,1573;0,157464;0,1573;0,1573
17/08/2026 19:50:00;0,1573;0,1574;0,15729;0,1573
17/08/2026 19:55:00;0,1573;0,1574;0,1573;0,1573
17/08/2026 20:00:00;0,1573;0,1574;0,1572;0,1573
17/08/2026 20:05:00;0,1573;0,1576;0,1573;0,1575
17/08/2026 20:10:00;0,1575;0,1576;0,1575;0,1576
17/08/2026 20:15:00;0,1575;0,1576;0,1574;0,1575
17/08/2026 20:20:00;0,1575;0,1577;0,1575;0,1576
17/08/2026 20:25:00;0,1576;0,1579;0,1576;0,1578
17/08/2026 20:30:00;0,1578;0,1581;0,1578;0,158
17/08/2026 20:35:00;0,158;0,158;0,1578;0,1578
17/08/2026 20:40:00;0,1578;0,1579;0,1577;0,1578
17/08/2026 20:45:00;0,1578;0,1579;0,1578;0,1578
17/08/2026 20:50:00;0,1578;0,158;0,1578;0,158
17/08/2026 20:55:00;0,158;0,1582;0,1579;0,1582
17/08/2026 21:00:00;0,1582;0,1583;0,158;0,1581
17/08/2026 21:05:00;0,158;0,1581;0,15789;0,158
17/08/2026 21:10:00;0,158;0,1582;0,158;0,158
17/08/2026 21:15:00;0,158;0,1583;0,1579;0,1581
17/08/2026 21:20:00;0,1581;0,1581;0,1578;0,1579
17/08/2026 21:25:00;0,1579;0,1579;0,1577;0,1578
17/08/2026 21:30:00;0,1578;0,1578;0,1577;0,1578
17/08/2026 21:35:00;0,1578;0,15782;0,1575;0,1575
17/08/2026 21:40:00;0,1575;0,1577;0,1575;0,1576
17/08/2026 21:45:00;0,1577;0,1578;0,1576;0,1576
17/08/2026 21:50:00;0,1576;0,1577;0,1575;0,1576
17/08/2026 21:55:00;0,1576;0,1577;0,1575;0,1576
17/08/2026 22:00:00;0,1576;0,1578;0,1575;0,1575
17/08/2026 22:05:00;0,1575;0,1576;0,1575;0,1575
17/08/2026 22:10:00;0,1575;0,1575;0,1572;0,1575
17/08/2026 22:15:00;0,1575;0,1575;0,1572;0,1572
17/08/2026 22:20:00;0,1572;0,1574;0,1572;0,1573
17/08/2026 22:25:00;0,1573;0,1573;0,157;0,157
17/08/2026 22:30:00;0,1571;0,1572;0,1568;0,1569
17/08/2026 22:35:00;0,1569;0,1569;0,1568;0,1569
17/08/2026 22:40:00;0,1569;0,156941;0,156756;0,1569
17/08/2026 22:45:00;0,1569;0,1569;0,156438;0,1565
17/08/2026 22:50:00;0,1565;0,1566;0,1564;0,15644
17/08/2026 22:55:00;0,15644;0,15652;0,1563;0,1565
17/08/2026 23:00:00;0,1566;0,1567;0,1564;0,1566
17/08/2026 23:05:00;0,1566;0,1568;0,1565;0,1565
17/08/2026 23:10:00;0,1565;0,1566;0,1563;0,1563
17/08/2026 23:15:00;0,1563;0,1564;0,1562;0,1564
17/08/2026 23:20:00;0,1564;0,1565;0,1563;0,1564
17/08/2026 23:25:00;0,1564;0,1564;0,15607;0,1561
17/08/2026 23:30:00;0,1561;0,15621;0,155999;0,155999
17/08/2026 23:35:00;0,155999;0,1562;0,155999;0,1561
17/08/2026 23:40:00;0,1561;0,1562;0,1552;0,1552
17/08/2026 23:45:00;0,1553;0,1554;0,1544;0,1551
18/08/2026 08:00:00;0,1532;0,1536;0,1532;0,1533
18/08/2026 08:05:00;0,1533;0,15361;0,1533;0,15361
18/08/2026 08:10:00;0,15361;0,153882;0,153551;0,1536
18/08/2026 08:15:00;0,1536;0,1538;0,1536;0,1538
18/08/2026 08:20:00;0,1538;0,1541;0,1538;0,154
18/08/2026 08:25:00;0,154;0,154;0,1538;0,1538
18/08/2026 08:30:00;0,1538;0,154;0,1537;0,1538
18/08/2026 08:35:00;0,1538;0,1538;0,1536;0,1536
18/08/2026 08:40:00;0,1536;0,1537;0,1536;0,1536
18/08/2026 08:45:00;0,1536;0,1538;0,153548;0,15375
18/08/2026 08:50:00;0,15375;0,153814;0,1533;0,1533
18/08/2026 08:55:00;0,1533;0,1537;0,1533;0,1537
18/08/2026 09:00:00;0,1537;0,1537;0,1534;0,1536
18/08/2026 09:05:00;0,1536;0,1536;0,15325;0,1533
18/08/2026 09:10:00;0,1533;0,1533;0,1531;0,1531
18/08/2026 09:15:00;0,1531;0,1532;0,153;0,1531
18/08/2026 09:20:00;0,1531;0,1532;0,1529;0,1529
18/08/2026 09:25:00;0,1529;0,153;0,1529;0,1529
18/08/2026 09:30:00;0,1529;0,153;0,1528;0,153
18/08/2026 09:35:00;0,153;0,153;0,1529;0,1529
18/08/2026 09:40:00;0,1529;0,1529;0,1528;0,1529
18/08/2026 09:45:00;0,1529;0,1529;0,1528;0,1528
18/08/2026 09:50:00;0,1528;0,153;0,1524;0,1526
18/08/2026 09:55:00;0,1526;0,1527;0,1526;0,1526
18/08/2026 10:00:00;0,1526;0,1535;0,1526;0,1535
18/08/2026 10:05:00;0,1535;0,1536;0,1533;0,1536
18/08/2026 10:10:00;0,1536;0,1537;0,1536;0,1537
18/08/2026 10:15:00;0,1537;0,1537;0,1536;0,1536
18/08/2026 10:20:00;0,1536;0,1537;0,1535;0,1536
18/08/2026 10:25:00;0,1536;0,1537;0,1535;0,1536
18/08/2026 10:30:00;0,1536;0,1539;0,1536;0,1537
18/08/2026 10:35:00;0,1537;0,153805;-5,8461;-5,8461
18/08/2026 10:40:00;-5,8461;0,1541;-5,8461;0,1539
18/08/2026 10:45:00;0,1539;0,1539;0,1537;0,1538
18/08/2026 10:50:00;0,1538;0,154;0,1536;0,1536
18/08/2026 10:55:00;0,1536;0,1537;0,1534;0,1536
18/08/2026 11:00:00;0,1536;0,1537;0,1534;0,1537
18/08/2026 11:05:00;0,1537;0,1537;0,1535;0,1536
18/08/2026 11:10:00;0,1536;0,1536;0,1535;0,1536
18/08/2026 11:15:00;0,1536;0,154;0,1535;0,154
18/08/2026 11:20:00;0,154;0,1541;0,1538;0,1541
18/08/2026 11:25:00;0,1541;0,1548;0,154;0,1548
18/08/2026 11:30:00;0,1548;0,1551;0,1548;0,155
18/08/2026 11:35:00;0,155;0,1551;0,1547;0,1548
18/08/2026 11:40:00;0,1548;0,155;0,1546;0,1549
18/08/2026 11:45:00;0,1549;0,1549;0,1546;0,1548
18/08/2026 11:50:00;0,1548;0,1549;0,1543;0,1545
18/08/2026 11:55:00;0,1545;0,1545;0,1543;0,1543
18/08/2026 12:00:00;0,1543;0,1548;0,1543;0,1547
18/08/2026 12:05:00;0,1547;0,1548;0,1544;0,1545
18/08/2026 12:10:00;0,1545;0,1547;0,1543;0,1547
18/08/2026 12:15:00;0,1547;0,1549;0,1547;0,1548
18/08/2026 12:20:00;0,1548;0,155;0,1548;0,155
18/08/2026 12:25:00;0,155;0,1553;0,155;0,1552
18/08/2026 12:30:00;0,1552;0,1554;0,1552;0,1552
18/08/2026 12:35:00;0,1552;0,1554;0,1552;0,1552
18/08/2026 12:40:00;0,1552;0,1553;0,1551;0,1552
18/08/2026 12:45:00;0,1552;0,1553;0,1552;0,1553
18/08/2026 12:50:00;0,1553;0,1554;0,1552;0,1554
18/08/2026 12:55:00;0,1554;0,1554;0,1551;0,1553
18/08/2026 13:00:00;0,1553;0,1553;0,1551;0,1552
18/08/2026 13:05:00;0,1552;0,1552;0,1548;0,155
18/08/2026 13:10:00;0,155;0,155;0,1549;0,1549
18/08/2026 13:15:00;0,1549;0,155;0,1546;0,1546
18/08/2026 13:20:00;0,1546;0,1546;0,1544;0,1545
18/08/2026 13:25:00;0,1545;0,1545;0,1543;0,1543
18/08/2026 13:30:00;0,1543;0,1546;0,1543;0,1545
18/08/2026 13:35:00;0,1545;0,1546;0,1544;0,1545
18/08/2026 13:40:00;0,1545;0,1546;0,1543;0,1544
18/08/2026 13:45:00;0,1544;0,1545;0,1543;0,1544
18/08/2026 13:50:00;0,1544;0,1544;0,1542;0,1543
18/08/2026 13:55:00;0,1543;0,1543;0,154;0,154
18/08/2026 14:00:00;0,154;0,1541;0,1536;0,1541
18/08/2026 14:05:00;0,1541;0,1544;0,1541;0,1544
18/08/2026 14:10:00;0,1544;0,1545;0,1543;0,1545
18/08/2026 14:15:00;0,1545;0,1547;0,1545;0,1547
18/08/2026 14:20:00;0,1547;0,1549;0,1547;0,1549
18/08/2026 14:25:00;0,1549;0,155;0,1549;0,155
18/08/2026 14:30:00;0,155;0,1551;0,155;0,155
18/08/2026 14:35:00;0,155;0,1552;0,1548;0,1551
18/08/2026 14:40:00;0,1551;0,1551;0,1548;0,155
18/08/2026 14:45:00;0,155;0,155;0,1547;0,1547
18/08/2026 14:50:00;0,1547;0,1548;0,1547;0,1548
18/08/2026 14:55:00;0,1548;0,1548;0,1547;0,1548
18/08/2026 15:00:00;0,1548;0,1548;0,1544;0,1546
18/08/2026 15:05:00;0,1546;0,1547;0,1545;0,1545
18/08/2026 15:10:00;0,1545;0,1546;0,1545;0,1545
18/08/2026 15:15:00;0,1545;0,1547;0,1545;0,1547
18/08/2026 15:20:00;0,1547;0,155;0,1547;0,1549
18/08/2026 15:25:00;0,1549;0,155;0,1549;0,155
18/08/2026 15:30:00;0,155;0,1551;0,155;0,155
18/08/2026 15:35:00;0,155;0,1551;0,1549;0,1549
18/08/2026 15:40:00;0,1549;0,155;0,1548;0,1549
18/08/2026 15:45:00;0,1549;0,1549;0,1547;0,1548
18/08/2026 15:50:00;0,1548;0,1549;0,1546;0,1546
18/08/2026 15:55:00;0,1546;0,1547;0,1546;0,1547
18/08/2026 16:00:00;0,1547;0,1547;0,1547;0,1547
18/08/2026 16:05:00;0,1547;0,1548;0,1547;0,1548
18/08/2026 16:10:00;0,1548;0,1548;0,1547;0,1547
18/08/2026 16:15:00;0,1547;0,1547;0,1546;0,1547
18/08/2026 16:20:00;0,1547;0,1547;0,1546;0,1547
18/08/2026 16:25:00;0,1547;0,1548;0,1547;0,1548
18/08/2026 16:30:00;0,1548;0,1549;0,1547;0,1547
18/08/2026 16:35:00;0,1547;0,1547;0,1545;0,1545
18/08/2026 16:40:00;0,1545;0,1546;0,1544;0,1544
18/08/2026 16:45:00;0,1544;0,1544;0,1542;0,1544
18/08/2026 16:50:00;0,1544;0,1544;0,1543;0,1543
18/08/2026 16:55:00;0,1543;0,1543;0,1542;0,1543
18/08/2026 17:00:00;0,1543;0,1543;0,154;0,154
18/08/2026 17:05:00;0,154;0,1542;0,1539;0,1542
18/08/2026 17:10:00;0,1542;0,1543;0,1541;0,1542
18/08/2026 17:15:00;0,1542;0,1543;0,1541;0,1541
18/08/2026 17:20:00;0,1541;0,1541;0,1538;0,1538
18/08/2026 17:25:00;0,1538;0,1539;0,1538;0,1538
18/08/2026 17:30:00;0,1538;0,1542;0,1538;0,1541
18/08/2026 17:35:00;0,1541;0,1541;0,154;0,154
18/08/2026 17:40:00;0,154;0,1542;0,1539;0,1539
18/08/2026 17:45:00;0,1539;0,154;0,1538;0,1539
18/08/2026 17:50:00;0,1539;0,1539;0,1537;0,1539
18/08/2026 17:55:00;0,1539;0,1539;0,1537;0,1537
18/08/2026 18:00:00;0,1537;0,1538;0,1537;0,1538
18/08/2026 18:05:00;0,1538;0,1541;0,1538;0,1541
18/08/2026 18:10:00;0,1541;0,1541;0,154;0,154
18/08/2026 18:15:00;0,154;0,1541;0,154;0,154
18/08/2026 18:20:00;0,154;0,1541;0,154;0,154
18/08/2026 18:25:00;0,154;0,1541;0,1539;0,154
18/08/2026 18:30:00;0,154;0,154;0,1539;0,1539
18/08/2026 18:35:00;0,1539;0,154;0,1538;0,1539
18/08/2026 18:40:00;0,1539;0,154;0,1539;0,154
18/08/2026 18:45:00;0,154;0,154;0,1538;0,1539
18/08/2026 18:50:00;0,1539;0,1539;0,1538;0,1539
18/08/2026 18:55:00;0,1539;0,154;0,1538;0,154
18/08/2026 19:00:00;0,154;0,154;0,1538;0,1539
18/08/2026 19:05:00;0,1539;0,1541;0,1539;0,1541
18/08/2026 19:10:00;0,1541;0,1544;0,1541;0,1543
18/08/2026 19:15:00;0,1543;0,1543;0,1541;0,1542
18/08/2026 19:20:00;0,1542;0,1543;0,1542;0,1543
18/08/2026 19:25:00;0,1543;0,1543;0,1541;0,1543
18/08/2026 19:30:00;0,1543;0,1545;0,1543;0,1545
18/08/2026 19:35:00;0,1545;0,1546;0,1544;0,1546
18/08/2026 19:40:00;0,1546;0,1546;0,1544;0,1544
18/08/2026 19:45:00;0,1544;0,1545;0,1543;0,1543
18/08/2026 19:50:00;0,1543;0,1544;0,1543;0,1544
18/08/2026 19:55:00;0,1544;0,1545;0,1543;0,1543
18/08/2026 20:00:00;0,1543;0,1547;0,1543;0,1547
18/08/2026 20:05:00;0,1547;0,1548;0,1546;0,1546
18/08/2026 20:10:00;0,1546;0,1547;0,1546;0,1547
18/08/2026 20:15:00;0,1547;0,155;0,1547;0,155
18/08/2026 20:20:00;0,155;0,1552;0,1549;0,1552
18/08/2026 20:25:00;0,1552;0,1552;0,1549;0,155
18/08/2026 20:30:00;0,155;0,1551;0,155;0,1551
18/08/2026 20:35:00;0,1551;0,1552;0,155;0,155
18/08/2026 20:40:00;0,155;0,155;0,1549;0,1549
18/08/2026 20:45:00;0,1549;0,1549;0,1547;0,1548
18/08/2026 20:50:00;0,1548;0,1548;0,1548;0,1548
18/08/2026 20:55:00;0,1548;0,1549;0,1548;0,1549
18/08/2026 21:00:00;0,1549;0,1551;0,1548;0,1548
18/08/2026 21:05:00;0,1548;0,1548;0,1546;0,1546
18/08/2026 21:10:00;0,1546;0,1546;0,1542;0,1543
18/08/2026 21:15:00;0,1543;0,1543;0,1539;0,1541
18/08/2026 21:20:00;0,1541;0,1548;0,1541;0,1545
18/08/2026 21:25:00;0,1545;0,1545;0,1543;0,1545
18/08/2026 21:30:00;0,1545;0,1547;0,1544;0,1546
18/08/2026 21:35:00;0,1546;0,1547;0,1545;0,1547
18/08/2026 21:40:00;0,1547;0,1548;0,1547;0,1548
18/08/2026 21:45:00;0,1548;0,1548;0,1546;0,1548
18/08/2026 21:50:00;0,1548;0,1548;0,1547;0,1547
18/08/2026 21:55:00;0,1547;0,1547;0,1546;0,1546
18/08/2026 22:00:00;0,1546;0,1547;0,1545;0,1547
18/08/2026 22:05:00;0,1547;0,1549;0,1547;0,1548
18/08/2026 22:10:00;0,1548;0,1549;0,1546;0,1547
18/08/2026 22:15:00;0,1547;0,1547;0,1546;0,1546
18/08/2026 22:20:00;0,1546;0,1547;0,1545;0,1545
18/08/2026 22:25:00;0,1545;0,1546;0,1545;0,1545
18/08/2026 22:30:00;0,1545;0,1546;0,1545;0,1546
18/08/2026 22:35:00;0,1546;0,1546;0,1545;0,1545
18/08/2026 22:40:00;0,1545;0,1545;0,1544;0,1544
18/08/2026 22:45:00;0,1544;0,1545;0,1544;0,1545
18/08/2026 22:50:00;0,1545;0,1545;0,1544;0,1545
18/08/2026 22:55:00;0,1545;0,1545;0,1544;0,1544
18/08/2026 23:00:00;0,1544;0,1545;0,1543;0,1544
18/08/2026 23:05:00;0,1544;0,1544;0,1543;0,1543
18/08/2026 23:10:00;0,1543;0,1546;0,1543;0,1546
18/08/2026 23:15:00;0,1546;0,1547;0,1545;0,1545
18/08/2026 23:20:00;0,1545;0,1548;0,1545;0,1548
18/08/2026 23:25:00;0,1548;0,1549;0,1548;0,1548
18/08/2026 23:30:00;0,1548;0,1549;0,1548;0,1548
18/08/2026 23:35:00;0,1548;0,1549;0,1548;0,1549
18/08/2026 23:40:00;0,1549;0,155;0,1549;0,155
18/08/2026 23:45:00;0,155;0,1551;0,155;0,155
18/08/2026 23:50:00;0,155;0,1551;0,1548;0,1548
18/08/2026 23:55:00;0,1548;0,1549;0,1547;0,1548
19/08/2026 00:00:00;0,1548;0,155;0,1546;0,1547
19/08/2026 00:05:00;0,1547;0,1547;0,1546;0,1546
19/08/2026 00:10:00;0,1546;0,1548;0,1545;0,1548
19/08/2026 00:15:00;0,1548;0,1554;0,1548;0,1554
19/08/2026 00:20:00;0,1554;0,1554;0,1551;0,1552
19/08/2026 00:25:00;0,1552;0,1552;0,15505;0,15505
19/08/2026 00:30:00;0,15505;0,1552;0,1549;0,155
19/08/2026 00:35:00;0,155;0,1551;0,155;0,1551
19/08/2026 00:40:00;0,1551;0,1551;0,155;0,155
19/08/2026 00:45:00;0,155;0,1551;0,1549;0,1549
19/08/2026 00:50:00;0,1549;0,1551;0,1547;0,1547
19/08/2026 00:55:00;0,1547;0,154989;0,1545;0,1548
19/08/2026 01:00:00;0,1547;0,1552;0,1547;0,155
19/08/2026 01:05:00;0,155;0,155;0,1548;0,155
19/08/2026 01:10:00;0,155;0,155;0,15478;0,1549
19/08/2026 01:15:00;0,1549;0,1549;0,1547;0,1548
19/08/2026 01:20:00;0,1548;0,1549;0,1547;0,1549
19/08/2026 01:25:00;0,1549;0,155262;0,1548;0,1551
19/08/2026 01:30:00;0,1551;0,1551;0,1549;0,1551
19/08/2026 01:35:00;0,1551;0,1552;0,1551;0,1552
19/08/2026 01:40:00;0,1552;0,1554;0,1552;0,1553
19/08/2026 01:45:00;0,1553;0,1559;0,1553;0,1559
19/08/2026 01:50:00;0,1559;0,1562;0,1556;0,1562
19/08/2026 01:55:00;0,1562;0,1564;0,156;0,1561
19/08/2026 02:00:00;0,1561;0,1573;0,1561;0,1567
19/08/2026 02:05:00;0,1567;0,1567;0,1562;0,1563
19/08/2026 02:10:00;0,1563;0,1567;0,1563;0,1564
19/08/2026 02:15:00;0,1564;0,1566;0,1563;0,1563
19/08/2026 02:20:00;0,1563;0,1563;0,1561;0,1562
19/08/2026 02:25:00;0,1562;0,1566;0,1562;0,1566
19/08/2026 02:30:00;0,1566;0,1569;0,1566;0,1568
19/08/2026 02:35:00;0,1568;0,1569;0,1565;0,1567
19/08/2026 02:40:00;0,1567;0,1567;0,1564;0,1565
19/08/2026 02:45:00;0,1565;0,1565;0,1561;0,1562
19/08/2026 02:50:00;0,1562;0,1563;0,1561;0,1562
19/08/2026 02:55:00;0,1562;0,1564;0,1562;0,1562
19/08/2026 03:00:00;0,1562;0,1564;0,156;0,1561
19/08/2026 03:05:00;0,1561;0,1562;0,1559;0,1559
19/08/2026 03:10:00;0,1559;0,1561;0,1559;0,1561
19/08/2026 03:15:00;0,1561;0,157;0,1561;0,157
19/08/2026 03:20:00;0,157;0,1572;0,1568;0,1569
19/08/2026 03:25:00;0,1569;0,157;0,1567;0,1567
19/08/2026 03:30:00;0,1567;0,1568;0,1567;0,1568
19/08/2026 03:35:00;0,1568;0,157;0,1566;0,1569
19/08/2026 03:40:00;0,1569;0,1572;0,1569;0,1572
19/08/2026 03:45:00;0,1572;0,1575;0,1572;0,1573
19/08/2026 03:50:00;0,1573;0,1574;0,1572;0,1574
19/08/2026 03:55:00;0,1574;0,1574;0,1573;0,1574
19/08/2026 04:00:00;0,1574;0,1574;0,1572;0,1573
19/08/2026 04:05:00;0,1573;0,1573;0,15719;0,1572
19/08/2026 04:10:00;0,1572;0,1572;0,157;0,1571
19/08/2026 04:15:00;0,1571;0,1572;0,1566;0,1566
19/08/2026 04:20:00;0,1566;0,1567;0,1565;0,1566
19/08/2026 04:25:00;0,1566;0,1567;0,1565;0,1565
19/08/2026 04:30:00;0,1565;0,1567;0,1565;0,1567
19/08/2026 04:35:00;0,1567;0,1567;0,1566;0,1567
19/08/2026 04:40:00;0,1567;0,1568;0,1566;0,1566
19/08/2026 04:45:00;0,1566;0,1568;0,1566;0,1567
19/08/2026 04:50:00;0,1567;0,1568;0,1566;0,1566
19/08/2026 04:55:00;0,1566;0,1567;0,1566;0,1566
19/08/2026 05:00:00;0,1566;0,1568;0,1565;0,1565
19/08/2026 05:05:00;0,1565;0,1567;0,1565;0,1565
19/08/2026 05:10:00;0,1565;0,1568;0,1565;0,1567
19/08/2026 05:15:00;0,1567;0,1567;0,1565;0,1566
19/08/2026 05:20:00;0,1566;0,1568;0,1566;0,1567
19/08/2026 05:25:00;0,1567;0,1568;0,1567;0,1568
19/08/2026 05:30:00;0,1568;0,1568;0,1566;0,1568
19/08/2026 05:35:00;0,1568;0,1572;0,1567;0,1569
19/08/2026 05:40:00;0,1569;0,1569;0,1566;0,1567
19/08/2026 05:45:00;0,1567;0,1568;0,1567;0,1567
19/08/2026 05:50:00;0,1567;0,1567;0,1565;0,1565
19/08/2026 05:55:00;0,1565;0,1567;0,1565;0,1567
19/08/2026 06:00:00;0,1567;0,1568;0,1565;0,1568
19/08/2026 06:05:00;0,1568;0,1568;0,1566;0,1567
19/08/2026 06:10:00;0,1567;0,1569;0,1567;0,1567
19/08/2026 06:15:00;0,1567;0,1567;0,1567;0,1567
19/08/2026 06:20:00;0,1567;0,1568;0,1566;0,1566
19/08/2026 06:25:00;0,1566;0,1566;0,1565;0,1565
19/08/2026 06:30:00;0,1565;0,1566;0,1564;0,1564
19/08/2026 06:35:00;0,1564;0,1564;0,1563;0,1564
19/08/2026 06:40:00;0,1564;0,1564;0,1562;0,1562
19/08/2026 06:45:00;0,1562;0,1563;0,156;0,1561
19/08/2026 06:50:00;0,1561;0,1562;0,1561;0,1561
19/08/2026 06:55:00;0,1561;0,1562;0,1561;0,1562
19/08/2026 07:00:00;0,1562;0,1562;0,1562;0,1562
19/08/2026 07:05:00;0,1562;0,1562;0,1561;0,1561
19/08/2026 07:10:00;0,1561;0,1561;0,156;0,156
19/08/2026 07:15:00;0,156;0,1561;0,156;0,156
19/08/2026 07:20:00;0,156;0,1561;0,156;0,1561
19/08/2026 07:25:00;0,1561;0,1561;0,156;0,156
19/08/2026 07:30:00;0,156;0,1566;0,156;0,1565
19/08/2026 07:35:00;0,1565;0,1569;0,1565;0,1569
19/08/2026 07:40:00;0,1569;0,1569;0,1567;0,1568
19/08/2026 07:45:00;0,1568;0,1568;0,1567;0,1568
19/08/2026 07:50:00;0,1568;0,1568;0,1566;0,1566
19/08/2026 07:55:00;0,1566;0,1568;0,1566;0,1568
19/08/2026 08:00:00;0,1568;0,157;0,1566;0,1569
19/08/2026 08:05:00;0,1569;0,1572;0,1569;0,1572
19/08/2026 08:10:00;0,1572;0,1572;0,1571;0,1572
19/08/2026 08:15:00;0,1572;0,1572;0,1569;0,1569
19/08/2026 08:20:00;0,1569;0,1571;0,1569;0,157
19/08/2026 08:25:00;0,157;0,1572;0,157;0,1572
19/08/2026 08:30:00;0,1572;0,1573;0,1571;0,1572
19/08/2026 08:35:00;0,1572;0,1577;0,1572;0,1575
19/08/2026 08:40:00;0,1575;0,1575;0,1571;0,1572
19/08/2026 08:45:00;0,1572;0,1572;0,1571;0,1572
19/08/2026 08:50:00;0,1572;0,1574;0,1571;0,1574
19/08/2026 08:55:00;0,1574;0,157501;0,1574;0,1574
19/08/2026 09:00:00;0,1574;0,1578;0,1573;0,1573
19/08/2026 09:05:00;0,1573;0,1574;0,1573;0,1573
19/08/2026 09:10:00;0,1573;0,1574;0,1572;0,1574
19/08/2026 09:15:00;0,1574;0,1574;0,1573;0,1574
19/08/2026 09:20:00;0,1574;0,1574;0,1573;0,1573
19/08/2026 09:25:00;0,1573;0,1573;0,1571;0,1572
19/08/2026 09:30:00;0,1572;0,1573;0,157;0,1573
19/08/2026 09:35:00;0,1573;0,1575;0,1572;0,1574
19/08/2026 09:40:00;0,1574;0,1575;0,1573;0,1575
19/08/2026 09:45:00;0,1575;0,15771;0,1574;0,1576
19/08/2026 09:50:00;0,1576;0,1576;0,1573;0,1575
19/08/2026 09:55:00;0,1575;0,1577;0,1574;0,1575
19/08/2026 10:00:00;0,1575;0,15751;0,157394;0,1575
19/08/2026 10:05:00;0,1574;0,1575;0,1573;0,1573
19/08/2026 10:10:00;0,1573;0,1577;0,1573;0,1576
19/08/2026 10:15:00;0,1576;0,1577;0,1575;0,1576
19/08/2026 10:20:00;0,1576;0,1578;0,1576;0,1577
19/08/2026 10:25:00;0,1579;0,1585;0,1578;0,1585
19/08/2026 10:30:00;0,1584;0,1589;0,1582;0,1589
19/08/2026 10:35:00;0,1589;0,1589;0,1583;0,1583
19/08/2026 10:40:00;0,1584;0,1585;0,1581;0,1583
19/08/2026 10:45:00;0,1583;0,1584;0,1582;0,1582
19/08/2026 10:50:00;0,1582;0,1584;0,1579;0,1579
19/08/2026 10:55:00;0,158;0,1583;0,158;0,1581
19/08/2026 11:00:00;0,1581;0,1581;0,1579;0,158
19/08/2026 11:05:00;0,1581;0,1583;0,1581;0,1583
19/08/2026 11:10:00;0,1583;0,1584;0,158;0,1581
19/08/2026 11:15:00;0,1582;0,1584;0,158;0,1583
19/08/2026 11:20:00;0,1583;0,1584;0,157955;0,1583
19/08/2026 11:25:00;0,1583;0,158501;0,1581;0,158501
19/08/2026 11:30:00;0,158501;0,15881;0,1584;0,15881
19/08/2026 11:35:00;0,15881;0,158869;0,1586;0,1588
19/08/2026 11:40:00;0,1588;0,15911;0,1587;0,1591
19/08/2026 11:45:00;0,1591;0,15941;0,1591;0,15941
19/08/2026 11:50:00;0,15941;0,1599;0,1594;0,1599
19/08/2026 11:55:00;0,1599;0,1616;0,1599;0,1613
19/08/2026 12:00:00;0,1613;0,1628;0,1612;0,1628
20/08/2026 14:10:00;0,1862;0,1875;0,1861;0,1872
20/08/2026 14:15:00;0,1864;0,1881;0,1864;0,1879
20/08/2026 14:20:00;0,1879;0,1888;0,187;0,1887
20/08/2026 14:25:00;0,189;0,19;0,188666;0,1894
20/08/2026 14:30:00;0,1894;0,1909;0,1893;0,1902
20/08/2026 14:35:00;0,1902;0,192;0,1894;0,1916
20/08/2026 14:40:00;0,1916;0,1919;0,1899;0,1899
20/08/2026 14:45:00;0,1899;0,1911;0,1898;0,1901
20/08/2026 14:50:00;0,1901;0,1901;0,188;0,1886
20/08/2026 14:55:00;0,1886;0,1886;0,1864;0,1864
20/08/2026 15:00:00;0,1864;0,187;0,184;0,1844
20/08/2026 15:05:00;0,1844;0,1845;0,182999;0,182999
20/08/2026 15:10:00;0,182999;0,1834;0,1828;0,183
20/08/2026 15:15:00;0,183;0,1833;0,1824;0,183
20/08/2026 15:20:00;0,183;0,1839;0,1826;0,1838
20/08/2026 15:25:00;0,1838;0,1841;0,1828;0,1828
20/08/2026 15:30:00;0,1828;0,1832;0,1816;0,1817
20/08/2026 15:35:00;0,1817;0,1817;0,1805;0,1808
20/08/2026 15:40:00;0,1808;0,1815;0,1807;0,1815
20/08/2026 15:45:00;0,1815;0,1818;0,1806;0,1806
20/08/2026 15:50:00;0,1806;0,1807;0,1794;0,1795
20/08/2026 15:55:00;0,1795;0,1796;0,1785;0,1786
20/08/2026 16:00:00;0,1786;0,179;0,1783;0,1786
20/08/2026 16:05:00;0,1786;0,179;0,1782;0,1787
20/08/2026 16:10:00;0,1787;0,1787;0,1776;0,1779
20/08/2026 16:15:00;0,1779;0,1785;0,1778;0,1784
20/08/2026 16:20:00;0,1784;0,1789;0,1782;0,1786
20/08/2026 16:25:00;0,1786;0,1786;0,1778;0,1778
20/08/2026 16:30:00;0,1778;0,1781;0,1772;0,1774
20/08/2026 16:35:00;0,1774;0,1788;0,1774;0,1787
20/08/2026 16:40:00;0,1787;0,1793;0,1787;0,1791
20/08/2026 16:45:00;0,1791;0,1791;0,1778;0,1779
20/08/2026 16:50:00;0,1779;0,1781;0,1777;0,1778
20/08/2026 16:55:00;0,1778;0,1779;0,1775;0,17773
20/08/2026 17:00:00;0,17773;0,17845;0,177655;0,1783
20/08/2026 17:05:00;0,1782;0,178473;0,177979;0,1784
20/08/2026 17:10:00;0,1784;0,1792;0,1783;0,1792
20/08/2026 17:15:00;0,1792;0,1799;0,1791;0,1797
20/08/2026 17:20:00;0,1797;0,1797;0,1793;0,1796
20/08/2026 17:25:00;0,1796;0,1801;0,1795;0,1798
20/08/2026 17:30:00;0,1798;0,1803;0,1797;0,1803
20/08/2026 17:35:00;0,1803;0,1803;0,1797;0,1799
20/08/2026 17:40:00;0,1797;0,180014;0,1796;0,1798
20/08/2026 17:45:00;0,1798;0,1805;0,1798;0,1801
20/08/2026 17:50:00;0,1801;0,1801;0,1793;0,1796
20/08/2026 17:55:00;0,1795;0,1803;0,1792;0,1803
20/08/2026 18:00:00;0,1803;0,1805;0,179827;0,1802
20/08/2026 18:05:00;0,1802;0,1805;0,1798;0,1803
20/08/2026 18:10:00;0,1803;0,1807;0,1803;0,1805
20/08/2026 18:15:00;0,1805;0,1811;0,1805;0,1805
20/08/2026 18:20:00;0,1805;0,1806;0,1803;0,1803
20/08/2026 18:25:00;0,1803;0,1807;0,1803;0,1807
20/08/2026 18:30:00;0,1807;0,181;0,1806;0,181
20/08/2026 18:35:00;0,181;0,1817;0,181;0,1811
20/08/2026 18:40:00;0,1811;0,181834;0,1811;0,1815
20/08/2026 18:45:00;0,1815;0,1819;0,1815;0,1819
20/08/2026 18:50:00;0,1819;0,1819;0,1812;0,1812
20/08/2026 18:55:00;0,1812;0,18145;0,181;0,181315
20/08/2026 19:00:00;0,181315;0,1819;0,1805;0,1805
20/08/2026 19:05:00;0,1805;0,1815;0,1805;0,1809
20/08/2026 19:10:00;0,1809;0,1812;0,1807;0,1808
20/08/2026 19:15:00;0,1808;0,18081;0,1798;0,1799
20/08/2026 19:20:00;0,1799;0,1813;0,1799;0,1813
20/08/2026 19:25:00;0,1813;0,1813;0,181;0,1812
20/08/2026 19:30:00;0,1812;0,1815;0,1806;0,181
20/08/2026 19:35:00;0,1814;0,1816;0,18089;0,18089
20/08/2026 19:40:00;0,18089;0,1809;0,1805;0,1805
20/08/2026 19:45:00;0,1805;0,181;0,180398;0,1808
20/08/2026 19:50:00;0,1808;0,1811;0,1807;0,1808
20/08/2026 19:55:00;0,1808;0,1809;0,1804;0,1805
20/08/2026 20:00:00;0,1806;0,1808;0,1805;0,1807
20/08/2026 20:05:00;0,1808;0,1811;0,180727;0,181
20/08/2026 20:10:00;0,1814;0,181401;0,1812;0,1813
20/08/2026 20:15:00;0,1813;0,1817;0,181013;0,1817
20/08/2026 20:20:00;0,1817;0,1821;0,1817;0,182
20/08/2026 20:25:00;0,182;0,1826;0,182;0,1822
20/08/2026 20:30:00;0,1822;0,1823;0,1817;0,1818
20/08/2026 20:35:00;0,1818;0,182;0,1814;0,182
20/08/2026 20:40:00;0,182;0,1821;0,1817;0,1818
20/08/2026 20:45:00;0,1818;0,1818;0,1814;0,1815
20/08/2026 20:50:00;0,1815;0,1817;0,1814;0,1817
20/08/2026 20:55:00;0,1817;0,1817;0,1813;0,1817
20/08/2026 21:00:00;0,1817;0,182;0,1814;0,1815
20/08/2026 21:05:00;0,1815;0,1831;0,1815;0,183
20/08/2026 21:10:00;0,183;0,1833;0,1826;0,183
20/08/2026 21:15:00;0,183;0,1838;0,1827;0,1834
20/08/2026 21:20:00;0,1834;0,1834;0,1828;0,183101
20/08/2026 21:25:00;0,183101;0,1832;0,1823;0,1823
20/08/2026 21:30:00;0,1823;0,1828;0,1823;0,1825
20/08/2026 21:35:00;0,1825;0,1825;0,1816;0,182
20/08/2026 21:40:00;0,182;0,182;0,1815;0,1815
20/08/2026 21:45:00;0,1815;0,1818;0,1813;0,1817
20/08/2026 21:50:00;0,1817;0,1824;0,1817;0,1823
20/08/2026 21:55:00;0,1823;0,1825;0,1821;0,1824
20/08/2026 22:00:00;0,1824;0,1828;0,18189;0,1827
20/08/2026 22:05:00;0,1827;0,1828;0,1823;0,1828
20/08/2026 22:10:00;0,1828;0,1831;0,1828;0,183
20/08/2026 22:15:00;0,183;0,184589;0,1829;0,184589
20/08/2026 22:20:00;0,184589;0,184689;0,183;0,1838
20/08/2026 22:25:00;0,1838;0,185;0,1837;0,185
20/08/2026 22:30:00;0,185;0,1854;0,1845;0,1853
20/08/2026 22:35:00;0,1853;0,1854;0,1845;0,1854
20/08/2026 22:40:00;0,1852;0,1855;0,184795;0,1852
20/08/2026 22:45:00;0,1852;0,1864;0,1849;0,1862
20/08/2026 22:50:00;0,1862;0,1868;0,1856;0,1868
20/08/2026 22:55:00;0,1868;0,1869;0,1859;0,1859
20/08/2026 23:00:00;0,1859;0,1861;0,185;0,1856
20/08/2026 23:05:00;0,1856;0,1856;0,1848;0,1848
20/08/2026 23:10:00;0,1848;0,185;0,184;0,1848
20/08/2026 23:15:00;0,1848;0,1848;0,1841;0,1845
20/08/2026 23:20:00;0,1845;0,1845;0,1836;0,1838
20/08/2026 23:25:00;0,1839;0,1846;0,1839;0,1845
20/08/2026 23:30:00;0,1845;0,1862;0,1838;0,1843
20/08/2026 23:35:00;0,1843;0,1843;0,183981;0,1842
20/08/2026 23:40:00;0,1842;0,1842;0,1838;0,1841
20/08/2026 23:45:00;0,1841;0,1841;0,1833;0,1837
20/08/2026 23:50:00;0,1837;0,1842;0,1837;0,1841
20/08/2026 23:55:00;0,1842;0,1843;0,1839;0,1839
21/08/2026 00:00:00;0,1839;0,1842;0,1833;0,1835
21/08/2026 00:05:00;0,1835;0,1835;0,1829;0,1833
21/08/2026 00:10:00;0,1833;0,1844;0,1833;0,18434
21/08/2026 00:15:00;0,18434;0,18434;0,18345;0,184
21/08/2026 00:20:00;0,184;0,1843;0,1836;0,1839
21/08/2026 00:25:00;0,1839;0,1845;0,1837;0,1845
21/08/2026 00:30:00;0,1845;0,1847;0,1843;0,1844
21/08/2026 00:35:00;0,1844;0,1846;0,1839;0,1844
21/08/2026 00:40:00;0,1844;0,185;0,1843;0,1846
21/08/2026 00:45:00;0,1846;0,1852;0,1846;0,1852
21/08/2026 00:50:00;0,1852;0,1861;0,1852;0,1858
21/08/2026 00:55:00;0,1858;0,1858;0,1852;0,1852
21/08/2026 01:00:00;0,1852;0,1863;0,185;0,1862
21/08/2026 01:05:00;0,1862;0,1862;0,1851;0,1853
21/08/2026 01:10:00;0,1853;0,1855;0,1846;0,1847
21/08/2026 01:15:00;0,1847;0,1858;0,1847;0,1855
21/08/2026 01:20:00;0,1855;0,1857;0,1848;0,1848
21/08/2026 01:25:00;0,1848;0,185;0,1842;0,18429
21/08/2026 01:30:00;0,18429;0,1851;0,18429;0,1849
21/08/2026 01:35:00;0,1849;0,1856;0,1849;0,1856
21/08/2026 01:40:00;0,1856;0,1858;0,1852;0,1857
21/08/2026 01:45:00;0,1857;0,18582;0,1854;0,18582
21/08/2026 01:50:00;0,18582;0,186;0,1855;0,186
21/08/2026 01:55:00;0,186;0,18612;0,1856;0,1858
21/08/2026 02:00:00;0,1858;0,1859;0,1847;0,185
21/08/2026 02:05:00;0,185;0,1859;0,185;0,1857
21/08/2026 02:10:00;0,1857;0,186;0,18566;0,1859
21/08/2026 02:15:00;0,1859;0,1864;0,1858;0,1864
21/08/2026 02:20:00;0,1864;0,1864;0,1859;0,1859
21/08/2026 02:25:00;0,1859;0,1864;0,1856;0,1864
21/08/2026 02:30:00;0,1864;0,1864;0,1861;0,1863
21/08/2026 02:35:00;0,1863;0,1863;0,186;0,1861
21/08/2026 02:40:00;0,1861;0,1862;0,1858;0,1858
21/08/2026 02:45:00;0,1858;0,1862;0,1858;0,186
21/08/2026 02:50:00;0,186;0,1868;0,186;0,1867
21/08/2026 02:55:00;0,1867;0,18694;0,1865;0,18694
21/08/2026 03:00:00;0,18694;0,1875;0,186641;0,1874
21/08/2026 03:05:00;0,1874;0,1877;0,187;0,1876
21/08/2026 03:10:00;0,1876;0,1879;0,1872;0,1874
21/08/2026 03:15:00;0,1874;0,1884;0,1874;0,1877
21/08/2026 03:20:00;0,1877;0,1879;0,1866;0,187
21/08/2026 03:25:00;0,187;0,1874;0,1865;0,1865
21/08/2026 03:30:00;0,1865;0,1868;0,1862;0,1868
21/08/2026 03:35:00;0,1868;0,1869;0,1864;0,1869
21/08/2026 03:40:00;0,1869;0,1869;0,1861;0,1862
21/08/2026 03:45:00;0,1862;0,1867;0,1857;0,1866
21/08/2026 03:50:00;0,1866;0,1866;0,1863;0,1865
21/08/2026 03:55:00;0,1865;0,1868;0,1865;0,1866
21/08/2026 04:00:00;0,1866;0,1871;0,1866;0,1869
21/08/2026 04:05:00;0,1869;0,1875;0,1867;0,1875
21/08/2026 04:10:00;0,1875;0,1881;0,1875;0,1881
21/08/2026 04:15:00;0,1881;0,1898;0,1881;0,1898
21/08/2026 04:20:00;0,1898;0,1898;0,1883;0,1885
21/08/2026 04:25:00;0,1885;0,1887;0,188;0,1882
21/08/2026 04:30:00;0,1882;0,1885;0,1878;0,188
21/08/2026 04:35:00;0,188;0,1885;0,1879;0,1885
21/08/2026 04:40:00;0,1885;0,1894;0,1884;0,1893
21/08/2026 04:45:00;0,1893;0,1893;0,1886;0,1887
21/08/2026 04:50:00;0,1887;0,1888;0,1883;0,1883
21/08/2026 04:55:00;0,1883;0,189;0,1883;0,1889
21/08/2026 05:00:00;0,1889;0,1893;0,1886;0,1892
21/08/2026 05:05:00;0,1892;0,1898;0,1889;0,1897
21/08/2026 05:10:00;0,1897;0,190114;0,1897;0,1901
21/08/2026 05:15:00;0,19;0,1922;0,19;0,1917
21/08/2026 05:20:00;0,1917;0,19185;0,1905;0,1909
21/08/2026 05:25:00;0,1913;0,191591;0,19108;0,1915
21/08/2026 05:30:00;0,1915;0,1921;0,1913;0,1917
21/08/2026 05:35:00;0,1917;0,192;0,1913;0,1915
21/08/2026 05:40:00;0,1915;0,1924;0,1914;0,1919
21/08/2026 05:45:00;0,1919;0,1929;0,1919;0,1925
21/08/2026 05:50:00;0,1925;0,1943;0,1925;0,1941
21/08/2026 05:55:00;0,1941;0,1944;0,1931;0,1943
21/08/2026 06:00:00;0,1943;0,1947;0,1896;0,1901
21/08/2026 06:05:00;0,1901;0,1907;0,1877;0,1895
21/08/2026 06:10:00;0,1895;0,1904;0,1895;0,1901
21/08/2026 06:15:00;0,1901;0,1904;0,1889;0,1893
21/08/2026 06:20:00;0,1893;0,19;0,1891;0,1896
21/08/2026 06:25:00;0,1896;0,1911;0,1896;0,191
21/08/2026 06:30:00;0,191;0,192;0,1903;0,1915
21/08/2026 06:35:00;0,1907;0,1917;0,1907;0,1914
21/08/2026 06:40:00;0,1914;0,1922;0,1911;0,1918
21/08/2026 06:45:00;0,1918;0,1932;0,1917;0,1928
21/08/2026 06:50:00;0,1928;0,1944;0,1928;0,1936
21/08/2026 06:55:00;0,1936;0,1937;0,1914;0,1931
21/08/2026 07:00:00;0,1931;0,1932;0,192037;0,1922
21/08/2026 07:05:00;0,1921;0,1921;0,190499;0,190499
21/08/2026 07:10:00;0,190499;0,192;0,190499;0,1917
21/08/2026 07:15:00;0,1917;0,1922;0,191529;0,192
21/08/2026 07:20:00;0,192;0,192;0,19;0,19
21/08/2026 07:25:00;0,19;0,1905;0,1895;0,18996
21/08/2026 07:30:00;0,18996;0,190323;0,1894;0,1898
21/08/2026 07:35:00;0,1898;0,1905;0,1895;0,1905
21/08/2026 07:40:00;0,1905;0,1911;0,1904;0,191
21/08/2026 07:45:00;0,191;0,1919;0,191;0,1918
21/08/2026 07:50:00;0,1918;0,192;0,1914;0,192
21/08/2026 07:55:00;0,192;0,1921;0,1915;0,1916
21/08/2026 08:00:00;0,1916;0,1921;0,1907;0,1919
21/08/2026 08:05:00;0,1919;0,1923;0,19148;0,1917
21/08/2026 08:10:00;0,1917;0,1917;0,1893;0,1901
21/08/2026 08:15:00;0,1901;0,1902;0,1894;0,1895
21/08/2026 08:20:00;0,1895;0,191;0,1895;0,1904
21/08/2026 08:25:00;0,1904;0,1908;0,1901;0,1908
21/08/2026 08:30:00;0,1907;0,1908;0,1875;0,1875
21/08/2026 08:35:00;0,1875;0,1892;0,1875;0,1889
21/08/2026 08:40:00;0,1889;0,1892;0,188483;0,1887
21/08/2026 08:45:00;0,1887;0,189;0,1877;0,188
21/08/2026 08:50:00;0,188;0,188759;0,1877;0,1886
21/08/2026 08:55:00;0,1886;0,1886;0,1873;0,1876
21/08/2026 09:00:00;0,1876;0,1883;0,1871;0,1875
21/08/2026 09:05:00;0,1875;0,1886;0,1875;0,1884
21/08/2026 09:10:00;0,1884;0,1892;0,1881;0,1892
21/08/2026 09:15:00;0,1892;0,1892;0,1889;0,1892
21/08/2026 09:20:00;0,1892;0,1894;0,1888;0,1894
21/08/2026 09:25:00;0,1894;0,1897;0,188925;0,1897
21/08/2026 09:30:00;0,1897;0,1897;0,189;0,1893
21/08/2026 09:35:00;0,1893;0,1907;0,1893;0,1907
21/08/2026 09:40:00;0,1907;0,1918;0,190625;0,1914
21/08/2026 09:45:00;0,1914;0,192;0,1914;0,1919
21/08/2026 09:50:00;0,1919;0,192;0,1909;0,191
21/08/2026 09:55:00;0,191;0,1914;0,1909;0,191
21/08/2026 10:00:00;0,191;0,191542;0,190841;0,1915
21/08/2026 10:05:00;0,1915;0,191614;0,1913;0,19141
21/08/2026 10:10:00;0,19141;0,191534;0,1906;0,1908
21/08/2026 10:15:00;0,1908;0,1911;0,1903;0,1908
21/08/2026 10:20:00;0,1908;0,1908;0,19;0,1906
21/08/2026 10:25:00;0,1906;0,1913;0,1906;0,1909
21/08/2026 10:30:00;0,1909;0,1909;0,1892;0,19
21/08/2026 10:35:00;0,19;0,1913;0,189543;0,1913
21/08/2026 10:40:00;0,1913;0,1928;0,1913;0,1923
21/08/2026 10:45:00;0,1923;0,1927;0,192;0,1927
21/08/2026 10:50:00;0,1927;0,1928;0,1915;0,1918
21/08/2026 10:55:00;0,1918;0,1926;0,1914;0,1925
21/08/2026 11:00:00;0,1925;0,1925;0,191;0,1913
21/08/2026 11:05:00;0,1913;0,1924;0,1913;0,192
21/08/2026 11:10:00;0,192;0,1922;0,1909;0,1913
21/08/2026 11:15:00;0,1913;0,192;0,1907;0,1907
21/08/2026 11:20:00;0,1907;0,1912;0,1901;0,1912
21/08/2026 11:25:00;0,1912;0,1916;0,1909;0,1911
21/08/2026 11:30:00;0,1911;0,1914;0,1908;0,1909
21/08/2026 11:35:00;0,1909;0,1916;0,1902;0,1902
21/08/2026 11:40:00;0,1902;0,1909;0,1902;0,1909
21/08/2026 11:45:00;0,1909;0,192169;0,1906;0,1921
21/08/2026 11:50:00;0,1921;0,1927;0,1921;0,1923
21/08/2026 11:55:00;0,1923;0,1927;0,1923;0,1923
21/08/2026 12:00:00;0,1923;0,1926;0,1918;0,1926
21/08/2026 12:05:00;0,1926;0,1929;0,1924;0,1929
21/08/2026 12:10:00;0,1929;0,1929;0,1923;0,1927
21/08/2026 12:15:00;0,1927;0,192983;0,19211;0,1928
21/08/2026 12:20:00;0,1928;0,1931;0,1926;0,1928
21/08/2026 12:25:00;0,1928;0,1931;0,1922;0,1923
21/08/2026 12:30:00;0,1923;0,1926;0,1915;0,1915
21/08/2026 12:35:00;0,1915;0,1922;0,1913;0,1921
21/08/2026 12:40:00;0,1921;0,1925;0,192;0,1924
21/08/2026 12:45:00;0,1924;0,1927;0,1917;0,1917
21/08/2026 12:50:00;0,1917;0,1923;0,191671;0,1917
21/08/2026 12:55:00;0,1917;0,1919;0,1912;0,1917
21/08/2026 13:00:00;0,1917;0,1924;0,1917;0,1918
21/08/2026 13:05:00;0,1918;0,192;0,1908;0,1911
21/08/2026 13:10:00;0,1911;0,1914;0,1906;0,1907
21/08/2026 13:15:00;0,1907;0,1916;0,1905;0,1912
21/08/2026 13:20:00;0,1912;0,1917;0,1911;0,1916
21/08/2026 13:25:00;0,1916;0,1928;0,1916;0,1928
21/08/2026 13:30:00;0,1928;0,1929;0,1924;0,1925
21/08/2026 13:35:00;0,1925;0,1929;0,1922;0,1929
21/08/2026 13:40:00;0,1929;0,1929;0,1919;0,1921
21/08/2026 13:45:00;0,1921;0,1926;0,1921;0,1924
21/08/2026 13:50:00;0,1924;0,1927;0,1924;0,19252
21/08/2026 13:55:00;0,19252;0,19252;0,1919;0,192
21/08/2026 14:00:00;0,192;0,1923;0,1917;0,1921
21/08/2026 14:05:00;0,1921;0,1933;0,192;0,1931
21/08/2026 14:10:00;0,1931;0,19331;0,192662;0,1927
21/08/2026 14:15:00;0,1927;0,1927;0,192;0,1923
21/08/2026 14:20:00;0,1923;0,1924;0,1913;0,1919
21/08/2026 14:25:00;0,1919;0,1927;0,1919;0,1926
21/08/2026 14:30:00;0,1924;0,1928;0,1921;0,1926
21/08/2026 14:35:00;0,1926;0,1928;0,1921;0,1928
21/08/2026 14:40:00;0,1928;0,1929;0,1922;0,1925
21/08/2026 14:45:00;0,1925;0,1927;0,1919;0,1925
21/08/2026 14:50:00;0,1925;0,1925;0,1921;0,1922
21/08/2026 14:55:00;0,1922;0,193;0,1922;0,1928
21/08/2026 15:00:00;0,1928;0,1931;0,1928;0,1931
21/08/2026 15:05:00;0,1931;0,1936;0,193;0,1933
21/08/2026 15:10:00;0,1933;0,1944;0,1932;0,1943
21/08/2026 15:15:00;0,1944;0,1953;0,1939;0,1948
21/08/2026 15:20:00;0,1948;0,1949;0,19389;0,19389
21/08/2026 15:25:00;0,19389;0,1942;0,1935;0,1936
21/08/2026 15:30:00;0,1936;0,1941;0,1931;0,1941
21/08/2026 15:35:00;0,1939;0,1939;0,1927;0,193
21/08/2026 15:40:00;0,1931;0,1931;0,1917;0,192
21/08/2026 15:45:00;0,192;0,192;0,1904;0,1908
21/08/2026 15:50:00;0,1908;0,1917;0,1908;0,1914
21/08/2026 15:55:00;0,1914;0,1914;0,1909;0,1914
21/08/2026 16:00:00;0,1914;0,1914;0,1891;0,1896
21/08/2026 16:05:00;0,1896;0,1905;0,1893;0,1905
21/08/2026 16:10:00;0,1905;0,1912;0,1901;0,1912
21/08/2026 16:15:00;0,1912;0,1913;0,1905;0,191
21/08/2026 16:20:00;0,191;0,1923;0,190971;0,1923
21/08/2026 16:25:00;0,1923;0,1927;0,1923;0,1925
21/08/2026 16:30:00;0,1925;0,1928;0,192;0,1921
21/08/2026 16:35:00;0,192;0,1921;0,1913;0,1919
21/08/2026 16:40:00;0,1919;0,1919;0,1909;0,1911
21/08/2026 16:45:00;0,1911;0,1915;0,1906;0,1914
21/08/2026 16:50:00;0,1914;0,1917;0,191;0,1917
21/08/2026 16:55:00;0,1917;0,1918;0,1909;0,1911
21/08/2026 17:00:00;0,1911;0,1922;0,1905;0,1922
21/08/2026 17:05:00;0,1922;0,1922;0,1915;0,1919
21/08/2026 17:10:00;0,1919;0,1924;0,1918;0,1919
21/08/2026 17:15:00;0,1919;0,1927;0,1919;0,1926
21/08/2026 17:20:00;0,1926;0,1931;0,1925;0,1928
21/08/2026 17:25:00;0,1928;0,1928;0,1922;0,1925
21/08/2026 17:30:00;0,1925;0,1928;0,1923;0,1927
21/08/2026 17:35:00;0,1927;0,1927;0,192;0,1923
21/08/2026 17:40:00;0,1923;0,1928;0,1923;0,1926
21/08/2026 17:45:00;0,1926;0,193;0,192327;0,193
21/08/2026 17:50:00;0,1931;0,193375;0,193;0,1932
21/08/2026 17:55:00;0,1932;0,193723;0,193074;0,1937
21/08/2026 18:00:00;0,1937;0,19398;0,1936;0,1938
21/08/2026 18:05:00;0,1938;0,1942;0,193773;0,1941
21/08/2026 18:10:00;0,1941;0,1953;0,1941;0,1948
21/08/2026 18:15:00;0,1948;0,195;0,1944;0,1946
21/08/2026 18:20:00;0,1946;0,1953;0,1944;0,195
21/08/2026 18:25:00;0,195;0,1954;0,1947;0,1951
21/08/2026 18:30:00;0,1951;0,1961;0,195;0,1961
21/08/2026 18:35:00;0,1961;0,1962;0,1953;0,1956
21/08/2026 18:40:00;0,1956;0,1964;0,1956;0,1964
21/08/2026 18:45:00;0,1964;0,1978;0,1963;0,1977
21/08/2026 18:50:00;0,1977;0,1981;0,197387;0,1976
21/08/2026 18:55:00;0,1976;0,1981;0,1969;0,1979
21/08/2026 19:00:00;0,1979;0,1985;0,1975;0,1982
21/08/2026 19:05:00;0,1982;0,1989;0,197872;0,198
21/08/2026 19:10:00;0,198;0,1986;0,1976;0,1983
21/08/2026 19:15:00;0,1983;0,1987;0,1978;0,1985
21/08/2026 19:20:00;0,1985;0,1985;0,1973;0,1974
21/08/2026 19:25:00;0,1974;0,1995;0,1974;0,1995
21/08/2026 19:30:00;0,1995;0,1999;0,1983;0,199683
21/08/2026 19:35:00;0,199683;0,2002;0,1994;0,2002
21/08/2026 19:40:00;0,2002;0,2008;0,2001;0,2008
21/08/2026 19:45:00;0,2008;0,201541;0,200167;0,2014
21/08/2026 19:50:00;0,2014;0,2033;0,2011;0,2031
21/08/2026 19:55:00;0,203;0,2037;0,2021;0,2028
21/08/2026 20:00:00;0,2028;0,2029;0,2013;0,2023
21/08/2026 20:05:00;0,2023;0,2023;0,20134;0,2015
21/08/2026 20:10:00;0,2015;0,2018;0,2008;0,2016
21/08/2026 20:15:00;0,2016;0,2026;0,201;0,2024
21/08/2026 20:20:00;0,2024;0,203;0,2023;0,202614
21/08/2026 20:25:00;0,202633;0,203563;0,2022;0,2031
21/08/2026 20:30:00;0,2031;0,2041;0,2031;0,2036
21/08/2026 20:35:00;0,2036;0,2036;0,202;0,2022
21/08/2026 20:40:00;0,2022;0,2034;0,2019;0,2033
21/08/2026 20:45:00;0,2033;0,2033;0,2021;0,2021
21/08/2026 20:50:00;0,2015;0,2027;0,201346;0,2022
21/08/2026 20:55:00;0,2022;0,2022;0,2017;0,2018
21/08/2026 21:00:00;0,2018;0,2034;0,2016;0,2019
21/08/2026 21:05:00;0,2019;0,202;0,199;0,1996
21/08/2026 21:10:00;0,1996;0,2;0,1982;0,199
21/08/2026 21:15:00;0,199;0,2003;0,1988;0,198901
21/08/2026 21:20:00;0,198901;0,2017;0,198901;0,2017
21/08/2026 21:25:00;0,2017;0,2022;0,2012;0,2012
21/08/2026 21:30:00;0,2012;0,2029;0,2012;0,2026
21/08/2026 21:35:00;0,2026;0,2028;0,2007;0,2019
21/08/2026 21:40:00;0,2019;0,2019;0,20002;0,2007
21/08/2026 21:45:00;0,2007;0,2017;0,2;0,201
21/08/2026 21:50:00;0,201;0,2011;0,2002;0,2007
21/08/2026 21:55:00;0,2007;0,2019;0,2007;0,2018
21/08/2026 22:00:00;0,2018;0,2026;0,2015;0,2024
21/08/2026 22:05:00;0,2024;0,2038;0,2024;0,203
21/08/2026 22:10:00;0,203;0,205;0,203;0,2043
21/08/2026 22:15:00;0,2043;0,2067;0,2043;0,2062
21/08/2026 22:20:00;0,2062;0,2063;0,2052;0,20621
21/08/2026 22:25:00;0,20621;0,2063;0,2055;0,2063
21/08/2026 22:30:00;0,2063;0,2067;0,2054;0,2058
21/08/2026 22:35:00;0,2058;0,208;0,2054;0,207
21/08/2026 22:40:00;0,207;0,2073;0,2061;0,2072
21/08/2026 22:45:00;0,2072;0,2083;0,2063;0,2064
21/08/2026 22:50:00;0,2064;0,2067;0,2047;0,2055
21/08/2026 22:55:00;0,2055;0,2058;0,2042;0,2044
21/08/2026 23:00:00;0,2044;0,2064;0,2041;0,2063
21/08/2026 23:05:00;0,2063;0,2066;0,2055;0,2065
21/08/2026 23:10:00;0,2065;0,2072;0,2064;0,2065
21/08/2026 23:15:00;0,2065;0,2071;0,2058;0,2063
21/08/2026 23:20:00;0,2063;0,2097;0,206;0,2084
21/08/2026 23:25:00;0,2084;0,2084;0,2073;0,208
21/08/2026 23:30:00;0,208;0,2099;0,2078;0,2097
21/08/2026 23:35:00;0,2097;0,2098;0,2081;0,2097
21/08/2026 23:40:00;0,2097;0,2102;0,2097;0,2101
21/08/2026 23:45:00;0,2101;0,2102;0,2091;0,2092
21/08/2026 23:50:00;0,2092;0,2102;0,2091;0,2099
21/08/2026 23:55:00;0,2099;0,2105;0,2097;0,2102
22/08/2026 00:00:00;0,2102;0,2103;0,2093;0,2096
22/08/2026 00:05:00;0,2096;0,210226;0,2093;0,2094
22/08/2026 00:10:00;0,2094;0,2098;0,2083;0,2095
22/08/2026 00:15:00;0,2095;0,2118;0,2095;0,2117
22/08/2026 00:20:00;0,2136;0,216954;0,2122;0,216
22/08/2026 00:25:00;0,2162;0,2163;0,215322;0,2159
22/08/2026 00:30:00;0,2159;0,2168;0,2139;0,2142
22/08/2026 00:35:00;0,2142;0,2149;0,2133;0,2136
22/08/2026 00:40:00;0,2136;0,2145;0,2131;0,2135
22/08/2026 00:45:00;0,2135;0,2143;0,2129;0,2143
22/08/2026 00:50:00;0,2143;0,2145;0,2136;0,2143
22/08/2026 00:55:00;0,2143;0,214324;0,2134;0,2134
22/08/2026 01:00:00;0,2134;0,2148;0,2125;0,21312
22/08/2026 01:05:00;0,21312;0,2143;0,2127;0,2143
22/08/2026 01:10:00;0,2143;0,2159;0,2141;0,2159
22/08/2026 01:15:00;0,2162;0,2169;0,2145;0,2148
22/08/2026 01:20:00;0,2148;0,2161;0,2148;0,2157
22/08/2026 01:25:00;0,2157;0,2168;0,2155;0,2168
22/08/2026 01:30:00;0,2168;0,2184;0,216668;0,2184
22/08/2026 01:35:00;0,2184;0,22;0,2183;0,2186
22/08/2026 01:40:00;0,2186;0,22;0,2185;0,2199
22/08/2026 01:45:00;0,2199;0,2207;0,2187;0,2199
22/08/2026 01:50:00;0,2199;0,2221;0,2194;0,2212
22/08/2026 01:55:00;0,2212;0,2214;0,2188;0,2214
22/08/2026 02:00:00;0,2214;0,2226;0,21995;0,2214
22/08/2026 02:05:00;0,2214;0,222866;0,2105;0,222866
22/08/2026 02:10:00;0,222866;0,222866;0,1886;0,2003
22/08/2026 02:15:00;0,2003;0,203;0,1957;0,1989
22/08/2026 02:20:00;0,1989;0,2008;0,1961;0,2001
22/08/2026 02:25:00;0,2001;0,2051;0,1997;0,2027
22/08/2026 02:30:00;0,2027;0,204;0,1999;0,204
22/08/2026 02:35:00;0,204;0,2051;0,2021;0,2023
22/08/2026 02:40:00;0,2023;0,2033;0,2011;0,2025
22/08/2026 02:45:00;0,2025;0,2062;0,2019;0,2058
22/08/2026 02:50:00;0,2058;0,207;0,2044;0,2055
22/08/2026 02:55:00;0,2055;0,2061;0,2047;0,2055
22/08/2026 03:00:00;0,2055;0,207426;0,2053;0,2067
22/08/2026 03:05:00;0,2067;0,2078;0,2049;0,2074
22/08/2026 03:10:00;0,2074;0,207607;0,2054;0,2064
22/08/2026 03:15:00;0,2064;0,209;0,2064;0,2082
22/08/2026 03:20:00;0,2082;0,2099;0,2079;0,2097
22/08/2026 03:25:00;0,2095;0,210406;0,209;0,2092
22/08/2026 03:30:00;0,209;0,209;0,2066;0,2075
22/08/2026 03:35:00;0,2075;0,212;0,2071;0,2118
22/08/2026 03:40:00;0,2118;0,2121;0,2101;0,2103
22/08/2026 03:45:00;0,2103;0,2111;0,2101;0,2103
22/08/2026 03:50:00;0,2103;0,2109;0,2084;0,2096
22/08/2026 03:55:00;0,2096;0,2117;0,209246;0,2112
22/08/2026 04:00:00;0,2112;0,2124;0,2106;0,2124
22/08/2026 04:05:00;0,2124;0,2129;0,2117;0,212
22/08/2026 04:10:00;0,212;0,212;0,2104;0,2116
22/08/2026 04:15:00;0,2116;0,212;0,2108;0,2111
22/08/2026 04:20:00;0,2111;0,2138;0,2111;0,2136
22/08/2026 04:25:00;0,2136;0,2145;0,2131;0,2137
22/08/2026 04:30:00;0,2137;0,2142;0,2126;0,2128
22/08/2026 04:35:00;0,2128;0,2128;0,2099;0,2101
22/08/2026 04:40:00;0,2101;0,2102;0,208;0,2084
22/08/2026 04:45:00;0,2084;0,2089;0,2074;0,2079
22/08/2026 04:50:00;0,2079;0,2079;0,2062;0,2068
22/08/2026 04:55:00;0,2068;0,2072;0,2062;0,2067
22/08/2026 05:00:00;0,2067;0,2068;0,2057;0,2057
22/08/2026 05:05:00;0,2057;0,2069;0,205557;0,2064
22/08/2026 05:10:00;0,2067;0,2082;0,2067;0,2081
22/08/2026 05:15:00;0,2081;0,2083;0,2073;0,2075
22/08/2026 05:20:00;0,2072;0,2077;0,2061;0,2064
22/08/2026 05:25:00;0,2064;0,2066;0,204;0,2041
22/08/2026 05:30:00;0,2041;0,2042;0,2015;0,2017
22/08/2026 05:35:00;0,2017;0,202741;0,201;0,2016
22/08/2026 05:40:00;0,2016;0,2025;0,2002;0,2022
22/08/2026 05:45:00;0,2022;0,2022;0,201;0,2022
22/08/2026 05:50:00;0,2022;0,2034;0,202;0,2031
22/08/2026 05:55:00;0,2031;0,2041;0,2029;0,204
22/08/2026 06:00:00;0,2033;0,2034;0,2006;0,2006
22/08/2026 06:05:00;0,2006;0,2027;0,200298;0,2027
22/08/2026 06:10:00;0,2027;0,204;0,2022;0,2038
22/08/2026 06:15:00;0,2038;0,2046;0,2033;0,2036
22/08/2026 06:20:00;0,2037;0,2039;0,2028;0,2028
22/08/2026 06:25:00;0,2028;0,2029;0,2023;0,2029
22/08/2026 06:30:00;0,2029;0,2029;0,2023;0,2026
22/08/2026 06:35:00;0,2026;0,2031;0,2017;0,202
22/08/2026 06:40:00;0,202;0,2026;0,2019;0,2021
22/08/2026 06:45:00;0,2021;0,2021;0,1994;0,1996
22/08/2026 06:50:00;0,1996;0,2004;0,1993;0,1996
22/08/2026 06:55:00;0,1996;0,2003;0,1995;0,2001
22/08/2026 07:00:00;0,2001;0,2003;0,197;0,1978
22/08/2026 07:05:00;0,1978;0,1978;0,1962;0,1968
22/08/2026 07:10:00;0,1968;0,1973;0,1949;0,1954
22/08/2026 07:15:00;0,1959;0,1965;0,1946;0,195
22/08/2026 07:20:00;0,195;0,1956;0,1939;0,1939
22/08/2026 07:25:00;0,1939;0,1971;0,1939;0,1968
22/08/2026 07:30:00;0,1968;0,1977;0,1963;0,1976
22/08/2026 07:35:00;0,1976;0,1989;0,1974;0,1981
22/08/2026 07:40:00;0,1981;0,1999;0,1981;0,1994
22/08/2026 07:45:00;0,1994;0,1996;0,197959;0,1983
22/08/2026 07:50:00;0,1983;0,1988;0,1968;0,1969
22/08/2026 07:55:00;0,1969;0,1979;0,1967;0,1978
22/08/2026 08:00:00;0,1978;0,198;0,197;0,1973
22/08/2026 08:05:00;0,1973;0,1987;0,1973;0,1978
22/08/2026 08:10:00;0,1978;0,1984;0,1978;0,1978
22/08/2026 08:15:00;0,1978;0,1985;0,197;0,1972
22/08/2026 08:20:00;0,1972;0,1978;0,1969;0,1969
22/08/2026 08:25:00;0,1973;0,1978;0,197;0,1977
22/08/2026 08:30:00;0,1978;0,1991;0,1975;0,1991
22/08/2026 08:35:00;0,1991;0,1993;0,1986;0,1993
22/08/2026 08:40:00;0,1993;0,1996;0,198729;0,1993
22/08/2026 08:45:00;0,1993;0,1993;0,1987;0,1987
22/08/2026 08:50:00;0,1987;0,1992;0,1985;0,1987
22/08/2026 08:55:00;0,1986;0,1993;0,198223;0,1991
22/08/2026 09:00:00;0,1991;0,2004;0,1986;0,199
22/08/2026 09:05:00;0,199;0,2;0,199;0,1997
22/08/2026 09:10:00;0,1999;0,2014;0,1999;0,2014
22/08/2026 09:15:00;0,2014;0,202;0,201;0,2018
22/08/2026 09:20:00;0,2019;0,202259;0,2016;0,2018
22/08/2026 09:25:00;0,2018;0,2021;0,2015;0,202
22/08/2026 09:30:00;0,202;0,202;0,201;0,201
22/08/2026 09:35:00;0,201;0,2016;0,2006;0,201
22/08/2026 09:40:00;0,201;0,202;0,201;0,202
22/08/2026 09:45:00;0,202;0,202;0,2011;0,2012
22/08/2026 09:50:00;0,2012;0,2013;0,2005;0,2006
22/08/2026 09:55:00;0,2006;0,2006;0,2001;0,2001
22/08/2026 10:00:00;0,2001;0,2006;0,1991;0,2
22/08/2026 10:05:00;0,2;0,201;0,2;0,2008
22/08/2026 10:10:00;0,2008;0,201;0,2001;0,2003
22/08/2026 10:15:00;0,2003;0,2005;0,1993;0,1994
22/08/2026 10:20:00;0,1994;0,2006;0,1991;0,2005
22/08/2026 10:25:00;0,2005;0,2011;0,2002;0,2002
22/08/2026 10:30:00;0,2002;0,2009;0,2;0,2
22/08/2026 10:35:00;0,2;0,2008;0,1995;0,1996
22/08/2026 10:40:00;0,1996;0,200248;0,1994;0,200248
22/08/2026 10:45:00;0,200248;0,2009;0,1999;0,2009
22/08/2026 10:50:00;0,2009;0,2023;0,2009;0,2016
22/08/2026 10:55:00;0,2016;0,2017;0,2014;0,2014
22/08/2026 11:00:00;0,2014;0,2014;0,2;0,2002
22/08/2026 11:05:00;0,2002;0,2003;0,1987;0,1999
22/08/2026 11:10:00;0,1999;0,2006;0,1995;0,1998
22/08/2026 11:15:00;0,1998;0,2002;0,1988;0,1992
22/08/2026 11:20:00;0,1992;0,1994;0,1989;0,1991
22/08/2026 11:25:00;0,1991;0,1996;0,1986;0,1994
22/08/2026 11:30:00;0,1994;0,2002;0,1986;0,2001
22/08/2026 11:35:00;0,2001;0,2004;0,1983;0,1984
22/08/2026 11:40:00;0,1984;0,1986;0,197098;0,1974
22/08/2026 11:45:00;0,1974;0,1977;0,1966;0,1967
22/08/2026 11:50:00;0,1967;0,1977;0,19665;0,19665
22/08/2026 11:55:00;0,19665;0,1978;0,196556;0,1976
22/08/2026 12:00:00;0,1976;0,1976;0,195;0,1951
22/08/2026 12:05:00;0,1951;0,1956;0,194;0,1943
22/08/2026 12:10:00;0,1943;0,1948;0,1935;0,1937
22/08/2026 12:15:00;0,1937;0,1946;0,193;0,1935
22/08/2026 12:20:00;0,1935;0,1952;0,1932;0,19348
22/08/2026 12:25:00;0,19348;0,1959;0,19348;0,1956
22/08/2026 12:30:00;0,1956;0,1969;0,1952;0,1967
22/08/2026 12:35:00;0,1967;0,1968;0,1956;0,1964
22/08/2026 12:40:00;0,1964;0,1964;0,1955;0,1955
22/08/2026 12:45:00;0,1955;0,1967;0,1955;0,1962
22/08/2026 12:50:00;0,1962;0,1962;0,195;0,1953
22/08/2026 12:55:00;0,1957;0,1957;0,1953;0,1956
22/08/2026 13:00:00;0,1956;0,1973;0,1955;0,1973
22/08/2026 13:05:00;0,1973;0,1978;0,1965;0,1966
22/08/2026 13:10:00;0,1966;0,1972;0,1961;0,1971
22/08/2026 13:15:00;0,1971;0,1991;0,197;0,1991
22/08/2026 13:20:00;0,1991;0,1995;0,199;0,1992
22/08/2026 13:25:00;0,1992;0,1995;0,1991;0,1991
22/08/2026 13:30:00;0,1991;0,1995;0,199;0,1991
22/08/2026 13:35:00;0,1991;0,1996;0,1989;0,1992
22/08/2026 13:40:00;0,1998;0,2;0,1995;0,1996
22/08/2026 13:45:00;0,1996;0,1999;0,1996;0,1999
22/08/2026 13:50:00;0,1999;0,1999;0,1993;0,1993
22/08/2026 13:55:00;0,1993;0,1996;0,1983;0,1983
22/08/2026 14:00:00;0,1983;0,1989;0,1979;0,1979
22/08/2026 14:05:00;0,1979;0,1983;0,1974;0,1975
22/08/2026 14:10:00;0,1975;0,198;0,1973;0,1977
22/08/2026 14:15:00;0,1977;0,1987;0,1977;0,1985
22/08/2026 14:20:00;0,1985;0,1987;0,198;0,1983
22/08/2026 14:25:00;0,1983;0,1986;0,1969;0,197
22/08/2026 14:30:00;0,197;0,1981;0,197;0,1979
22/08/2026 14:35:00;0,1979;0,1982;0,1975;0,1975
22/08/2026 14:40:00;0,1975;0,1985;0,1975;0,1984
22/08/2026 14:45:00;0,1984;0,1989;0,198;0,1987
22/08/2026 14:50:00;0,1988;0,1996;0,1988;0,1992
22/08/2026 14:55:00;0,1992;0,1992;0,1986;0,1989
22/08/2026 15:00:00;0,1989;0,1992;0,1983;0,1985
22/08/2026 15:05:00;0,1985;0,1989;0,1982;0,19829
22/08/2026 15:10:00;0,19829;0,1983;0,1973;0,19758
22/08/2026 15:15:00;0,19758;0,1985;0,19758;0,1983
22/08/2026 15:20:00;0,1983;0,1995;0,1983;0,1991
22/08/2026 15:25:00;0,199;0,199;0,1985;0,1986
22/08/2026 15:30:00;0,1986;0,1988;0,1983;0,1988
22/08/2026 15:35:00;0,1988;0,1988;0,1975;0,1975
22/08/2026 15:40:00;0,1975;0,1981;0,1971;0,1972
22/08/2026 15:45:00;0,1972;0,1975;0,1969;0,1971
22/08/2026 15:50:00;0,1971;0,1974;0,1967;0,1974
22/08/2026 15:55:00;0,1974;0,198;0,1972;0,1979
22/08/2026 16:00:00;0,1979;0,1979;0,1975;0,1976
22/08/2026 16:05:00;0,1975;0,1977;0,197;0,1973
22/08/2026 16:10:00;0,1973;0,198;0,1973;0,1979
22/08/2026 16:15:00;0,1979;0,1982;0,1971;0,1971
22/08/2026 16:20:00;0,1971;0,1973;0,1967;0,197
22/08/2026 16:25:00;0,1971;0,1973;0,1971;0,1972
22/08/2026 16:30:00;0,1973;0,198;0,1973;0,1978
22/08/2026 16:35:00;0,1978;0,198;0,1976;0,1979
22/08/2026 16:40:00;0,1979;0,1989;0,1979;0,1989
22/08/2026 16:45:00;0,1989;0,199;0,1983;0,1985
22/08/2026 16:50:00;0,1986;0,1989;0,1983;0,1984
22/08/2026 16:55:00;0,1984;0,1998;0,1984;0,1988
22/08/2026 17:00:00;0,1989;0,1991;0,1982;0,1988
22/08/2026 17:05:00;0,1988;0,1994;0,1985;0,1993
22/08/2026 17:10:00;0,1993;0,1997;0,1993;0,1994
22/08/2026 17:15:00;0,1994;0,1999;0,1989;0,1989
22/08/2026 17:20:00;0,1989;0,1991;0,1985;0,1989
22/08/2026 17:25:00;0,1989;0,1994;0,1989;0,1989
22/08/2026 17:30:00;0,1989;0,199;0,1985;0,1985
22/08/2026 17:35:00;0,1985;0,1994;0,1983;0,1994
22/08/2026 17:40:00;0,1995;0,1996;0,1992;0,1993
22/08/2026 17:45:00;0,1994;0,1999;0,1986;0,1986
22/08/2026 17:50:00;0,1987;0,1988;0,1985;0,1987
22/08/2026 17:55:00;0,1987;0,1989;0,1981;0,1988
22/08/2026 18:00:00;0,1988;0,1989;0,1967;0,197
22/08/2026 18:05:00;0,197;0,1976;0,197;0,1971
22/08/2026 18:10:00;0,1971;0,1971;0,196;0,196
22/08/2026 18:15:00;0,196;0,1968;0,1958;0,1958
22/08/2026 18:20:00;0,1958;0,197;0,1958;0,1964
22/08/2026 18:25:00;0,1964;0,1972;0,1961;0,1969
22/08/2026 18:30:00;0,1969;0,1969;0,195;0,1956
22/08/2026 18:35:00;0,1956;0,1956;0,1943;0,1946
22/08/2026 18:40:00;0,1946;0,1956;0,1942;0,1956
22/08/2026 18:45:00;0,1956;0,1956;0,1942;0,1945
22/08/2026 18:50:00;0,1945;0,1949;0,1939;0,1945
22/08/2026 18:55:00;0,1945;0,195;0,1943;0,1948
22/08/2026 19:00:00;0,1948;0,1956;0,1939;0,1946
22/08/2026 19:05:00;0,1946;0,1962;0,1946;0,1957
22/08/2026 19:10:00;0,1957;0,1965;0,1957;0,1965
22/08/2026 19:15:00;0,1965;0,1969;0,1959;0,196
22/08/2026 19:20:00;0,196;0,1966;0,196;0,1965
22/08/2026 19:25:00;0,1965;0,1972;0,1964;0,1967
22/08/2026 19:30:00;0,1967;0,1968;0,1955;0,196
22/08/2026 19:35:00;0,196;0,1967;0,196;0,1963
22/08/2026 19:40:00;0,1963;0,1968;0,1963;0,1964
22/08/2026 19:45:00;0,1964;0,1968;0,1963;0,1967
22/08/2026 19:50:00;0,1967;0,197047;0,1965;0,1968
22/08/2026 19:55:00;0,1968;0,1968;0,1958;0,1959
22/08/2026 20:00:00;0,1959;0,1959;0,1951;0,1958
22/08/2026 20:05:00;0,1958;0,1963;0,1957;0,196
22/08/2026 20:10:00;0,196;0,196;0,1951;0,1953
22/08/2026 20:15:00;0,1954;0,1954;0,195;0,1953
22/08/2026 20:20:00;0,1953;0,1956;0,1951;0,1954
22/08/2026 20:25:00;0,1954;0,1956;0,195;0,195
22/08/2026 20:30:00;0,195;0,1951;0,1945;0,1945
22/08/2026 20:35:00;0,1945;0,1952;0,1941;0,1952
22/08/2026 20:40:00;0,1952;0,1956;0,1952;0,1954
22/08/2026 20:45:00;0,1954;0,1957;0,1954;0,1957
22/08/2026 20:50:00;0,1958;0,1963;0,1958;0,1962
22/08/2026 20:55:00;0,1962;0,1962;0,1956;0,1956
22/08/2026 21:00:00;0,1956;0,1961;0,1953;0,196
22/08/2026 21:05:00;0,196;0,1962;0,1954;0,1957
22/08/2026 21:10:00;0,1957;0,1965;0,1956;0,1964
22/08/2026 21:15:00;0,1964;0,19727;0,196;0,19727
22/08/2026 21:20:00;0,19727;0,1975;0,1967;0,1973
22/08/2026 21:25:00;0,1973;0,1981;0,1972;0,1977
22/08/2026 21:30:00;0,1977;0,1982;0,1975;0,19762
22/08/2026 21:35:00;0,19762;0,1984;0,1973;0,1976
22/08/2026 21:40:00;0,1976;0,1976;0,196944;0,1971
22/08/2026 21:45:00;0,1972;0,1979;0,196609;0,1978
22/08/2026 21:50:00;0,1978;0,1993;0,1976;0,1989
22/08/2026 21:55:00;0,1989;0,2006;0,1987;0,2006
22/08/2026 22:00:00;0,2006;0,2006;0,199;0,199
22/08/2026 22:05:00;0,199;0,1998;0,1985;0,1996
22/08/2026 22:10:00;0,1996;0,1999;0,1991;0,1999
22/08/2026 22:15:00;0,1999;0,2;0,1989;0,1992
22/08/2026 22:20:00;0,1992;0,1996;0,1989;0,1992
22/08/2026 22:25:00;0,1992;0,1993;0,1988;0,1989
22/08/2026 22:30:00;0,1989;0,1995;0,1981;0,1987
22/08/2026 22:35:00;0,1987;0,1987;0,1979;0,1982
22/08/2026 22:40:00;0,1982;0,1988;0,1974;0,1984
22/08/2026 22:45:00;0,1984;0,1991;0,1983;0,1984
22/08/2026 22:50:00;0,1983;0,1989;0,1979;0,198
22/08/2026 22:55:00;0,198;0,198;0,1973;0,1978
22/08/2026 23:00:00;0,1978;0,198054;0,197;0,1971
22/08/2026 23:05:00;0,1971;0,197274;0,1963;0,196937
22/08/2026 23:10:00;0,196937;0,1972;0,1961;0,1962
22/08/2026 23:15:00;0,1962;0,197;0,1961;0,1965
22/08/2026 23:20:00;0,1965;0,1965;0,1948;0,1952
22/08/2026 23:25:00;0,1952;0,1956;0,1948;0,1954
22/08/2026 23:30:00;0,1954;0,1968;0,1954;0,1968
22/08/2026 23:35:00;0,1969;0,197;0,1963;0,1963
22/08/2026 23:40:00;0,1963;0,1968;0,1961;0,1963
22/08/2026 23:45:00;0,1963;0,1972;0,1959;0,197
22/08/2026 23:50:00;0,197;0,1977;0,1961;0,1961
22/08/2026 23:55:00;0,1961;0,196262;0,1955;0,1956
23/08/2026 00:00:00;0,1956;0,1958;0,1951;0,1952
23/08/2026 00:05:00;0,1952;0,1952;0,194703;0,194703
23/08/2026 00:10:00;0,194703;0,1951;0,19445;0,19445
23/08/2026 00:15:00;0,19445;0,1962;0,194;0,194
23/08/2026 00:20:00;0,194;0,194957;0,1937;0,1937
23/08/2026 00:25:00;0,1937;0,1948;0,1937;0,19419
23/08/2026 00:30:00;0,19419;0,1942;0,1927;0,1929
23/08/2026 00:35:00;0,1929;0,1933;0,1926;0,1927
23/08/2026 00:40:00;0,1927;0,1929;0,1919;0,1922
23/08/2026 00:45:00;0,1922;0,1935;0,1922;0,1935
23/08/2026 00:50:00;0,1935;0,1935;0,1928;0,1929
23/08/2026 00:55:00;0,1928;0,192934;0,1925;0,1927
23/08/2026 01:00:00;0,1927;0,1929;0,1921;0,1921
23/08/2026 01:05:00;0,1921;0,1932;0,192;0,1927
23/08/2026 01:10:00;0,1927;0,1941;0,1926;0,1941
23/08/2026 01:15:00;0,1941;0,194673;0,1925;0,1925
23/08/2026 01:20:00;0,1925;0,1931;0,1923;0,1931
23/08/2026 01:25:00;0,1931;0,1937;0,193036;0,1934
23/08/2026 01:30:00;0,1934;0,1936;0,1927;0,1927
23/08/2026 01:35:00;0,1927;0,1929;0,1922;0,1926
23/08/2026 01:40:00;0,1926;0,1927;0,19215;0,1923
23/08/2026 01:45:00;0,1923;0,192347;0,1892;0,1897
23/08/2026 01:50:00;0,1897;0,1912;0,1897;0,1909
23/08/2026 01:55:00;0,1909;0,191;0,1899;0,19
23/08/2026 02:00:00;0,19;0,1908;0,1898;0,1905
23/08/2026 02:05:00;0,1905;0,1909;0,1892;0,1896
23/08/2026 02:10:00;0,1896;0,1908;0,1892;0,1892
23/08/2026 02:15:00;0,1892;0,19;0,1882;0,19
23/08/2026 02:20:00;0,19;0,1921;0,189986;0,1921
23/08/2026 02:25:00;0,1921;0,1924;0,1914;0,1916
23/08/2026 02:30:00;0,1916;0,1921;0,1912;0,1914
23/08/2026 02:35:00;0,1914;0,1915;0,1903;0,1908
23/08/2026 02:40:00;0,1908;0,1912;0,1904;0,1908
23/08/2026 02:45:00;0,1908;0,191;0,1904;0,1905
23/08/2026 02:50:00;0,1905;0,1905;0,1891;0,1892
23/08/2026 02:55:00;0,1892;0,1892;0,1886;0,1886
23/08/2026 03:00:00;0,1886;0,1889;0,1879;0,1888
23/08/2026 03:05:00;0,1888;0,1889;0,1877;0,1878
23/08/2026 03:10:00;0,1878;0,1891;0,1878;0,1889
23/08/2026 03:15:00;0,1889;0,19;0,1889;0,19
23/08/2026 03:20:00;0,19;0,19;0,1894;0,1895
23/08/2026 03:25:00;0,1896;0,1898;0,1891;0,1896
23/08/2026 03:30:00;0,1896;0,1905;0,1896;0,1905
23/08/2026 03:35:00;0,1905;0,1906;0,1899;0,1901
23/08/2026 03:40:00;0,1901;0,1904;0,1899;0,1901
23/08/2026 03:45:00;0,1901;0,1901;0,1893;0,1893
23/08/2026 03:50:00;0,1893;0,1895;0,189;0,1891
23/08/2026 03:55:00;0,1891;0,1892;0,1887;0,1892
23/08/2026 04:00:00;0,1892;0,1894;0,1889;0,1893
23/08/2026 04:05:00;0,1893;0,1901;0,1893;0,19
23/08/2026 04:10:00;0,19;0,1906;0,1899;0,1906
23/08/2026 04:15:00;0,1906;0,1913;0,1906;0,191
23/08/2026 04:20:00;0,191;0,191;0,1904;0,1905
23/08/2026 04:25:00;0,1905;0,191;0,1904;0,1905
23/08/2026 04:30:00;0,1905;0,1907;0,19;0,19
23/08/2026 04:35:00;0,19;0,1906;0,19;0,1906
23/08/2026 04:40:00;0,1906;0,1907;0,1904;0,1905
23/08/2026 04:45:00;0,1905;0,1908;0,19;0,1904
23/08/2026 04:50:00;0,1906;0,1911;0,1904;0,1907
23/08/2026 04:55:00;0,1907;0,1907;0,19;0,1905
23/08/2026 05:00:00;0,1905;0,1907;0,19;0,1904
23/08/2026 05:05:00;0,1905;0,1918;0,1904;0,1916
23/08/2026 05:10:00;0,1916;0,1919;0,1913;0,1914
23/08/2026 05:15:00;0,1914;0,1921;0,1914;0,1919
23/08/2026 05:20:00;0,1919;0,1919;0,1914;0,1916
23/08/2026 05:25:00;0,1916;0,1919;0,1913;0,1914
23/08/2026 05:30:00;0,1914;0,192;0,1914;0,1917
23/08/2026 05:35:00;0,1919;0,1924;0,1914;0,1922
23/08/2026 05:40:00;0,1922;0,1927;0,1921;0,1923
23/08/2026 05:45:00;0,1923;0,1923;0,192;0,1921
23/08/2026 05:50:00;0,1921;0,1922;0,1916;0,192
23/08/2026 05:55:00;0,192;0,1922;0,1916;0,1919
23/08/2026 06:00:00;0,1919;0,1931;0,1918;0,1928
23/08/2026 06:05:00;0,1928;0,19327;0,19187;0,19327
23/08/2026 06:10:00;0,19327;0,19327;0,192122;0,1923
23/08/2026 06:15:00;0,1925;0,1927;0,192092;0,1925
23/08/2026 06:20:00;0,1925;0,1928;0,1923;0,1926
23/08/2026 06:25:00;0,1926;0,1933;0,1926;0,1933
23/08/2026 06:30:00;0,1933;0,1934;0,192;0,1922
23/08/2026 06:35:00;0,1922;0,1928;0,1918;0,19267
23/08/2026 06:40:00;0,19267;0,1932;0,19267;0,1931
23/08/2026 06:45:00;0,1931;0,1931;0,1922;0,1927
23/08/2026 06:50:00;0,1927;0,1936;0,1927;0,193
23/08/2026 06:55:00;0,193;0,1932;0,1928;0,193
23/08/2026 07:00:00;0,193;0,1938;0,193;0,1932
23/08/2026 07:05:00;0,1932;0,1939;0,1932;0,1937
23/08/2026 07:10:00;0,1937;0,1941;0,1935;0,194
23/08/2026 07:15:00;0,194;0,1945;0,1939;0,1945
23/08/2026 07:20:00;0,1945;0,1952;0,1944;0,1946
23/08/2026 07:25:00;0,1946;0,1949;0,1944;0,1945
23/08/2026 07:30:00;0,1945;0,1951;0,1943;0,1949
23/08/2026 07:35:00;0,1949;0,1949;0,1945;0,1946
23/08/2026 07:40:00;0,1946;0,1946;0,1942;0,1945
23/08/2026 07:45:00;0,1945;0,1945;0,194;0,1941
23/08/2026 07:50:00;0,1941;0,1941;0,1938;0,1939
23/08/2026 07:55:00;0,1939;0,1939;0,1933;0,1934
23/08/2026 08:00:00;0,1934;0,194;0,1934;0,1934
23/08/2026 08:05:00;0,1934;0,1941;0,1934;0,1937
23/08/2026 08:10:00;0,1937;0,1939;0,1936;0,1938
23/08/2026 08:15:00;0,1938;0,1941;0,1936;0,1941
23/08/2026 08:20:00;0,1941;0,1964;0,1941;0,1964
23/08/2026 08:25:00;0,1964;0,1965;0,196;0,196
23/08/2026 08:30:00;0,196;0,1966;0,1958;0,1962
23/08/2026 08:35:00;0,1962;0,1972;0,1962;0,1972
23/08/2026 08:40:00;0,1972;0,1972;0,1968;0,1971
23/08/2026 08:45:00;0,1971;0,1971;0,1963;0,1964
23/08/2026 08:50:00;0,1964;0,1969;0,1964;0,1968
23/08/2026 08:55:00;0,1968;0,1968;0,1963;0,1966
23/08/2026 09:00:00;0,1966;0,1967;0,196;0,1961
23/08/2026 09:05:00;0,1961;0,1964;0,1952;0,1964
23/08/2026 09:10:00;0,1964;0,1964;0,1956;0,196
23/08/2026 09:15:00;0,196;0,1961;0,1957;0,1961
23/08/2026 09:20:00;0,1961;0,1968;0,196;0,1965
23/08/2026 09:25:00;0,1965;0,1965;0,1962;0,1964
23/08/2026 09:30:00;0,1964;0,197;0,1964;0,1967
23/08/2026 09:35:00;0,1967;0,1974;0,1965;0,1974
23/08/2026 09:40:00;0,1974;0,1985;0,1974;0,1981
23/08/2026 09:45:00;0,1981;0,1981;0,197;0,1972
23/08/2026 09:50:00;0,1972;0,1974;0,1966;0,1968
23/08/2026 09:55:00;0,1968;0,1976;0,1968;0,1975
23/08/2026 10:00:00;0,1974;0,1976;0,1973;0,1974
23/08/2026 10:05:00;0,1974;0,1981;0,1974;0,1981
23/08/2026 10:10:00;0,1981;0,1984;0,19799;0,1983
23/08/2026 10:15:00;0,1983;0,1997;0,1981;0,1996
23/08/2026 10:20:00;0,1996;0,1999;0,1983;0,1991
23/08/2026 10:25:00;0,1991;0,1992;0,1983;0,1983
23/08/2026 10:30:00;0,1983;0,1989;0,198;0,1985
23/08/2026 10:35:00;0,1985;0,1993;0,1983;0,1993
23/08/2026 10:40:00;0,1993;0,1993;0,1987;0,1991
23/08/2026 10:45:00;0,1991;0,1996;0,1989;0,1992
23/08/2026 10:50:00;0,1992;0,1995;0,199;0,1995
23/08/2026 10:55:00;0,1995;0,1995;0,1991;0,1995
23/08/2026 11:00:00;0,1995;0,2;0,1994;0,2
23/08/2026 11:05:00;0,2;0,2001;0,199;0,1997
23/08/2026 11:10:00;0,1997;0,2014;0,1997;0,2013
23/08/2026 11:15:00;0,2013;0,2015;0,2003;0,2007
23/08/2026 11:20:00;0,2007;0,2015;0,2001;0,2003
23/08/2026 11:25:00;0,2003;0,201;0,2002;0,2007
23/08/2026 11:30:00;0,2007;0,202;0,2007;0,2018
23/08/2026 11:35:00;0,2018;0,2021;0,2009;0,201
23/08/2026 11:40:00;0,201;0,2018;0,1961;0,1974
23/08/2026 11:45:00;0,1974;0,1989;0,1974;0,1984
23/08/2026 11:50:00;0,1985;0,1992;0,1985;0,1991
23/08/2026 11:55:00;0,1991;0,1991;0,1982;0,1986
23/08/2026 12:00:00;0,1986;0,1992;0,1977;0,1992
23/08/2026 12:05:00;0,1992;0,1995;0,1987;0,199
23/08/2026 12:10:00;0,199;0,1991;0,1982;0,1985
23/08/2026 12:15:00;0,1985;0,1986;0,1974;0,1978
23/08/2026 12:20:00;0,1978;0,1991;0,1974;0,1989
23/08/2026 12:25:00;0,1989;0,1994;0,1988;0,1992
23/08/2026 12:30:00;0,1992;0,1994;0,1987;0,1987
23/08/2026 12:35:00;0,1991;0,2001;0,1991;0,2001
23/08/2026 12:40:00;0,2001;0,2002;0,1994;0,1997
23/08/2026 12:45:00;0,1997;0,2001;0,1993;0,1995
23/08/2026 12:50:00;0,1995;0,1998;0,1994;0,1995
23/08/2026 12:55:00;0,1995;0,1998;0,1988;0,199
23/08/2026 13:00:00;0,199;0,1997;0,1989;0,1997
23/08/2026 13:05:00;0,1997;0,1997;0,1987;0,1989
23/08/2026 13:10:00;0,1989;0,1997;0,1989;0,1997
23/08/2026 13:15:00;0,1997;0,1997;0,1985;0,1986
23/08/2026 13:20:00;0,1986;0,1992;0,1982;0,1988
23/08/2026 13:25:00;0,1988;0,1988;0,1981;0,1982
23/08/2026 13:30:00;0,1982;0,1995;0,198143;0,1995
23/08/2026 13:35:00;0,1995;0,199514;0,1988;0,1988
23/08/2026 13:40:00;0,1988;0,199;0,1988;0,1988
23/08/2026 13:45:00;0,1988;0,1993;0,1988;0,1988
23/08/2026 13:50:00;0,1988;0,1994;0,1988;0,1991
23/08/2026 13:55:00;0,1991;0,1991;0,1985;0,1988
23/08/2026 14:00:00;0,1988;0,199;0,1976;0,1982
23/08/2026 14:05:00;0,1982;0,1992;0,1982;0,1991
23/08/2026 14:10:00;0,1991;0,1991;0,1987;0,1991
23/08/2026 14:15:00;0,1991;0,1995;0,1986;0,1995
23/08/2026 14:20:00;0,1995;0,2;0,1991;0,1991
23/08/2026 14:25:00;0,1991;0,1993;0,1988;0,199
23/08/2026 14:30:00;0,199;0,1994;0,1982;0,1994
23/08/2026 14:35:00;0,1994;0,1999;0,1994;0,1994
23/08/2026 14:40:00;0,1994;0,19951;0,199183;0,1992
23/08/2026 14:45:00;0,1992;0,1999;0,1989;0,1991
23/08/2026 14:50:00;0,1991;0,1994;0,1989;0,199
23/08/2026 14:55:00;0,199;0,1995;0,199;0,1994
23/08/2026 15:00:00;0,1994;0,1995;0,1988;0,1995
23/08/2026 15:05:00;0,1995;0,1996;0,1992;0,1996
23/08/2026 15:10:00;0,1996;0,2005;0,1996;0,2005
23/08/2026 15:15:00;0,2005;0,2005;0,1997;0,1999
23/08/2026 15:20:00;0,1999;0,2001;0,1996;0,1999
23/08/2026 15:25:00;0,1999;0,2004;0,1999;0,2001
23/08/2026 15:30:00;0,2001;0,2003;0,1999;0,2
23/08/2026 15:35:00;0,1999;0,2003;0,1999;0,1999
23/08/2026 15:40:00;0,1999;0,2004;0,1999;0,2002
23/08/2026 15:45:00;0,2002;0,2002;0,1998;0,1999
23/08/2026 15:50:00;0,1999;0,1999;0,199799;0,1999
23/08/2026 15:55:00;0,1999;0,2006;0,1999;0,2005
23/08/2026 16:00:00;0,2006;0,201;0,2003;0,2004
23/08/2026 16:05:00;0,2004;0,2007;0,2002;0,2002
23/08/2026 16:10:00;0,2002;0,2004;0,2;0,2001
23/08/2026 16:15:00;0,2001;0,2003;0,2;0,2002
23/08/2026 16:20:00;0,2002;0,2002;0,2;0,2
23/08/2026 16:25:00;0,2;0,200181;0,2;0,2001
23/08/2026 16:30:00;0,2001;0,2001;0,199;0,1994
23/08/2026 16:35:00;0,1994;0,2002;0,1994;0,2001
23/08/2026 16:40:00;0,2001;0,2003;0,1997;0,2001
23/08/2026 16:45:00;0,2001;0,2006;0,1997;0,1997
23/08/2026 16:50:00;0,1997;0,1997;0,1991;0,1991
23/08/2026 16:55:00;0,1991;0,199173;0,1985;0,19866
23/08/2026 17:00:00;0,19866;0,198664;0,1974;0,1975
23/08/2026 17:05:00;0,1975;0,19815;0,197274;0,197274
23/08/2026 17:10:00;0,197274;0,1981;0,197274;0,1973
23/08/2026 17:15:00;0,1974;0,1978;0,1974;0,1977
23/08/2026 17:20:00;0,1977;0,1981;0,1974;0,1975
23/08/2026 17:25:00;0,1975;0,1977;0,1973;0,1973
23/08/2026 17:30:00;0,1973;0,1978;0,1972;0,1977
23/08/2026 17:35:00;0,1977;0,1979;0,1974;0,1979
23/08/2026 17:40:00;0,1979;0,1986;0,1978;0,1985
23/08/2026 17:45:00;0,1985;0,1987;0,198;0,1984
23/08/2026 17:50:00;0,1984;0,1985;0,1979;0,1981
23/08/2026 17:55:00;0,1981;0,1986;0,1981;0,1985
23/08/2026 18:00:00;0,1985;0,2001;0,1985;0,2001
23/08/2026 18:05:00;0,2001;0,2001;0,1994;0,1999
23/08/2026 18:10:00;0,1999;0,2003;0,1997;0,2002
23/08/2026 18:15:00;0,2001;0,2009;0,2001;0,2008
23/08/2026 18:20:00;0,2008;0,2015;0,2008;0,2014
23/08/2026 18:25:00;0,2014;0,202;0,2012;0,2018
23/08/2026 18:30:00;0,2018;0,2021;0,2016;0,2019
23/08/2026 18:35:00;0,2019;0,2019;0,2004;0,2006
23/08/2026 18:40:00;0,2006;0,2008;0,2001;0,2002
23/08/2026 18:45:00;0,2002;0,2004;0,2002;0,2003
23/08/2026 18:50:00;0,2003;0,2004;0,1997;0,1999
23/08/2026 18:55:00;0,1999;0,1999;0,1987;0,1994
23/08/2026 19:00:00;0,1994;0,2001;0,1979;0,1985
23/08/2026 19:05:00;0,1985;0,1991;0,1983;0,1988
23/08/2026 19:10:00;0,1988;0,1991;0,198374;0,1989
23/08/2026 19:15:00;0,1989;0,1991;0,1981;0,1987
23/08/2026 19:20:00;0,1987;0,1992;0,1986;0,1989
23/08/2026 19:25:00;0,1989;0,1994;0,1987;0,1992
23/08/2026 19:30:00;0,1992;0,1993;0,1988;0,199
23/08/2026 19:35:00;0,199;0,1993;0,1987;0,1992
23/08/2026 19:40:00;0,1992;0,1994;0,1987;0,1988
23/08/2026 19:45:00;0,1988;0,1991;0,1985;0,199
23/08/2026 19:50:00;0,1991;0,1992;0,1985;0,1985
23/08/2026 19:55:00;0,1986;0,1987;0,1983;0,1987
23/08/2026 20:00:00;0,1987;0,1988;0,1981;0,1988
23/08/2026 20:05:00;0,1987;0,1993;0,1984;0,1991
23/08/2026 20:10:00;0,1991;0,1993;0,1985;0,1989
23/08/2026 20:15:00;0,1989;0,1998;0,1989;0,1994
23/08/2026 20:20:00;0,1994;0,1998;0,1986;0,1987
23/08/2026 20:25:00;0,1987;0,1995;0,198;0,1995
23/08/2026 20:30:00;0,1995;0,2005;0,1993;0,1993
23/08/2026 20:35:00;0,1994;0,1997;0,1991;0,19952
23/08/2026 20:40:00;0,19952;0,19952;0,1988;0,1992
23/08/2026 20:45:00;0,1992;0,199729;0,1992;0,1995
23/08/2026 20:50:00;0,1996;0,2002;0,1992;0,1995
23/08/2026 20:55:00;0,1995;0,200441;0,1995;0,200441
23/08/2026 21:00:00;0,200441;0,200441;0,1984;0,1984
23/08/2026 21:05:00;0,1984;0,1992;0,198;0,1991
23/08/2026 21:10:00;0,1991;0,1991;0,1981;0,1984
23/08/2026 21:15:00;0,1984;0,1985;0,1968;0,1972
23/08/2026 21:20:00;0,1972;0,1972;0,1961;0,1972
23/08/2026 21:25:00;0,1972;0,1972;0,196;0,19666
23/08/2026 21:30:00;0,19666;0,1972;0,1966;0,1972
23/08/2026 21:35:00;0,1972;0,1975;0,1966;0,1966
23/08/2026 21:40:00;0,1966;0,1968;0,1953;0,1953
23/08/2026 21:45:00;0,1953;0,1962;0,1945;0,1959
23/08/2026 21:50:00;0,1959;0,1966;0,1959;0,1966
23/08/2026 21:55:00;0,1966;0,1976;0,1963;0,1976
23/08/2026 22:00:00;0,1976;0,1977;0,1968;0,1972
23/08/2026 22:05:00;0,1969;0,197137;0,1963;0,1963
23/08/2026 22:10:00;0,1963;0,1969;0,1962;0,1962
23/08/2026 22:15:00;0,1962;0,1963;0,1956;0,1958
23/08/2026 22:20:00;0,1958;0,1958;0,1948;0,1949
23/08/2026 22:25:00;0,1949;0,1954;0,1949;0,195
23/08/2026 22:30:00;0,195;0,1953;0,1946;0,1953
23/08/2026 22:35:00;0,1953;0,1953;0,1939;0,1943
23/08/2026 22:40:00;0,1946;0,194663;0,1941;0,1941
23/08/2026 22:45:00;0,1941;0,1942;0,1938;0,1941
23/08/2026 22:50:00;0,1941;0,1941;0,19333;0,1936
23/08/2026 22:55:00;0,1936;0,1936;0,1925;0,1926
23/08/2026 23:00:00;0,1926;0,1933;0,1917;0,1924
23/08/2026 23:05:00;0,1924;0,192721;0,192;0,1923
23/08/2026 23:10:00;0,1924;0,1941;0,1924;0,1939
23/08/2026 23:15:00;0,1939;0,194674;0,1939;0,1946
23/08/2026 23:20:00;0,1946;0,1948;0,1943;0,1946
23/08/2026 23:25:00;0,1946;0,1947;0,1943;0,1945
23/08/2026 23:30:00;0,1945;0,1962;0,1945;0,1954
23/08/2026 23:35:00;0,1954;0,1957;0,195;0,1951
23/08/2026 23:40:00;0,1951;0,1954;0,1947;0,195
23/08/2026 23:45:00;0,195;0,195;0,194;0,1946
23/08/2026 23:50:00;0,1946;0,1947;0,1942;0,1943
23/08/2026 23:55:00;0,1943;0,1951;0,1943;0,1946
24/08/2026 00:00:00;0,1946;0,1948;0,1941;0,1942
24/08/2026 00:05:00;0,1942;0,1942;0,1936;0,1939
24/08/2026 00:10:00;0,1942;0,1945;0,1939;0,1942
24/08/2026 00:15:00;0,1942;0,1942;0,1935;0,1937
24/08/2026 00:20:00;0,1937;0,1945;0,1934;0,1945
24/08/2026 00:25:00;0,1945;0,1949;0,1936;0,1936
24/08/2026 00:30:00;0,1936;0,1939;0,1927;0,1939
24/08/2026 00:35:00;0,1939;0,1939;0,1933;0,1938
24/08/2026 00:40:00;0,1938;0,1938;0,1933;0,1934
24/08/2026 00:45:00;0,1934;0,1938;0,1934;0,1936
24/08/2026 00:50:00;0,1936;0,1941;0,1935;0,1937
24/08/2026 00:55:00;0,1937;0,1939;0,1933;0,1935
24/08/2026 01:00:00;0,1935;0,1943;0,1935;0,1943
24/08/2026 01:05:00;0,1943;0,1945;0,1941;0,1941
24/08/2026 01:10:00;0,1941;0,1944;0,194;0,1943
24/08/2026 01:15:00;0,1943;0,195;0,1943;0,1949
24/08/2026 01:20:00;0,1949;0,1954;0,1949;0,195
24/08/2026 01:25:00;0,195;0,1953;0,195;0,1953
24/08/2026 01:30:00;0,1953;0,1957;0,1953;0,1957
24/08/2026 01:35:00;0,1957;0,1957;0,1952;0,1954
24/08/2026 01:40:00;0,1954;0,1958;0,1949;0,1957
24/08/2026 01:45:00;0,1957;0,1958;0,1949;0,1949
24/08/2026 01:50:00;0,1949;0,1949;0,1939;0,1943
24/08/2026 01:55:00;0,1945;0,195;0,1942;0,195
24/08/2026 02:00:00;0,195;0,1951;0,1943;0,1945
24/08/2026 02:05:00;0,1945;0,195069;0,194;0,195
24/08/2026 02:10:00;0,195;0,1963;0,1947;0,1961
24/08/2026 02:15:00;0,1961;0,1966;0,1957;0,1958
24/08/2026 02:20:00;0,1957;0,1958;0,1952;0,1954
24/08/2026 02:25:00;0,1954;0,1955;0,195;0,1951
24/08/2026 02:30:00;0,1951;0,1951;0,1944;0,1949
24/08/2026 02:35:00;0,1947;0,1951;0,1941;0,1949
24/08/2026 02:40:00;0,1949;0,1959;0,1948;0,1953
24/08/2026 02:45:00;0,1953;0,1956;0,195;0,195
24/08/2026 02:50:00;0,195;0,1955;0,1949;0,1955
24/08/2026 02:55:00;0,1955;0,1955;0,195;0,1954
24/08/2026 03:00:00;0,1954;0,1954;0,19409;0,19409
24/08/2026 03:05:00;0,19409;0,195;0,1936;0,1947
24/08/2026 03:10:00;0,1947;0,1956;0,1944;0,1954
24/08/2026 03:15:00;0,1954;0,1956;0,195;0,195
24/08/2026 03:20:00;0,195;0,1956;0,1949;0,1956
24/08/2026 03:25:00;0,1956;0,1956;0,1952;0,1955
24/08/2026 03:30:00;0,1955;0,1956;0,1948;0,1948
24/08/2026 03:35:00;0,1947;0,1947;0,1941;0,19419
24/08/2026 03:40:00;0,19419;0,1944;0,194027;0,1943
24/08/2026 03:45:00;0,1943;0,1955;0,1943;0,1953
24/08/2026 03:50:00;0,1953;0,1954;0,195;0,1952
24/08/2026 03:55:00;0,1952;0,1953;0,1949;0,1952
24/08/2026 04:00:00;0,1952;0,1954;0,195;0,1953
24/08/2026 04:05:00;0,1953;0,1957;0,1952;0,1957
24/08/2026 04:10:00;0,1957;0,1972;0,1957;0,1968
24/08/2026 04:15:00;0,1968;0,1968;0,1961;0,1962
24/08/2026 04:20:00;0,1962;0,1962;0,1957;0,1958
24/08/2026 04:25:00;0,1958;0,196;0,1955;0,1958
24/08/2026 04:30:00;0,1958;0,1958;0,1951;0,1954
24/08/2026 04:35:00;0,1954;0,1962;0,1949;0,196
24/08/2026 04:40:00;0,196;0,196;0,1949;0,1949
24/08/2026 04:45:00;0,1949;0,196;0,1949;0,1955
24/08/2026 04:50:00;0,1955;0,1958;0,1951;0,1955
24/08/2026 04:55:00;0,1955;0,1956;0,1952;0,1953
24/08/2026 05:00:00;0,1953;0,1953;0,1945;0,1946
24/08/2026 05:05:00;0,1946;0,1956;0,1946;0,1955
24/08/2026 05:10:00;0,1955;0,1955;0,1947;0,1948
24/08/2026 05:15:00;0,1948;0,1948;0,1938;0,1945
24/08/2026 05:20:00;0,1945;0,1945;0,1932;0,1932
24/08/2026 05:25:00;0,1932;0,1932;0,1921;0,1925
24/08/2026 05:30:00;0,1925;0,1928;0,1923;0,1927
24/08/2026 05:35:00;0,1927;0,1932;0,1926;0,1932
24/08/2026 05:40:00;0,1932;0,1935;0,1929;0,1935
24/08/2026 05:45:00;0,1935;0,1935;0,1929;0,1932
24/08/2026 05:50:00;0,1932;0,1934;0,193;0,1931
24/08/2026 05:55:00;0,1931;0,1933;0,193;0,1932
24/08/2026 06:00:00;0,1932;0,1941;0,193;0,1941
24/08/2026 06:05:00;0,1941;0,1951;0,1941;0,1949
24/08/2026 06:10:00;0,1949;0,195;0,1946;0,195
24/08/2026 06:15:00;0,195;0,1952;0,1947;0,1948
24/08/2026 06:20:00;0,1948;0,1949;0,1945;0,1947
24/08/2026 06:25:00;0,1947;0,1951;0,1945;0,1949
24/08/2026 06:30:00;0,1949;0,1951;0,1946;0,1948
24/08/2026 06:35:00;0,1948;0,195;0,1945;0,195
24/08/2026 06:40:00;0,195;0,195;0,1946;0,1946
24/08/2026 06:45:00;0,1946;0,1947;0,1945;0,1947
24/08/2026 06:50:00;0,1947;0,1947;0,1944;0,1946
24/08/2026 06:55:00;0,1946;0,1946;0,1942;0,1945
24/08/2026 07:00:00;0,1945;0,1958;0,1943;0,1953
24/08/2026 07:05:00;0,1953;0,1958;0,1947;0,1953
24/08/2026 07:10:00;0,1953;0,1963;0,1953;0,1962
24/08/2026 07:15:00;0,1962;0,1962;0,1955;0,196
24/08/2026 07:20:00;0,196;0,196;0,1953;0,1954
24/08/2026 07:25:00;0,1954;0,1957;0,1952;0,1952
24/08/2026 07:30:00;0,1952;0,1962;0,1952;0,1961
24/08/2026 07:35:00;0,1961;0,1965;0,1959;0,1959
24/08/2026 07:40:00;0,1959;0,1961;0,1952;0,1953
24/08/2026 07:45:00;0,1953;0,196;0,1953;0,1959
24/08/2026 07:50:00;0,1959;0,196534;0,1953;0,196534
24/08/2026 07:55:00;0,196534;0,1972;0,1961;0,1971
24/08/2026 08:00:00;0,1971;0,1971;0,1946;0,1951
24/08/2026 08:05:00;0,1951;0,1952;0,1946;0,195
24/08/2026 08:10:00;0,195;0,1957;0,195;0,1956
24/08/2026 08:15:00;0,1956;0,1961;0,1953;0,1959
24/08/2026 08:20:00;0,1959;0,1966;0,1954;0,1965
24/08/2026 08:25:00;0,1965;0,1969;0,1963;0,1965
24/08/2026 08:30:00;0,1965;0,1973;0,196;0,1973
24/08/2026 08:35:00;0,1973;0,1987;0,1973;0,1984
24/08/2026 08:40:00;0,1984;0,1994;0,1982;0,1992
24/08/2026 08:45:00;0,1992;0,1992;0,1977;0,1981
24/08/2026 08:50:00;0,1981;0,1985;0,1977;0,1985
24/08/2026 08:55:00;0,1985;0,199;0,1982;0,1989
24/08/2026 09:00:00;0,199;0,199;0,1983;0,1985
24/08/2026 09:05:00;0,1985;0,1986;0,198;0,1985
24/08/2026 09:10:00;0,1985;0,1986;0,1979;0,198
24/08/2026 09:15:00;0,198;0,1981;0,1965;0,198
24/08/2026 09:20:00;0,198;0,1982;0,1978;0,1982
24/08/2026 09:25:00;0,1982;0,1986;0,1979;0,1983
24/08/2026 09:30:00;0,1983;0,1989;0,1972;0,1987
24/08/2026 09:35:00;0,1987;0,199;0,1983;0,1988
24/08/2026 09:40:00;0,1988;0,199;0,1983;0,1986
24/08/2026 09:45:00;0,1985;0,1991;0,1983;0,1991
24/08/2026 09:50:00;0,1991;0,1998;0,1988;0,1997
24/08/2026 09:55:00;0,1997;0,2003;0,1996;0,2
24/08/2026 10:00:00;0,2;0,2001;0,1994;0,1997
24/08/2026 10:05:00;0,1997;0,2002;0,1996;0,1999
24/08/2026 10:10:00;0,1999;0,2002;0,1996;0,1997
24/08/2026 10:15:00;0,1997;0,1997;0,1985;0,1989
24/08/2026 10:20:00;0,1989;0,1991;0,1986;0,1989
24/08/2026 10:25:00;0,1989;0,199;0,1983;0,1985
24/08/2026 10:30:00;0,1985;0,1985;0,196;0,197
24/08/2026 10:35:00;0,197;0,1977;0,1961;0,1965
24/08/2026 10:40:00;0,1965;0,1965;0,1942;0,195
24/08/2026 10:45:00;0,195;0,1953;0,1936;0,1948
24/08/2026 10:50:00;0,1948;0,195;0,194;0,1946
24/08/2026 10:55:00;0,1946;0,1955;0,1945;0,1952
24/08/2026 11:00:00;0,1952;0,1966;0,1952;0,196
24/08/2026 11:05:00;0,196;0,1968;0,196;0,1968
24/08/2026 11:10:00;0,1968;0,1979;0,1968;0,1978
24/08/2026 11:15:00;0,1979;0,1981;0,1971;0,1973
24/08/2026 11:20:00;0,1973;0,1986;0,1963;0,1963
24/08/2026 11:25:00;0,1963;0,1978;0,1961;0,1978
24/08/2026 11:30:00;0,1978;0,1989;0,1975;0,1987
24/08/2026 11:35:00;0,1987;0,199;0,1983;0,199
24/08/2026 11:40:00;0,199;0,1994;0,1984;0,1989
24/08/2026 11:45:00;0,1989;0,199;0,1982;0,1982
24/08/2026 11:50:00;0,1982;0,1982;0,1972;0,1975
24/08/2026 11:55:00;0,1975;0,1981;0,1974;0,1979
24/08/2026 12:00:00;0,1979;0,1987;0,1976;0,1981
24/08/2026 12:05:00;0,1981;0,1986;0,1977;0,1978
24/08/2026 12:10:00;0,1978;0,1981;0,1973;0,1973
24/08/2026 12:15:00;0,1973;0,1981;0,1973;0,1979
24/08/2026 12:20:00;0,1979;0,1994;0,1978;0,1994
24/08/2026 12:25:00;0,1994;0,1995;0,1985;0,1994
24/08/2026 12:30:00;0,1994;0,1994;0,1981;0,1982
24/08/2026 12:35:00;0,1982;0,1988;0,1971;0,1973
24/08/2026 12:40:00;0,1973;0,1975;0,1957;0,1964
24/08/2026 12:45:00;0,1964;0,197;0,1956;0,1969
24/08/2026 12:50:00;0,1969;0,1969;0,1959;0,1963
24/08/2026 12:55:00;0,1963;0,1963;0,1951;0,1957
24/08/2026 13:00:00;0,1957;0,1964;0,1956;0,1964
24/08/2026 13:05:00;0,1964;0,1975;0,1964;0,1965
24/08/2026 13:10:00;0,1965;0,1968;0,1963;0,1967
24/08/2026 13:15:00;0,1967;0,1978;0,1967;0,1977
24/08/2026 13:20:00;0,1977;0,1979;0,1973;0,1975
24/08/2026 13:25:00;0,1975;0,1977;0,1972;0,1977
24/08/2026 13:30:00;0,1977;0,198;0,1974;0,1974
24/08/2026 13:35:00;0,1974;0,1978;0,1969;0,1973
24/08/2026 13:40:00;0,1973;0,1973;0,1965;0,197
24/08/2026 13:45:00;0,1968;0,1968;0,1962;0,1964
24/08/2026 13:50:00;0,1964;0,1966;0,195;0,1954
24/08/2026 13:55:00;0,1954;0,1961;0,1951;0,1957
24/08/2026 14:00:00;0,1957;0,1957;0,194;0,1948
24/08/2026 14:05:00;0,1948;0,196;0,1948;0,196
24/08/2026 14:10:00;0,1959;0,196;0,1954;0,1954
24/08/2026 14:15:00;0,1953;0,1956;0,1942;0,195
24/08/2026 14:20:00;0,195;0,195;0,1931;0,1935
24/08/2026 14:25:00;0,1935;0,1937;0,1926;0,1926
24/08/2026 14:30:00;0,1926;0,1933;0,192;0,1921
24/08/2026 14:35:00;0,1921;0,1932;0,1921;0,1931
24/08/2026 14:40:00;0,1933;0,1936;0,1925;0,1925
24/08/2026 14:45:00;0,1925;0,1931;0,1924;0,193
24/08/2026 14:50:00;0,1931;0,1934;0,193;0,1931
24/08/2026 14:55:00;0,1931;0,1936;0,1929;0,1936
24/08/2026 15:00:00;0,1936;0,1944;0,1936;0,1944
24/08/2026 15:05:00;0,1944;0,1946;0,194;0,1942
24/08/2026 15:10:00;0,1942;0,1944;0,194;0,1944
24/08/2026 15:15:00;0,1944;0,194473;0,194;0,1941
24/08/2026 15:20:00;0,1941;0,1943;0,1939;0,1939
24/08/2026 15:25:00;0,1939;0,1943;0,1939;0,1942
24/08/2026 15:30:00;0,1942;0,1946;0,194;0,194
24/08/2026 15:35:00;0,194;0,194;0,1927;0,193
24/08/2026 15:40:00;0,1931;0,1935;0,1931;0,1934
24/08/2026 15:45:00;0,1934;0,1936;0,1931;0,1934
24/08/2026 15:50:00;0,1934;0,1934;0,1925;0,193
24/08/2026 15:55:00;0,193;0,193;0,1925;0,1927
24/08/2026 16:00:00;0,1927;0,193;0,1923;0,1923
24/08/2026 16:05:00;0,1923;0,1926;0,1917;0,1921
24/08/2026 16:10:00;0,1921;0,193;0,1921;0,193
24/08/2026 16:15:00;0,193;0,1931;0,1919;0,1919
24/08/2026 16:20:00;0,1919;0,1923;0,1918;0,192
24/08/2026 16:25:00;0,192;0,193;0,192;0,193
24/08/2026 16:30:00;0,193;0,193;0,1926;0,1929
24/08/2026 16:35:00;0,1929;0,1935;0,1927;0,1932
24/08/2026 16:40:00;0,1932;0,1932;0,1927;0,1931
24/08/2026 16:45:00;0,1931;0,1931;0,1926;0,193
24/08/2026 16:50:00;0,193;0,193;0,1921;0,1926
24/08/2026 16:55:00;0,1926;0,1928;0,1924;0,1927
24/08/2026 17:00:00;0,1927;0,1931;0,1919;0,192
24/08/2026 17:05:00;0,192;0,1929;0,192;0,1929
24/08/2026 17:10:00;0,1929;0,193;0,1923;0,1926
24/08/2026 17:15:00;0,1926;0,1926;0,1921;0,1921
24/08/2026 17:20:00;0,1922;0,1925;0,1919;0,1922
24/08/2026 17:25:00;0,1922;0,1922;0,1918;0,1919
24/08/2026 17:30:00;0,1919;0,1925;0,1917;0,1925
24/08/2026 17:35:00;0,1925;0,1934;0,1925;0,193
24/08/2026 17:40:00;0,193;0,193;0,1926;0,1927
24/08/2026 17:45:00;0,1927;0,1928;0,1925;0,1925
24/08/2026 17:50:00;0,1925;0,1927;0,1924;0,1926
24/08/2026 17:55:00;0,1926;0,193;0,192499;0,193
24/08/2026 18:00:00;0,193;0,1939;0,193;0,1938
24/08/2026 18:05:00;0,1938;0,1939;0,1937;0,1937
24/08/2026 18:10:00;0,1937;0,1943;0,1937;0,1943
24/08/2026 18:15:00;0,1943;0,1943;0,1938;0,1938
24/08/2026 18:20:00;0,1938;0,194;0,1935;0,1939
24/08/2026 18:25:00;0,1939;0,1939;0,1938;0,1938
24/08/2026 18:30:00;0,1938;0,1941;0,1938;0,1938
24/08/2026 18:35:00;0,1938;0,1938;0,1934;0,1934
24/08/2026 18:40:00;0,1934;0,1941;0,1934;0,1941
24/08/2026 18:45:00;0,1941;0,1942;0,1938;0,1942
24/08/2026 18:50:00;0,1942;0,1942;0,1934;0,1935
24/08/2026 18:55:00;0,1935;0,1938;0,1934;0,1938
24/08/2026 19:00:00;0,1938;0,1938;0,1931;0,1933
24/08/2026 19:05:00;0,1933;0,1935;0,1932;0,1932
24/08/2026 19:10:00;0,1932;0,1934;0,1929;0,1933
24/08/2026 19:15:00;0,1933;0,1938;0,1931;0,1934
24/08/2026 19:20:00;0,1934;0,1937;0,1932;0,1936
24/08/2026 19:25:00;0,1936;0,1936;0,1932;0,1933
24/08/2026 19:30:00;0,1933;0,1939;0,1933;0,1938
24/08/2026 19:35:00;0,1938;0,1942;0,1938;0,1939
24/08/2026 19:40:00;0,1939;0,1939;0,1933;0,1935
24/08/2026 19:45:00;0,1935;0,1937;0,1934;0,1936
24/08/2026 19:50:00;0,1936;0,1937;0,1933;0,1934
24/08/2026 19:55:00;0,1934;0,1934;0,1931;0,1931
24/08/2026 20:00:00;0,1931;0,1932;0,192;0,1925
24/08/2026 20:05:00;0,1925;0,193;0,1923;0,1929
24/08/2026 20:10:00;0,1929;0,1932;0,1927;0,1928
24/08/2026 20:15:00;0,1928;0,1931;0,1928;0,1928
24/08/2026 20:20:00;0,1929;0,1934;0,1929;0,1933
24/08/2026 20:25:00;0,1935;0,1938;0,1934;0,1935
24/08/2026 20:30:00;0,1935;0,1936;0,1931;0,1931
24/08/2026 20:35:00;0,1931;0,1938;0,1931;0,1937
24/08/2026 20:40:00;0,1937;0,194;0,1937;0,1939
24/08/2026 20:45:00;0,1939;0,1939;0,1934;0,1934
24/08/2026 20:50:00;0,1934;0,1935;0,1932;0,1932
24/08/2026 20:55:00;0,1933;0,1938;0,1933;0,1938
24/08/2026 21:00:00;0,1938;0,1938;0,1933;0,1933
24/08/2026 21:05:00;0,1933;0,1943;0,1929;0,194
24/08/2026 21:10:00;0,1938;0,1946;0,1937;0,1943
24/08/2026 21:15:00;0,1943;0,1943;0,1932;0,1936
24/08/2026 21:20:00;0,1936;0,1942;0,19347;0,1941
24/08/2026 21:25:00;0,1941;0,1946;0,1941;0,1944
24/08/2026 21:30:00;0,1944;0,1944;0,194;0,1943
24/08/2026 21:35:00;0,1943;0,1949;0,1943;0,1946
24/08/2026 21:40:00;0,1946;0,1959;0,1944;0,1959
24/08/2026 21:45:00;0,1959;0,1969;0,1957;0,1963
24/08/2026 21:50:00;0,1963;0,1971;0,1958;0,1971
24/08/2026 21:55:00;0,1971;0,1972;0,1968;0,1969
24/08/2026 22:00:00;0,1969;0,1975;0,1966;0,1972
24/08/2026 22:05:00;0,1972;0,1973;0,1968;0,1969
24/08/2026 22:10:00;0,1963;0,197;0,1962;0,1963
24/08/2026 22:15:00;0,1963;0,1967;0,1959;0,1966
24/08/2026 22:20:00;0,1966;0,1969;0,1964;0,1966
24/08/2026 22:25:00;0,1965;0,1972;0,1964;0,1966
24/08/2026 22:30:00;0,1966;0,1971;0,1966;0,1968
24/08/2026 22:35:00;0,1968;0,197;0,1965;0,1967
24/08/2026 22:40:00;0,1967;0,197;0,1962;0,1963
24/08/2026 22:45:00;0,1963;0,1966;0,1963;0,1965
24/08/2026 22:50:00;0,1965;0,1965;0,1958;0,196
24/08/2026 22:55:00;0,196;0,1966;0,196;0,1965
24/08/2026 23:00:00;0,1965;0,1969;0,1962;0,1966
24/08/2026 23:05:00;0,1966;0,1967;0,196;0,1962
24/08/2026 23:10:00;0,1965;0,1966;0,1962;0,1963
24/08/2026 23:15:00;0,1963;0,1989;0,1961;0,1989
24/08/2026 23:20:00;0,1989;0,1995;0,1987;0,1993
24/08/2026 23:25:00;0,1993;0,2;0,1991;0,1999
24/08/2026 23:30:00;0,1999;0,2;0,1989;0,1994
24/08/2026 23:35:00;0,1994;0,1999;0,1994;0,1998
24/08/2026 23:40:00;0,1998;0,2003;0,1993;0,1994
24/08/2026 23:45:00;0,1994;0,1994;0,1984;0,1985
24/08/2026 23:50:00;0,1984;0,1984;0,1978;0,1982
24/08/2026 23:55:00;0,1982;0,1985;0,1981;0,1984
25/08/2026 00:00:00;0,1984;0,1989;0,1982;0,1989
25/08/2026 00:05:00;0,1988;0,1996;0,1988;0,1992
25/08/2026 00:10:00;0,1991;0,199439;0,199;0,1993
25/08/2026 00:15:00;0,1993;0,1995;0,1987;0,1989
25/08/2026 00:20:00;0,199;0,1993;0,1986;0,1988
25/08/2026 00:25:00;0,1988;0,199;0,1982;0,1989
25/08/2026 00:30:00;0,1989;0,1991;0,1987;0,1989
25/08/2026 00:35:00;0,1992;0,1996;0,199;0,1995
25/08/2026 00:40:00;0,1995;0,19965;0,1984;0,1985
25/08/2026 00:45:00;0,1985;0,1988;0,1976;0,1977
25/08/2026 00:50:00;0,1977;0,1981;0,1977;0,1978
25/08/2026 00:55:00;0,1978;0,198;0,1973;0,198
25/08/2026 01:00:00;0,198;0,1986;0,1978;0,1979
25/08/2026 01:05:00;0,1979;0,1984;0,1976;0,198
25/08/2026 01:10:00;0,198;0,1985;0,1979;0,1983
25/08/2026 01:15:00;0,1983;0,1983;0,1976;0,1976
25/08/2026 01:20:00;0,1976;0,1984;0,1975;0,1984
25/08/2026 01:25:00;0,1984;0,1984;0,1978;0,198
25/08/2026 01:30:00;0,198;0,1983;0,1973;0,1979
25/08/2026 01:35:00;0,198;0,1984;0,198;0,1984
25/08/2026 01:40:00;0,1984;0,1984;0,1976;0,1976
25/08/2026 01:45:00;0,1976;0,1982;0,197368;0,1981
25/08/2026 01:50:00;0,1981;0,198269;0,198;0,198229
25/08/2026 01:55:00;0,198229;0,198229;0,1978;0,1982
25/08/2026 02:00:00;0,1982;0,1986;0,198;0,1985
25/08/2026 02:05:00;0,1985;0,1989;0,1985;0,1988
25/08/2026 02:10:00;0,1988;0,199;0,1987;0,1988
25/08/2026 02:15:00;0,1988;0,199;0,1987;0,199
25/08/2026 02:20:00;0,199;0,1992;0,1989;0,1992
25/08/2026 02:25:00;0,1991;0,1997;0,1991;0,1996
25/08/2026 02:30:00;0,1994;0,1994;0,1991;0,1994
25/08/2026 02:35:00;0,1994;0,1996;0,1993;0,1996
25/08/2026 02:40:00;0,1996;0,19971;0,1993;0,1993
25/08/2026 02:45:00;0,1993;0,1996;0,1992;0,1996
25/08/2026 02:50:00;0,1996;0,199883;0,1995;0,1997
25/08/2026 02:55:00;0,1997;0,1999;0,199;0,199
25/08/2026 03:00:00;0,199;0,19911;0,1988;0,1989
25/08/2026 03:05:00;0,1989;0,199;0,1987;0,1987
25/08/2026 03:10:00;0,1987;0,1987;0,1981;0,1985
25/08/2026 03:15:00;0,1985;0,1986;0,1984;0,1984
25/08/2026 03:20:00;0,1984;0,1985;0,198;0,1982
25/08/2026 03:25:00;0,1982;0,198331;0,198;0,198
25/08/2026 03:30:00;0,198;0,1981;0,1974;0,1976
25/08/2026 03:35:00;0,1976;0,1976;0,1968;0,1971
25/08/2026 03:40:00;0,1971;0,1974;0,1971;0,1972
25/08/2026 03:45:00;0,1972;0,1973;0,1968;0,1968
25/08/2026 03:50:00;0,1968;0,1968;0,1963;0,1963
25/08/2026 03:55:00;0,1963;0,1963;0,1958;0,196
25/08/2026 04:00:00;0,1963;0,1971;0,1961;0,197
25/08/2026 04:05:00;0,197;0,1971;0,1968;0,1969
25/08/2026 04:10:00;0,1969;0,1969;0,1967;0,1967
25/08/2026 04:15:00;0,1967;0,1968;0,1964;0,1965
25/08/2026 04:20:00;0,1965;0,1965;0,1962;0,1962
25/08/2026 04:25:00;0,1962;0,1965;0,1962;0,1963
25/08/2026 04:30:00;0,1963;0,1963;0,1957;0,1957
25/08/2026 04:35:00;0,1957;0,1958;0,1953;0,1955
25/08/2026 04:40:00;0,1955;0,1962;0,1955;0,196
25/08/2026 04:45:00;0,196;0,1961;0,1937;0,194
25/08/2026 04:50:00;0,194;0,1944;0,1929;0,1943
25/08/2026 04:55:00;0,1943;0,1944;0,1939;0,1941
25/08/2026 05:00:00;0,1941;0,1944;0,1928;0,1928
25/08/2026 05:05:00;0,1928;0,1933;0,1928;0,1932
25/08/2026 05:10:00;0,1932;0,1934;0,193;0,1934
25/08/2026 05:15:00;0,1934;0,1939;0,1932;0,1938
25/08/2026 05:20:00;0,1938;0,1942;0,1937;0,1942
25/08/2026 05:25:00;0,1943;0,1945;0,1941;0,1941
25/08/2026 05:30:00;0,1941;0,1942;0,1937;0,1938
25/08/2026 05:35:00;0,1938;0,194;0,1933;0,1933
25/08/2026 05:40:00;0,1933;0,1937;0,1932;0,1936
25/08/2026 05:45:00;0,1936;0,1936;0,1931;0,1931
25/08/2026 05:50:00;0,1931;0,1931;0,1929;0,1929
25/08/2026 05:55:00;0,1929;0,1932;0,1926;0,1931
25/08/2026 06:00:00;0,1933;0,1934;0,193;0,1931
25/08/2026 06:05:00;0,1931;0,1937;0,1928;0,1937
25/08/2026 06:10:00;0,1937;0,1941;0,1933;0,194
25/08/2026 06:15:00;0,194;0,1942;0,1938;0,1938
25/08/2026 06:20:00;0,1938;0,1941;0,1937;0,194
25/08/2026 06:25:00;0,194;0,194;0,1934;0,1936
25/08/2026 06:30:00;0,1936;0,1939;0,1936;0,1939
25/08/2026 06:35:00;0,1939;0,19393;0,19369;0,19393
25/08/2026 06:40:00;0,19393;0,19433;0,1938;0,1942
25/08/2026 06:45:00;0,1942;0,1943;0,1937;0,1938
25/08/2026 06:50:00;0,1938;0,1938;0,1915;0,1922
25/08/2026 06:55:00;0,1922;0,1926;0,1921;0,1925
25/08/2026 07:00:00;0,1925;0,1925;0,1917;0,1924
25/08/2026 07:05:00;0,1924;0,1926;0,1922;0,1926
25/08/2026 07:10:00;0,1925;0,192739;0,192446;0,1927
25/08/2026 07:15:00;0,1927;0,193;0,1926;0,1929
25/08/2026 07:20:00;0,1929;0,1931;0,1927;0,1928
25/08/2026 07:25:00;0,1928;0,1931;0,1928;0,193
25/08/2026 07:30:00;0,193;0,1931;0,192836;0,193
25/08/2026 07:35:00;0,193;0,1931;0,1928;0,193
25/08/2026 07:40:00;0,193;0,1931;0,1929;0,193
25/08/2026 07:45:00;0,193;0,193464;0,193;0,1932
25/08/2026 07:50:00;0,1932;0,1933;0,193;0,1933
25/08/2026 07:55:00;0,1932;0,1934;0,1932;0,1933
25/08/2026 08:00:00;0,1933;0,193402;0,1932;0,193402
25/08/2026 08:05:00;0,193402;0,1941;0,1931;0,1937
25/08/2026 08:10:00;0,1937;0,1937;0,1931;0,1932
25/08/2026 08:15:00;0,1932;0,194;0,1931;0,194
25/08/2026 08:20:00;0,1941;0,1942;0,194;0,1941
25/08/2026 08:25:00;0,1941;0,194101;0,1937;0,194101
25/08/2026 08:30:00;0,194101;0,1944;0,1939;0,1944
25/08/2026 08:35:00;0,1944;0,194503;0,1943;0,194503
25/08/2026 08:40:00;0,194503;0,194503;0,1937;0,1937
25/08/2026 08:45:00;0,1938;0,1941;0,1935;0,194
25/08/2026 08:50:00;0,1937;0,193901;0,1933;0,1933
25/08/2026 08:55:00;0,1933;0,1933;0,1929;0,1929
25/08/2026 09:00:00;0,1929;0,193;0,1922;0,1925
25/08/2026 09:05:00;0,1925;0,1925;0,1911;0,1916
25/08/2026 09:10:00;0,1916;0,1921;0,1915;0,192
25/08/2026 09:15:00;0,192;0,1924;0,1918;0,1923
25/08/2026 09:20:00;0,1922;0,1922;0,1914;0,192
25/08/2026 09:25:00;0,192;0,1924;0,1912;0,1923
25/08/2026 09:30:00;0,1923;0,1928;0,1919;0,1926
25/08/2026 09:35:00;0,1926;0,1926;0,192;0,1921
25/08/2026 09:40:00;0,192;0,1922;0,1915;0,192
25/08/2026 09:45:00;0,192;0,1925;0,1919;0,1925
25/08/2026 09:50:00;0,1925;0,1931;0,1925;0,1928
25/08/2026 09:55:00;0,1928;0,1929;0,1924;0,1927
25/08/2026 10:00:00;0,1927;0,1932;0,1924;0,1931
25/08/2026 10:05:00;0,1931;0,1931;0,192;0,1921
25/08/2026 10:10:00;0,1921;0,1923;0,1914;0,1914
25/08/2026 10:15:00;0,1914;0,1914;0,1904;0,1907
25/08/2026 10:20:00;0,1907;0,191;0,1895;0,1897
25/08/2026 10:25:00;0,1897;0,1899;0,1892;0,1892
25/08/2026 10:30:00;0,1892;0,1908;0,189;0,1908
25/08/2026 10:35:00;0,1908;0,1918;0,1907;0,1913
25/08/2026 10:40:00;0,1913;0,1915;0,1902;0,1903
25/08/2026 10:45:00;0,1903;0,1904;0,1896;0,1897
25/08/2026 10:50:00;0,1897;0,1897;0,1883;0,1891
25/08/2026 10:55:00;0,1891;0,1904;0,1888;0,1903
25/08/2026 11:00:00;0,1903;0,1909;0,1898;0,1906
25/08/2026 11:05:00;0,1907;0,1913;0,1906;0,1913
25/08/2026 11:10:00;0,1913;0,1916;0,191;0,191
25/08/2026 11:15:00;0,191;0,1912;0,1906;0,1906
25/08/2026 11:20:00;0,1906;0,1913;0,1905;0,1913
25/08/2026 11:25:00;0,1913;0,1923;0,1913;0,1918
25/08/2026 11:30:00;0,1918;0,1924;0,191;0,1919
25/08/2026 11:35:00;0,1919;0,1922;0,1916;0,1917
25/08/2026 11:40:00;0,1916;0,1918;0,1915;0,1916
25/08/2026 11:45:00;0,1916;0,1918;0,1911;0,1911
25/08/2026 11:50:00;0,1911;0,1916;0,1911;0,1914
25/08/2026 11:55:00;0,1914;0,1915;0,191;0,1912
25/08/2026 12:00:00;0,1912;0,1912;0,1903;0,1903
25/08/2026 12:05:00;0,1903;0,1903;0,19;0,1901
25/08/2026 12:10:00;0,1901;0,1901;0,1892;0,1892
25/08/2026 12:15:00;0,1892;0,1901;0,1891;0,19
25/08/2026 12:20:00;0,19;0,1902;0,1899;0,1899
25/08/2026 12:25:00;0,1899;0,1899;0,1893;0,1896
25/08/2026 12:30:00;0,1896;0,1901;0,1896;0,1898
25/08/2026 12:35:00;0,1898;0,1903;0,1898;0,1899
25/08/2026 12:40:00;0,1899;0,1899;0,1894;0,1897
25/08/2026 12:45:00;0,1897;0,1897;0,188976;0,1892
25/08/2026 12:50:00;0,1892;0,1893;0,1891;0,1892
25/08/2026 12:55:00;0,1892;0,1903;0,1892;0,1902
25/08/2026 13:00:00;0,1902;0,1908;0,1899;0,1903
25/08/2026 13:05:00;0,1903;0,1905;0,1902;0,1903
25/08/2026 13:10:00;0,1903;0,1903;0,1897;0,19
25/08/2026 13:15:00;0,19;0,1909;0,19;0,1906
25/08/2026 13:20:00;0,1906;0,1906;0,1898;0,1899
25/08/2026 13:25:00;0,1899;0,1904;0,1896;0,1904
25/08/2026 13:30:00;0,1904;0,1908;0,1901;0,1907
25/08/2026 13:35:00;0,1907;0,1908;0,1904;0,1908
25/08/2026 13:40:00;0,1908;0,1911;0,1906;0,1908
25/08/2026 13:45:00;0,1908;0,1917;0,1908;0,1914
25/08/2026 13:50:00;0,1914;0,1915;0,1912;0,1913
25/08/2026 13:55:00;0,1913;0,1913;0,1908;0,1909
25/08/2026 14:00:00;0,1909;0,1909;0,1901;0,1901
25/08/2026 14:05:00;0,1901;0,1903;0,1894;0,1896
25/08/2026 14:10:00;0,1897;0,19;0,1894;0,19
25/08/2026 14:15:00;0,19;0,1904;0,1899;0,1904
25/08/2026 14:20:00;0,1904;0,1905;0,1896;0,1897
25/08/2026 14:25:00;0,1897;0,1897;0,1894;0,1894
25/08/2026 14:30:00;0,1894;0,1904;0,1894;0,1901
25/08/2026 14:35:00;0,1901;0,1902;0,1899;0,19
25/08/2026 14:40:00;0,19;0,1906;0,19;0,1904
25/08/2026 14:45:00;0,1904;0,1908;0,1904;0,1907
25/08/2026 14:50:00;0,1907;0,1907;0,1903;0,1904
25/08/2026 14:55:00;0,1904;0,1905;0,1902;0,1905
25/08/2026 15:00:00;0,1905;0,1908;0,1903;0,1903
25/08/2026 15:05:00;0,1903;0,1905;0,1902;0,1902
25/08/2026 15:10:00;0,1902;0,1906;0,19;0,1904
25/08/2026 15:15:00;0,1904;0,1906;0,1903;0,1906
25/08/2026 15:20:00;0,1905;0,1907;0,1904;0,1905
25/08/2026 15:25:00;0,1905;0,1906;0,1904;0,1906
25/08/2026 15:30:00;0,1906;0,1907;0,1904;0,1904
25/08/2026 15:35:00;0,1904;0,1906;0,1903;0,1905
25/08/2026 15:40:00;0,1905;0,1907;0,1904;0,1907
25/08/2026 15:45:00;0,1907;0,1909;0,1906;0,1907
25/08/2026 15:50:00;0,1907;0,1908;0,1901;0,1901
25/08/2026 15:55:00;0,1901;0,1906;0,1901;0,1905
25/08/2026 16:00:00;0,1905;0,1907;0,19;0,19
25/08/2026 16:05:00;0,19;0,1902;0,1897;0,1902
25/08/2026 16:10:00;0,1902;0,1905;0,1902;0,1903
25/08/2026 16:15:00;0,1904;0,1904;0,19;0,1903
25/08/2026 16:20:00;0,1903;0,1903;0,190057;0,1901
25/08/2026 16:25:00;0,19;0,19;0,1893;0,1893
25/08/2026 16:30:00;0,1893;0,1893;0,1889;0,1891
25/08/2026 16:35:00;0,1891;0,1895;0,1888;0,1888
25/08/2026 16:40:00;0,1888;0,1888;0,1881;0,1883
25/08/2026 16:45:00;0,1883;0,1886;0,1883;0,1884
25/08/2026 16:50:00;0,1884;0,1889;0,1884;0,1888
25/08/2026 16:55:00;0,1888;0,189;0,1886;0,1888
25/08/2026 17:00:00;0,1888;0,189;0,186964;0,1877
25/08/2026 17:05:00;0,1877;0,1878;0,1873;0,1878
25/08/2026 17:10:00;0,1878;0,1878;0,186687;0,187
25/08/2026 17:15:00;0,1866;0,1877;0,1866;0,1877
25/08/2026 17:20:00;0,1877;0,187824;0,187262;0,1874
25/08/2026 17:25:00;0,1874;0,1875;0,1869;0,1871
25/08/2026 17:30:00;0,1871;0,1872;0,1865;0,1869
25/08/2026 17:35:00;0,1869;0,1871;0,186;0,1862
25/08/2026 17:40:00;0,1862;0,1863;0,1853;0,1859
25/08/2026 17:45:00;0,1859;0,1861;0,1852;0,1853
25/08/2026 17:50:00;0,1853;0,1857;0,1848;0,1848
25/08/2026 17:55:00;0,1848;0,1849;0,1843;0,1844
25/08/2026 18:00:00;0,1844;0,1848;0,184;0,1843
25/08/2026 18:05:00;0,1844;0,1845;0,1816;0,1826
25/08/2026 18:10:00;0,1826;0,184;0,1823;0,1839
25/08/2026 18:15:00;0,1839;0,1843;0,1835;0,1843
25/08/2026 18:20:00;0,1843;0,1843;0,1831;0,1832
25/08/2026 18:25:00;0,1832;0,1842;0,1832;0,1841
25/08/2026 18:30:00;0,1841;0,1844;0,1838;0,1844
25/08/2026 18:35:00;0,1844;0,185;0,1844;0,1849
25/08/2026 18:40:00;0,1849;0,1849;0,1846;0,1847
25/08/2026 18:45:00;0,1847;0,1848;0,1846;0,1847
25/08/2026 18:50:00;0,1847;0,1847;0,1843;0,1844
25/08/2026 18:55:00;0,1844;0,1846;0,1843;0,1844
25/08/2026 19:00:00;0,1844;0,1851;0,1844;0,1851
25/08/2026 19:05:00;0,1851;0,1854;0,1851;0,1853
25/08/2026 19:10:00;0,1853;0,1855;0,1852;0,1854
25/08/2026 19:15:00;0,1854;0,1857;0,1854;0,1857
25/08/2026 19:20:00;0,1857;0,1857;0,1852;0,1852
25/08/2026 19:25:00;0,1852;0,1852;0,1845;0,1847
25/08/2026 19:30:00;0,1846;0,1852;0,1844;0,1852
25/08/2026 19:35:00;0,1852;0,1852;0,1849;0,185
25/08/2026 19:40:00;0,185;0,1852;0,1849;0,1849
25/08/2026 19:45:00;0,1849;0,18521;0,1849;0,18521
25/08/2026 19:50:00;0,18521;0,185254;0,185;0,185
25/08/2026 19:55:00;0,185;0,1853;0,185;0,1852
25/08/2026 20:00:00;0,1851;0,1854;0,1851;0,1851
25/08/2026 20:05:00;0,1851;0,1851;0,1849;0,185
25/08/2026 20:10:00;0,185;0,1851;0,1845;0,1849
25/08/2026 20:15:00;0,1849;0,185;0,1844;0,1844
25/08/2026 20:20:00;0,1842;0,1843;0,184;0,184
25/08/2026 20:25:00;0,184;0,1844;0,1839;0,1844
25/08/2026 20:30:00;0,1844;0,1844;0,1839;0,1841
25/08/2026 20:35:00;0,1841;0,1841;0,1836;0,1836
25/08/2026 20:40:00;0,1836;0,1836;0,1825;0,1827
25/08/2026 20:45:00;0,1827;0,1829;0,1825;0,1826
25/08/2026 20:50:00;0,1826;0,1826;0,182;0,1821
25/08/2026 20:55:00;0,1821;0,1825;0,1818;0,1824
25/08/2026 21:00:00;0,1824;0,1826;0,1816;0,1823
25/08/2026 21:05:00;0,1823;0,1823;0,1815;0,1816
25/08/2026 21:10:00;0,1814;0,1819;0,1812;0,1812
25/08/2026 21:15:00;0,1813;0,182;0,1813;0,182
25/08/2026 21:20:00;0,182;0,1822;0,1817;0,1822
25/08/2026 21:25:00;0,1822;0,1826;0,182;0,1826
25/08/2026 21:30:00;0,1826;0,18301;0,1823;0,18301
25/08/2026 21:35:00;0,18301;0,18301;0,1821;0,1821
25/08/2026 21:40:00;0,1821;0,1824;0,182;0,1823
25/08/2026 21:45:00;0,1823;0,1828;0,1822;0,1826
25/08/2026 21:50:00;0,1826;0,1833;0,182587;0,1832
25/08/2026 21:55:00;0,1831;0,1833;0,1829;0,1829
25/08/2026 22:00:00;0,1829;0,1835;0,1829;0,1835
25/08/2026 22:05:00;0,1835;0,1839;0,1835;0,1835
25/08/2026 22:10:00;0,1835;0,1837;0,1834;0,1834
25/08/2026 22:15:00;0,1834;0,1837;0,1834;0,1836
25/08/2026 22:20:00;0,1836;0,1837;0,1834;0,1835
25/08/2026 22:25:00;0,1835;0,1835;0,1831;0,1832
25/08/2026 22:30:00;0,1832;0,184;0,1832;0,184
25/08/2026 22:35:00;0,1841;0,1844;0,184;0,1843
25/08/2026 22:40:00;0,1843;0,1843;0,1838;0,1838
25/08/2026 22:45:00;0,1838;0,184;0,1837;0,184
25/08/2026 22:50:00;0,184;0,184;0,1837;0,1837
25/08/2026 22:55:00;0,1837;0,184;0,1836;0,184
25/08/2026 23:00:00;0,184;0,1841;0,1839;0,184
25/08/2026 23:05:00;0,184;0,184;0,1836;0,1837
25/08/2026 23:10:00;0,1836;0,184;0,1836;0,1837
25/08/2026 23:15:00;0,1837;0,1846;0,1837;0,1844
25/08/2026 23:20:00;0,1844;0,1846;0,1833;0,1846
25/08/2026 23:25:00;0,1846;0,1853;0,1846;0,18528
25/08/2026 23:30:00;0,18528;0,1854;0,1849;0,1851
25/08/2026 23:35:00;0,1851;0,1853;0,185066;0,1853
25/08/2026 23:40:00;0,1853;0,185554;0,1851;0,1854
25/08/2026 23:45:00;0,1853;0,1855;0,1852;0,1853
25/08/2026 23:50:00;0,1853;0,1853;0,1852;0,1853
25/08/2026 23:55:00;0,1853;0,1854;0,1852;0,1853
26/08/2026 00:00:00;0,1853;0,1855;0,1851;0,1851
26/08/2026 00:05:00;0,1851;0,1852;0,1849;0,1849
26/08/2026 00:10:00;0,1849;0,185;0,1844;0,1845
26/08/2026 00:15:00;0,1845;0,1845;0,1843;0,1843
26/08/2026 00:20:00;0,1843;0,1847;0,1843;0,1846
26/08/2026 00:25:00;0,1846;0,1847;0,184;0,1841
26/08/2026 00:30:00;0,1841;0,1842;0,1836;0,184
26/08/2026 00:35:00;0,184;0,184403;0,18379;0,184403
26/08/2026 00:40:00;0,184403;0,184403;0,18404;0,184129
26/08/2026 00:45:00;0,184129;0,184339;0,184;0,18422
26/08/2026 00:50:00;0,18422;0,184358;0,1841;0,1842
26/08/2026 00:55:00;0,1842;0,1846;0,184187;0,1844
26/08/2026 01:00:00;0,1844;0,1844;0,183904;0,1841
26/08/2026 01:05:00;0,1842;0,1844;0,184;0,1844
26/08/2026 01:10:00;0,1844;0,1847;0,1838;0,1839
26/08/2026 01:15:00;0,1839;0,1844;0,183759;0,1844
26/08/2026 01:20:00;0,1845;0,1845;0,1842;0,1845
26/08/2026 01:25:00;0,1845;0,1846;0,1843;0,1845
26/08/2026 01:30:00;0,1845;0,1847;0,1844;0,184553
26/08/2026 01:35:00;0,1841;0,184718;0,1841;0,1842
26/08/2026 01:40:00;0,1841;0,1843;0,1841;0,1841
26/08/2026 01:45:00;0,1841;0,1841;0,1839;0,1839
26/08/2026 01:50:00;0,1839;0,1839;0,1837;0,1838
26/08/2026 01:55:00;0,1838;0,1838;0,1831;0,1831
26/08/2026 02:00:00;0,1831;0,183159;0,1823;0,1823
26/08/2026 02:05:00;0,1823;0,18251;0,182;0,1824
26/08/2026 02:10:00;0,1824;0,182734;0,1823;0,1826
26/08/2026 02:15:00;0,1826;0,1826;0,182;0,1821
26/08/2026 02:20:00;0,1821;0,1832;0,182;0,1832
26/08/2026 02:25:00;0,1831;0,1831;0,1827;0,1831
26/08/2026 02:30:00;0,1831;0,1837;0,1831;0,1835
26/08/2026 02:35:00;0,1835;0,1837;0,1833;0,1834
26/08/2026 02:40:00;0,1835;0,1837;0,1835;0,1836
26/08/2026 02:45:00;0,1836;0,1836;0,1834;0,1836
26/08/2026 02:50:00;0,1836;0,1837;0,1834;0,1836
26/08/2026 02:55:00;0,1836;0,184;0,1835;0,1839
26/08/2026 03:00:00;0,1839;0,1841;0,1837;0,1839
26/08/2026 03:05:00;0,1839;0,1844;0,1839;0,1843
26/08/2026 03:10:00;0,1843;0,1843;0,1839;0,1841
26/08/2026 03:15:00;0,1841;0,1844;0,1839;0,1839
26/08/2026 03:20:00;0,1839;0,1841;0,1834;0,1834
26/08/2026 03:25:00;0,1834;0,1837;0,1832;0,1832
26/08/2026 03:30:00;0,1833;0,1834;0,1832;0,1832
26/08/2026 03:35:00;0,1832;0,1833;0,1829;0,183
26/08/2026 03:40:00;0,183;0,1835;0,183;0,1834
26/08/2026 03:45:00;0,1834;0,1835;0,1831;0,1833
26/08/2026 03:50:00;0,1832;0,1834;0,1832;0,1834
26/08/2026 03:55:00;0,1834;0,1835;0,1833;0,1833
26/08/2026 04:00:00;0,1833;0,1836;0,1831;0,1836
26/08/2026 04:05:00;0,1836;0,184;0,1834;0,1835
26/08/2026 04:10:00;0,1832;0,1835;0,1832;0,1834
26/08/2026 04:15:00;0,1834;0,1839;0,1834;0,1835
26/08/2026 04:20:00;0,1835;0,1836;0,1832;0,1835
26/08/2026 04:25:00;0,1835;0,1837;0,1835;0,1835
26/08/2026 04:30:00;0,1834;0,1836;0,183281;0,1836
26/08/2026 04:35:00;0,1836;0,1841;0,1835;0,184
26/08/2026 04:40:00;0,184;0,184;0,1838;0,1839
26/08/2026 04:45:00;0,1839;0,1842;0,1838;0,1842
26/08/2026 04:50:00;0,1842;0,1845;0,1842;0,1844
26/08/2026 04:55:00;0,1844;0,1846;0,1842;0,1843
26/08/2026 05:00:00;0,1843;0,1846;0,184;0,1846
26/08/2026 05:05:00;0,1846;0,1854;0,1846;0,1854
26/08/2026 05:10:00;0,1857;0,1857;0,1852;0,1853
26/08/2026 05:15:00;0,1853;0,1856;0,185;0,185
26/08/2026 05:20:00;0,185;0,1855;0,185;0,1853
26/08/2026 05:25:00;0,1853;0,1857;0,1853;0,1855
26/08/2026 05:30:00;0,1855;0,1855;0,1851;0,1851
26/08/2026 05:35:00;0,1851;0,1851;0,1849;0,185
26/08/2026 05:40:00;0,185;0,1853;0,185;0,1851
26/08/2026 05:45:00;0,1851;0,1851;0,1847;0,1847
26/08/2026 05:50:00;0,1847;0,1849;0,1839;0,1839
26/08/2026 05:55:00;0,1839;0,1841;0,1836;0,184
26/08/2026 06:00:00;0,184;0,1844;0,184;0,1844
26/08/2026 06:05:00;0,1842;0,1845;0,1842;0,1843
26/08/2026 06:10:00;0,1843;0,184503;0,1843;0,1843
26/08/2026 06:15:00;0,1843;0,1843;0,1832;0,1833
26/08/2026 06:20:00;0,1833;0,1837;0,1829;0,183
26/08/2026 06:25:00;0,183;0,1832;0,1828;0,183
26/08/2026 06:30:00;0,183;0,1833;0,1828;0,1833
26/08/2026 06:35:00;0,1833;0,1833;0,1827;0,1827
26/08/2026 06:40:00;0,1824;0,1826;0,1821;0,1822
26/08/2026 06:45:00;0,1822;0,1825;0,182;0,1823
26/08/2026 06:50:00;0,1823;0,183;0,1823;0,1828
26/08/2026 06:55:00;0,1828;0,1832;0,1828;0,1831
26/08/2026 07:00:00;0,1831;0,1831;0,1826;0,1826
26/08/2026 07:05:00;0,1826;0,1828;0,1825;0,18262
26/08/2026 07:10:00;0,18262;0,1829;0,1824;0,1829
26/08/2026 07:15:00;0,1829;0,1834;0,1829;0,1833
26/08/2026 07:20:00;0,1833;0,1837;0,1831;0,1837
26/08/2026 07:25:00;0,1837;0,1841;0,1837;0,1841
26/08/2026 07:30:00;0,1841;0,1842;0,1839;0,1841
26/08/2026 07:35:00;0,1841;0,1849;0,1841;0,1847
26/08/2026 07:40:00;0,1847;0,1848;0,1844;0,1847
26/08/2026 07:45:00;0,1847;0,1852;0,1847;0,1851
26/08/2026 07:50:00;0,1851;0,1852;0,1849;0,1851
26/08/2026 07:55:00;0,1851;0,1853;0,1851;0,1852
26/08/2026 08:00:00;0,1852;0,1853;0,1851;0,1852
26/08/2026 08:05:00;0,1852;0,1852;0,1849;0,1849
26/08/2026 08:10:00;0,1849;0,1852;0,1848;0,1851
26/08/2026 08:15:00;0,1851;0,1854;0,1851;0,1852
26/08/2026 08:20:00;0,1852;0,1852;0,1846;0,1847
26/08/2026 08:25:00;0,1847;0,1847;0,1841;0,1844
26/08/2026 08:30:00;0,1844;0,1844;0,184;0,1841
26/08/2026 08:35:00;0,1841;0,1842;0,183;0,1832
26/08/2026 08:40:00;0,1832;0,1835;0,183;0,1833
26/08/2026 08:45:00;0,1833;0,1835;0,1831;0,1832
26/08/2026 08:50:00;0,1832;0,1835;0,1831;0,1832
26/08/2026 08:55:00;0,1832;0,1833;0,1831;0,1833
26/08/2026 09:00:00;0,1833;0,1834;0,1831;0,1832
26/08/2026 09:05:00;0,1832;0,1832;0,1829;0,183
26/08/2026 09:10:00;0,183;0,1831;0,1827;0,1828
26/08/2026 09:15:00;0,1828;0,1831;0,1826;0,1829
26/08/2026 09:20:00;0,1829;0,1841;0,1829;0,1841
26/08/2026 09:25:00;0,1841;0,1846;0,1841;0,1846
26/08/2026 09:30:00;0,1846;0,1846;0,1822;0,1836
26/08/2026 09:35:00;0,1836;0,1839;0,1829;0,183
26/08/2026 09:40:00;0,183;0,1833;0,1828;0,1828
26/08/2026 09:45:00;0,1828;0,1832;0,1827;0,1831
26/08/2026 09:50:00;0,1831;0,1835;0,1829;0,1831
26/08/2026 09:55:00;0,1831;0,1836;0,1831;0,1833
26/08/2026 10:00:00;0,1833;0,1836;0,1829;0,1829
26/08/2026 10:05:00;0,1829;0,1829;0,1823;0,1824
26/08/2026 10:10:00;0,1824;0,1824;0,182;0,1822
26/08/2026 10:15:00;0,1822;0,1822;0,1818;0,1818
26/08/2026 10:20:00;0,182;0,1821;0,1814;0,1814
26/08/2026 10:25:00;0,1814;0,1816;0,1803;0,1803
26/08/2026 10:30:00;0,1803;0,1816;0,1803;0,1814
26/08/2026 10:35:00;0,1814;0,182;0,1811;0,1817
26/08/2026 10:40:00;0,1817;0,1821;0,1815;0,1818
26/08/2026 10:45:00;0,1818;0,1821;0,1813;0,1813
26/08/2026 10:50:00;0,1813;0,1813;0,1806;0,1809
26/08/2026 10:55:00;0,1809;0,1814;0,1808;0,1814
26/08/2026 11:00:00;0,1814;0,1822;0,1812;0,182
26/08/2026 11:05:00;0,182;0,182;0,1816;0,1817
26/08/2026 11:10:00;0,1817;0,1819;0,1812;0,1813
26/08/2026 11:15:00;0,1812;0,1817;0,1812;0,1816
26/08/2026 11:20:00;0,1815;0,1817;0,1811;0,1811
26/08/2026 11:25:00;0,1811;0,1812;0,1805;0,1807
26/08/2026 11:30:00;0,1807;0,1809;0,1803;0,1804
26/08/2026 11:35:00;0,1805;0,1808;0,1802;0,1802
26/08/2026 11:40:00;0,1802;0,1805;0,1796;0,18
26/08/2026 11:45:00;0,18;0,18;0,179;0,1794
26/08/2026 11:50:00;0,1794;0,1798;0,1793;0,1793
26/08/2026 11:55:00;0,1795;0,1796;0,1791;0,1792
26/08/2026 12:00:00;0,1792;0,1795;0,178;0,1782
26/08/2026 12:05:00;0,1782;0,1792;0,1781;0,1791
26/08/2026 12:10:00;0,1791;0,1791;0,1786;0,1787
26/08/2026 12:15:00;0,1787;0,1787;0,1782;0,1784
26/08/2026 12:20:00;0,1784;0,1791;0,1783;0,1791
26/08/2026 12:25:00;0,1791;0,1797;0,1791;0,1796
26/08/2026 12:30:00;0,1796;0,1796;0,1791;0,1791
26/08/2026 12:35:00;0,179;0,1791;0,1788;0,1789
26/08/2026 12:40:00;0,1789;0,1795;0,1789;0,1794
26/08/2026 12:45:00;0,1794;0,1798;0,1794;0,1798
26/08/2026 12:50:00;0,1798;0,1798;0,1792;0,1792
26/08/2026 12:55:00;0,1793;0,1796;0,1793;0,1795
26/08/2026 13:00:00;0,1795;0,179629;0,179;0,1795
26/08/2026 13:05:00;0,1795;0,18;0,1795;0,1797
26/08/2026 13:10:00;0,1797;0,1797;0,1788;0,1788
26/08/2026 13:15:00;0,1788;0,179;0,1787;0,1788
26/08/2026 13:20:00;0,1789;0,1793;0,1786;0,1786
26/08/2026 13:25:00;0,1786;0,179;0,1784;0,179
26/08/2026 13:30:00;0,179;0,179;0,1786;0,1789
26/08/2026 13:35:00;0,1789;0,179;0,1782;0,1782
26/08/2026 13:40:00;0,1782;0,1785;0,178;0,178
26/08/2026 13:45:00;0,1785;0,1791;0,1779;0,1786
26/08/2026 13:50:00;0,1788;0,17881;0,1783;0,1784
26/08/2026 13:55:00;0,1784;0,1787;0,1784;0,1786
26/08/2026 14:00:00;0,1786;0,17889;0,178471;0,1787
26/08/2026 14:05:00;0,1787;0,1789;0,1787;0,1789
26/08/2026 14:10:00;0,1789;0,1791;0,1789;0,179
26/08/2026 14:15:00;0,179;0,1798;0,179;0,1798
26/08/2026 14:20:00;0,1798;0,1801;0,1795;0,1799
26/08/2026 14:25:00;0,1799;0,1804;0,1799;0,1802
26/08/2026 14:30:00;0,1802;0,1805;0,1802;0,1805
26/08/2026 14:35:00;0,1805;0,18051;0,1802;0,1803
26/08/2026 14:40:00;0,1803;0,1803;0,1799;0,18
26/08/2026 14:45:00;0,18;0,18;0,1794;0,1795
26/08/2026 14:50:00;0,1795;0,1798;0,1795;0,1796
26/08/2026 14:55:00;0,1796;0,1798;0,1796;0,1797
26/08/2026 15:00:00;0,1797;0,1797;0,1794;0,1796
26/08/2026 15:05:00;0,1796;0,1797;0,1793;0,1796
26/08/2026 15:10:00;0,1795;0,1798;0,1795;0,1796
26/08/2026 15:15:00;0,1796;0,1797;0,1793;0,1797
26/08/2026 15:20:00;0,1797;0,1802;0,1797;0,1798
26/08/2026 15:25:00;0,1798;0,1799;0,1796;0,1798
26/08/2026 15:30:00;0,1798;0,179901;0,1797;0,1797
26/08/2026 15:35:00;0,1796;0,1798;0,1795;0,1796
26/08/2026 15:40:00;0,1796;0,179687;0,1794;0,1795
26/08/2026 15:45:00;0,1795;0,18;0,1795;0,1799
26/08/2026 15:50:00;0,1799;0,18;0,1797;0,1799
26/08/2026 15:55:00;0,1799;0,1802;0,1798;0,1801
26/08/2026 16:00:00;0,1801;0,1803;0,18;0,18
26/08/2026 16:05:00;0,18;0,18;0,1798;0,18
26/08/2026 16:10:00;0,18;0,1802;0,1799;0,1799
26/08/2026 16:15:00;0,1799;0,1801;0,1798;0,1799
26/08/2026 16:20:00;0,1799;0,18;0,1798;0,1799
26/08/2026 16:25:00;0,1799;0,1807;0,1799;0,1805
26/08/2026 16:30:00;0,1805;0,1806;0,1802;0,180502
26/08/2026 16:35:00;0,180502;0,180502;0,1799;0,1799
26/08/2026 16:40:00;0,1799;0,18;0,1798;0,1798
26/08/2026 16:45:00;0,1798;0,1802;0,1798;0,1802
26/08/2026 16:50:00;0,1802;0,1803;0,1799;0,18
26/08/2026 16:55:00;0,18;0,1801;0,1799;0,1799
26/08/2026 17:00:00;0,1799;0,1799;0,179298;0,179412
26/08/2026 17:05:00;0,1795;0,1797;0,1795;0,1797
26/08/2026 17:10:00;0,1797;0,1797;0,1793;0,1793
26/08/2026 17:15:00;0,1793;0,1793;0,1786;0,1787
26/08/2026 17:20:00;0,1787;0,1788;0,1781;0,1786
26/08/2026 17:25:00;0,1786;0,1792;0,1786;0,1792
26/08/2026 17:30:00;0,1792;0,1793;0,1788;0,179
26/08/2026 17:35:00;0,179;0,179;0,1786;0,179
26/08/2026 17:40:00;0,179;0,1793;0,178999;0,1791
26/08/2026 17:45:00;0,1791;0,1794;0,1791;0,1794
26/08/2026 17:50:00;0,1794;0,1794;0,179;0,1792
26/08/2026 17:55:00;0,1792;0,1796;0,1792;0,1795
26/08/2026 18:00:00;0,1795;0,1799;0,1795;0,1798
26/08/2026 18:05:00;0,1798;0,1807;0,1798;0,1806
26/08/2026 18:10:00;0,1806;0,1812;0,1806;0,1812
26/08/2026 18:15:00;0,1812;0,18152;0,1811;0,1814
26/08/2026 18:20:00;0,1814;0,1818;0,1814;0,1816
26/08/2026 18:25:00;0,1816;0,181832;0,1813;0,1817
26/08/2026 18:30:00;0,1817;0,1817;0,1811;0,1815
26/08/2026 18:35:00;0,1815;0,1818;0,1815;0,1816
26/08/2026 18:40:00;0,1816;0,1816;0,1813;0,1813
26/08/2026 18:45:00;0,1813;0,1813;0,1811;0,1812
26/08/2026 18:50:00;0,1812;0,1819;0,1812;0,1817
26/08/2026 18:55:00;0,1817;0,1818;0,1814;0,1818
26/08/2026 19:00:00;0,1818;0,1823;0,1815;0,1823
26/08/2026 19:05:00;0,1823;0,1823;0,182;0,182
26/08/2026 19:10:00;0,182;0,1823;0,1818;0,1821
26/08/2026 19:15:00;0,1821;0,1833;0,1821;0,1832
26/08/2026 19:20:00;0,1832;0,1835;0,1829;0,1832
26/08/2026 19:25:00;0,1832;0,1837;0,1832;0,1835
26/08/2026 19:30:00;0,1835;0,1838;0,1833;0,1834
26/08/2026 19:35:00;0,1834;0,183415;0,182947;0,182947
26/08/2026 19:40:00;0,182947;0,1833;0,1827;0,1833
26/08/2026 19:45:00;0,1831;0,1832;0,1829;0,1829
26/08/2026 19:50:00;0,1829;0,1829;0,1824;0,1826
26/08/2026 19:55:00;0,1826;0,1829;0,1824;0,1829
26/08/2026 20:00:00;0,1828;0,1831;0,1825;0,1831
26/08/2026 20:05:00;0,1831;0,18311;0,1828;0,1828
26/08/2026 20:10:00;0,1828;0,183;0,1827;0,1829
26/08/2026 20:15:00;0,1829;0,1834;0,1828;0,1834
26/08/2026 20:20:00;0,1834;0,1841;0,1834;0,184
26/08/2026 20:25:00;0,184;0,1841;0,1837;0,1838
26/08/2026 20:30:00;0,1838;0,184;0,18374;0,1838
26/08/2026 20:35:00;0,1838;0,1845;0,1837;0,1845
26/08/2026 20:40:00;0,1844;0,1852;0,1844;0,1851
26/08/2026 20:45:00;0,1851;0,1857;0,1851;0,1852
26/08/2026 20:50:00;0,1852;0,185654;0,1852;0,1856
26/08/2026 20:55:00;0,1856;0,1857;0,1853;0,1853
26/08/2026 21:00:00;0,1853;0,1854;0,1847;0,1848
26/08/2026 21:05:00;0,1848;0,1851;0,1848;0,185
26/08/2026 21:10:00;0,185;0,185;0,1845;0,1846
26/08/2026 21:15:00;0,1846;0,1846;0,184029;0,1846
26/08/2026 21:20:00;0,1846;0,1846;0,184;0,184
26/08/2026 21:25:00;0,184;0,1841;0,1838;0,184
26/08/2026 21:30:00;0,184;0,184054;0,1838;0,1839
26/08/2026 21:35:00;0,1839;0,184;0,1839;0,184
26/08/2026 21:40:00;0,184;0,1842;0,1838;0,1841
26/08/2026 21:45:00;0,1841;0,1842;0,184;0,1841
26/08/2026 21:50:00;0,1841;0,1843;0,1836;0,1838
26/08/2026 21:55:00;0,1838;0,1838;0,1835;0,1835
26/08/2026 22:00:00;0,1835;0,1838;0,1834;0,1837
26/08/2026 22:05:00;0,1837;0,1837;0,1833;0,1834
26/08/2026 22:10:00;0,1836;0,1837;0,18257;0,1836
26/08/2026 22:15:00;0,1836;0,1836;0,1831;0,1833
26/08/2026 22:20:00;0,1833;0,183844;0,1833;0,1837
26/08/2026 22:25:00;0,1837;0,1846;0,1837;0,1845
26/08/2026 22:30:00;0,1845;0,1849;0,1839;0,1842
26/08/2026 22:35:00;0,1842;0,1844;0,184;0,1842
26/08/2026 22:40:00;0,1842;0,1842;0,1835;0,1835
26/08/2026 22:45:00;0,1835;0,1842;0,1835;0,1842
26/08/2026 22:50:00;0,1842;0,1847;0,184146;0,1843
26/08/2026 22:55:00;0,1844;0,1845;0,1841;0,1841
26/08/2026 23:00:00;0,1841;0,18455;0,1841;0,1843
26/08/2026 23:05:00;0,1844;0,1846;0,1844;0,1846
26/08/2026 23:10:00;0,1845;0,1846;0,184;0,1842
26/08/2026 23:15:00;0,1842;0,18423;0,1838;0,1838
26/08/2026 23:20:00;0,184;0,184195;0,1837;0,1837
26/08/2026 23:25:00;0,1837;0,1837;0,1832;0,1832
26/08/2026 23:30:00;0,1832;0,1835;0,18316;0,18316
26/08/2026 23:35:00;0,18316;0,18352;0,18312;0,183175
26/08/2026 23:40:00;0,1831;0,183186;0,1828;0,1829
26/08/2026 23:45:00;0,1829;0,1831;0,1827;0,1827
26/08/2026 23:50:00;0,1827;0,1833;0,1824;0,1831
26/08/2026 23:55:00;0,1831;0,1832;0,183;0,183
27/08/2026 00:00:00;0,183;0,1832;0,183;0,1831
27/08/2026 00:05:00;0,1831;0,1832;0,183;0,1831
27/08/2026 00:10:00;0,1831;0,1833;0,1828;0,1828
27/08/2026 00:15:00;0,1828;0,1832;0,1824;0,1832
27/08/2026 00:20:00;0,1832;0,1838;0,1829;0,1838
27/08/2026 00:25:00;0,1838;0,1839;0,1835;0,1838
27/08/2026 00:30:00;0,1838;0,1838;0,1833;0,1834
27/08/2026 00:35:00;0,1834;0,1835;0,1833;0,1833
27/08/2026 00:40:00;0,1833;0,1833;0,1829;0,1832
27/08/2026 00:45:00;0,1831;0,1834;0,1828;0,1828
27/08/2026 00:50:00;0,1828;0,1828;0,1825;0,1826
27/08/2026 00:55:00;0,1826;0,1829;0,1826;0,1829
27/08/2026 01:00:00;0,1829;0,183;0,1829;0,1829
27/08/2026 01:05:00;0,1829;0,1832;0,1827;0,1832
27/08/2026 01:10:00;0,1832;0,1832;0,183;0,1832
27/08/2026 01:15:00;0,1832;0,1834;0,18318;0,1832
27/08/2026 01:20:00;0,1832;0,1832;0,1827;0,1829
27/08/2026 01:25:00;0,1829;0,1829;0,1826;0,1826
27/08/2026 01:30:00;0,1826;0,1826;0,1823;0,1824
27/08/2026 01:35:00;0,1822;0,1823;0,1818;0,1823
27/08/2026 01:40:00;0,1823;0,1825;0,1821;0,1824
27/08/2026 01:45:00;0,1824;0,1824;0,1821;0,1821
27/08/2026 01:50:00;0,1821;0,1821;0,1818;0,1821
27/08/2026 01:55:00;0,1821;0,1822;0,1819;0,1822
27/08/2026 02:00:00;0,1822;0,1822;0,1819;0,1819
27/08/2026 02:05:00;0,1819;0,1822;0,1818;0,1822
27/08/2026 02:10:00;0,1822;0,1822;0,1819;0,1819
27/08/2026 02:15:00;0,1819;0,1819;0,1815;0,1815
27/08/2026 02:20:00;0,1815;0,1821;0,1815;0,1821
27/08/2026 02:25:00;0,1821;0,1823;0,1818;0,182
27/08/2026 02:30:00;0,182;0,182;0,1809;0,181
27/08/2026 02:35:00;0,181;0,1815;0,1809;0,1815
27/08/2026 02:40:00;0,1815;0,1818;0,1814;0,1815
27/08/2026 02:45:00;0,1815;0,1824;0,1815;0,1824
27/08/2026 02:50:00;0,1824;0,1827;0,1823;0,1824
27/08/2026 02:55:00;0,1824;0,1826;0,1821;0,1824
27/08/2026 03:00:00;0,1824;0,1824;0,182;0,182
27/08/2026 03:05:00;0,182;0,182;0,1819;0,1819
27/08/2026 03:10:00;0,1819;0,1819;0,1814;0,1817
27/08/2026 03:15:00;0,1817;0,182;0,1815;0,1819
27/08/2026 03:20:00;0,1819;0,1821;0,1819;0,1819
27/08/2026 03:25:00;0,1819;0,1821;0,1819;0,182
27/08/2026 03:30:00;0,182;0,1823;0,182;0,1823
27/08/2026 03:35:00;0,1823;0,1826;0,1823;0,1824
27/08/2026 03:40:00;0,1824;0,1826;0,1823;0,1825
27/08/2026 03:45:00;0,1825;0,1831;0,1825;0,183
27/08/2026 03:50:00;0,183;0,1831;0,1829;0,1829
27/08/2026 03:55:00;0,1829;0,1832;0,1829;0,1831
27/08/2026 04:00:00;0,1831;0,1831;0,1829;0,183
27/08/2026 04:05:00;0,183;0,183;0,1829;0,1829
27/08/2026 04:10:00;0,1829;0,1832;0,1829;0,1831
27/08/2026 04:15:00;0,1831;0,1831;0,183;0,1831
27/08/2026 04:20:00;0,183;0,183;0,1827;0,1827
27/08/2026 04:25:00;0,1827;0,1828;0,1824;0,1827
27/08/2026 04:30:00;0,1827;0,1831;0,182643;0,183
27/08/2026 04:35:00;0,183;0,183;0,1828;0,1828
27/08/2026 04:40:00;0,1828;0,183;0,1825;0,1828
27/08/2026 04:45:00;0,1828;0,183;0,1828;0,1829
27/08/2026 04:50:00;0,1829;0,1833;0,1829;0,1833
27/08/2026 04:55:00;0,1833;0,1836;0,1833;0,1834
27/08/2026 05:00:00;0,1835;0,1848;0,1832;0,1845
27/08/2026 05:05:00;0,1845;0,1856;0,1842;0,1856
27/08/2026 05:10:00;0,1856;0,1861;0,1854;0,1858
27/08/2026 05:15:00;0,1858;0,1858;0,1851;0,1855
27/08/2026 05:20:00;0,1856;0,1864;0,1856;0,1864
27/08/2026 05:25:00;0,1863;0,1872;0,1863;0,1872
27/08/2026 05:30:00;0,1872;0,1878;0,1872;0,1876
27/08/2026 05:35:00;0,1876;0,1876;0,187;0,1872
27/08/2026 05:40:00;0,1872;0,1879;0,1872;0,1878
27/08/2026 05:45:00;0,1878;0,188;0,1874;0,1877
27/08/2026 05:50:00;0,1877;0,1878;0,1871;0,1872
27/08/2026 05:55:00;0,1872;0,1874;0,1869;0,1871
27/08/2026 06:00:00;0,1871;0,1871;0,1865;0,1867
27/08/2026 06:05:00;0,1867;0,1867;0,1864;0,1866
27/08/2026 06:10:00;0,1866;0,187;0,1866;0,1868
27/08/2026 06:15:00;0,1868;0,187;0,1866;0,187
27/08/2026 06:20:00;0,187;0,1875;0,187;0,1874
27/08/2026 06:25:00;0,1874;0,1891;0,1874;0,1889
27/08/2026 06:30:00;0,1889;0,1891;0,1885;0,1887
27/08/2026 06:35:00;0,1887;0,189;0,1884;0,1885
27/08/2026 06:40:00;0,1885;0,1886;0,188;0,1884
27/08/2026 06:45:00;0,1884;0,1887;0,1883;0,1883
27/08/2026 06:50:00;0,1883;0,1883;0,1875;0,1877
27/08/2026 06:55:00;0,1877;0,1878;0,1871;0,1874
27/08/2026 07:00:00;0,1874;0,1874;0,187;0,1872
27/08/2026 07:05:00;0,1872;0,188;0,1872;0,188
27/08/2026 07:10:00;0,188;0,1881;0,1867;0,1871
27/08/2026 07:15:00;0,1871;0,1875;0,1869;0,1873
27/08/2026 07:20:00;0,1873;0,1876;0,1865;0,1867
27/08/2026 07:25:00;0,1867;0,1867;0,1846;0,1857
27/08/2026 07:30:00;0,1857;0,1859;0,1853;0,1855
27/08/2026 07:35:00;0,1855;0,1855;0,1846;0,1849
27/08/2026 07:40:00;0,1849;0,1852;0,1844;0,185
27/08/2026 07:45:00;0,185;0,1852;0,1845;0,1848
27/08/2026 07:50:00;0,1848;0,1852;0,1847;0,1852
27/08/2026 07:55:00;0,1852;0,1852;0,185;0,1852
27/08/2026 08:00:00;0,1852;0,1859;0,1849;0,1858
27/08/2026 08:05:00;0,1858;0,1861;0,1857;0,1858
27/08/2026 08:10:00;0,1858;0,1859;0,1857;0,1859
27/08/2026 08:15:00;0,1859;0,1862;0,1857;0,1861
27/08/2026 08:20:00;0,1861;0,1864;0,1861;0,1861
27/08/2026 08:25:00;0,1861;0,1862;0,1853;0,1853
27/08/2026 08:30:00;0,1853;0,1856;0,1849;0,1856
27/08/2026 08:35:00;0,1856;0,1856;0,185;0,1852
27/08/2026 08:40:00;0,1852;0,1856;0,1851;0,1856
27/08/2026 08:45:00;0,1856;0,1856;0,1852;0,1852
27/08/2026 08:50:00;0,1852;0,1854;0,1845;0,1854
27/08/2026 08:55:00;0,1854;0,1856;0,1854;0,1855
27/08/2026 09:00:00;0,1855;0,1859;0,1855;0,1855
27/08/2026 09:05:00;0,1855;0,1855;0,1852;0,1854
27/08/2026 09:10:00;0,1854;0,1857;0,1854;0,1854
27/08/2026 09:15:00;0,1854;0,1856;0,1853;0,1853
27/08/2026 09:20:00;0,1853;0,1855;0,1852;0,1853
27/08/2026 09:25:00;0,1853;0,1856;0,1853;0,1855
27/08/2026 09:30:00;0,1855;0,1856;0,185;0,185
27/08/2026 09:35:00;0,185;0,185;0,1843;0,1846
27/08/2026 09:40:00;0,1846;0,1847;0,1845;0,1845
27/08/2026 09:45:00;0,1845;0,1848;0,1843;0,1847
27/08/2026 09:50:00;0,1847;0,185;0,1847;0,1849
27/08/2026 09:55:00;0,185;0,185047;0,1846;0,1846
27/08/2026 10:00:00;0,1846;0,185;0,1846;0,1849
27/08/2026 10:05:00;0,1849;0,1852;0,1849;0,185
27/08/2026 10:10:00;0,185;0,1851;0,1848;0,1849
27/08/2026 10:15:00;0,1849;0,1855;0,1849;0,185
27/08/2026 10:20:00;0,185;0,1855;0,185;0,1855
27/08/2026 10:25:00;0,1855;0,1859;0,1855;0,1856
27/08/2026 10:30:00;0,1856;0,1857;0,1844;0,1845
27/08/2026 10:35:00;0,1845;0,1849;0,1844;0,1849
27/08/2026 10:40:00;0,1849;0,1853;0,1845;0,1849
27/08/2026 10:45:00;0,1849;0,1852;0,184;0,1844
27/08/2026 10:50:00;0,1844;0,1853;0,1844;0,1852
27/08/2026 10:55:00;0,1852;0,1864;0,1852;0,1864
27/08/2026 11:00:00;0,1864;0,187;0,1861;0,1868
27/08/2026 11:05:00;0,1868;0,1871;0,1861;0,1862
27/08/2026 11:10:00;0,1862;0,1864;0,1857;0,186
27/08/2026 11:15:00;0,186;0,1869;0,186;0,1869
27/08/2026 11:20:00;0,1869;0,1876;0,1869;0,1872
27/08/2026 11:25:00;0,1872;0,1874;0,187;0,1874
27/08/2026 11:30:00;0,1874;0,1876;0,1871;0,1875
27/08/2026 11:35:00;0,1875;0,1888;0,1875;0,1887
27/08/2026 11:40:00;0,1887;0,1897;0,1887;0,1896
27/08/2026 11:45:00;0,1896;0,1896;0,1881;0,1881
27/08/2026 11:50:00;0,1881;0,1883;0,1873;0,1875
27/08/2026 11:55:00;0,1875;0,1878;0,1873;0,1877
27/08/2026 12:00:00;0,1877;0,1882;0,1874;0,1877
27/08/2026 12:05:00;0,1877;0,1882;0,1875;0,1879
27/08/2026 12:10:00;0,1879;0,1891;0,1877;0,1886
27/08/2026 12:15:00;0,1886;0,1889;0,1882;0,1888
27/08/2026 12:20:00;0,1888;0,1888;0,1879;0,1883
27/08/2026 12:25:00;0,1883;0,1888;0,1882;0,1885
27/08/2026 12:30:00;0,1885;0,1885;0,1877;0,1877
27/08/2026 12:35:00;0,1877;0,1886;0,1876;0,1885
27/08/2026 12:40:00;0,1885;0,189;0,1881;0,1887
27/08/2026 12:45:00;0,1887;0,1888;0,1879;0,1882
27/08/2026 12:50:00;0,1882;0,1886;0,1882;0,1884
27/08/2026 12:55:00;0,1884;0,1887;0,1883;0,1884
27/08/2026 13:00:00;0,1884;0,1886;0,1881;0,1886
27/08/2026 13:05:00;0,1886;0,1886;0,1874;0,1879
27/08/2026 13:10:00;0,1879;0,1886;0,1879;0,1884
27/08/2026 13:15:00;0,1884;0,1889;0,1882;0,1888
27/08/2026 13:20:00;0,1888;0,1892;0,1887;0,189
27/08/2026 13:25:00;0,189;0,1892;0,1886;0,1886
27/08/2026 13:30:00;0,1886;0,1892;0,1884;0,189
27/08/2026 13:35:00;0,189;0,1891;0,1886;0,189
27/08/2026 13:40:00;0,189;0,1896;0,189;0,1895
27/08/2026 13:45:00;0,1895;0,1895;0,1892;0,1894
27/08/2026 13:50:00;0,1894;0,1894;0,189;0,1892
27/08/2026 13:55:00;0,1892;0,1892;0,1886;0,1886
27/08/2026 14:00:00;0,1886;0,1886;0,1877;0,1881
27/08/2026 14:05:00;0,1881;0,1889;0,188;0,1889
27/08/2026 14:10:00;0,1889;0,1892;0,1887;0,189
27/08/2026 14:15:00;0,189;0,1893;0,189;0,1892
27/08/2026 14:20:00;0,1892;0,1892;0,1888;0,1889
27/08/2026 14:25:00;0,1889;0,1889;0,1883;0,1884
27/08/2026 14:30:00;0,1884;0,1886;0,1881;0,1881
27/08/2026 14:35:00;0,1881;0,1884;0,1881;0,1883
27/08/2026 14:40:00;0,1883;0,1886;0,1875;0,1875
27/08/2026 14:45:00;0,1875;0,188;0,1874;0,1879
27/08/2026 14:50:00;0,1879;0,188;0,1879;0,188
27/08/2026 14:55:00;0,188;0,188301;0,188;0,188
27/08/2026 15:00:00;0,188;0,1881;0,1877;0,1879
27/08/2026 15:05:00;0,1879;0,188;0,1876;0,1879
27/08/2026 15:10:00;0,1879;0,1879;0,1864;0,1866
27/08/2026 15:15:00;0,1866;0,1871;0,1859;0,1859
27/08/2026 15:20:00;0,1859;0,1864;0,1856;0,1861
27/08/2026 15:25:00;0,1861;0,1864;0,1859;0,186
27/08/2026 15:30:00;0,186;0,1863;0,1859;0,1859
27/08/2026 15:35:00;0,1859;0,1865;0,1859;0,1865
27/08/2026 15:40:00;0,1865;0,1865;0,1863;0,1865
27/08/2026 15:45:00;0,1865;0,1866;0,1862;0,1865
27/08/2026 15:50:00;0,1865;0,1866;0,1861;0,1865
27/08/2026 15:55:00;0,1865;0,187;0,1865;0,187
27/08/2026 16:00:00;0,187;0,1875;0,187;0,1874
27/08/2026 16:05:00;0,1874;0,1874;0,1872;0,1872
27/08/2026 16:10:00;0,1872;0,1872;0,1869;0,1869
27/08/2026 16:15:00;0,1869;0,1871;0,1867;0,1868
27/08/2026 16:20:00;0,1868;0,1869;0,1864;0,1866
27/08/2026 16:25:00;0,1866;0,1866;0,1864;0,1865
27/08/2026 16:30:00;0,1865;0,1868;0,1865;0,1865
27/08/2026 16:35:00;0,1865;0,1866;0,1862;0,1862
27/08/2026 16:40:00;0,1862;0,1864;0,1862;0,1863
27/08/2026 16:45:00;0,1863;0,1869;0,1863;0,1867
27/08/2026 16:50:00;0,1867;0,1869;0,1864;0,1869
27/08/2026 16:55:00;0,1869;0,1869;0,1866;0,1867
27/08/2026 17:00:00;0,1867;0,1869;0,1865;0,1866
27/08/2026 17:05:00;0,1866;0,1871;0,1866;0,1869
27/08/2026 17:10:00;0,1869;0,1869;0,1867;0,1868
27/08/2026 17:15:00;0,1868;0,1874;0,1868;0,1872
27/08/2026 17:20:00;0,1872;0,188;0,1872;0,1878
27/08/2026 17:25:00;0,1878;0,1878;0,1874;0,1874
27/08/2026 17:30:00;0,1874;0,1875;0,187299;0,1875
27/08/2026 17:35:00;0,1875;0,1876;0,1873;0,1875
27/08/2026 17:40:00;0,1875;0,1878;0,1875;0,1877
27/08/2026 17:45:00;0,1877;0,18791;0,1877;0,1877
27/08/2026 17:50:00;0,1878;0,1878;0,1871;0,1873
27/08/2026 17:55:00;0,1873;0,1878;0,1873;0,1878
27/08/2026 18:00:00;0,1878;0,1879;0,1874;0,1877
27/08/2026 18:05:00;0,1877;0,1877;0,1874;0,1876
27/08/2026 18:10:00;0,1876;0,1879;0,1874;0,1875
27/08/2026 18:15:00;0,1875;0,1875;0,187099;0,187099
27/08/2026 18:20:00;0,187099;0,1874;0,1868;0,18688
27/08/2026 18:25:00;0,18688;0,18688;0,1865;0,1865
27/08/2026 18:30:00;0,1865;0,1871;0,1863;0,1869
27/08/2026 18:35:00;0,1869;0,1869;0,1866;0,1867
27/08/2026 18:40:00;0,1867;0,1867;0,1863;0,186389
27/08/2026 18:45:00;0,186389;0,187;0,18637;0,187
27/08/2026 18:50:00;0,187;0,18711;0,1869;0,1871
27/08/2026 18:55:00;0,1871;0,1873;0,186942;0,1873
27/08/2026 19:00:00;0,1873;0,1876;0,1873;0,18744
27/08/2026 19:05:00;0,18744;0,1877;0,18744;0,187576
27/08/2026 19:10:00;0,187576;0,187576;0,1873;0,1875
27/08/2026 19:15:00;0,1875;0,188;0,1875;0,188
27/08/2026 19:20:00;0,188;0,188;0,1874;0,1874
27/08/2026 19:25:00;0,1874;0,1875;0,1874;0,1874
27/08/2026 19:30:00;0,1874;0,1878;0,1873;0,1877
27/08/2026 19:35:00;0,1877;0,1877;0,1875;0,1877
27/08/2026 19:40:00;0,1877;0,1878;0,1875;0,1876
27/08/2026 19:45:00;0,1876;0,187901;0,187554;0,1876
27/08/2026 19:50:00;0,1876;0,1876;0,1874;0,1876
27/08/2026 19:55:00;0,1876;0,188;0,1876;0,188
27/08/2026 20:00:00;0,188;0,1884;0,1879;0,1884
27/08/2026 20:05:00;0,1884;0,1884;0,1879;0,1879
27/08/2026 20:10:00;0,1879;0,1879;0,1875;0,1876
27/08/2026 20:15:00;0,1876;0,1878;0,1874;0,1878
27/08/2026 20:20:00;0,1878;0,1882;0,1878;0,1881
27/08/2026 20:25:00;0,1881;0,188254;0,18803;0,1881
27/08/2026 20:30:00;0,1881;0,1882;0,1879;0,1879
27/08/2026 20:35:00;0,1879;0,188027;0,1878;0,1879
27/08/2026 20:40:00;0,1879;0,188;0,1876;0,1876
27/08/2026 20:45:00;0,1876;0,1876;0,1874;0,1875
27/08/2026 20:50:00;0,1875;0,1875;0,1874;0,1874
27/08/2026 20:55:00;0,1874;0,1874;0,1872;0,1873
27/08/2026 21:00:00;0,1873;0,1874;0,1869;0,187
27/08/2026 21:05:00;0,187;0,187;0,1864;0,1865
27/08/2026 21:10:00;0,1865;0,1867;0,1863;0,1863
27/08/2026 21:15:00;0,1863;0,1863;0,1855;0,186
27/08/2026 21:20:00;0,186;0,1863;0,186;0,1862
27/08/2026 21:25:00;0,1861;0,1869;0,1861;0,1869
27/08/2026 21:30:00;0,1869;0,1872;0,1867;0,1869
27/08/2026 21:35:00;0,1869;0,1872;0,1869;0,1872
27/08/2026 21:40:00;0,1872;0,1872;0,1868;0,1869
27/08/2026 21:45:00;0,1869;0,1869;0,1868;0,1868
27/08/2026 21:50:00;0,1868;0,1868;0,1867;0,1867
27/08/2026 21:55:00;0,1867;0,1873;0,1867;0,1869
27/08/2026 22:00:00;0,1869;0,1875;0,1869;0,1875
27/08/2026 22:05:00;0,1875;0,1875;0,1872;0,1873
27/08/2026 22:10:00;0,1873;0,1875;0,1873;0,1875
27/08/2026 22:15:00;0,1875;0,1884;0,1873;0,1884
27/08/2026 22:20:00;0,1884;0,1887;0,188255;0,1884
27/08/2026 22:25:00;0,1884;0,1886;0,1883;0,1886
27/08/2026 22:30:00;0,1886;0,1891;0,1885;0,1889
27/08/2026 22:35:00;0,1889;0,1889;0,187453;0,1877
27/08/2026 22:40:00;0,1877;0,1881;0,1877;0,1878
27/08/2026 22:45:00;0,1878;0,1878;0,1869;0,187
27/08/2026 22:50:00;0,187;0,1872;0,1866;0,1869
27/08/2026 22:55:00;0,1869;0,1869;0,1863;0,1864
27/08/2026 23:00:00;0,1864;0,1864;0,186;0,1861
27/08/2026 23:05:00;0,1861;0,1861;0,1859;0,186
27/08/2026 23:10:00;0,186;0,1862;0,1853;0,1855
27/08/2026 23:15:00;0,1855;0,1857;0,185;0,1853
27/08/2026 23:20:00;0,1853;0,1853;0,1843;0,1845
27/08/2026 23:25:00;0,1845;0,1849;0,1843;0,1844
27/08/2026 23:30:00;0,1844;0,1846;0,1834;0,1846
27/08/2026 23:35:00;0,1846;0,1846;0,1842;0,1842
27/08/2026 23:40:00;0,1842;0,1843;0,1838;0,1839
27/08/2026 23:45:00;0,1839;0,1839;0,1833;0,1836
27/08/2026 23:50:00;0,1836;0,1838;0,1829;0,1837
27/08/2026 23:55:00;0,1837;0,1842;0,1836;0,184
28/08/2026 00:00:00;0,184;0,184;0,1836;0,1837
28/08/2026 00:05:00;0,1837;0,18399;0,183268;0,183328
28/08/2026 00:10:00;0,183328;0,1839;0,1833;0,1837
28/08/2026 00:15:00;0,1837;0,1845;0,1837;0,1845
28/08/2026 00:20:00;0,1845;0,1846;0,184427;0,1845
28/08/2026 00:25:00;0,1845;0,1846;0,1843;0,1843
28/08/2026 00:30:00;0,1843;0,184627;0,1842;0,1842
28/08/2026 00:35:00;0,1842;0,1843;0,1841;0,1842
28/08/2026 00:40:00;0,1842;0,1843;0,184073;0,1841
28/08/2026 00:45:00;0,1841;0,1844;0,1832;0,184
28/08/2026 00:50:00;0,184;0,18449;0,18248;0,1843
28/08/2026 00:55:00;0,1843;0,1844;0,1842;0,1843
28/08/2026 01:00:00;0,1843;0,1843;0,1838;0,1838
28/08/2026 01:05:00;0,1838;0,184;0,1831;0,1833
28/08/2026 01:10:00;0,1833;0,1846;0,1831;0,1846
28/08/2026 01:15:00;0,1846;0,185;0,1846;0,1849
28/08/2026 01:20:00;0,1847;0,1849;0,1845;0,1845
28/08/2026 01:25:00;0,1845;0,1845;0,1842;0,1844
28/08/2026 01:30:00;0,1844;0,1845;0,1838;0,184
28/08/2026 01:35:00;0,184;0,184;0,1835;0,1837
28/08/2026 01:40:00;0,1837;0,1842;0,1837;0,1841
28/08/2026 01:45:00;0,184;0,1841;0,1836;0,1837
28/08/2026 01:50:00;0,1837;0,1842;0,1837;0,1841
28/08/2026 01:55:00;0,1841;0,1843;0,1841;0,1842
28/08/2026 02:00:00;0,1842;0,1842;0,1837;0,1838
28/08/2026 02:05:00;0,1838;0,1839;0,1833;0,1834
28/08/2026 02:10:00;0,1834;0,1838;0,1833;0,1838
28/08/2026 02:15:00;0,1838;0,1838;0,1835;0,1835
28/08/2026 02:20:00;0,1835;0,1837;0,1835;0,1836
28/08/2026 02:25:00;0,1836;0,184;0,1836;0,184
28/08/2026 02:30:00;0,184;0,1845;0,184;0,1844
28/08/2026 02:35:00;0,1844;0,1845;0,1843;0,1843
28/08/2026 02:40:00;0,1843;0,1843;0,1842;0,1842
28/08/2026 02:45:00;0,1842;0,1847;0,1842;0,1847
28/08/2026 02:50:00;0,1847;0,1848;0,1843;0,1844
28/08/2026 02:55:00;0,1844;0,1844;0,1842;0,1842
28/08/2026 03:00:00;0,1842;0,1845;0,1842;0,1845
28/08/2026 03:05:00;0,1845;0,18452;0,1843;0,18452
28/08/2026 03:10:00;0,18452;0,1847;0,18445;0,1847
28/08/2026 03:15:00;0,1846;0,1847;0,1846;0,1847
28/08/2026 03:20:00;0,1847;0,1847;0,1846;0,1846
28/08/2026 03:25:00;0,1846;0,1847;0,1845;0,1846
28/08/2026 03:30:00;0,1846;0,1847;0,1845;0,1846
28/08/2026 03:35:00;0,1846;0,1848;0,1845;0,1846
28/08/2026 03:40:00;0,1846;0,1848;0,1845;0,1848
28/08/2026 03:45:00;0,1848;0,1852;0,1847;0,1852
28/08/2026 03:50:00;0,1852;0,1852;0,185;0,185
28/08/2026 03:55:00;0,185;0,185;0,1849;0,185
28/08/2026 04:00:00;0,185;0,185;0,1847;0,1847
28/08/2026 04:05:00;0,1847;0,1847;0,1836;0,1837
28/08/2026 04:10:00;0,1837;0,1839;0,1836;0,1837
28/08/2026 04:15:00;0,1837;0,1843;0,1837;0,1842
28/08/2026 04:20:00;0,1842;0,1844;0,1842;0,1844
28/08/2026 04:25:00;0,1844;0,1847;0,1844;0,1847
28/08/2026 04:30:00;0,1846;0,1846;0,1844;0,1844
28/08/2026 04:35:00;0,1844;0,1845;0,1843;0,18438
28/08/2026 04:40:00;0,18438;0,1846;0,1843;0,1846
28/08/2026 04:45:00;0,1846;0,18462;0,1842;0,1843
28/08/2026 04:50:00;0,1843;0,1843;0,184;0,1841
28/08/2026 04:55:00;0,1841;0,1841;0,1838;0,1839
28/08/2026 05:00:00;0,1839;0,1846;0,1839;0,1843
28/08/2026 05:05:00;0,1843;0,1843;0,184;0,1841
28/08/2026 05:10:00;0,1841;0,1841;0,1839;0,184
28/08/2026 05:15:00;0,184;0,1844;0,184;0,1842
28/08/2026 05:20:00;0,1842;0,1843;0,184;0,1841
28/08/2026 05:25:00;0,1841;0,1841;0,1837;0,1838
28/08/2026 05:30:00;0,1838;0,1841;0,1837;0,1839
28/08/2026 05:35:00;0,1839;0,1839;0,1837;0,1839
28/08/2026 05:40:00;0,1838;0,1838;0,1837;0,1837
28/08/2026 05:45:00;0,1837;0,1837;0,1832;0,1834
28/08/2026 05:50:00;0,1833;0,1837;0,1833;0,1837
28/08/2026 05:55:00;0,1837;0,1837;0,1833;0,1835
28/08/2026 06:00:00;0,1835;0,1837;0,1832;0,1832
28/08/2026 06:05:00;0,1832;0,1838;0,1832;0,1838
28/08/2026 06:10:00;0,1838;0,184;0,1837;0,1838
28/08/2026 06:15:00;0,1838;0,1841;0,1838;0,184
28/08/2026 06:20:00;0,184;0,184;0,1838;0,1838
28/08/2026 06:25:00;0,184;0,184;0,1836;0,1837
28/08/2026 06:30:00;0,1837;0,1837;0,1835;0,1835
28/08/2026 06:35:00;0,1835;0,1835;0,1832;0,1834
28/08/2026 06:40:00;0,1833;0,1835;0,1825;0,1827
28/08/2026 06:45:00;0,1825;0,1827;0,1824;0,18245
28/08/2026 06:50:00;0,18245;0,1829;0,18245;0,1829
28/08/2026 06:55:00;0,1829;0,1829;0,1826;0,1827
28/08/2026 07:00:00;0,1827;0,1827;0,1817;0,1817
28/08/2026 07:05:00;0,1817;0,1818;0,1816;0,1817
28/08/2026 07:10:00;0,1817;0,1823;0,1817;0,1821
28/08/2026 07:15:00;0,1821;0,1823;0,1821;0,1822
28/08/2026 07:20:00;0,1822;0,1823;0,1821;0,1821
28/08/2026 07:25:00;0,1821;0,1824;0,1821;0,1824
28/08/2026 07:30:00;0,1826;0,1831;0,1826;0,1829
28/08/2026 07:35:00;0,1829;0,1832;0,1828;0,1832
28/08/2026 07:40:00;0,1832;0,1833;0,183;0,183
28/08/2026 07:45:00;0,183;0,1832;0,1829;0,1832
28/08/2026 07:50:00;0,1832;0,1832;0,1831;0,1832
28/08/2026 07:55:00;0,1832;0,1835;0,1832;0,1835
28/08/2026 08:00:00;0,1835;0,1845;0,1835;0,1843
28/08/2026 08:05:00;0,1843;0,1843;0,1839;0,1839
28/08/2026 08:10:00;0,1839;0,1841;0,1838;0,184
28/08/2026 08:15:00;0,184;0,1841;0,1839;0,1841
28/08/2026 08:20:00;0,1841;0,1841;0,1839;0,184
28/08/2026 08:25:00;0,184;0,184;0,1838;0,1839
28/08/2026 08:30:00;0,1839;0,184;0,1838;0,1839
28/08/2026 08:35:00;0,1839;0,1839;0,1835;0,1835
28/08/2026 08:40:00;0,1835;0,1836;0,1834;0,1836
28/08/2026 08:45:00;0,1836;0,1837;0,1835;0,1835
28/08/2026 08:50:00;0,1835;0,1836;0,1834;0,1834
28/08/2026 08:55:00;0,1834;0,1834;0,1833;0,1834
28/08/2026 09:00:00;0,1834;0,1836;0,1834;0,1836
28/08/2026 09:05:00;0,1836;0,1837;0,1836;0,1836
28/08/2026 09:10:00;0,1836;0,1836;0,1832;0,1833
28/08/2026 09:15:00;0,1833;0,1839;0,183234;0,1834
28/08/2026 09:20:00;0,1834;0,1836;0,1833;0,1833
28/08/2026 09:25:00;0,1833;0,1833;0,183;0,183
28/08/2026 09:30:00;0,183;0,183;0,1827;0,1828
28/08/2026 09:35:00;0,1828;0,183;0,1828;0,1829
28/08/2026 09:40:00;0,1829;0,1831;0,1827;0,1831
28/08/2026 09:45:00;0,1831;0,1832;0,1829;0,1829
28/08/2026 09:50:00;0,1829;0,1831;0,1829;0,183
28/08/2026 09:55:00;0,183;0,1838;0,183;0,1838
28/08/2026 10:00:00;0,1838;0,1842;0,1835;0,1842
28/08/2026 10:05:00;0,1842;0,1842;0,1837;0,1838
28/08/2026 10:10:00;0,1838;0,1838;0,1837;0,1838
28/08/2026 10:15:00;0,1838;0,1838;0,1834;0,1836
28/08/2026 10:20:00;0,1836;0,1836;0,1831;0,1832
28/08/2026 10:25:00;0,1832;0,1834;0,1828;0,1829
28/08/2026 10:30:00;0,1829;0,1834;0,1829;0,1832
28/08/2026 10:35:00;0,1832;0,1833;0,183;0,1832
28/08/2026 10:40:00;0,1832;0,1832;0,18276;0,1828
28/08/2026 10:45:00;0,1828;0,1834;0,1827;0,183
28/08/2026 10:50:00;0,183;0,1839;0,183;0,1838
28/08/2026 10:55:00;0,1838;0,184;0,1835;0,1835
28/08/2026 11:00:00;0,1835;0,1847;0,181;0,1811
28/08/2026 11:05:00;0,1811;0,1816;0,1799;0,1813
28/08/2026 11:10:00;0,1813;0,1814;0,1799;0,1802
28/08/2026 11:15:00;0,1802;0,1812;0,1798;0,1812
28/08/2026 11:20:00;0,1812;0,1819;0,1812;0,1814
28/08/2026 11:25:00;0,1814;0,182;0,1809;0,182
28/08/2026 11:30:00;0,182;0,183;0,1814;0,1829
28/08/2026 11:35:00;0,1829;0,1846;0,1829;0,184
28/08/2026 11:40:00;0,184;0,1843;0,1833;0,1835
28/08/2026 11:45:00;0,1835;0,1837;0,1826;0,1827
28/08/2026 11:50:00;0,1827;0,1832;0,1826;0,183
28/08/2026 11:55:00;0,183;0,1835;0,1827;0,1828
28/08/2026 12:00:00;0,1828;0,1836;0,1824;0,1825
28/08/2026 12:05:00;0,1825;0,1825;0,1818;0,1818
28/08/2026 12:10:00;0,1818;0,1822;0,1817;0,1818
28/08/2026 12:15:00;0,1818;0,1828;0,1817;0,1826
28/08/2026 12:20:00;0,1826;0,1829;0,1822;0,1827
28/08/2026 12:25:00;0,1827;0,18314;0,1823;0,1825
28/08/2026 12:30:00;0,1825;0,1825;0,1819;0,1822
28/08/2026 12:35:00;0,1822;0,1823;0,1819;0,182
28/08/2026 12:40:00;0,182;0,182;0,1807;0,1808
28/08/2026 12:45:00;0,1808;0,1811;0,1805;0,1805
28/08/2026 12:50:00;0,1805;0,1808;0,1802;0,1805
28/08/2026 12:55:00;0,1805;0,1805;0,1797;0,1799
28/08/2026 13:00:00;0,1799;0,1799;0,1778;0,1782
28/08/2026 13:05:00;0,1782;0,1797;0,1782;0,1793
28/08/2026 13:10:00;0,1793;0,1793;0,1781;0,1781
28/08/2026 13:15:00;0,1781;0,1783;0,1773;0,1776
28/08/2026 13:20:00;0,1776;0,178;0,1762;0,1763
28/08/2026 13:25:00;0,1763;0,1777;0,1754;0,1776
28/08/2026 13:30:00;0,1776;0,1785;0,1774;0,1778
28/08/2026 13:35:00;0,1778;0,1791;0,1778;0,179
28/08/2026 13:40:00;0,179;0,1792;0,1787;0,1787
28/08/2026 13:45:00;0,1787;0,1795;0,1787;0,1794
28/08/2026 13:50:00;0,1794;0,1794;0,179;0,1791
28/08/2026 13:55:00;0,1791;0,1794;0,1791;0,1791
28/08/2026 14:00:00;0,1791;0,1793;0,1787;0,1789
28/08/2026 14:05:00;0,1789;0,1792;0,1785;0,179
28/08/2026 14:10:00;0,179;0,1793;0,1788;0,1791
28/08/2026 14:15:00;0,1791;0,1794;0,1788;0,1793
28/08/2026 14:20:00;0,1793;0,1793;0,1789;0,179
28/08/2026 14:25:00;0,179;0,1792;0,1788;0,179
28/08/2026 14:30:00;0,179;0,1792;0,1788;0,1789
28/08/2026 14:35:00;0,1789;0,1789;0,1783;0,1785
28/08/2026 14:40:00;0,1785;0,1786;0,1783;0,1784
28/08/2026 14:45:00;0,1784;0,1793;0,1784;0,1792
28/08/2026 14:50:00;0,1792;0,1793;0,1786;0,1786
28/08/2026 14:55:00;0,1786;0,1788;0,1785;0,1787
28/08/2026 15:00:00;0,1787;0,1788;0,1785;0,1786
28/08/2026 15:05:00;0,1786;0,1786;0,1783;0,1784
28/08/2026 15:10:00;0,1783;0,1785;0,1781;0,1781
28/08/2026 15:15:00;0,1781;0,1781;0,1776;0,1777
28/08/2026 15:20:00;0,1777;0,1777;0,177;0,1772
28/08/2026 15:25:00;0,1772;0,177673;0,1772;0,1774
28/08/2026 15:30:00;0,1774;0,1775;0,177;0,1772
28/08/2026 15:35:00;0,1772;0,1772;0,1767;0,1767
28/08/2026 15:40:00;0,1767;0,177;0,1767;0,1767
28/08/2026 15:45:00;0,1767;0,1767;0,1761;0,1762
28/08/2026 15:50:00;0,1762;0,1771;0,1761;0,177
28/08/2026 15:55:00;0,177;0,177174;0,1768;0,177001
28/08/2026 16:00:00;0,177001;0,1779;0,177001;0,1775
28/08/2026 16:05:00;0,1775;0,178;0,1775;0,1779
28/08/2026 16:10:00;0,1779;0,178;0,1777;0,1777
28/08/2026 16:15:00;0,1777;0,1777;0,1775;0,1776
28/08/2026 16:20:00;0,1776;0,1781;0,1776;0,1779
28/08/2026 16:25:00;0,1779;0,178;0,1779;0,178
28/08/2026 16:30:00;0,178;0,178;0,1778;0,1779
28/08/2026 16:35:00;0,1779;0,1781;0,1778;0,1778
28/08/2026 16:40:00;0,1778;0,1778;0,1778;0,1778
28/08/2026 16:45:00;0,1778;0,1778;0,1774;0,1775
28/08/2026 16:50:00;0,1775;0,1776;0,1774;0,1775
28/08/2026 16:55:00;0,1775;0,178;0,1775;0,1778
28/08/2026 17:00:00;0,1778;0,1781;0,1776;0,1776
28/08/2026 17:05:00;0,1776;0,1779;0,1774;0,1779
28/08/2026 17:10:00;0,1779;0,1782;0,1779;0,1781
28/08/2026 17:15:00;0,1781;0,1782;0,1778;0,1778
28/08/2026 17:20:00;0,1778;0,178;0,1778;0,178
28/08/2026 17:25:00;0,178;0,1781;0,177899;0,178
28/08/2026 17:30:00;0,178;0,178;0,1777;0,1777
28/08/2026 17:35:00;0,1777;0,1781;0,1777;0,178
28/08/2026 17:40:00;0,178;0,1784;0,178;0,1784
28/08/2026 17:45:00;0,1784;0,1788;0,1784;0,1788
28/08/2026 17:50:00;0,1786;0,1788;0,1782;0,1784
28/08/2026 17:55:00;0,1784;0,1784;0,1782;0,1782
28/08/2026 18:00:00;0,1782;0,1784;0,1781;0,1781
28/08/2026 18:05:00;0,1781;0,1785;0,1781;0,1782
28/08/2026 18:10:00;0,1782;0,1785;0,1782;0,1784
28/08/2026 18:15:00;0,1784;0,1786;0,1782;0,1782
28/08/2026 18:20:00;0,1782;0,1783;0,1779;0,1783
28/08/2026 18:25:00;0,1783;0,1784;0,1783;0,1784
28/08/2026 18:30:00;0,1784;0,1787;0,1784;0,1786
28/08/2026 18:35:00;0,1786;0,1787;0,178394;0,1784
28/08/2026 18:40:00;0,1784;0,1784;0,1779;0,1779
28/08/2026 18:45:00;0,1779;0,1779;0,1772;0,1772
28/08/2026 18:50:00;0,1772;0,1773;0,177;0,177
28/08/2026 18:55:00;0,177;0,1771;0,1768;0,177
28/08/2026 19:00:00;0,177;0,1773;0,17699;0,177
28/08/2026 19:05:00;0,177;0,1775;0,1769;0,1769
28/08/2026 19:10:00;0,1769;0,1779;0,1769;0,1779
28/08/2026 19:15:00;0,1781;0,1781;0,1778;0,1778
28/08/2026 19:20:00;0,1778;0,1779;0,1777;0,1778
28/08/2026 19:25:00;0,1781;0,1783;0,17777;0,1783
28/08/2026 19:30:00;0,1783;0,1783;0,17809;0,1782
28/08/2026 19:35:00;0,1782;0,1784;0,1781;0,1783
28/08/2026 19:40:00;0,1783;0,1787;0,1782;0,1786
28/08/2026 19:45:00;0,1786;0,178856;0,1784;0,1786
28/08/2026 19:50:00;0,1786;0,179;0,1785;0,1789
28/08/2026 19:55:00;0,1789;0,1789;0,1786;0,1787
28/08/2026 20:00:00;0,1787;0,1788;0,1786;0,1788
28/08/2026 20:05:00;0,1788;0,179;0,1787;0,179
28/08/2026 20:10:00;0,179;0,1793;0,179;0,1793
28/08/2026 20:15:00;0,1791;0,1793;0,179;0,179171
28/08/2026 20:20:00;0,1792;0,17932;0,1791;0,1792
28/08/2026 20:25:00;0,1792;0,1794;0,1792;0,17932
28/08/2026 20:30:00;0,17932;0,17932;0,17918;0,1793
28/08/2026 20:35:00;0,1793;0,1795;0,1792;0,1794
28/08/2026 20:40:00;0,1794;0,1794;0,1792;0,1793
28/08/2026 20:45:00;0,1793;0,1793;0,1791;0,1791
28/08/2026 20:50:00;0,1791;0,1794;0,1791;0,1794
28/08/2026 20:55:00;0,1794;0,1795;0,1794;0,1795
28/08/2026 21:00:00;0,1795;0,1801;0,1794;0,1801
28/08/2026 21:05:00;0,1801;0,180373;0,18;0,18
28/08/2026 21:10:00;0,18;0,18;0,1797;0,1797
28/08/2026 21:15:00;0,1797;0,1799;0,1797;0,1798
28/08/2026 21:20:00;0,1798;0,1801;0,1798;0,1801
28/08/2026 21:25:00;0,1801;0,18012;0,1799;0,18
28/08/2026 21:30:00;0,18;0,18;0,1792;0,1792
28/08/2026 21:35:00;0,1792;0,1793;0,179;0,179
28/08/2026 21:40:00;0,179;0,179;0,1789;0,1789
28/08/2026 21:45:00;0,1789;0,1791;0,1788;0,1791
28/08/2026 21:50:00;0,1791;0,1792;0,1789;0,1792
28/08/2026 21:55:00;0,1792;0,1792;0,179;0,179
28/08/2026 22:00:00;0,179;0,17901;0,1786;0,1786
28/08/2026 22:05:00;0,1786;0,1787;0,1786;0,1787
28/08/2026 22:10:00;0,1787;0,1787;0,1785;0,1786
28/08/2026 22:15:00;0,1786;0,1786;0,1785;0,1785
28/08/2026 22:20:00;0,1785;0,1787;0,1785;0,1787
28/08/2026 22:25:00;0,1787;0,179;0,1787;0,179
28/08/2026 22:30:00;0,179;0,179;0,1788;0,1789
28/08/2026 22:35:00;0,1789;0,1789;0,1786;0,1787
28/08/2026 22:40:00;0,1787;0,1788;0,1786;0,1786
28/08/2026 22:45:00;0,1786;0,1786;0,17848;0,1786
28/08/2026 22:50:00;0,1785;0,178871;0,1785;0,1788
28/08/2026 22:55:00;0,1788;0,1788;0,1786;0,1787
28/08/2026 23:00:00;0,1787;0,1788;0,1785;0,1785
28/08/2026 23:05:00;0,1785;0,1787;0,1785;0,1787
28/08/2026 23:10:00;0,1787;0,1789;0,1786;0,1786
28/08/2026 23:15:00;0,1786;0,1786;0,1783;0,1784
28/08/2026 23:20:00;0,1784;0,17841;0,178;0,1781
28/08/2026 23:25:00;0,1781;0,1781;0,1777;0,1778
28/08/2026 23:30:00;0,1778;0,1781;0,1778;0,1778
28/08/2026 23:35:00;0,1778;0,1781;0,1778;0,1781
28/08/2026 23:40:00;0,1781;0,1781;0,1781;0,1781
28/08/2026 23:45:00;0,1781;0,178221;0,17808;0,1782
28/08/2026 23:50:00;0,1782;0,1784;0,1781;0,1783
28/08/2026 23:55:00;0,1783;0,1783;0,1781;0,1782
29/08/2026 00:00:00;0,1782;0,1785;0,1782;0,1782
29/08/2026 00:05:00;0,1784;0,1784;0,178119;0,1783
29/08/2026 00:10:00;0,1783;0,1784;0,1782;0,1782
29/08/2026 00:15:00;0,1784;0,1784;0,1781;0,1782
29/08/2026 00:20:00;0,1782;0,1783;0,1782;0,1783
29/08/2026 00:25:00;0,1783;0,1783;0,1782;0,1782
29/08/2026 00:30:00;0,1782;0,1783;0,178;0,178
29/08/2026 00:35:00;0,178;0,178;0,1779;0,1779
29/08/2026 00:40:00;0,1779;0,1779;0,1779;0,1779
29/08/2026 00:45:00;0,1779;0,1779;0,1777;0,1777
29/08/2026 00:50:00;0,1777;0,1777;0,1775;0,1775
29/08/2026 00:55:00;0,1775;0,1775;0,1773;0,1774
29/08/2026 01:00:00;0,1774;0,1776;0,1773;0,1776
29/08/2026 01:05:00;0,1776;0,1777;0,1775;0,1776
29/08/2026 01:10:00;0,1776;0,1777;0,1775;0,1776
29/08/2026 01:15:00;0,1776;0,1779;0,1776;0,1777
29/08/2026 01:20:00;0,1777;0,178;0,1777;0,178
29/08/2026 01:25:00;0,178;0,1781;0,17781;0,17792
29/08/2026 01:30:00;0,17792;0,178;0,1777;0,1778
29/08/2026 01:35:00;0,1778;0,1781;0,1778;0,1781
29/08/2026 01:40:00;0,1781;0,1781;0,1777;0,1779
29/08/2026 01:45:00;0,1779;0,1779;0,1777;0,1779
29/08/2026 01:50:00;0,1779;0,1783;0,1779;0,1782
29/08/2026 01:55:00;0,1782;0,1783;0,1782;0,1782
29/08/2026 02:00:00;0,1782;0,1785;0,1782;0,1784
29/08/2026 02:05:00;0,1784;0,17862;0,1784;0,1785
29/08/2026 02:10:00;0,1785;0,1786;0,1783;0,1786
29/08/2026 02:15:00;0,1786;0,17861;0,1785;0,1786
29/08/2026 02:20:00;0,1786;0,1786;0,1784;0,1785
29/08/2026 02:25:00;0,1785;0,1785;0,17828;0,1784
29/08/2026 02:30:00;0,1784;0,1784;0,1782;0,1783
29/08/2026 02:35:00;0,1783;0,1784;0,1782;0,1784
29/08/2026 02:40:00;0,1784;0,1785;0,1782;0,1784
29/08/2026 02:45:00;0,1784;0,1784;0,1783;0,1783
29/08/2026 02:50:00;0,1783;0,1783;0,178;0,178
29/08/2026 02:55:00;0,178;0,1783;0,178;0,1783
29/08/2026 03:00:00;0,1783;0,1783;0,1778;0,1778
29/08/2026 03:05:00;0,1778;0,178;0,1777;0,1778
29/08/2026 03:10:00;0,1778;0,1778;0,1774;0,1774
29/08/2026 03:15:00;0,1774;0,1774;0,1773;0,1773
29/08/2026 03:20:00;0,1773;0,1773;0,1771;0,1771
29/08/2026 03:25:00;0,1771;0,1772;0,1769;0,176998
29/08/2026 03:30:00;0,176998;0,1773;0,176998;0,1772
29/08/2026 03:35:00;0,1772;0,1774;0,1772;0,1772
29/08/2026 03:40:00;0,1772;0,1774;0,1771;0,1772
29/08/2026 03:45:00;0,1772;0,1775;0,1772;0,1774
29/08/2026 03:50:00;0,1774;0,1775;0,1773;0,1773
29/08/2026 03:55:00;0,1773;0,1774;0,1772;0,1773
29/08/2026 04:00:00;0,1773;0,1776;0,1773;0,1776
29/08/2026 04:05:00;0,1776;0,1777;0,1772;0,1772
29/08/2026 04:10:00;0,1772;0,1774;0,1772;0,1772
29/08/2026 04:15:00;0,1772;0,1773;0,1771;0,1772
29/08/2026 04:20:00;0,1772;0,1773;0,1772;0,1772
29/08/2026 04:25:00;0,1772;0,1773;0,1771;0,1772
29/08/2026 04:30:00;0,1772;0,1774;0,1772;0,1773
29/08/2026 04:35:00;0,1773;0,1777;0,1773;0,1777
29/08/2026 04:40:00;0,1777;0,1778;0,1775;0,1776
29/08/2026 04:45:00;0,1776;0,17763;0,1773;0,17763
29/08/2026 04:50:00;0,17763;0,17763;0,1773;0,1774
29/08/2026 04:55:00;0,1774;0,1774;0,17728;0,17728
29/08/2026 05:00:00;0,17728;0,177473;0,177;0,1771
29/08/2026 05:05:00;0,1771;0,1772;0,1771;0,1771
29/08/2026 05:10:00;0,1771;0,1773;0,1771;0,1771
29/08/2026 05:15:00;0,1771;0,1772;0,177;0,1772
29/08/2026 05:20:00;0,1772;0,1773;0,1771;0,1773
29/08/2026 05:25:00;0,1773;0,1872;0,1772;0,1772
29/08/2026 05:30:00;0,1772;0,1772;0,177;0,1771
29/08/2026 05:35:00;0,1771;0,1771;0,1771;0,1771
29/08/2026 05:40:00;0,1771;0,1772;0,177;0,1771
29/08/2026 05:45:00;0,1771;0,1772;0,1768;0,1769
29/08/2026 05:50:00;0,1769;0,1771;0,1768;0,1769
29/08/2026 05:55:00;0,1769;0,177202;0,1768;0,1771
29/08/2026 06:00:00;0,1772;0,17721;0,177;0,1772
29/08/2026 06:05:00;0,1772;0,1773;0,1771;0,1773
29/08/2026 06:10:00;0,1773;0,1774;0,1773;0,1774
29/08/2026 06:15:00;0,1774;0,1775;0,1773;0,1774
29/08/2026 06:20:00;0,1774;0,17752;0,1773;0,1773
29/08/2026 06:25:00;0,1773;0,1773;0,1771;0,1772
29/08/2026 06:30:00;0,1772;0,1776;0,1772;0,1776
29/08/2026 06:35:00;0,1776;0,17761;0,1776;0,17761
29/08/2026 06:40:00;0,17761;0,17761;0,1774;0,1774
29/08/2026 06:45:00;0,1774;0,1774;0,1773;0,1774
29/08/2026 06:50:00;0,1774;0,1776;0,1774;0,1776
29/08/2026 06:55:00;0,1776;0,1777;0,1775;0,1775
29/08/2026 07:00:00;0,1775;0,1775;0,1771;0,1771
29/08/2026 07:05:00;0,1771;0,1771;0,177;0,1771
29/08/2026 07:10:00;0,1771;0,1773;0,1771;0,1772
29/08/2026 07:15:00;0,1772;0,177601;0,1772;0,1775
29/08/2026 07:20:00;0,1775;0,17752;0,1774;0,1775
29/08/2026 07:25:00;0,1775;0,1775;0,1774;0,1774
29/08/2026 07:30:00;0,1774;0,1775;0,1774;0,1775
29/08/2026 07:35:00;0,1775;0,1775;0,1774;0,1774
29/08/2026 07:40:00;0,1774;0,1775;0,1773;0,1774
29/08/2026 07:45:00;0,1774;0,1776;0,1774;0,1776
29/08/2026 07:50:00;0,1776;0,17771;0,1775;0,1776
29/08/2026 07:55:00;0,1776;0,177702;0,1775;0,177702
29/08/2026 08:00:00;0,177702;0,177702;0,1773;0,1773
29/08/2026 08:05:00;0,1773;0,1774;0,1773;0,1774
29/08/2026 08:10:00;0,1774;0,1776;0,1774;0,1776
29/08/2026 08:15:00;0,1776;0,17781;0,1776;0,1778
29/08/2026 08:20:00;0,1778;0,1778;0,1776;0,1776
29/08/2026 08:25:00;0,1776;0,1777;0,1775;0,1777
29/08/2026 08:30:00;0,1777;0,1777;0,1775;0,1777
29/08/2026 08:35:00;0,1777;0,1777;0,1774;0,1774
29/08/2026 08:40:00;0,1774;0,1775;0,1773;0,1773
29/08/2026 08:45:00;0,1773;0,1774;0,177119;0,1772
29/08/2026 08:50:00;0,1772;0,1774;0,1772;0,1772
29/08/2026 08:55:00;0,1772;0,1772;0,177;0,1771
29/08/2026 09:00:00;0,1771;0,1771;0,177;0,1771
29/08/2026 09:05:00;0,1771;0,1773;0,17702;0,1771
29/08/2026 09:10:00;0,1771;0,1772;0,17709;0,17709
29/08/2026 09:15:00;0,17709;0,177801;0,17709;0,177801
29/08/2026 09:20:00;0,177801;0,177887;0,1772;0,1772
29/08/2026 09:25:00;0,1772;0,1773;0,1771;0,1772
29/08/2026 09:30:00;0,1772;0,1773;0,1772;0,1772
29/08/2026 09:35:00;0,1772;0,1774;0,1772;0,1773
29/08/2026 09:40:00;0,1773;0,1776;0,1773;0,1774
29/08/2026 09:45:00;0,1774;0,1775;0,177399;0,1775
29/08/2026 09:50:00;0,1775;0,1775;0,1773;0,1773
29/08/2026 09:55:00;0,1773;0,1775;0,1773;0,1774
29/08/2026 10:00:00;0,1774;0,1774;0,1771;0,1771
29/08/2026 10:05:00;0,1771;0,1773;0,1771;0,1772
29/08/2026 10:10:00;0,1772;0,1774;0,1772;0,1774
29/08/2026 10:15:00;0,1774;0,1776;0,1774;0,1774
29/08/2026 10:20:00;0,1774;0,1777;0,1774;0,1777
29/08/2026 10:25:00;0,1777;0,1777;0,1774;0,1775
29/08/2026 10:30:00;0,1775;0,1776;0,1774;0,1775
29/08/2026 10:35:00;0,1775;0,1777;0,1774;0,1774
29/08/2026 10:40:00;0,1774;0,1775;0,1773;0,1773
29/08/2026 10:45:00;0,1773;0,1776;0,1773;0,1776
29/08/2026 10:50:00;0,1776;0,177701;0,1776;0,1776
29/08/2026 10:55:00;0,1776;0,178;0,1776;0,178
29/08/2026 11:00:00;0,178;0,1782;0,1779;0,178
29/08/2026 11:05:00;0,178;0,17831;0,178;0,17831
29/08/2026 11:10:00;0,17831;0,178401;0,178;0,178401
29/08/2026 11:15:00;0,178401;0,178401;0,1782;0,1782
29/08/2026 11:20:00;0,1782;0,1786;0,1782;0,1785
29/08/2026 11:25:00;0,1785;0,1788;0,1785;0,178602
29/08/2026 11:30:00;0,178602;0,178764;0,178587;0,1787
29/08/2026 11:35:00;0,1787;0,179;0,1787;0,1789
29/08/2026 11:40:00;0,1789;0,1797;0,1789;0,1794
29/08/2026 11:45:00;0,1794;0,1803;0,1794;0,1802
29/08/2026 11:50:00;0,1802;0,1802;0,18;0,18
29/08/2026 11:55:00;0,18;0,1802;0,18;0,18
29/08/2026 12:00:00;0,18;0,18;0,1791;0,1793
29/08/2026 12:05:00;0,1793;0,1795;0,1791;0,1792
29/08/2026 12:10:00;0,1792;0,1794;0,1792;0,1793
29/08/2026 12:15:00;0,1793;0,1794;0,179;0,1792
29/08/2026 12:20:00;0,1792;0,1796;0,1792;0,1795
29/08/2026 12:25:00;0,1795;0,1795;0,1791;0,1791
29/08/2026 12:30:00;0,1791;0,1791;0,1788;0,1789
29/08/2026 12:35:00;0,1789;0,1791;0,1788;0,1788
29/08/2026 12:40:00;0,1788;0,179;0,1788;0,1789
29/08/2026 12:45:00;0,1789;0,1792;0,1789;0,179
29/08/2026 12:50:00;0,179;0,1792;0,1788;0,1788
29/08/2026 12:55:00;0,1788;0,1788;0,1785;0,1788
29/08/2026 13:00:00;0,1788;0,1791;0,1788;0,179
29/08/2026 13:05:00;0,179;0,1792;0,179;0,1792
29/08/2026 13:10:00;0,1792;0,1793;0,1792;0,1792
29/08/2026 13:15:00;0,1792;0,1796;0,179;0,179
29/08/2026 13:20:00;0,179;0,179;0,1785;0,1785
29/08/2026 13:25:00;0,1785;0,1786;0,1783;0,1786
29/08/2026 13:30:00;0,1786;0,1788;0,1783;0,1786
29/08/2026 13:35:00;0,1786;0,1786;0,1784;0,1786
29/08/2026 13:40:00;0,1786;0,1791;0,1786;0,1789
29/08/2026 13:45:00;0,1789;0,1793;0,1789;0,1793
29/08/2026 13:50:00;0,1793;0,1794;0,1791;0,1791
29/08/2026 13:55:00;0,1791;0,1791;0,1789;0,179
29/08/2026 14:00:00;0,179;0,1791;0,179;0,1791
29/08/2026 14:05:00;0,1791;0,1791;0,1789;0,179
29/08/2026 14:10:00;0,179;0,1792;0,179;0,1791
29/08/2026 14:15:00;0,1791;0,1792;0,1789;0,1791
29/08/2026 14:20:00;0,1791;0,1791;0,1786;0,1788
29/08/2026 14:25:00;0,1788;0,1788;0,1785;0,1785
29/08/2026 14:30:00;0,1785;0,1786;0,1782;0,1783
29/08/2026 14:35:00;0,1783;0,1786;0,1782;0,1784
29/08/2026 14:40:00;0,1784;0,1785;0,1784;0,1784
29/08/2026 14:45:00;0,1784;0,1786;0,1784;0,1785
29/08/2026 14:50:00;0,1785;0,1786;0,1783;0,1784
29/08/2026 14:55:00;0,1784;0,1787;0,1783;0,1787
29/08/2026 15:00:00;0,1787;0,1788;0,17869;0,17871
29/08/2026 15:05:00;0,17871;0,17871;0,1785;0,1785
29/08/2026 15:10:00;0,1785;0,1786;0,1784;0,1786
29/08/2026 15:15:00;0,1786;0,1788;0,1786;0,1786
29/08/2026 15:20:00;0,1786;0,1791;0,1786;0,1791
29/08/2026 15:25:00;0,1791;0,1793;0,179;0,1793
29/08/2026 15:30:00;0,1793;0,1793;0,179;0,1791
29/08/2026 15:35:00;0,1791;0,1795;0,1791;0,1793
29/08/2026 15:40:00;0,1793;0,1796;0,1793;0,1795
29/08/2026 15:45:00;0,1795;0,1797;0,1794;0,1797
29/08/2026 15:50:00;0,1797;0,1797;0,1795;0,1796
29/08/2026 15:55:00;0,1796;0,1796;0,1793;0,1793
29/08/2026 16:00:00;0,1793;0,1794;0,1792;0,1794
29/08/2026 16:05:00;0,1794;0,1795;0,1793;0,1794
29/08/2026 16:10:00;0,1794;0,1796;0,1794;0,1795
29/08/2026 16:15:00;0,1795;0,1798;0,1795;0,1796
29/08/2026 16:20:00;0,1796;0,1796;0,1794;0,1796
29/08/2026 16:25:00;0,1796;0,1796;0,1795;0,1795
29/08/2026 16:30:00;0,1795;0,1795;0,1792;0,1793
29/08/2026 16:35:00;0,1793;0,17965;0,1792;0,1792
29/08/2026 16:40:00;0,1792;0,1794;0,179;0,1793
29/08/2026 16:45:00;0,1793;0,179374;0,1792;0,1792
29/08/2026 16:50:00;0,1792;0,1792;0,1792;0,1792
29/08/2026 16:55:00;0,1792;0,1792;0,1788;0,1792
29/08/2026 17:00:00;0,1792;0,1794;0,1792;0,1794
29/08/2026 17:05:00;0,1794;0,1795;0,1793;0,1793
29/08/2026 17:10:00;0,1793;0,1796;0,1793;0,1795
29/08/2026 17:15:00;0,1795;0,1799;0,1795;0,1799
29/08/2026 17:20:00;0,1799;0,1799;0,1796;0,1796
29/08/2026 17:25:00;0,1796;0,1796;0,1794;0,1794
29/08/2026 17:30:00;0,1794;0,1795;0,179;0,1792
29/08/2026 17:35:00;0,1792;0,1794;0,1791;0,1792
29/08/2026 17:40:00;0,1792;0,1793;0,1792;0,1792
29/08/2026 17:45:00;0,1792;0,1793;0,1791;0,1791
29/08/2026 17:50:00;0,1792;0,1793;0,1792;0,1792
29/08/2026 17:55:00;0,1792;0,1793;0,1791;0,1791
29/08/2026 18:00:00;0,1791;0,1792;0,179;0,1791
29/08/2026 18:05:00;0,1791;0,1795;0,1791;0,1795
29/08/2026 18:10:00;0,1795;0,1796;0,1794;0,1795
29/08/2026 18:15:00;0,1795;0,1795;0,1793;0,1795
29/08/2026 18:20:00;0,1795;0,1795;0,1791;0,1792
29/08/2026 18:25:00;0,1792;0,1792;0,17888;0,1789
29/08/2026 18:30:00;0,1789;0,1792;0,1789;0,1791
29/08/2026 18:35:00;0,1791;0,1791;0,179;0,1791
29/08/2026 18:40:00;0,1791;0,1793;0,1791;0,1793
29/08/2026 18:45:00;0,1793;0,1794;0,1792;0,1794
29/08/2026 18:50:00;0,1794;0,1794;0,1792;0,1792
29/08/2026 18:55:00;0,1792;0,179401;0,179;0,179
29/08/2026 19:00:00;0,179;0,1791;0,1789;0,1791
29/08/2026 19:05:00;0,1791;0,1792;0,1791;0,1791
29/08/2026 19:10:00;0,1791;0,1792;0,1787;0,1788
29/08/2026 19:15:00;0,1788;0,179;0,1787;0,1787
29/08/2026 19:20:00;0,1787;0,1788;0,1786;0,1788
29/08/2026 19:25:00;0,1788;0,179;0,1788;0,179
29/08/2026 19:30:00;0,179;0,1792;0,179;0,1792
29/08/2026 19:35:00;0,1792;0,1792;0,1791;0,1791
29/08/2026 19:40:00;0,1791;0,1792;0,17905;0,1791
29/08/2026 19:45:00;0,1792;0,1794;0,1792;0,1792
29/08/2026 19:50:00;0,1792;0,1793;0,179;0,1791
29/08/2026 19:55:00;0,1791;0,1792;0,179;0,1792
29/08/2026 20:00:00;0,1792;0,1792;0,1791;0,1791
29/08/2026 20:05:00;0,1791;0,1791;0,179;0,1791
29/08/2026 20:10:00;0,1791;0,1793;0,1791;0,1793
29/08/2026 20:15:00;0,1793;0,1795;0,1792;0,1794
29/08/2026 20:20:00;0,1794;0,1795;0,1793;0,1793
29/08/2026 20:25:00;0,1793;0,1794;0,1791;0,1793
29/08/2026 20:30:00;0,1793;0,1795;0,1792;0,1793
29/08/2026 20:35:00;0,1793;0,1795;0,1792;0,1794
29/08/2026 20:40:00;0,1795;0,1796;0,1794;0,1794
29/08/2026 20:45:00;0,1795;0,1799;0,1795;0,1798
29/08/2026 20:50:00;0,1798;0,1798;0,1796;0,1796
29/08/2026 20:55:00;0,1796;0,1798;0,1796;0,1798
29/08/2026 21:00:00;0,1798;0,1798;0,1796;0,1798
29/08/2026 21:05:00;0,1798;0,1798;0,1797;0,1798
29/08/2026 21:10:00;0,1797;0,18;0,1796;0,18
29/08/2026 21:15:00;0,18;0,1805;0,18;0,1804
29/08/2026 21:20:00;0,1804;0,1804;0,1798;0,1799
29/08/2026 21:25:00;0,1799;0,1799;0,1798;0,1798
29/08/2026 21:30:00;0,1798;0,179931;0,1797;0,1798
29/08/2026 21:35:00;0,1798;0,1801;0,1798;0,1801
29/08/2026 21:40:00;0,1801;0,1802;0,18;0,1801
29/08/2026 21:45:00;0,1801;0,1801;0,1798;0,18
29/08/2026 21:50:00;0,18;0,18;0,1796;0,1799
29/08/2026 21:55:00;0,1799;0,1799;0,1797;0,1797
29/08/2026 22:00:00;0,1797;0,17981;0,1796;0,1796
29/08/2026 22:05:00;0,1798;0,1798;0,1796;0,1797
29/08/2026 22:10:00;0,1797;0,1797;0,1793;0,1793
29/08/2026 22:15:00;0,1793;0,1793;0,1792;0,1792
29/08/2026 22:20:00;0,1792;0,1794;0,1792;0,1793
29/08/2026 22:25:00;0,1793;0,1793;0,1792;0,1792
29/08/2026 22:30:00;0,1791;0,1792;0,17898;0,1792
29/08/2026 22:35:00;0,1792;0,1794;0,1791;0,1794
29/08/2026 22:40:00;0,1794;0,1795;0,1791;0,1791
29/08/2026 22:45:00;0,1791;0,1794;0,17899;0,1791
29/08/2026 22:50:00;0,1791;0,1792;0,1791;0,1791
29/08/2026 22:55:00;0,1791;0,1791;0,1789;0,1791
29/08/2026 23:00:00;0,1791;0,1793;0,179;0,1792
29/08/2026 23:05:00;0,1792;0,1793;0,179;0,1792
29/08/2026 23:10:00;0,1792;0,1793;0,179;0,1792
29/08/2026 23:15:00;0,1792;0,1795;0,1791;0,1792
29/08/2026 23:20:00;0,1792;0,1793;0,1792;0,1792
29/08/2026 23:25:00;0,1792;0,1792;0,17879;0,1791
29/08/2026 23:30:00;0,1791;0,1793;0,17899;0,1791
29/08/2026 23:35:00;0,1791;0,179646;0,1791;0,1796
29/08/2026 23:40:00;0,1796;0,1797;0,17959;0,1796
29/08/2026 23:45:00;0,1796;0,179829;0,1795;0,1798
29/08/2026 23:50:00;0,1798;0,1802;0,1798;0,1801
29/08/2026 23:55:00;0,1801;0,1801;0,1797;0,1797
30/08/2026 00:00:00;0,1797;0,1799;0,1796;0,1796
30/08/2026 00:05:00;0,1796;0,179711;0,1796;0,1797
30/08/2026 00:10:00;0,1797;0,18;0,1797;0,1799
30/08/2026 00:15:00;0,1799;0,1803;0,1798;0,1799
30/08/2026 00:20:00;0,1799;0,1799;0,1798;0,1799
30/08/2026 00:25:00;0,1798;0,1801;0,1798;0,1801
30/08/2026 00:30:00;0,1801;0,1804;0,18;0,180386
30/08/2026 00:35:00;0,180386;0,1805;0,1802;0,1803
30/08/2026 00:40:00;0,1803;0,1805;0,1801;0,1803
30/08/2026 00:45:00;0,1803;0,1803;0,1801;0,1802
30/08/2026 00:50:00;0,1802;0,1802;0,18;0,18
30/08/2026 00:55:00;0,18;0,18;0,1799;0,1799
30/08/2026 01:00:00;0,1799;0,1802;0,1799;0,1802
30/08/2026 01:05:00;0,1802;0,1802;0,1798;0,1799
30/08/2026 01:10:00;0,1799;0,1799;0,1798;0,17983
30/08/2026 01:15:00;0,17983;0,18022;0,17983;0,18
30/08/2026 01:20:00;0,1801;0,1801;0,1798;0,1798
30/08/2026 01:25:00;0,1798;0,1802;0,1798;0,18
30/08/2026 01:30:00;0,18;0,18;0,1797;0,1798
30/08/2026 01:35:00;0,1797;0,1798;0,1795;0,1795
30/08/2026 01:40:00;0,1795;0,1795;0,1794;0,1794
30/08/2026 01:45:00;0,1794;0,1794;0,1791;0,1793
30/08/2026 01:50:00;0,1793;0,1795;0,1793;0,1795
30/08/2026 01:55:00;0,1795;0,1796;0,1795;0,1796
30/08/2026 02:00:00;0,1796;0,1803;0,1796;0,1802
30/08/2026 02:05:00;0,1802;0,1804;0,1801;0,1804
30/08/2026 02:10:00;0,1804;0,1804;0,1801;0,1802
30/08/2026 02:15:00;0,1802;0,1802;0,1799;0,18
30/08/2026 02:20:00;0,18;0,1802;0,18;0,1801
30/08/2026 02:25:00;0,1801;0,1803;0,1801;0,1803
30/08/2026 02:30:00;0,1803;0,1804;0,18;0,18
30/08/2026 02:35:00;0,18;0,1801;0,1799;0,1799
30/08/2026 02:40:00;0,1799;0,1802;0,1799;0,1799
30/08/2026 02:45:00;0,1799;0,1803;0,17989;0,1803
30/08/2026 02:50:00;0,1803;0,1804;0,1802;0,1802
30/08/2026 02:55:00;0,1802;0,1807;0,1802;0,1807
30/08/2026 03:00:00;0,1806;0,1806;0,1802;0,1803
30/08/2026 03:05:00;0,1804;0,1804;0,18015;0,18015
30/08/2026 03:10:00;0,18015;0,180231;0,18;0,1801
30/08/2026 03:15:00;0,1801;0,1802;0,180014;0,1801
30/08/2026 03:20:00;0,1801;0,1806;0,179843;0,1806
30/08/2026 03:25:00;0,1806;0,1808;0,1806;0,1806
30/08/2026 03:30:00;0,1807;0,1812;0,1807;0,181
30/08/2026 03:35:00;0,181;0,1813;0,1808;0,1808
30/08/2026 03:40:00;0,1808;0,1811;0,1807;0,1808
30/08/2026 03:45:00;0,1808;0,1812;0,1808;0,1812
30/08/2026 03:50:00;0,1812;0,1814;0,181;0,1814
30/08/2026 03:55:00;0,1814;0,1815;0,1812;0,1813
30/08/2026 04:00:00;0,1813;0,1813;0,1811;0,1811
30/08/2026 04:05:00;0,1811;0,1811;0,181;0,1811
30/08/2026 04:10:00;0,181;0,1814;0,181;0,181
30/08/2026 04:15:00;0,181;0,181;0,1807;0,1808
30/08/2026 04:20:00;0,1808;0,1809;0,1807;0,1808
30/08/2026 04:25:00;0,1808;0,1809;0,1806;0,1806
30/08/2026 04:30:00;0,1806;0,1807;0,1805;0,1806
30/08/2026 04:35:00;0,1806;0,1806;0,1804;0,1805
30/08/2026 04:40:00;0,1805;0,1805;0,1802;0,1802
30/08/2026 04:45:00;0,1803;0,1803;0,1801;0,1801
30/08/2026 04:50:00;0,1801;0,1804;0,1801;0,1804
30/08/2026 04:55:00;0,1804;0,1804;0,1801;0,1801
30/08/2026 05:00:00;0,1801;0,1802;0,1799;0,18
30/08/2026 05:05:00;0,18;0,1801;0,1799;0,18
30/08/2026 05:10:00;0,18;0,18;0,1798;0,1798
30/08/2026 05:15:00;0,1798;0,1798;0,1796;0,1796
30/08/2026 05:20:00;0,1796;0,1798;0,1795;0,1796
30/08/2026 05:25:00;0,1796;0,1797;0,1794;0,1797
30/08/2026 05:30:00;0,1795;0,1797;0,1795;0,1796
30/08/2026 05:35:00;0,1796;0,1796;0,1792;0,1794
30/08/2026 05:40:00;0,1794;0,1794;0,1791;0,1793
30/08/2026 05:45:00;0,1793;0,1793;0,179;0,179058
30/08/2026 05:50:00;0,179058;0,1792;0,179;0,1792
30/08/2026 05:55:00;0,1792;0,1793;0,1791;0,1791
30/08/2026 06:00:00;0,1791;0,1794;0,1791;0,1793
30/08/2026 06:05:00;0,1793;0,1795;0,1791;0,1791
30/08/2026 06:10:00;0,1791;0,1792;0,1791;0,1791
30/08/2026 06:15:00;0,1791;0,1792;0,179037;0,1792
30/08/2026 06:20:00;0,1792;0,1793;0,1787;0,1787
30/08/2026 06:25:00;0,1787;0,179;0,1786;0,17869
30/08/2026 06:30:00;0,17869;0,1789;0,178566;0,17863
30/08/2026 06:35:00;0,17863;0,1787;0,178563;0,1787
30/08/2026 06:40:00;0,1787;0,1789;0,1786;0,1787
30/08/2026 06:45:00;0,1787;0,1788;0,1786;0,1786
30/08/2026 06:50:00;0,1786;0,178673;0,1784;0,17849
30/08/2026 06:55:00;0,17849;0,1788;0,17849;0,1788
30/08/2026 07:00:00;0,1788;0,1788;0,1785;0,1785
30/08/2026 07:05:00;0,1785;0,179;0,1785;0,179
30/08/2026 07:10:00;0,179;0,179;0,178649;0,1787
30/08/2026 07:15:00;0,1787;0,1789;0,1787;0,1789
30/08/2026 07:20:00;0,1789;0,1792;0,1789;0,1792
30/08/2026 07:25:00;0,1792;0,1794;0,1792;0,1792
30/08/2026 07:30:00;0,1792;0,1795;0,1792;0,1794
30/08/2026 07:35:00;0,1794;0,1795;0,1794;0,1795
30/08/2026 07:40:00;0,1795;0,17971;0,1793;0,17971
30/08/2026 07:45:00;0,17971;0,1798;0,1796;0,1796
30/08/2026 07:50:00;0,1796;0,1796;0,1793;0,1793
30/08/2026 07:55:00;0,1794;0,1795;0,1794;0,1794
30/08/2026 08:00:00;0,1794;0,1795;0,1793;0,1794
30/08/2026 08:05:00;0,1794;0,1797;0,1794;0,1797
30/08/2026 08:10:00;0,1797;0,1798;0,1796;0,1797
30/08/2026 08:15:00;0,1797;0,179862;0,1796;0,1796
30/08/2026 08:20:00;0,1796;0,1799;0,1796;0,1798
30/08/2026 08:25:00;0,1798;0,1798;0,1796;0,1797
30/08/2026 08:30:00;0,1797;0,1797;0,1795;0,1795
30/08/2026 08:35:00;0,1795;0,1795;0,1792;0,1793
30/08/2026 08:40:00;0,1795;0,179626;0,179393;0,1795
30/08/2026 08:45:00;0,1795;0,1796;0,179337;0,1794
30/08/2026 08:50:00;0,1795;0,1795;0,1792;0,1794
30/08/2026 08:55:00;0,1794;0,1796;0,1793;0,1795
30/08/2026 09:00:00;0,1795;0,18;0,1795;0,18
30/08/2026 09:05:00;0,18;0,1807;0,1799;0,1807
30/08/2026 09:10:00;0,1807;0,1809;0,18069;0,18069
30/08/2026 09:15:00;0,18069;0,180777;0,18041;0,18074
30/08/2026 09:20:00;0,18074;0,180771;0,1802;0,1802
30/08/2026 09:25:00;0,1803;0,1805;0,1802;0,1805
30/08/2026 09:30:00;0,1805;0,1811;0,18031;0,18033
30/08/2026 09:35:00;0,18033;0,1805;0,1802;0,1804
30/08/2026 09:40:00;0,1804;0,1806;0,1803;0,1805
30/08/2026 09:45:00;0,1805;0,1806;0,1803;0,1804
30/08/2026 09:50:00;0,1804;0,1806;0,180268;0,1805
30/08/2026 09:55:00;0,1805;0,1809;0,1805;0,1808
30/08/2026 10:00:00;0,1809;0,181;0,1807;0,1809
30/08/2026 10:05:00;0,1809;0,18092;0,1806;0,1806
30/08/2026 10:10:00;0,1806;0,1806;0,1805;0,1806
30/08/2026 10:15:00;0,1805;0,1808;0,1805;0,1808
30/08/2026 10:20:00;0,1807;0,1809;0,1807;0,1807
30/08/2026 10:25:00;0,1807;0,18081;0,1807;0,18081
30/08/2026 10:30:00;0,18081;0,18081;0,18047;0,1805
30/08/2026 10:35:00;0,1805;0,1811;0,18049;0,1811
30/08/2026 10:40:00;0,1811;0,1814;0,1807;0,1813
30/08/2026 10:45:00;0,1813;0,1815;0,1811;0,1814
30/08/2026 10:50:00;0,1814;0,1815;0,1811;0,1813
30/08/2026 10:55:00;0,1813;0,1815;0,1813;0,1813
30/08/2026 11:00:00;0,1813;0,1813;0,18088;0,18088
30/08/2026 11:05:00;0,18088;0,181;0,1806;0,181
30/08/2026 11:10:00;0,181;0,1812;0,181;0,1812
30/08/2026 11:15:00;0,1812;0,1812;0,1807;0,1807
30/08/2026 11:20:00;0,1807;0,1808;0,1805;0,1808
30/08/2026 11:25:00;0,1808;0,1808;0,1806;0,1806
30/08/2026 11:30:00;0,1806;0,1809;0,1805;0,1806
30/08/2026 11:35:00;0,1806;0,1806;0,1802;0,1804
30/08/2026 11:40:00;0,1804;0,1804;0,1803;0,1804
30/08/2026 11:45:00;0,1804;0,1804;0,1802;0,1803
30/08/2026 11:50:00;0,1803;0,1806;0,1802;0,1806
30/08/2026 11:55:00;0,1806;0,18061;0,1803;0,1803
30/08/2026 12:00:00;0,1803;0,1805;0,1801;0,1801
30/08/2026 12:05:00;0,1801;0,1805;0,18009;0,1803
30/08/2026 12:10:00;0,1803;0,1803;0,1799;0,1799
30/08/2026 12:15:00;0,1799;0,18;0,1797;0,1797
30/08/2026 12:20:00;0,1798;0,1801;0,1798;0,1801
30/08/2026 12:25:00;0,1802;0,1803;0,1799;0,1799
30/08/2026 12:30:00;0,1799;0,18;0,1799;0,18
30/08/2026 12:35:00;0,18;0,1801;0,18;0,1801
30/08/2026 12:40:00;0,1801;0,1801;0,1799;0,18
30/08/2026 12:45:00;0,18;0,18;0,1795;0,1795
30/08/2026 12:50:00;0,1796;0,1796;0,1794;0,1796
30/08/2026 12:55:00;0,1795;0,1796;0,1794;0,1796
30/08/2026 13:00:00;0,1797;0,1803;0,17956;0,1803
30/08/2026 13:05:00;0,1803;0,1804;0,1798;0,1799
30/08/2026 13:10:00;0,1799;0,1812;0,1797;0,181
30/08/2026 13:15:00;0,181;0,1815;0,181;0,1815
30/08/2026 13:20:00;0,1815;0,1815;0,1808;0,1813
30/08/2026 13:25:00;0,1813;0,1816;0,181;0,1811
30/08/2026 13:30:00;0,1811;0,1812;0,181;0,1812
30/08/2026 13:35:00;0,1812;0,1816;0,1809;0,1809
30/08/2026 13:40:00;0,1809;0,1813;0,1809;0,1812
30/08/2026 13:45:00;0,1812;0,1819;0,181187;0,1819
30/08/2026 13:50:00;0,1819;0,182;0,1816;0,1819
30/08/2026 13:55:00;0,1819;0,1825;0,1818;0,1823
30/08/2026 14:00:00;0,1823;0,1823;0,1817;0,1818
30/08/2026 14:05:00;0,1818;0,1822;0,1817;0,1822
30/08/2026 14:10:00;0,1822;0,1824;0,1821;0,1822
30/08/2026 14:15:00;0,1822;0,1823;0,1819;0,182
30/08/2026 14:20:00;0,182;0,1821;0,1807;0,1809
30/08/2026 14:25:00;0,1809;0,1811;0,1806;0,1811
30/08/2026 14:30:00;0,1811;0,1814;0,1808;0,1814
30/08/2026 14:35:00;0,1814;0,1814;0,1812;0,1812
30/08/2026 14:40:00;0,1812;0,1814;0,1812;0,1814
30/08/2026 14:45:00;0,1813;0,1814;0,1809;0,181
30/08/2026 14:50:00;0,181;0,1812;0,181;0,1812
30/08/2026 14:55:00;0,1812;0,1814;0,181;0,1814
30/08/2026 15:00:00;0,1814;0,1815;0,1813;0,1815
30/08/2026 15:05:00;0,1815;0,1815;0,1809;0,181
30/08/2026 15:10:00;0,181;0,181;0,1806;0,181
30/08/2026 15:15:00;0,181;0,1812;0,181;0,1812
30/08/2026 15:20:00;0,1812;0,1815;0,1812;0,1812
30/08/2026 15:25:00;0,1812;0,1816;0,1812;0,1816
30/08/2026 15:30:00;0,1817;0,1824;0,1817;0,1824
30/08/2026 15:35:00;0,1824;0,1824;0,182;0,182
30/08/2026 15:40:00;0,182;0,1821;0,1819;0,1819
30/08/2026 15:45:00;0,1819;0,1821;0,1818;0,1821
30/08/2026 15:50:00;0,1821;0,1821;0,1816;0,1817
30/08/2026 15:55:00;0,1817;0,1818;0,1816;0,1818
30/08/2026 16:00:00;0,1818;0,1818;0,1815;0,1815
30/08/2026 16:05:00;0,1815;0,1816;0,1811;0,1813
30/08/2026 16:10:00;0,1813;0,1817;0,1813;0,1816
30/08/2026 16:15:00;0,1816;0,1816;0,1813;0,1814
30/08/2026 16:20:00;0,1814;0,1814;0,18109;0,1811
30/08/2026 16:25:00;0,1811;0,1812;0,181;0,181
30/08/2026 16:30:00;0,181;0,1812;0,1809;0,1809
30/08/2026 16:35:00;0,1809;0,1809;0,1804;0,1804
30/08/2026 16:40:00;0,1804;0,1804;0,1802;0,1802
30/08/2026 16:45:00;0,1803;0,1805;0,1801;0,1804
30/08/2026 16:50:00;0,1804;0,1805;0,1803;0,1803
30/08/2026 16:55:00;0,1803;0,1806;0,1803;0,1805
30/08/2026 17:00:00;0,1805;0,1808;0,1805;0,1805
30/08/2026 17:05:00;0,1805;0,1807;0,1805;0,1807
30/08/2026 17:10:00;0,1807;0,1809;0,1806;0,1807
30/08/2026 17:15:00;0,1807;0,1808;0,1804;0,1807
30/08/2026 17:20:00;0,1807;0,1808;0,1805;0,1807
30/08/2026 17:25:00;0,1807;0,1807;0,1802;0,1802
30/08/2026 17:30:00;0,1802;0,1802;0,1797;0,18
30/08/2026 17:35:00;0,18;0,1805;0,1798;0,1798
30/08/2026 17:40:00;0,1798;0,1798;0,1787;0,179
30/08/2026 17:45:00;0,179;0,1796;0,179;0,1795
30/08/2026 17:50:00;0,1795;0,1799;0,1795;0,1798
30/08/2026 17:55:00;0,1796;0,1796;0,1793;0,1793
30/08/2026 18:00:00;0,1793;0,1793;0,1778;0,1786
30/08/2026 18:05:00;0,1786;0,1789;0,1785;0,17874
30/08/2026 18:10:00;0,17874;0,1792;0,1784;0,179
30/08/2026 18:15:00;0,179;0,179027;0,178741;0,178741
30/08/2026 18:20:00;0,1787;0,179;0,1783;0,1783
30/08/2026 18:25:00;0,1783;0,1791;0,1783;0,179
30/08/2026 18:30:00;0,179;0,1795;0,179;0,1795
30/08/2026 18:35:00;0,1795;0,1796;0,1791;0,1792
30/08/2026 18:40:00;0,1792;0,1792;0,1789;0,179
30/08/2026 18:45:00;0,179;0,179;0,1785;0,1786
30/08/2026 18:50:00;0,1786;0,1789;0,1786;0,1788
30/08/2026 18:55:00;0,1788;0,179157;0,1788;0,1791
30/08/2026 19:00:00;0,1791;0,18;0,1787;0,1797
30/08/2026 19:05:00;0,1797;0,18;0,17929;0,17929
30/08/2026 19:10:00;0,17929;0,1794;0,17899;0,179
30/08/2026 19:15:00;0,179;0,17901;0,178683;0,1788
30/08/2026 19:20:00;0,1788;0,1788;0,1782;0,1783
30/08/2026 19:25:00;0,1783;0,1783;0,1781;0,1782
30/08/2026 19:30:00;0,1782;0,17826;0,1777;0,1782
30/08/2026 19:35:00;0,1782;0,1782;0,1779;0,17792
30/08/2026 19:40:00;0,17792;0,1786;0,17792;0,1784
30/08/2026 19:45:00;0,1784;0,1784;0,1781;0,1782
30/08/2026 19:50:00;0,1782;0,1782;0,178031;0,1782
30/08/2026 19:55:00;0,1782;0,1785;0,1781;0,1784
30/08/2026 20:00:00;0,1784;0,1785;0,1778;0,1778
30/08/2026 20:05:00;0,1778;0,1778;0,1776;0,1778
30/08/2026 20:10:00;0,1778;0,178;0,1776;0,1777
30/08/2026 20:15:00;0,1777;0,1778;0,1769;0,1776
30/08/2026 20:20:00;0,1776;0,1778;0,176;0,1765
30/08/2026 20:25:00;0,1765;0,1768;0,1744;0,1749
30/08/2026 20:30:00;0,1749;0,1754;0,1745;0,1749
30/08/2026 20:35:00;0,1749;0,1749;0,1738;0,1739
30/08/2026 20:40:00;0,1739;0,17424;0,1731;0,1737
30/08/2026 20:45:00;0,1737;0,173873;0,1727;0,1734
30/08/2026 20:50:00;0,1734;0,17462;0,1734;0,1745
30/08/2026 20:55:00;0,1748;0,17499;0,174;0,1746
30/08/2026 21:00:00;0,1746;0,175;0,174;0,175
30/08/2026 21:05:00;0,175;0,175;0,1737;0,1738
30/08/2026 21:10:00;0,1738;0,1747;0,1738;0,1745
30/08/2026 21:15:00;0,1746;0,1753;0,1745;0,175
30/08/2026 21:20:00;0,175;0,1752;0,1749;0,1752
30/08/2026 21:25:00;0,1752;0,1752;0,175;0,175
30/08/2026 21:30:00;0,175;0,17533;0,1749;0,175
30/08/2026 21:35:00;0,175;0,1758;0,175;0,1756
30/08/2026 21:40:00;0,1755;0,1759;0,1755;0,1757
30/08/2026 21:45:00;0,1757;0,175712;0,1755;0,1756
30/08/2026 21:50:00;0,1756;0,1759;0,175577;0,1758
30/08/2026 21:55:00;0,1758;0,1758;0,1755;0,1756
30/08/2026 22:00:00;0,1756;0,1758;0,1752;0,1752
30/08/2026 22:05:00;0,175;0,175;0,1746;0,1747
30/08/2026 22:10:00;0,1747;0,175;0,1744;0,1749
30/08/2026 22:15:00;0,1749;0,1751;0,1746;0,1751
30/08/2026 22:20:00;0,1751;0,1754;0,1748;0,1752
30/08/2026 22:25:00;0,1752;0,1753;0,1751;0,1752
30/08/2026 22:30:00;0,1752;0,1752;0,1746;0,1747
30/08/2026 22:35:00;0,1747;0,1756;0,1745;0,175
30/08/2026 22:40:00;0,175;0,175;0,1744;0,1746
30/08/2026 22:45:00;0,1746;0,1747;0,1744;0,1746
30/08/2026 22:50:00;0,1746;0,1746;0,1741;0,1742
30/08/2026 22:55:00;0,1742;0,1743;0,1739;0,174
30/08/2026 23:00:00;0,174;0,1744;0,1738;0,1744
30/08/2026 23:05:00;0,1744;0,1748;0,1744;0,1748
30/08/2026 23:10:00;0,1748;0,1755;0,1748;0,1755
30/08/2026 23:15:00;0,1755;0,1757;0,1753;0,17563
30/08/2026 23:20:00;0,17563;0,17563;0,175127;0,1753
30/08/2026 23:25:00;0,1753;0,1755;0,1751;0,1752
30/08/2026 23:30:00;0,1752;0,1753;0,1749;0,1749
30/08/2026 23:35:00;0,1749;0,1749;0,1746;0,1748
30/08/2026 23:40:00;0,1748;0,1748;0,1746;0,1746
30/08/2026 23:45:00;0,1745;0,1747;0,1742;0,1742
30/08/2026 23:50:00;0,1742;0,1744;0,174;0,174
30/08/2026 23:55:00;0,174;0,17451;0,1739;0,1745
31/08/2026 00:00:00;0,1745;0,1749;0,1743;0,1748
31/08/2026 00:05:00;0,1748;0,1751;0,1748;0,1751
31/08/2026 00:10:00;0,175;0,175271;0,175;0,17526
31/08/2026 00:15:00;0,17526;0,17526;0,1749;0,1749
31/08/2026 00:20:00;0,1748;0,1753;0,1748;0,1753
31/08/2026 00:25:00;0,1753;0,1754;0,1752;0,1752
31/08/2026 00:30:00;0,1753;0,175457;0,1751;0,1752
31/08/2026 00:35:00;0,1751;0,175546;0,175;0,1753
31/08/2026 00:40:00;0,1753;0,1757;0,1753;0,1757
31/08/2026 00:45:00;0,1757;0,176;0,1757;0,1759
31/08/2026 00:50:00;0,1759;0,1759;0,1757;0,1757
31/08/2026 00:55:00;0,1757;0,1758;0,1757;0,1757
31/08/2026 01:00:00;0,1757;0,1759;0,1751;0,1751
31/08/2026 01:05:00;0,1751;0,1751;0,1748;0,175
31/08/2026 01:10:00;0,175;0,175;0,1742;0,1745
31/08/2026 01:15:00;0,1745;0,1747;0,1744;0,1744
31/08/2026 01:20:00;0,1744;0,1744;0,174;0,1742
31/08/2026 01:25:00;0,1742;0,1744;0,1742;0,1743
31/08/2026 01:30:00;0,1743;0,1744;0,1743;0,1743
31/08/2026 01:35:00;0,1743;0,1748;0,1743;0,1748
31/08/2026 01:40:00;0,1748;0,1748;0,1746;0,1748
31/08/2026 01:45:00;0,1748;0,1748;0,1744;0,1744
31/08/2026 01:50:00;0,1744;0,1748;0,1744;0,1747
31/08/2026 01:55:00;0,1747;0,1749;0,1747;0,1748
31/08/2026 02:00:00;0,1748;0,1751;0,1747;0,1751
31/08/2026 02:05:00;0,1751;0,1753;0,1751;0,1753
31/08/2026 02:10:00;0,1753;0,1756;0,1751;0,1754
31/08/2026 02:15:00;0,1754;0,1763;0,1754;0,1763
31/08/2026 02:20:00;0,1763;0,1764;0,1759;0,1762
31/08/2026 02:25:00;0,1762;0,1768;0,1762;0,1764
31/08/2026 02:30:00;0,1764;0,1767;0,1764;0,1766
31/08/2026 02:35:00;0,1766;0,1766;0,1761;0,1761
31/08/2026 02:40:00;0,176;0,1763;0,176;0,1763
31/08/2026 02:45:00;0,1763;0,1765;0,1762;0,1765
31/08/2026 02:50:00;0,1765;0,1765;0,1763;0,1764
31/08/2026 02:55:00;0,1764;0,1766;0,1762;0,1764
31/08/2026 03:00:00;0,1764;0,1765;0,1761;0,1765
31/08/2026 03:05:00;0,1765;0,1765;0,1759;0,1763
31/08/2026 03:10:00;0,1763;0,1765;0,1762;0,1765
31/08/2026 03:15:00;0,1765;0,1769;0,1765;0,1767
31/08/2026 03:20:00;0,1767;0,1767;0,1761;0,1761
31/08/2026 03:25:00;0,1761;0,1766;0,1761;0,1765
31/08/2026 03:30:00;0,1765;0,1765;0,176;0,1763
31/08/2026 03:35:00;0,1763;0,1766;0,1761;0,1764
31/08/2026 03:40:00;0,1764;0,1766;0,1763;0,1764
31/08/2026 03:45:00;0,1764;0,1765;0,1762;0,1764
31/08/2026 03:50:00;0,1764;0,1764;0,1762;0,1764
31/08/2026 03:55:00;0,1764;0,1765;0,1763;0,1763
31/08/2026 04:00:00;0,1763;0,1766;0,1763;0,1765
31/08/2026 04:05:00;0,1765;0,1765;0,1763;0,1764
31/08/2026 04:10:00;0,1764;0,1766;0,1764;0,1765
31/08/2026 04:15:00;0,1765;0,1769;0,1765;0,1768
31/08/2026 04:20:00;0,1768;0,1769;0,17669;0,1769
31/08/2026 04:25:00;0,1769;0,177064;0,176823;0,1769
31/08/2026 04:30:00;0,1769;0,1769;0,1766;0,1767
31/08/2026 04:35:00;0,1767;0,1767;0,1764;0,1764
31/08/2026 04:40:00;0,1764;0,1767;0,1764;0,1767
31/08/2026 04:45:00;0,1767;0,17671;0,176497;0,1767
31/08/2026 04:50:00;0,1767;0,1767;0,1764;0,1764
31/08/2026 04:55:00;0,1764;0,1767;0,1764;0,1766
31/08/2026 05:00:00;0,1766;0,1768;0,1765;0,1765
31/08/2026 05:05:00;0,1765;0,1767;0,1762;0,1766
31/08/2026 05:10:00;0,1766;0,176977;0,176505;0,1767
31/08/2026 05:15:00;0,1767;0,1768;0,1763;0,1763
31/08/2026 05:20:00;0,1763;0,1765;0,1761;0,1764
31/08/2026 05:25:00;0,1764;0,1764;0,1759;0,1762
31/08/2026 05:30:00;0,1761;0,1764;0,1761;0,1763
31/08/2026 05:35:00;0,1763;0,1765;0,1762;0,1764
31/08/2026 05:40:00;0,1764;0,1773;0,1763;0,1768
31/08/2026 05:45:00;0,1768;0,1768;0,1764;0,1767
31/08/2026 05:50:00;0,1767;0,177;0,1766;0,1769
31/08/2026 05:55:00;0,1769;0,177;0,1767;0,1767
31/08/2026 06:00:00;0,1767;0,1767;0,1766;0,1766
31/08/2026 06:05:00;0,1766;0,1775;0,1765;0,1773
31/08/2026 06:10:00;0,1773;0,1773;0,1767;0,1767
31/08/2026 06:15:00;0,1767;0,1769;0,1766;0,1768
31/08/2026 06:20:00;0,1768;0,1771;0,1767;0,177
31/08/2026 06:25:00;0,177;0,1771;0,1768;0,1768
31/08/2026 06:30:00;0,1768;0,177;0,1768;0,177
31/08/2026 06:35:00;0,177;0,17703;0,1767;0,17703
31/08/2026 06:40:00;0,17703;0,177069;0,1767;0,177
31/08/2026 06:45:00;0,177;0,1774;0,17699;0,17699
31/08/2026 06:50:00;0,17699;0,1771;0,1767;0,1768
31/08/2026 06:55:00;0,1769;0,1769;0,1765;0,1766
31/08/2026 07:00:00;0,1766;0,1767;0,1762;0,1763
31/08/2026 07:05:00;0,1763;0,1765;0,176;0,1761
31/08/2026 07:10:00;0,1761;0,1767;0,1761;0,1766
31/08/2026 07:15:00;0,1766;0,1766;0,1762;0,1763
31/08/2026 07:20:00;0,1763;0,1765;0,1762;0,1764
31/08/2026 07:25:00;0,1764;0,1766;0,1764;0,1766
31/08/2026 07:30:00;0,1766;0,1768;0,1765;0,1768
31/08/2026 07:35:00;0,1768;0,1769;0,1768;0,1769
31/08/2026 07:40:00;0,1769;0,177;0,1768;0,177
31/08/2026 07:45:00;0,177;0,1772;0,1768;0,177
31/08/2026 07:50:00;0,177;0,1777;0,177;0,1776
31/08/2026 07:55:00;0,1776;0,1777;0,1773;0,1775
31/08/2026 08:00:00;0,1774;0,1774;0,1769;0,177
31/08/2026 08:05:00;0,177;0,1772;0,1769;0,1769
31/08/2026 08:10:00;0,1769;0,1771;0,1769;0,1771
31/08/2026 08:15:00;0,177;0,1773;0,1768;0,1773
31/08/2026 08:20:00;0,1773;0,1773;0,177;0,1771
31/08/2026 08:25:00;0,1771;0,1771;0,1768;0,1768
31/08/2026 08:30:00;0,1768;0,1769;0,1767;0,1767
31/08/2026 08:35:00;0,1767;0,1768;0,1766;0,1768
31/08/2026 08:40:00;0,1768;0,1768;0,1766;0,1767
31/08/2026 08:45:00;0,1767;0,1769;0,1766;0,1766
31/08/2026 08:50:00;0,1766;0,1766;0,1762;0,1764
31/08/2026 08:55:00;0,1764;0,1765;0,1762;0,1765
31/08/2026 09:00:00;0,1765;0,1771;0,1764;0,1771
31/08/2026 09:05:00;0,1772;0,1774;0,1771;0,1773
31/08/2026 09:10:00;0,1772;0,1774;0,1769;0,177
31/08/2026 09:15:00;0,177;0,1773;0,1768;0,1773
31/08/2026 09:20:00;0,1774;0,1774;0,1766;0,1766
31/08/2026 09:25:00;0,1766;0,1767;0,176;0,1764
31/08/2026 09:30:00;0,1764;0,1764;0,1759;0,1762
31/08/2026 09:35:00;0,1762;0,1762;0,1756;0,1756
31/08/2026 09:40:00;0,1756;0,1756;0,175;0,1753
31/08/2026 09:45:00;0,1753;0,1754;0,1749;0,1749
31/08/2026 09:50:00;0,1749;0,1751;0,1749;0,1749
31/08/2026 09:55:00;0,1749;0,1752;0,1749;0,1752
31/08/2026 10:00:00;0,1752;0,1758;0,1752;0,1752
31/08/2026 10:05:00;0,1752;0,1754;0,1752;0,1753
31/08/2026 10:10:00;0,1753;0,1755;0,1753;0,1755
31/08/2026 10:15:00;0,1755;0,1756;0,1752;0,1752
31/08/2026 10:20:00;0,1752;0,1754;0,1752;0,1754
31/08/2026 10:25:00;0,1754;0,1754;0,175;0,1753
31/08/2026 10:30:00;0,1753;0,176;0,1752;0,1754
31/08/2026 10:35:00;0,1754;0,1756;0,175;0,1756
31/08/2026 10:40:00;0,1755;0,1758;0,1751;0,1751
31/08/2026 10:45:00;0,1751;0,1754;0,1747;0,1751
31/08/2026 10:50:00;0,1749;0,1751;0,1746;0,1748
31/08/2026 10:55:00;0,1748;0,1753;0,1748;0,1748
31/08/2026 11:00:00;0,1748;0,1752;0,1748;0,1752
31/08/2026 11:05:00;0,1752;0,1752;0,1747;0,175
31/08/2026 11:10:00;0,175;0,1752;0,1749;0,1751
31/08/2026 11:15:00;0,1751;0,1753;0,1748;0,1752
31/08/2026 11:20:00;0,1752;0,1756;0,1748;0,1748
31/08/2026 11:25:00;0,1748;0,1752;0,1747;0,175
31/08/2026 11:30:00;0,175;0,1754;0,1747;0,1747
31/08/2026 11:35:00;0,1747;0,1757;0,1747;0,1756
31/08/2026 11:40:00;0,1756;0,1767;0,1756;0,1764
31/08/2026 11:45:00;0,1764;0,1769;0,1764;0,1765
31/08/2026 11:50:00;0,1765;0,1767;0,1763;0,1766
31/08/2026 11:55:00;0,1766;0,1769;0,1765;0,1767
31/08/2026 12:00:00;0,1767;0,1769;0,1765;0,1765
31/08/2026 12:05:00;0,1765;0,1766;0,1763;0,1766
31/08/2026 12:10:00;0,1766;0,1766;0,176;0,176
31/08/2026 12:15:00;0,176;0,1761;0,1756;0,1757
31/08/2026 12:20:00;0,1757;0,1761;0,1756;0,1758
31/08/2026 12:25:00;0,1758;0,1765;0,1757;0,1764
31/08/2026 12:30:00;0,1764;0,1766;0,176;0,176
31/08/2026 12:35:00;0,176;0,1763;0,1759;0,176
31/08/2026 12:40:00;0,176;0,1768;0,1759;0,1767
31/08/2026 12:45:00;0,1767;0,1768;0,1762;0,1764
31/08/2026 12:50:00;0,1764;0,17651;0,176;0,1762
31/08/2026 12:55:00;0,1762;0,1762;0,175937;0,1761
31/08/2026 13:00:00;0,1761;0,1765;0,1759;0,1761
31/08/2026 13:05:00;0,1761;0,1764;0,1759;0,176
31/08/2026 13:10:00;0,176;0,1764;0,176;0,1762
31/08/2026 13:15:00;0,1762;0,1763;0,1757;0,1761
31/08/2026 13:20:00;0,1761;0,1761;0,1758;0,1759
31/08/2026 13:25:00;0,1759;0,1761;0,1757;0,1761
31/08/2026 13:30:00;0,1761;0,1764;0,17606;0,1762
31/08/2026 13:35:00;0,1762;0,1766;0,1762;0,17651
31/08/2026 13:40:00;0,17651;0,1773;0,1765;0,1771
31/08/2026 13:45:00;0,1771;0,1774;0,1769;0,1773
31/08/2026 13:50:00;0,1773;0,178;0,1772;0,1779
31/08/2026 13:55:00;0,1779;0,1782;0,1773;0,1773
31/08/2026 14:00:00;0,1773;0,1775;0,1772;0,1772
31/08/2026 14:05:00;0,1772;0,1775;0,1772;0,1775
31/08/2026 14:10:00;0,1777;0,1785;0,1777;0,1783
31/08/2026 14:15:00;0,1783;0,1783;0,1777;0,1779
31/08/2026 14:20:00;0,178;0,1791;0,178;0,1781
31/08/2026 14:25:00;0,1781;0,1781;0,1777;0,178
31/08/2026 14:30:00;0,178;0,1787;0,178;0,1783
31/08/2026 14:35:00;0,1783;0,179;0,1782;0,1789
31/08/2026 14:40:00;0,1789;0,1792;0,1787;0,1788
31/08/2026 14:45:00;0,1788;0,1793;0,1786;0,1788
31/08/2026 14:50:00;0,1788;0,17901;0,1788;0,1789
31/08/2026 14:55:00;0,1789;0,1789;0,1786;0,1787
31/08/2026 15:00:00;0,1787;0,1787;0,1783;0,1783
31/08/2026 15:05:00;0,1783;0,1783;0,1781;0,1782
31/08/2026 15:10:00;0,1782;0,1782;0,17808;0,17808
31/08/2026 15:15:00;0,17808;0,1791;0,178024;0,1789
31/08/2026 15:20:00;0,1789;0,179;0,1782;0,1783
31/08/2026 15:25:00;0,1783;0,1786;0,1781;0,1783
31/08/2026 15:30:00;0,1783;0,1785;0,1782;0,1784
31/08/2026 15:35:00;0,1784;0,17901;0,1784;0,1788
31/08/2026 15:40:00;0,1788;0,1793;0,1788;0,1793
31/08/2026 15:45:00;0,1794;0,1794;0,1787;0,1791
31/08/2026 15:50:00;0,1791;0,1791;0,1786;0,1788
31/08/2026 15:55:00;0,1788;0,179;0,1787;0,1788
31/08/2026 16:00:00;0,1788;0,1791;0,1787;0,1789
31/08/2026 16:05:00;0,1789;0,1793;0,1788;0,1791
31/08/2026 16:10:00;0,1791;0,1793;0,1791;0,1791
31/08/2026 16:15:00;0,1791;0,1791;0,1784;0,1784
31/08/2026 16:20:00;0,1784;0,1789;0,1784;0,1789
31/08/2026 16:25:00;0,1786;0,17878;0,1784;0,1786
31/08/2026 16:30:00;0,1786;0,1786;0,1782;0,1784
31/08/2026 16:35:00;0,1784;0,1784;0,1783;0,1784
31/08/2026 16:40:00;0,1784;0,1784;0,1781;0,1782
31/08/2026 16:45:00;0,1782;0,1784;0,1782;0,1783
31/08/2026 16:50:00;0,1783;0,17861;0,1782;0,17861
31/08/2026 16:55:00;0,17861;0,1788;0,1784;0,1787
31/08/2026 17:00:00;0,1787;0,178901;0,17851;0,17875
31/08/2026 17:05:00;0,17875;0,1789;0,1786;0,1787
31/08/2026 17:10:00;0,1787;0,179;0,1787;0,1789
31/08/2026 17:15:00;0,1789;0,1797;0,1789;0,1796
31/08/2026 17:20:00;0,1796;0,1801;0,1796;0,1799
31/08/2026 17:25:00;0,1799;0,1799;0,1794;0,1794
31/08/2026 17:30:00;0,1794;0,1798;0,179;0,179
31/08/2026 17:35:00;0,179;0,1791;0,1788;0,1788
31/08/2026 17:40:00;0,1788;0,1795;0,178673;0,1794
31/08/2026 17:45:00;0,1794;0,1796;0,1793;0,1793
31/08/2026 17:50:00;0,1793;0,1795;0,1792;0,1795
31/08/2026 17:55:00;0,1795;0,1795;0,1785;0,1785
31/08/2026 18:00:00;0,1785;0,1787;0,1779;0,1783
31/08/2026 18:05:00;0,1782;0,1785;0,1778;0,1785
31/08/2026 18:10:00;0,1785;0,1785;0,1781;0,1782
31/08/2026 18:15:00;0,1782;0,1783;0,1779;0,1779
31/08/2026 18:20:00;0,1779;0,1781;0,1779;0,178
31/08/2026 18:25:00;0,178;0,1783;0,178;0,1783
31/08/2026 18:30:00;0,1783;0,1787;0,1783;0,1785
31/08/2026 18:35:00;0,1785;0,1785;0,1783;0,1784
31/08/2026 18:40:00;0,1784;0,1789;0,1784;0,1789
31/08/2026 18:45:00;0,1789;0,1794;0,1789;0,1794
31/08/2026 18:50:00;0,1794;0,1794;0,1787;0,1788
31/08/2026 18:55:00;0,1788;0,1788;0,1786;0,1787
31/08/2026 19:00:00;0,1786;0,1789;0,1782;0,1782
31/08/2026 19:05:00;0,1782;0,1784;0,1781;0,1784
31/08/2026 19:10:00;0,1784;0,1784;0,1781;0,1782
31/08/2026 19:15:00;0,1782;0,1782;0,1778;0,1779
31/08/2026 19:20:00;0,1779;0,1779;0,1778;0,1778
31/08/2026 19:25:00;0,1778;0,1778;0,177349;0,1774
31/08/2026 19:30:00;0,1774;0,1776;0,1774;0,1776
31/08/2026 19:35:00;0,1776;0,1776;0,1775;0,1776
31/08/2026 19:40:00;0,1776;0,1776;0,1774;0,1775
31/08/2026 19:45:00;0,1775;0,1775;0,1774;0,1774
31/08/2026 19:50:00;0,1774;0,1774;0,1772;0,1774
31/08/2026 19:55:00;0,1774;0,1775;0,1774;0,1775
31/08/2026 20:00:00;0,1775;0,1775;0,1766;0,1768
31/08/2026 20:05:00;0,1768;0,1771;0,1768;0,1771
31/08/2026 20:10:00;0,1771;0,1771;0,1769;0,1769
31/08/2026 20:15:00;0,1769;0,177129;0,17689;0,1771
31/08/2026 20:20:00;0,1771;0,1772;0,1771;0,1771
31/08/2026 20:25:00;0,1771;0,1773;0,1771;0,1772
31/08/2026 20:30:00;0,1772;0,1773;0,177;0,177
31/08/2026 20:35:00;0,177;0,1772;0,177;0,1772
31/08/2026 20:40:00;0,1772;0,1773;0,1771;0,1772
31/08/2026 20:45:00;0,1772;0,1772;0,1772;0,1772
31/08/2026 20:50:00;0,1772;0,1772;0,1771;0,1772
31/08/2026 20:55:00;0,1772;0,1774;0,1772;0,1773
31/08/2026 21:00:00;0,1773;0,1773;0,1771;0,1773
31/08/2026 21:05:00;0,1773;0,1779;0,1773;0,1779
31/08/2026 21:10:00;0,178;0,1783;0,178;0,1782
31/08/2026 21:15:00;0,1782;0,1786;0,178;0,1786
31/08/2026 21:20:00;0,1786;0,1788;0,1786;0,1787
31/08/2026 21:25:00;0,1787;0,1787;0,1784;0,1785
31/08/2026 21:30:00;0,1785;0,1785;0,178;0,1783
31/08/2026 21:35:00;0,1783;0,1784;0,1781;0,1781
31/08/2026 21:40:00;0,1781;0,1781;0,1781;0,1781
31/08/2026 21:45:00;0,1781;0,178601;0,1781;0,178601
31/08/2026 21:50:00;0,178601;0,1788;0,1785;0,1786
31/08/2026 21:55:00;0,1786;0,1786;0,1784;0,1785
31/08/2026 22:00:00;0,1785;0,1787;0,1782;0,1786
31/08/2026 22:05:00;0,1786;0,1789;0,1784;0,1785
31/08/2026 22:10:00;0,1786;0,1787;0,1783;0,1783
31/08/2026 22:15:00;0,1783;0,1785;0,1781;0,1785
31/08/2026 22:20:00;0,1785;0,1785;0,1781;0,1782
31/08/2026 22:25:00;0,1782;0,1782;0,1776;0,1777
31/08/2026 22:30:00;0,1777;0,1779;0,1775;0,1779
31/08/2026 22:35:00;0,1779;0,1785;0,17788;0,1784
31/08/2026 22:40:00;0,1784;0,1786;0,1782;0,1785
31/08/2026 22:45:00;0,1785;0,1785;0,178227;0,1783
31/08/2026 22:50:00;0,1784;0,1784;0,1781;0,1781
31/08/2026 22:55:00;0,1781;0,178171;0,1779;0,178
31/08/2026 23:00:00;0,178;0,1781;0,1777;0,1778
31/08/2026 23:05:00;0,1778;0,1778;0,1775;0,1775
31/08/2026 23:10:00;0,1778;0,1778;0,177054;0,1774
31/08/2026 23:15:00;0,1774;0,1775;0,1773;0,1774
31/08/2026 23:20:00;0,1774;0,1776;0,1774;0,1776
31/08/2026 23:25:00;0,1776;0,1777;0,1772;0,1772
31/08/2026 23:30:00;0,1773;0,1776;0,1772;0,1774
31/08/2026 23:35:00;0,1774;0,1774;0,1771;0,1772
31/08/2026 23:40:00;0,1771;0,1773;0,177;0,1771
31/08/2026 23:45:00;0,1771;0,177539;0,1771;0,1775
31/08/2026 23:50:00;0,1775;0,17751;0,1774;0,1775
31/08/2026 23:55:00;0,1775;0,177681;0,1775;0,1776
01/09/2026 00:00:00;0,1775;0,1777;0,1775;0,1777
01/09/2026 00:05:00;0,1777;0,1778;0,1777;0,1777
01/09/2026 00:10:00;0,1777;0,1779;0,1776;0,1777
01/09/2026 00:15:00;0,1777;0,17801;0,1777;0,178
01/09/2026 00:20:00;0,178;0,178;0,1777;0,1777
01/09/2026 00:25:00;0,1777;0,1779;0,1775;0,1777
01/09/2026 00:30:00;0,1777;0,1781;0,17769;0,1781
01/09/2026 00:35:00;0,1781;0,1785;0,1781;0,1783
01/09/2026 00:40:00;0,1783;0,1783;0,1781;0,1781
01/09/2026 00:45:00;0,1781;0,1781;0,1778;0,1778
01/09/2026 00:50:00;0,1778;0,1779;0,1777;0,1778
01/09/2026 00:55:00;0,1778;0,178;0,1778;0,178
01/09/2026 01:00:00;0,178;0,1783;0,1779;0,1782
01/09/2026 01:05:00;0,1782;0,1782;0,178;0,1782
01/09/2026 01:10:00;0,1782;0,1783;0,1779;0,1779
01/09/2026 01:15:00;0,1779;0,1784;0,1779;0,1783
01/09/2026 01:20:00;0,1783;0,1784;0,1781;0,1783
01/09/2026 01:25:00;0,1783;0,1786;0,1783;0,1785
01/09/2026 01:30:00;0,1785;0,1785;0,1782;0,1782
01/09/2026 01:35:00;0,1782;0,1782;0,1779;0,1779
01/09/2026 01:40:00;0,1779;0,178;0,1778;0,1778
01/09/2026 01:45:00;0,1778;0,178;0,1778;0,178
01/09/2026 01:50:00;0,178;0,178;0,1777;0,1779
01/09/2026 01:55:00;0,1779;0,17791;0,1776;0,1777
01/09/2026 02:00:00;0,1777;0,178023;0,1777;0,17778
01/09/2026 02:05:00;0,17778;0,1784;0,17778;0,1784
01/09/2026 02:10:00;0,1784;0,17841;0,1782;0,1782
01/09/2026 02:15:00;0,1782;0,1784;0,1782;0,1782
01/09/2026 02:20:00;0,1782;0,1782;0,1779;0,178
01/09/2026 02:25:00;0,178;0,1785;0,178;0,1785
01/09/2026 02:30:00;0,1785;0,1789;0,1785;0,1788
01/09/2026 02:35:00;0,1788;0,1791;0,1788;0,1789
01/09/2026 02:40:00;0,1789;0,1792;0,1788;0,1792
01/09/2026 02:45:00;0,1792;0,1794;0,179;0,1793
01/09/2026 02:50:00;0,1793;0,1794;0,1791;0,1794
01/09/2026 02:55:00;0,1794;0,1794;0,1791;0,1793
01/09/2026 03:00:00;0,1793;0,1793;0,179;0,1791
01/09/2026 03:05:00;0,1791;0,1791;0,1787;0,1787
01/09/2026 03:10:00;0,1787;0,1789;0,1786;0,1788
01/09/2026 03:15:00;0,1788;0,1788;0,1785;0,1785
01/09/2026 03:20:00;0,1785;0,1785;0,1782;0,1782
01/09/2026 03:25:00;0,1782;0,1785;0,1781;0,1784
01/09/2026 03:30:00;0,1784;0,1787;0,1784;0,1786
01/09/2026 03:35:00;0,1786;0,1786;0,1783;0,17851
01/09/2026 03:40:00;0,17851;0,17851;0,1782;0,1783
01/09/2026 03:45:00;0,1783;0,1783;0,178;0,178
01/09/2026 03:50:00;0,178;0,178;0,1778;0,1778
01/09/2026 03:55:00;0,1778;0,1778;0,1776;0,1776
01/09/2026 04:00:00;0,1776;0,1779;0,1775;0,1778
01/09/2026 04:05:00;0,1778;0,1778;0,1777;0,1778
01/09/2026 04:10:00;0,1778;0,1779;0,1777;0,1779
01/09/2026 04:15:00;0,1779;0,1781;0,1779;0,178
01/09/2026 04:20:00;0,178;0,1784;0,178;0,1784
01/09/2026 04:25:00;0,1784;0,1785;0,1782;0,1783
01/09/2026 04:30:00;0,1783;0,1783;0,1782;0,1783
01/09/2026 04:35:00;0,1783;0,1783;0,1776;0,1777
01/09/2026 04:40:00;0,1777;0,178;0,1777;0,1779
01/09/2026 04:45:00;0,1779;0,1779;0,1777;0,1779
01/09/2026 04:50:00;0,1779;0,178;0,1779;0,1779
01/09/2026 04:55:00;0,1779;0,178;0,1777;0,1778
01/09/2026 05:00:00;0,1778;0,1778;0,1775;0,1775
01/09/2026 05:05:00;0,1775;0,1779;0,1768;0,1769
01/09/2026 05:10:00;0,1769;0,17706;0,17675;0,177
01/09/2026 05:15:00;0,177;0,1772;0,1766;0,1769
01/09/2026 05:20:00;0,1769;0,1771;0,1764;0,1766
01/09/2026 05:25:00;0,1766;0,1766;0,1761;0,1761
01/09/2026 05:30:00;0,1761;0,1763;0,1758;0,1763
01/09/2026 05:35:00;0,1763;0,1765;0,176;0,1761
01/09/2026 05:40:00;0,1761;0,1762;0,1757;0,1761
01/09/2026 05:45:00;0,1761;0,1764;0,1758;0,176
01/09/2026 05:50:00;0,176;0,1761;0,1757;0,1759
01/09/2026 05:55:00;0,1759;0,1759;0,1752;0,1753
01/09/2026 06:00:00;0,1753;0,1755;0,1752;0,1753
01/09/2026 06:05:00;0,1753;0,1753;0,175;0,1752
01/09/2026 06:10:00;0,1752;0,17541;0,175;0,175
01/09/2026 06:15:00;0,175;0,1752;0,175;0,1752
01/09/2026 06:20:00;0,1752;0,176;0,1752;0,1759
01/09/2026 06:25:00;0,1759;0,1759;0,1757;0,1758
01/09/2026 06:30:00;0,1758;0,175801;0,1756;0,1758
01/09/2026 06:35:00;0,1758;0,17595;0,1757;0,1757
01/09/2026 06:40:00;0,1757;0,1761;0,1757;0,1761
01/09/2026 06:45:00;0,1761;0,1761;0,1758;0,1758
01/09/2026 06:50:00;0,1758;0,1758;0,1758;0,1758
01/09/2026 06:55:00;0,1758;0,1761;0,1758;0,1759
01/09/2026 07:00:00;0,1759;0,1761;0,1758;0,176
01/09/2026 07:05:00;0,176;0,176;0,1759;0,1759
01/09/2026 07:10:00;0,1759;0,17623;0,1758;0,1762
01/09/2026 07:15:00;0,1762;0,1763;0,1759;0,1763
01/09/2026 07:20:00;0,1763;0,177;0,1763;0,1768
01/09/2026 07:25:00;0,1768;0,1768;0,1767;0,1768
01/09/2026 07:30:00;0,1768;0,1774;0,1768;0,1772
01/09/2026 07:35:00;0,1772;0,1777;0,177;0,1777
01/09/2026 07:40:00;0,1777;0,1777;0,1772;0,1772
01/09/2026 07:45:00;0,1772;0,1775;0,1772;0,1774
01/09/2026 07:50:00;0,1774;0,1775;0,1772;0,1773
01/09/2026 07:55:00;0,1773;0,1776;0,1772;0,1775
01/09/2026 08:00:00;0,1775;0,1778;0,1772;0,1778
01/09/2026 08:05:00;0,1778;0,1778;0,1773;0,1775
01/09/2026 08:10:00;0,1775;0,1776;0,1775;0,1776
01/09/2026 08:15:00;0,1776;0,1776;0,1776;0,1776
01/09/2026 08:20:00;0,1776;0,1781;0,1776;0,1781
01/09/2026 08:25:00;0,1781;0,1784;0,1778;0,1784
01/09/2026 08:30:00;0,1784;0,1784;0,1781;0,1782
01/09/2026 08:35:00;0,1782;0,1791;0,1782;0,179
01/09/2026 08:40:00;0,179;0,1791;0,1787;0,1788
01/09/2026 08:45:00;0,1788;0,179;0,1785;0,1785
01/09/2026 08:50:00;0,1785;0,1791;0,1785;0,1789
01/09/2026 08:55:00;0,1789;0,1789;0,1784;0,1786
01/09/2026 09:00:00;0,1786;0,1787;0,1783;0,1786
01/09/2026 09:05:00;0,1786;0,1787;0,1783;0,1785
01/09/2026 09:10:00;0,1785;0,1788;0,1784;0,1784
01/09/2026 09:15:00;0,1784;0,179;0,1784;0,1784
01/09/2026 09:20:00;0,1784;0,1786;0,1782;0,1785
01/09/2026 09:25:00;0,1785;0,1787;0,1785;0,1785
01/09/2026 09:30:00;0,1785;0,1785;0,178;0,1781
01/09/2026 09:35:00;0,1781;0,1781;0,1774;0,17758
01/09/2026 09:40:00;0,17758;0,1781;0,1773;0,1781
01/09/2026 09:45:00;0,1781;0,1788;0,1781;0,1784
01/09/2026 09:50:00;0,1784;0,1786;0,1783;0,1783
01/09/2026 09:55:00;0,1783;0,1785;0,1778;0,1778
01/09/2026 10:00:00;0,1778;0,1779;0,1772;0,1773
01/09/2026 10:05:00;0,1773;0,178;0,1766;0,1776
01/09/2026 10:10:00;0,1776;0,1782;0,1776;0,1777
01/09/2026 10:15:00;0,1777;0,1778;0,1762;0,1765
01/09/2026 10:20:00;0,1765;0,1771;0,1765;0,1771
01/09/2026 10:25:00;0,1771;0,1773;0,177;0,1773
01/09/2026 10:30:00;0,1773;0,178;0,1773;0,1778
01/09/2026 10:35:00;0,1778;0,1778;0,177;0,1771
01/09/2026 10:40:00;0,1771;0,1779;0,1767;0,1777
01/09/2026 10:45:00;0,1777;0,1785;0,1776;0,1778
01/09/2026 10:50:00;0,1778;0,1783;0,1778;0,178
01/09/2026 10:55:00;0,178;0,178;0,1777;0,1778
01/09/2026 11:00:00;0,1778;0,1784;0,1777;0,1781
01/09/2026 11:05:00;0,1781;0,1789;0,1781;0,1787
01/09/2026 11:10:00;0,1787;0,1787;0,1782;0,1783
01/09/2026 11:15:00;0,1783;0,1787;0,1783;0,1783
01/09/2026 11:20:00;0,1783;0,1786;0,1782;0,1785
01/09/2026 11:25:00;0,1785;0,1788;0,1784;0,1785
01/09/2026 11:30:00;0,1785;0,1787;0,1784;0,1787
01/09/2026 11:35:00;0,1787;0,1791;0,1787;0,1789
01/09/2026 11:40:00;0,1789;0,1792;0,1788;0,1792
01/09/2026 11:45:00;0,1792;0,1793;0,1791;0,1792
01/09/2026 11:50:00;0,1792;0,1792;0,1787;0,1787
01/09/2026 11:55:00;0,1787;0,1788;0,1786;0,1786
01/09/2026 12:00:00;0,1786;0,1786;0,1773;0,1773
01/09/2026 12:05:00;0,1773;0,1776;0,1769;0,177
01/09/2026 12:10:00;0,177;0,1774;0,1769;0,1774
01/09/2026 12:15:00;0,1774;0,1778;0,177275;0,1777
01/09/2026 12:20:00;0,1777;0,1778;0,1776;0,1776
01/09/2026 12:25:00;0,1776;0,178;0,1776;0,1779
01/09/2026 12:30:00;0,1779;0,1784;0,1778;0,1782
01/09/2026 12:35:00;0,1782;0,1784;0,178;0,1783
01/09/2026 12:40:00;0,1783;0,1785;0,1781;0,1785
01/09/2026 12:45:00;0,1785;0,1787;0,17849;0,178602
01/09/2026 12:50:00;0,178602;0,1788;0,1783;0,1784
01/09/2026 12:55:00;0,1784;0,1784;0,1781;0,1782
01/09/2026 13:00:00;0,1783;0,178357;0,1778;0,178
01/09/2026 13:05:00;0,178;0,178074;0,17779;0,17779
01/09/2026 13:10:00;0,17779;0,17779;0,177;0,177
01/09/2026 13:15:00;0,177;0,1774;0,1767;0,1767
01/09/2026 13:20:00;0,1767;0,1767;0,1763;0,1764
01/09/2026 13:25:00;0,1764;0,1768;0,1763;0,1765
01/09/2026 13:30:00;0,1765;0,1765;0,176;0,1762
01/09/2026 13:35:00;0,1762;0,1762;0,1754;0,1761
01/09/2026 13:40:00;0,1761;0,1761;0,1755;0,1755
01/09/2026 13:45:00;0,1755;0,1759;0,1755;0,1757
01/09/2026 13:50:00;0,1757;0,1762;0,1757;0,1761
01/09/2026 13:55:00;0,1761;0,1769;0,176;0,1762
01/09/2026 14:00:00;0,1762;0,1764;0,176;0,176
01/09/2026 14:05:00;0,176;0,176;0,1757;0,1758
01/09/2026 14:10:00;0,1758;0,1761;0,1758;0,176
01/09/2026 14:15:00;0,176;0,176;0,1756;0,176
01/09/2026 14:20:00;0,176;0,177;0,176;0,1767
01/09/2026 14:25:00;0,1767;0,1771;0,1766;0,1769
01/09/2026 14:30:00;0,1769;0,1775;0,1769;0,1774
01/09/2026 14:35:00;0,1774;0,1776;0,1771;0,1772
01/09/2026 14:40:00;0,1773;0,1775;0,17708;0,1772
01/09/2026 14:45:00;0,1772;0,1772;0,1767;0,1771
01/09/2026 14:50:00;0,1771;0,1771;0,1767;0,1767
01/09/2026 14:55:00;0,1767;0,1767;0,1764;0,1766
01/09/2026 15:00:00;0,1766;0,1769;0,1762;0,1763
01/09/2026 15:05:00;0,1763;0,1764;0,1756;0,1756
01/09/2026 15:10:00;0,1756;0,176;0,1756;0,1759
01/09/2026 15:15:00;0,1759;0,176;0,1753;0,1754
01/09/2026 15:20:00;0,1754;0,1755;0,1754;0,1755
01/09/2026 15:25:00;0,1755;0,175576;0,1744;0,1752
01/09/2026 15:30:00;0,1752;0,1756;0,1749;0,175
01/09/2026 15:35:00;0,175;0,175;0,1742;0,1745
01/09/2026 15:40:00;0,1745;0,1749;0,1742;0,1742
01/09/2026 15:45:00;0,1742;0,175;0,1739;0,175
01/09/2026 15:50:00;0,175;0,1757;0,175;0,1754
01/09/2026 15:55:00;0,1754;0,1758;0,1754;0,1758
01/09/2026 16:00:00;0,1758;0,1762;0,1758;0,1762
01/09/2026 16:05:00;0,1762;0,1762;0,1756;0,1757
01/09/2026 16:10:00;0,1757;0,1758;0,17559;0,1757
01/09/2026 16:15:00;0,1757;0,17621;0,1757;0,17621
01/09/2026 16:20:00;0,17621;0,1766;0,1761;0,1762
01/09/2026 16:25:00;0,1762;0,1767;0,1762;0,1766
01/09/2026 16:30:00;0,1766;0,1767;0,1763;0,1764
01/09/2026 16:35:00;0,1764;0,1766;0,1762;0,1762
01/09/2026 16:40:00;0,1762;0,1763;0,176127;0,1763
01/09/2026 16:45:00;0,1763;0,1764;0,1762;0,1763
01/09/2026 16:50:00;0,1763;0,17641;0,1762;0,1762
01/09/2026 16:55:00;0,1762;0,1765;0,176131;0,1765
01/09/2026 17:00:00;0,1765;0,17673;0,1756;0,1758
01/09/2026 17:05:00;0,1758;0,1763;0,1758;0,1763
01/09/2026 17:10:00;0,1763;0,1766;0,1762;0,1766
01/09/2026 17:15:00;0,1766;0,1768;0,1762;0,1766
01/09/2026 17:20:00;0,1766;0,17661;0,1763;0,1764
01/09/2026 17:25:00;0,1764;0,1764;0,1761;0,1762
01/09/2026 17:30:00;0,1762;0,1763;0,17619;0,1763
01/09/2026 17:35:00;0,1763;0,1765;0,1762;0,1763
01/09/2026 17:40:00;0,1763;0,1763;0,1759;0,1759
01/09/2026 17:45:00;0,1759;0,1759;0,1756;0,1756
01/09/2026 17:50:00;0,1756;0,1761;0,1755;0,176
01/09/2026 17:55:00;0,176;0,1763;0,176;0,1763
01/09/2026 18:00:00;0,1763;0,1764;0,17599;0,1762
01/09/2026 18:05:00;0,1762;0,1762;0,1756;0,1757
01/09/2026 18:10:00;0,1757;0,1757;0,175;0,175
01/09/2026 18:15:00;0,175;0,1751;0,1747;0,1751
01/09/2026 18:20:00;0,1754;0,1757;0,1752;0,1757
01/09/2026 18:25:00;0,1757;0,1759;0,1754;0,1755
01/09/2026 18:30:00;0,1755;0,1756;0,1751;0,1752
01/09/2026 18:35:00;0,1752;0,1755;0,1751;0,1755
01/09/2026 18:40:00;0,1755;0,1756;0,1753;0,1753
01/09/2026 18:45:00;0,1753;0,1755;0,1753;0,1754
01/09/2026 18:50:00;0,1754;0,1756;0,1752;0,1755
01/09/2026 18:55:00;0,1755;0,1758;0,1754;0,1755
01/09/2026 19:00:00;0,1755;0,1759;0,1755;0,1759
01/09/2026 19:05:00;0,1759;0,1759;0,1754;0,1757
01/09/2026 19:10:00;0,1757;0,17571;0,1757;0,17571
01/09/2026 19:15:00;0,17571;0,17571;0,1755;0,1756
01/09/2026 19:20:00;0,1756;0,1756;0,1749;0,1751
01/09/2026 19:25:00;0,1751;0,1752;0,174899;0,174899
01/09/2026 19:30:00;0,174899;0,174951;0,174663;0,17478
01/09/2026 19:35:00;0,17478;0,175;0,17478;0,1748
01/09/2026 19:40:00;0,1748;0,1748;0,1745;0,1747
01/09/2026 19:45:00;0,1747;0,17519;0,17467;0,17467
01/09/2026 19:50:00;0,17467;0,17545;0,17467;0,175402
01/09/2026 19:55:00;0,175402;0,175402;0,175;0,175
01/09/2026 20:00:00;0,175;0,1751;0,1749;0,1749
01/09/2026 20:05:00;0,1749;0,1754;0,1749;0,1753
01/09/2026 20:10:00;0,1753;0,17533;0,1749;0,1751
01/09/2026 20:15:00;0,1751;0,1751;0,1749;0,1751
01/09/2026 20:20:00;0,1751;0,1751;0,1749;0,1749
01/09/2026 20:25:00;0,1749;0,1753;0,17467;0,1753
01/09/2026 20:30:00;0,1752;0,1756;0,17517;0,17517
01/09/2026 20:35:00;0,17517;0,1759;0,17517;0,1758
01/09/2026 20:40:00;0,1758;0,17599;0,17577;0,1759
01/09/2026 20:45:00;0,1759;0,1762;0,1757;0,1761
01/09/2026 20:50:00;0,1761;0,1761;0,1756;0,1758
01/09/2026 20:55:00;0,1758;0,1759;0,175727;0,1758
01/09/2026 21:00:00;0,1758;0,1761;0,1757;0,1759
01/09/2026 21:05:00;0,1759;0,1761;0,1758;0,1761
01/09/2026 21:10:00;0,1761;0,1761;0,1761;0,1761
01/09/2026 21:15:00;0,1761;0,1761;0,1758;0,1758
01/09/2026 21:20:00;0,1758;0,175926;0,175536;0,1756
01/09/2026 21:25:00;0,1756;0,1756;0,1749;0,1749
01/09/2026 21:30:00;0,1749;0,1754;0,1747;0,1752
01/09/2026 21:35:00;0,1752;0,1752;0,1748;0,1748
01/09/2026 21:40:00;0,1748;0,175;0,1746;0,1746
01/09/2026 21:45:00;0,1746;0,1748;0,1746;0,1747
01/09/2026 21:50:00;0,1747;0,1748;0,1746;0,1746
01/09/2026 21:55:00;0,1746;0,1748;0,1746;0,1748
01/09/2026 22:00:00;0,1748;0,1748;0,1745;0,1746
01/09/2026 22:05:00;0,1746;0,1747;0,1745;0,1747
01/09/2026 22:10:00;0,1747;0,1751;0,1747;0,1751
01/09/2026 22:15:00;0,1751;0,1751;0,174649;0,1748
01/09/2026 22:20:00;0,1748;0,1749;0,1746;0,1749
01/09/2026 22:25:00;0,1748;0,17491;0,1744;0,1745
01/09/2026 22:30:00;0,1745;0,1747;0,1743;0,1743
01/09/2026 22:35:00;0,1743;0,1744;0,1738;0,1739
01/09/2026 22:40:00;0,1739;0,174;0,1735;0,1736
01/09/2026 22:45:00;0,1736;0,1738;0,1732;0,1732
01/09/2026 22:50:00;0,1732;0,1734;0,173;0,1732
01/09/2026 22:55:00;0,1732;0,1737;0,1732;0,1737
01/09/2026 23:00:00;0,1737;0,1739;0,1735;0,1735
01/09/2026 23:05:00;0,1735;0,1745;0,1735;0,1742
01/09/2026 23:10:00;0,1742;0,17456;0,1742;0,1743
01/09/2026 23:15:00;0,1743;0,1748;0,1743;0,1748
01/09/2026 23:20:00;0,1748;0,1753;0,1748;0,1753
01/09/2026 23:25:00;0,1753;0,17531;0,17497;0,1753
01/09/2026 23:30:00;0,1753;0,1753;0,1751;0,1752
01/09/2026 23:35:00;0,1752;0,1753;0,1751;0,1753
01/09/2026 23:40:00;0,1753;0,1754;0,1749;0,175
01/09/2026 23:45:00;0,175;0,1751;0,175;0,1751
01/09/2026 23:50:00;0,1751;0,1752;0,174927;0,17509
01/09/2026 23:55:00;0,17509;0,17522;0,175;0,1752
02/09/2026 00:00:00;0,1752;0,17581;0,1752;0,17581
02/09/2026 00:05:00;0,17581;0,176;0,1758;0,1758
02/09/2026 00:10:00;0,1758;0,1765;0,1758;0,1762
02/09/2026 00:15:00;0,1762;0,1765;0,1762;0,1764
02/09/2026 00:20:00;0,1764;0,1765;0,1762;0,1763
02/09/2026 00:25:00;0,1763;0,1767;0,1763;0,1766
02/09/2026 00:30:00;0,1766;0,1766;0,1761;0,1761
02/09/2026 00:35:00;0,1761;0,1761;0,1758;0,1761
02/09/2026 00:40:00;0,1761;0,1762;0,1757;0,1759
02/09/2026 00:45:00;0,1759;0,176;0,1758;0,1758
02/09/2026 00:50:00;0,1758;0,1758;0,17558;0,1757
02/09/2026 00:55:00;0,1757;0,1758;0,1755;0,1758
02/09/2026 01:00:00;0,1758;0,1759;0,1755;0,1759
02/09/2026 01:05:00;0,1759;0,1759;0,1753;0,1753
02/09/2026 01:10:00;0,1753;0,1753;0,1751;0,1752
02/09/2026 01:15:00;0,1752;0,1753;0,1749;0,1752
02/09/2026 01:20:00;0,1752;0,17532;0,1752;0,1752
02/09/2026 01:25:00;0,1752;0,1752;0,175;0,1751
02/09/2026 01:30:00;0,1751;0,1756;0,1751;0,1756
02/09/2026 01:35:00;0,1756;0,1756;0,1754;0,1756
02/09/2026 01:40:00;0,1756;0,17571;0,1754;0,17571
02/09/2026 01:45:00;0,17571;0,17581;0,1755;0,17581
02/09/2026 01:50:00;0,17581;0,1759;0,1756;0,1756
02/09/2026 01:55:00;0,1756;0,1758;0,1755;0,1757
02/09/2026 02:00:00;0,1757;0,1757;0,1751;0,1751
02/09/2026 02:05:00;0,1751;0,1751;0,175;0,1751
02/09/2026 02:10:00;0,1751;0,1756;0,1751;0,1755
02/09/2026 02:15:00;0,1755;0,1759;0,1755;0,1759
02/09/2026 02:20:00;0,1759;0,1761;0,1758;0,1761
02/09/2026 02:25:00;0,1761;0,1764;0,176;0,1763
02/09/2026 02:30:00;0,1763;0,1763;0,1758;0,1758
02/09/2026 02:35:00;0,1759;0,176;0,1758;0,17592
02/09/2026 02:40:00;0,17592;0,176;0,1758;0,1758
02/09/2026 02:45:00;0,1758;0,1761;0,1758;0,1761
02/09/2026 02:50:00;0,1761;0,1761;0,1758;0,1759
02/09/2026 02:55:00;0,1759;0,1759;0,1757;0,1759
02/09/2026 03:00:00;0,1759;0,1759;0,1758;0,1758
02/09/2026 03:05:00;0,1758;0,1758;0,1755;0,1756
02/09/2026 03:10:00;0,1756;0,1756;0,1752;0,1752
02/09/2026 03:15:00;0,1753;0,1753;0,175;0,175
02/09/2026 03:20:00;0,175;0,1752;0,175;0,175
02/09/2026 03:25:00;0,1751;0,1755;0,175;0,175
02/09/2026 03:30:00;0,175;0,1751;0,1749;0,175
02/09/2026 03:35:00;0,175;0,1753;0,175;0,1753
02/09/2026 03:40:00;0,1753;0,176;0,1753;0,176
02/09/2026 03:45:00;0,176;0,176;0,1756;0,1757
02/09/2026 03:50:00;0,1757;0,1757;0,1755;0,1756
02/09/2026 03:55:00;0,1756;0,1758;0,1755;0,1757
02/09/2026 04:00:00;0,1757;0,1759;0,1757;0,1757
02/09/2026 04:05:00;0,1757;0,1758;0,1756;0,1757
02/09/2026 04:10:00;0,1757;0,176;0,1756;0,1756
02/09/2026 04:15:00;0,1756;0,1756;0,1751;0,1752
02/09/2026 04:20:00;0,1752;0,1753;0,1751;0,1752
02/09/2026 04:25:00;0,1752;0,1752;0,175;0,1751
02/09/2026 04:30:00;0,1751;0,1753;0,175;0,1752
02/09/2026 04:35:00;0,1752;0,1753;0,1751;0,1752
02/09/2026 04:40:00;0,1752;0,1752;0,175;0,175
02/09/2026 04:45:00;0,175;0,1751;0,1748;0,1748
02/09/2026 04:50:00;0,1748;0,1748;0,1746;0,1746
02/09/2026 04:55:00;0,1746;0,1747;0,1745;0,1745
02/09/2026 05:00:00;0,1745;0,1747;0,1743;0,1747
02/09/2026 05:05:00;0,1747;0,1749;0,1747;0,1747
02/09/2026 05:10:00;0,1748;0,1748;0,1745;0,1746
02/09/2026 05:15:00;0,1748;0,1748;0,1744;0,1746
02/09/2026 05:20:00;0,1746;0,1746;0,1744;0,1745
02/09/2026 05:25:00;0,1745;0,17461;0,1744;0,17461
02/09/2026 05:30:00;0,17461;0,17461;0,1743;0,1743
02/09/2026 05:35:00;0,1743;0,174374;0,174132;0,1742
02/09/2026 05:40:00;0,1742;0,1742;0,1737;0,1738
02/09/2026 05:45:00;0,1738;0,173933;0,1737;0,1738
02/09/2026 05:50:00;0,1738;0,17382;0,1736;0,1736
02/09/2026 05:55:00;0,1736;0,173888;0,1734;0,1737
02/09/2026 06:00:00;0,1737;0,1743;0,1737;0,1741
02/09/2026 06:05:00;0,1741;0,1745;0,1741;0,1741
02/09/2026 06:10:00;0,1742;0,1742;0,1738;0,1738
02/09/2026 06:15:00;0,1738;0,1738;0,1734;0,1736
02/09/2026 06:20:00;0,1736;0,1737;0,173;0,1732
02/09/2026 06:25:00;0,1732;0,1738;0,1732;0,1737
02/09/2026 06:30:00;0,1737;0,1737;0,1731;0,1733
02/09/2026 06:35:00;0,1733;0,1733;0,1728;0,1729
02/09/2026 06:40:00;0,173;0,1732;0,1727;0,1727
02/09/2026 06:45:00;0,1727;0,1733;0,1726;0,1732
02/09/2026 06:50:00;0,1732;0,1734;0,1731;0,1731
02/09/2026 06:55:00;0,1731;0,1731;0,173;0,173
02/09/2026 07:00:00;0,173;0,1731;0,1725;0,1725
02/09/2026 07:05:00;0,1725;0,1726;0,1721;0,1725
02/09/2026 07:10:00;0,1725;0,1726;0,1724;0,1726
02/09/2026 07:15:00;0,1726;0,1728;0,1726;0,1727
02/09/2026 07:20:00;0,1727;0,1727;0,1723;0,1723
02/09/2026 07:25:00;0,1723;0,1724;0,1722;0,1723
02/09/2026 07:30:00;0,1723;0,1723;0,172;0,1722
02/09/2026 07:35:00;0,1722;0,1725;0,1721;0,1721
02/09/2026 07:40:00;0,1721;0,1722;0,1719;0,172
02/09/2026 07:45:00;0,172;0,1722;0,1716;0,1717
02/09/2026 07:50:00;0,1717;0,1719;0,1713;0,1718
02/09/2026 07:55:00;0,1718;0,1723;0,1718;0,1723
02/09/2026 08:00:00;0,1723;0,1724;0,1717;0,1717
02/09/2026 08:05:00;0,1717;0,1722;0,1716;0,1722
02/09/2026 08:10:00;0,1722;0,1723;0,1717;0,1723
02/09/2026 08:15:00;0,1723;0,1723;0,1719;0,172
02/09/2026 08:20:00;0,172;0,172;0,1716;0,1718
02/09/2026 08:25:00;0,1718;0,1719;0,1715;0,1717
02/09/2026 08:30:00;0,1718;0,1725;0,1718;0,1725
02/09/2026 08:35:00;0,1725;0,1727;0,1723;0,1726
02/09/2026 08:40:00;0,1727;0,1727;0,1723;0,1724
02/09/2026 08:45:00;0,1724;0,1724;0,172;0,1721
02/09/2026 08:50:00;0,1721;0,1723;0,1721;0,1722
02/09/2026 08:55:00;0,1722;0,1726;0,1722;0,1725
02/09/2026 09:00:00;0,1725;0,1725;0,1723;0,1724
02/09/2026 09:05:00;0,1724;0,1726;0,1723;0,1723
02/09/2026 09:10:00;0,1724;0,1725;0,1723;0,1725
02/09/2026 09:15:00;0,1725;0,1728;0,1723;0,1726
02/09/2026 09:20:00;0,1726;0,1731;0,1725;0,1731
02/09/2026 09:25:00;0,1731;0,1731;0,173;0,173
02/09/2026 09:30:00;0,173;0,173;0,1727;0,1728
02/09/2026 09:35:00;0,1727;0,172762;0,1723;0,1724
02/09/2026 09:40:00;0,1724;0,1725;0,1724;0,1724
02/09/2026 09:45:00;0,1724;0,17241;0,1722;0,1723
02/09/2026 09:50:00;0,1723;0,1724;0,1721;0,1721
02/09/2026 09:55:00;0,1721;0,1721;0,1718;0,1718
02/09/2026 10:00:00;0,1718;0,1726;0,1718;0,1724
02/09/2026 10:05:00;0,1724;0,1728;0,1724;0,1725
02/09/2026 10:10:00;0,1725;0,1725;0,1721;0,1721
02/09/2026 10:15:00;0,1721;0,1724;0,1721;0,1724
02/09/2026 10:20:00;0,1724;0,1724;0,1721;0,1723
02/09/2026 10:25:00;0,1723;0,1727;0,1723;0,1725
02/09/2026 10:30:00;0,1725;0,17252;0,1722;0,1723
02/09/2026 10:35:00;0,1723;0,1724;0,1721;0,1723
02/09/2026 10:40:00;0,1723;0,1742;0,1723;0,1742
02/09/2026 10:45:00;0,1742;0,1744;0,1737;0,1737
02/09/2026 10:50:00;0,1736;0,1741;0,1735;0,1737
02/09/2026 10:55:00;0,1737;0,1738;0,1734;0,1737
02/09/2026 11:00:00;0,1737;0,1739;0,1735;0,1737
02/09/2026 11:05:00;0,1737;0,1743;0,1737;0,1738
02/09/2026 11:10:00;0,1738;0,1742;0,1737;0,174
02/09/2026 11:15:00;0,174;0,174;0,1737;0,174
02/09/2026 11:20:00;0,174;0,1745;0,1739;0,1739
02/09/2026 11:25:00;0,1739;0,174001;0,1738;0,174001
02/09/2026 11:30:00;0,174001;0,174001;0,1733;0,1735
02/09/2026 11:35:00;0,1735;0,1736;0,1735;0,1736
02/09/2026 11:40:00;0,1736;0,1739;0,1736;0,1737
02/09/2026 11:45:00;0,1737;0,1738;0,1734;0,1734
02/09/2026 11:50:00;0,1734;0,1736;0,173;0,1731
02/09/2026 11:55:00;0,1731;0,1734;0,1728;0,1729
02/09/2026 12:00:00;0,1729;0,1732;0,1724;0,173
02/09/2026 12:05:00;0,173;0,1733;0,1726;0,1727
02/09/2026 12:10:00;0,1727;0,1727;0,1722;0,1723
02/09/2026 12:15:00;0,1723;0,1732;0,1723;0,1732
02/09/2026 12:20:00;0,1732;0,1732;0,1725;0,1726
02/09/2026 12:25:00;0,1726;0,172821;0,1725;0,1727
02/09/2026 12:30:00;0,1727;0,1735;0,1725;0,1733
02/09/2026 12:35:00;0,1733;0,1736;0,1732;0,1732
02/09/2026 12:40:00;0,1732;0,174;0,173;0,174
02/09/2026 12:45:00;0,174;0,174;0,1733;0,1734
02/09/2026 12:50:00;0,1734;0,1735;0,1733;0,1735
02/09/2026 12:55:00;0,1735;0,1737;0,1735;0,1736
02/09/2026 13:00:00;0,1736;0,1736;0,1732;0,1734
02/09/2026 13:05:00;0,1734;0,1736;0,1732;0,1735
02/09/2026 13:10:00;0,1735;0,1739;0,1735;0,1737
02/09/2026 13:15:00;0,1737;0,1739;0,1734;0,1739
02/09/2026 13:20:00;0,1738;0,1741;0,1737;0,174
02/09/2026 13:25:00;0,174;0,174;0,1736;0,1736
02/09/2026 13:30:00;0,1736;0,1739;0,1736;0,1739
02/09/2026 13:35:00;0,1739;0,1739;0,1734;0,1735
02/09/2026 13:40:00;0,1735;0,1735;0,1729;0,1729
02/09/2026 13:45:00;0,1729;0,1731;0,1729;0,1731
02/09/2026 13:50:00;0,1731;0,1734;0,1731;0,1734
02/09/2026 13:55:00;0,1734;0,1734;0,1729;0,173
02/09/2026 14:00:00;0,173;0,1731;0,1727;0,1727
02/09/2026 14:05:00;0,1727;0,1727;0,1724;0,1724
02/09/2026 14:10:00;0,1724;0,172637;0,1724;0,1726
02/09/2026 14:15:00;0,1726;0,1726;0,1721;0,1723
02/09/2026 14:20:00;0,1723;0,1727;0,1723;0,1727
02/09/2026 14:25:00;0,1727;0,1727;0,1725;0,1726
02/09/2026 14:30:00;0,1726;0,173;0,1726;0,173
02/09/2026 14:35:00;0,173;0,173;0,1728;0,1729
02/09/2026 14:40:00;0,1728;0,1733;0,1728;0,1733
02/09/2026 14:45:00;0,1733;0,1737;0,1733;0,1737
02/09/2026 14:50:00;0,1737;0,1738;0,1736;0,1736
02/09/2026 14:55:00;0,1736;0,1738;0,1736;0,1738
02/09/2026 15:00:00;0,1738;0,1738;0,1737;0,1737
02/09/2026 15:05:00;0,1737;0,1739;0,1737;0,1739
02/09/2026 15:10:00;0,1739;0,1739;0,1737;0,1737
02/09/2026 15:15:00;0,1737;0,174;0,1736;0,1737
02/09/2026 15:20:00;0,1737;0,1739;0,1736;0,1736
02/09/2026 15:25:00;0,1736;0,1739;0,1735;0,1735
02/09/2026 15:30:00;0,1735;0,1739;0,1735;0,1739
02/09/2026 15:35:00;0,1739;0,174;0,1736;0,1736
02/09/2026 15:40:00;0,1736;0,1737;0,1736;0,1736
02/09/2026 15:45:00;0,1736;0,1738;0,173449;0,1738
02/09/2026 15:50:00;0,1738;0,1741;0,1738;0,174
02/09/2026 15:55:00;0,174;0,174;0,1739;0,174
02/09/2026 16:00:00;0,174;0,174;0,1737;0,1737
02/09/2026 16:05:00;0,1737;0,1738;0,1736;0,1738
02/09/2026 16:10:00;0,1738;0,1741;0,1738;0,174
02/09/2026 16:15:00;0,174;0,17421;0,1738;0,1739
02/09/2026 16:20:00;0,1739;0,1739;0,1736;0,1738
02/09/2026 16:25:00;0,1738;0,1738;0,1736;0,1736
02/09/2026 16:30:00;0,1736;0,1736;0,1733;0,1735
02/09/2026 16:35:00;0,1735;0,1735;0,1732;0,1734
02/09/2026 16:40:00;0,1735;0,1738;0,1735;0,1738
02/09/2026 16:45:00;0,1738;0,1738;0,1735;0,1736
02/09/2026 16:50:00;0,1735;0,1738;0,1734;0,1734
02/09/2026 16:55:00;0,1734;0,1742;0,1732;0,1742
02/09/2026 17:00:00;0,1742;0,1754;0,1741;0,175
02/09/2026 17:05:00;0,175;0,175;0,1746;0,1747
02/09/2026 17:10:00;0,1747;0,1747;0,1743;0,1746
02/09/2026 17:15:00;0,1746;0,17461;0,1743;0,1745
02/09/2026 17:20:00;0,1745;0,1752;0,1745;0,1752
02/09/2026 17:25:00;0,1752;0,1752;0,1748;0,1748
02/09/2026 17:30:00;0,1748;0,175;0,1747;0,1747
02/09/2026 17:35:00;0,1748;0,175;0,1748;0,1748
02/09/2026 17:40:00;0,1748;0,1748;0,1744;0,1745
02/09/2026 17:45:00;0,1745;0,1746;0,1743;0,1745
02/09/2026 17:50:00;0,1745;0,1749;0,1744;0,1745
02/09/2026 17:55:00;0,1745;0,1748;0,1745;0,1747
02/09/2026 18:00:00;0,1747;0,1747;0,1744;0,1744
02/09/2026 18:05:00;0,1744;0,1744;0,1742;0,1742
02/09/2026 18:10:00;0,1742;0,1743;0,17409;0,1741
02/09/2026 18:15:00;0,1741;0,174387;0,1741;0,1742
02/09/2026 18:20:00;0,1742;0,1745;0,1741;0,1745
02/09/2026 18:25:00;0,1745;0,1745;0,1742;0,1743
02/09/2026 18:30:00;0,1743;0,1744;0,174;0,174
02/09/2026 18:35:00;0,174;0,1745;0,174;0,1745
02/09/2026 18:40:00;0,1745;0,1748;0,1745;0,1748
02/09/2026 18:45:00;0,1748;0,1748;0,1745;0,1746
02/09/2026 18:50:00;0,1746;0,175;0,1745;0,175
02/09/2026 18:55:00;0,175;0,1751;0,1747;0,1747
02/09/2026 19:00:00;0,1747;0,1748;0,1744;0,1745
02/09/2026 19:05:00;0,1745;0,1745;0,1741;0,1741
02/09/2026 19:10:00;0,1741;0,1743;0,17389;0,1742
02/09/2026 19:15:00;0,1742;0,1743;0,174;0,1741
02/09/2026 19:20:00;0,1741;0,1741;0,1738;0,1738
02/09/2026 19:25:00;0,1738;0,1739;0,1737;0,1739
02/09/2026 19:30:00;0,1739;0,174;0,1739;0,174
02/09/2026 19:35:00;0,174;0,1743;0,174;0,1743
02/09/2026 19:40:00;0,1743;0,1745;0,1743;0,1744
02/09/2026 19:45:00;0,1744;0,1744;0,1742;0,1744
02/09/2026 19:50:00;0,1744;0,1744;0,174;0,1741
02/09/2026 19:55:00;0,1741;0,1741;0,1741;0,1741
02/09/2026 20:00:00;0,1741;0,1743;0,1738;0,1743
02/09/2026 20:05:00;0,1743;0,1749;0,1743;0,1749
02/09/2026 20:10:00;0,1749;0,1749;0,1747;0,1748
02/09/2026 20:15:00;0,1748;0,1748;0,1746;0,1746
02/09/2026 20:20:00;0,1746;0,1747;0,1746;0,1746
02/09/2026 20:25:00;0,1746;0,1748;0,1746;0,1747
02/09/2026 20:30:00;0,1747;0,1748;0,1745;0,1747
02/09/2026 20:35:00;0,1747;0,1747;0,1745;0,1745
02/09/2026 20:40:00;0,1745;0,1746;0,1745;0,1746
02/09/2026 20:45:00;0,1746;0,1751;0,1746;0,1751
02/09/2026 20:50:00;0,1751;0,1753;0,175;0,1753
02/09/2026 20:55:00;0,1753;0,1757;0,1753;0,1756
02/09/2026 21:00:00;0,1756;0,176;0,1754;0,1759
02/09/2026 21:05:00;0,1759;0,176;0,1754;0,1754
02/09/2026 21:10:00;0,1754;0,1758;0,1754;0,1755
02/09/2026 21:15:00;0,1753;0,1756;0,1753;0,1756
02/09/2026 21:20:00;0,1756;0,1756;0,1752;0,1756
02/09/2026 21:25:00;0,1756;0,1756;0,1753;0,1753
02/09/2026 21:30:00;0,1753;0,1755;0,175;0,1752
02/09/2026 21:35:00;0,1752;0,1757;0,1752;0,1757
02/09/2026 21:40:00;0,1757;0,1758;0,1756;0,1757
02/09/2026 21:45:00;0,1757;0,1758;0,1756;0,1758
02/09/2026 21:50:00;0,1758;0,17581;0,1756;0,1757
02/09/2026 21:55:00;0,1757;0,175888;0,1755;0,1756
02/09/2026 22:00:00;0,1756;0,1756;0,17489;0,1754
02/09/2026 22:05:00;0,1754;0,1764;0,1754;0,1763
02/09/2026 22:10:00;0,1763;0,1774;0,1761;0,1774
02/09/2026 22:15:00;0,1774;0,1781;0,1772;0,1775
02/09/2026 22:20:00;0,1774;0,178;0,1773;0,1778
02/09/2026 22:25:00;0,1778;0,1785;0,1777;0,1784
02/09/2026 22:30:00;0,1784;0,1784;0,1778;0,1781
02/09/2026 22:35:00;0,1781;0,1783;0,1776;0,1781
02/09/2026 22:40:00;0,1781;0,1783;0,1779;0,1779
02/09/2026 22:45:00;0,1779;0,1779;0,1774;0,1775
02/09/2026 22:50:00;0,1775;0,178;0,1774;0,178
02/09/2026 22:55:00;0,1779;0,1779;0,1773;0,1773
02/09/2026 23:00:00;0,1773;0,177661;0,177;0,177
02/09/2026 23:05:00;0,177;0,1775;0,177;0,1772
02/09/2026 23:10:00;0,1772;0,1776;0,1772;0,1775
02/09/2026 23:15:00;0,1775;0,1777;0,177146;0,1773
02/09/2026 23:20:00;0,1773;0,177801;0,1772;0,1777
02/09/2026 23:25:00;0,1777;0,178;0,1775;0,178
02/09/2026 23:30:00;0,178;0,179;0,1776;0,1789
02/09/2026 23:35:00;0,1789;0,1789;0,1783;0,1784
02/09/2026 23:40:00;0,1784;0,179;0,1784;0,1789
02/09/2026 23:45:00;0,1789;0,179;0,1788;0,179
02/09/2026 23:50:00;0,179;0,179;0,1786;0,1788
02/09/2026 23:55:00;0,1788;0,1788;0,1787;0,1787
03/09/2026 00:00:00;0,1787;0,1787;0,1782;0,1783
03/09/2026 00:05:00;0,1783;0,1783;0,1781;0,1782
03/09/2026 00:10:00;0,1782;0,1787;0,1779;0,1785
03/09/2026 00:15:00;0,1785;0,1785;0,1781;0,1785
03/09/2026 00:20:00;0,1785;0,1785;0,178;0,178
03/09/2026 00:25:00;0,178;0,1781;0,1778;0,1778
03/09/2026 00:30:00;0,1778;0,1782;0,1776;0,1778
03/09/2026 00:35:00;0,1778;0,1778;0,1774;0,1774
03/09/2026 00:40:00;0,1774;0,1776;0,1773;0,1775
03/09/2026 00:45:00;0,1775;0,1775;0,1773;0,1775
03/09/2026 00:50:00;0,1775;0,1775;0,1774;0,1774
03/09/2026 00:55:00;0,1774;0,1776;0,1774;0,1774
03/09/2026 01:00:00;0,1774;0,1777;0,1774;0,1776
03/09/2026 01:05:00;0,1776;0,1778;0,1774;0,1776
03/09/2026 01:10:00;0,1776;0,1778;0,1773;0,1773
03/09/2026 01:15:00;0,1773;0,1773;0,1769;0,177
03/09/2026 01:20:00;0,177;0,1772;0,177;0,1771
03/09/2026 01:25:00;0,1771;0,1771;0,1769;0,177
03/09/2026 01:30:00;0,177;0,1772;0,177;0,177
03/09/2026 01:35:00;0,177;0,177;0,1769;0,177
03/09/2026 01:40:00;0,177;0,177;0,1769;0,1769
03/09/2026 01:45:00;0,1769;0,1771;0,1768;0,177
03/09/2026 01:50:00;0,177;0,1777;0,177;0,1777
03/09/2026 01:55:00;0,1777;0,1779;0,1775;0,1779
03/09/2026 02:00:00;0,1779;0,1782;0,1776;0,1776
03/09/2026 02:05:00;0,1776;0,1776;0,1771;0,1771
03/09/2026 02:10:00;0,1771;0,1772;0,1769;0,177
03/09/2026 02:15:00;0,177;0,1771;0,1766;0,1766
03/09/2026 02:20:00;0,1766;0,1766;0,1755;0,1759
03/09/2026 02:25:00;0,1759;0,1759;0,1754;0,1758
03/09/2026 02:30:00;0,1758;0,1763;0,1758;0,1762
03/09/2026 02:35:00;0,1762;0,1768;0,1762;0,1767
03/09/2026 02:40:00;0,1767;0,1769;0,1765;0,1768
03/09/2026 02:45:00;0,1768;0,177;0,1764;0,177
03/09/2026 02:50:00;0,177;0,1774;0,177;0,1773
03/09/2026 02:55:00;0,1773;0,1777;0,1773;0,1774
03/09/2026 03:00:00;0,1774;0,1774;0,1771;0,1771
03/09/2026 03:05:00;0,1771;0,1773;0,177;0,177
03/09/2026 03:10:00;0,177;0,1773;0,177;0,177
03/09/2026 03:15:00;0,177;0,1774;0,177;0,1773
03/09/2026 03:20:00;0,1773;0,1775;0,177222;0,1773
03/09/2026 03:25:00;0,1773;0,1773;0,1771;0,1771
03/09/2026 03:30:00;0,1771;0,1773;0,1771;0,1772
03/09/2026 03:35:00;0,1772;0,1772;0,1771;0,1771
03/09/2026 03:40:00;0,1771;0,1771;0,177;0,1771
03/09/2026 03:45:00;0,1771;0,1771;0,1769;0,177
03/09/2026 03:50:00;0,177;0,177;0,1765;0,1766
03/09/2026 03:55:00;0,1766;0,1766;0,1764;0,1765
03/09/2026 04:00:00;0,1765;0,1775;0,1764;0,1774
03/09/2026 04:05:00;0,1774;0,1775;0,1772;0,1772
03/09/2026 04:10:00;0,1772;0,1775;0,1771;0,1772
03/09/2026 04:15:00;0,1772;0,1772;0,1766;0,1767
03/09/2026 04:20:00;0,1767;0,1771;0,1766;0,1766
03/09/2026 04:25:00;0,1766;0,1767;0,1763;0,1765
03/09/2026 04:30:00;0,1765;0,1766;0,1762;0,1766
03/09/2026 04:35:00;0,1766;0,1771;0,1766;0,1771
03/09/2026 04:40:00;0,1771;0,1773;0,1769;0,1769
03/09/2026 04:45:00;0,1769;0,177;0,1763;0,1763
03/09/2026 04:50:00;0,1763;0,1763;0,1761;0,1762
03/09/2026 04:55:00;0,1762;0,1763;0,176;0,1763
03/09/2026 05:00:00;0,1763;0,1768;0,1762;0,1767
03/09/2026 05:05:00;0,1767;0,1776;0,1767;0,177
03/09/2026 05:10:00;0,177;0,1771;0,1768;0,1768
03/09/2026 05:15:00;0,1768;0,1772;0,1768;0,1771
03/09/2026 05:20:00;0,1771;0,1773;0,177;0,1771
03/09/2026 05:25:00;0,1771;0,1773;0,177;0,1773
03/09/2026 05:30:00;0,1773;0,1774;0,1767;0,1774
03/09/2026 05:35:00;0,1774;0,1774;0,1772;0,1772
03/09/2026 05:40:00;0,1772;0,1772;0,177;0,1771
03/09/2026 05:45:00;0,1771;0,1774;0,177;0,177
03/09/2026 05:50:00;0,177;0,177;0,17589;0,17689
03/09/2026 05:55:00;0,17689;0,177;0,1768;0,1768
03/09/2026 06:00:00;0,1768;0,177;0,1762;0,1766
03/09/2026 06:05:00;0,1766;0,1767;0,1763;0,1767
03/09/2026 06:10:00;0,1767;0,1769;0,1766;0,1769
03/09/2026 06:15:00;0,1769;0,1771;0,176843;0,1769
03/09/2026 06:20:00;0,1769;0,177;0,1768;0,1769
03/09/2026 06:25:00;0,1769;0,1769;0,1767;0,1767
03/09/2026 06:30:00;0,1767;0,1767;0,1765;0,1765
03/09/2026 06:35:00;0,1765;0,1766;0,1764;0,1766
03/09/2026 06:40:00;0,1766;0,1766;0,1763;0,1765
03/09/2026 06:45:00;0,1765;0,1769;0,1763;0,1763
03/09/2026 06:50:00;0,1763;0,1765;0,1763;0,1765
03/09/2026 06:55:00;0,1765;0,1765;0,1763;0,1764
03/09/2026 07:00:00;0,1764;0,1765;0,1762;0,1764
03/09/2026 07:05:00;0,1764;0,1767;0,1762;0,1764
03/09/2026 07:10:00;0,1764;0,1764;0,1761;0,1763
03/09/2026 07:15:00;0,1763;0,1769;0,1763;0,1768
03/09/2026 07:20:00;0,1768;0,1771;0,1768;0,1769
03/09/2026 07:25:00;0,1769;0,177;0,1766;0,1767
03/09/2026 07:30:00;0,1767;0,1768;0,1763;0,1763
03/09/2026 07:35:00;0,1763;0,1765;0,1763;0,1763
03/09/2026 07:40:00;0,1763;0,1764;0,1762;0,1764
03/09/2026 07:45:00;0,1764;0,1765;0,1762;0,1765
03/09/2026 07:50:00;0,1765;0,1769;0,1765;0,1768
03/09/2026 07:55:00;0,1768;0,1771;0,1768;0,1771
03/09/2026 08:00:00;0,1771;0,1773;0,177;0,1772
03/09/2026 08:05:00;0,1772;0,1773;0,1772;0,1772
03/09/2026 08:10:00;0,1772;0,1775;0,1772;0,1775
03/09/2026 08:15:00;0,1775;0,1778;0,1775;0,1778
03/09/2026 08:20:00;0,1778;0,1778;0,1774;0,1775
03/09/2026 08:25:00;0,1775;0,1778;0,1775;0,1778
03/09/2026 08:30:00;0,1778;0,1778;0,1773;0,1778
03/09/2026 08:35:00;0,1778;0,1778;0,1775;0,1777
03/09/2026 08:40:00;0,1777;0,1779;0,1777;0,1778
03/09/2026 08:45:00;0,1778;0,178;0,1775;0,1776
03/09/2026 08:50:00;0,1776;0,1778;0,1775;0,1775
03/09/2026 08:55:00;0,1775;0,1778;0,1775;0,1777
03/09/2026 09:00:00;0,1777;0,1778;0,1776;0,1776
03/09/2026 09:05:00;0,1776;0,1778;0,1775;0,1778
03/09/2026 09:10:00;0,1778;0,1783;0,1778;0,1782
03/09/2026 09:15:00;0,1782;0,1783;0,1778;0,1781
03/09/2026 09:20:00;0,1781;0,1786;0,1781;0,1783
03/09/2026 09:25:00;0,1783;0,1786;0,1783;0,1783
03/09/2026 09:30:00;0,1783;0,1792;0,1783;0,1787
03/09/2026 09:35:00;0,1787;0,1789;0,1785;0,1787
03/09/2026 09:40:00;0,1787;0,1789;0,1783;0,1784
03/09/2026 09:45:00;0,1784;0,1788;0,1784;0,1787
03/09/2026 09:50:00;0,1787;0,1791;0,1786;0,1791
03/09/2026 09:55:00;0,1791;0,179289;0,1789;0,179
03/09/2026 10:00:00;0,179;0,1791;0,1787;0,179
03/09/2026 10:05:00;0,179;0,17902;0,178714;0,179
03/09/2026 10:10:00;0,179;0,1795;0,1788;0,1795
03/09/2026 10:15:00;0,1795;0,1796;0,1791;0,1792
03/09/2026 10:20:00;0,1792;0,1793;0,1789;0,1792
03/09/2026 10:25:00;0,1792;0,1792;0,1789;0,179
03/09/2026 10:30:00;0,179;0,1795;0,1789;0,1793
03/09/2026 10:35:00;0,1793;0,179546;0,178799;0,1795
03/09/2026 10:40:00;0,1795;0,18;0,1795;0,18
03/09/2026 10:45:00;0,18;0,1801;0,1796;0,1798
03/09/2026 10:50:00;0,1798;0,1801;0,1795;0,1795
03/09/2026 10:55:00;0,1795;0,1796;0,179;0,1791
03/09/2026 11:00:00;0,1791;0,1792;0,1789;0,1791
03/09/2026 11:05:00;0,1791;0,1793;0,179;0,1791
03/09/2026 11:10:00;0,1791;0,1795;0,179;0,1795
03/09/2026 11:15:00;0,1795;0,18;0,1795;0,1798
03/09/2026 11:20:00;0,1798;0,1809;0,1798;0,1808
03/09/2026 11:25:00;0,1808;0,1811;0,1806;0,181
03/09/2026 11:30:00;0,181;0,1815;0,1807;0,1809
03/09/2026 11:35:00;0,1809;0,1809;0,1803;0,1803
03/09/2026 11:40:00;0,1803;0,1811;0,1803;0,1808
03/09/2026 11:45:00;0,1808;0,1828;0,1808;0,1827
03/09/2026 11:50:00;0,1827;0,1828;0,182052;0,1826
03/09/2026 11:55:00;0,1826;0,1838;0,1823;0,1837
03/09/2026 12:00:00;0,1837;0,1849;0,1835;0,184
03/09/2026 12:05:00;0,184;0,1843;0,1833;0,1834
03/09/2026 12:10:00;0,1834;0,1837;0,1825;0,1836
03/09/2026 12:15:00;0,1836;0,1836;0,1828;0,1832
03/09/2026 12:20:00;0,1832;0,1835;0,1826;0,1835
03/09/2026 12:25:00;0,1835;0,1836;0,1831;0,1836
03/09/2026 12:30:00;0,1836;0,1846;0,1836;0,1842
03/09/2026 12:35:00;0,1842;0,1847;0,1842;0,1846
03/09/2026 12:40:00;0,1846;0,1849;0,1844;0,1845
03/09/2026 12:45:00;0,1845;0,1845;0,1838;0,1844
03/09/2026 12:50:00;0,1844;0,1859;0,1844;0,1859
03/09/2026 12:55:00;0,1859;0,1864;0,1856;0,1862
03/09/2026 13:00:00;0,1862;0,1866;0,185;0,185
03/09/2026 13:05:00;0,185;0,1859;0,1846;0,1858
03/09/2026 13:10:00;0,1858;0,1865;0,1858;0,1862
03/09/2026 13:15:00;0,1862;0,1862;0,185653;0,186
03/09/2026 13:20:00;0,186;0,1878;0,186;0,187
03/09/2026 13:25:00;0,187;0,187;0,1861;0,1862
03/09/2026 13:30:00;0,1862;0,1869;0,1858;0,1868
03/09/2026 13:35:00;0,1868;0,1868;0,186;0,1863
03/09/2026 13:40:00;0,1863;0,1866;0,1861;0,1863
03/09/2026 13:45:00;0,1863;0,1868;0,1862;0,1868
03/09/2026 13:50:00;0,1868;0,188;0,1868;0,1878
03/09/2026 13:55:00;0,1878;0,188;0,1872;0,1873
03/09/2026 14:00:00;0,1873;0,187749;0,187067;0,1875
03/09/2026 14:05:00;0,1875;0,1877;0,187;0,1875
03/09/2026 14:10:00;0,1875;0,1876;0,1872;0,1874
03/09/2026 14:15:00;0,1874;0,1875;0,1868;0,1868
03/09/2026 14:20:00;0,1868;0,187;0,1865;0,1868
03/09/2026 14:25:00;0,1868;0,187;0,1864;0,1865
03/09/2026 14:30:00;0,1864;0,1871;0,1864;0,1871
03/09/2026 14:35:00;0,1871;0,18751;0,1869;0,18751
03/09/2026 14:40:00;0,18751;0,187528;0,186993;0,187
03/09/2026 14:45:00;0,187;0,1874;0,1869;0,1874
03/09/2026 14:50:00;0,1874;0,1874;0,1869;0,1869
03/09/2026 14:55:00;0,1869;0,1871;0,186877;0,1871
03/09/2026 15:00:00;0,1871;0,1874;0,18688;0,1872
03/09/2026 15:05:00;0,1872;0,187364;0,187;0,1873
03/09/2026 15:10:00;0,1873;0,1874;0,1869;0,1874
03/09/2026 15:15:00;0,1874;0,1874;0,1866;0,1866
03/09/2026 15:20:00;0,1866;0,1868;0,1866;0,1868
03/09/2026 15:25:00;0,1867;0,18682;0,1861;0,1861
03/09/2026 15:30:00;0,1861;0,1866;0,1859;0,1864
03/09/2026 15:35:00;0,1864;0,1866;0,1862;0,1862
03/09/2026 15:40:00;0,1862;0,1862;0,1857;0,1858
03/09/2026 15:45:00;0,1858;0,1861;0,1858;0,1861
03/09/2026 15:50:00;0,1861;0,1865;0,186;0,1863
03/09/2026 15:55:00;0,1863;0,1864;0,1859;0,1861
03/09/2026 16:00:00;0,1861;0,1865;0,1859;0,1864
03/09/2026 16:05:00;0,1866;0,1866;0,1859;0,1859
03/09/2026 16:10:00;0,1859;0,1861;0,1857;0,1857
03/09/2026 16:15:00;0,1857;0,1859;0,1855;0,1858
03/09/2026 16:20:00;0,1859;0,1866;0,18578;0,1864
03/09/2026 16:25:00;0,1864;0,1871;0,1864;0,1871
03/09/2026 16:30:00;0,1871;0,1873;0,1866;0,187
03/09/2026 16:35:00;0,187;0,1875;0,1868;0,1873
03/09/2026 16:40:00;0,1873;0,1875;0,1872;0,1874
03/09/2026 16:45:00;0,1874;0,1876;0,1866;0,1867
03/09/2026 16:50:00;0,1867;0,1875;0,1867;0,1873
03/09/2026 16:55:00;0,1873;0,1879;0,1872;0,1879
03/09/2026 17:00:00;0,1876;0,188157;0,1872;0,188
03/09/2026 17:05:00;0,188;0,188;0,1874;0,1877
03/09/2026 17:10:00;0,1877;0,1877;0,1868;0,1868
03/09/2026 17:15:00;0,1868;0,1873;0,1867;0,1871
03/09/2026 17:20:00;0,1871;0,1871;0,1865;0,1867
03/09/2026 17:25:00;0,1867;0,1876;0,1867;0,1875
03/09/2026 17:30:00;0,1875;0,1879;0,1873;0,1873
03/09/2026 17:35:00;0,1871;0,1876;0,1867;0,1874
03/09/2026 17:40:00;0,1874;0,1874;0,1869;0,1869
03/09/2026 17:45:00;0,1869;0,1874;0,1869;0,1873
03/09/2026 17:50:00;0,1873;0,1874;0,1871;0,1872
03/09/2026 17:55:00;0,1872;0,1872;0,1869;0,1872
03/09/2026 18:00:00;0,1871;0,1872;0,1865;0,1867
03/09/2026 18:05:00;0,1867;0,1868;0,1866;0,1867
03/09/2026 18:10:00;0,1867;0,1871;0,1867;0,1871
03/09/2026 18:15:00;0,1871;0,1873;0,1869;0,1872
03/09/2026 18:20:00;0,1872;0,1873;0,1867;0,1867
03/09/2026 18:25:00;0,1867;0,1869;0,1867;0,1869
03/09/2026 18:30:00;0,1869;0,188;0,1869;0,1876
03/09/2026 18:35:00;0,1876;0,1876;0,1867;0,1867
03/09/2026 18:40:00;0,1867;0,1869;0,1865;0,1865
03/09/2026 18:45:00;0,1865;0,1865;0,1861;0,1861
03/09/2026 18:50:00;0,1861;0,1864;0,1861;0,1863
03/09/2026 18:55:00;0,1863;0,1863;0,1857;0,1857
03/09/2026 19:00:00;0,1857;0,1859;0,1851;0,1858
03/09/2026 19:05:00;0,1858;0,1861;0,1853;0,1853
03/09/2026 19:10:00;0,1853;0,1854;0,1851;0,1854
03/09/2026 19:15:00;0,1854;0,185623;0,1854;0,1856
03/09/2026 19:20:00;0,1856;0,1856;0,185238;0,185238
03/09/2026 19:25:00;0,185238;0,185238;0,184431;0,1845
03/09/2026 19:30:00;0,1844;0,18451;0,1832;0,1835
03/09/2026 19:35:00;0,1835;0,184;0,183427;0,1835
03/09/2026 19:40:00;0,1835;0,1838;0,1835;0,1835
03/09/2026 19:45:00;0,1835;0,1841;0,1835;0,1839
03/09/2026 19:50:00;0,1839;0,1839;0,1835;0,1836
03/09/2026 19:55:00;0,1836;0,1838;0,1835;0,1838
03/09/2026 20:00:00;0,1838;0,1839;0,1837;0,1839
03/09/2026 20:05:00;0,1839;0,1842;0,1837;0,1837
03/09/2026 20:10:00;0,1837;0,1837;0,1834;0,1837
03/09/2026 20:15:00;0,1837;0,1838;0,1836;0,1837
03/09/2026 20:20:00;0,1837;0,1838;0,1835;0,1838
03/09/2026 20:25:00;0,1838;0,1841;0,1838;0,1841
03/09/2026 20:30:00;0,1841;0,1841;0,1839;0,184
03/09/2026 20:35:00;0,184;0,1846;0,1839;0,1846
03/09/2026 20:40:00;0,1846;0,1846;0,184;0,184
03/09/2026 20:45:00;0,184;0,1843;0,184;0,184
03/09/2026 20:50:00;0,184;0,184265;0,1838;0,1841
03/09/2026 20:55:00;0,1841;0,1845;0,184;0,1845
03/09/2026 21:00:00;0,1845;0,1847;0,1842;0,1842
03/09/2026 21:05:00;0,1844;0,1844;0,1839;0,1842
03/09/2026 21:10:00;0,1842;0,184352;0,184;0,1843
03/09/2026 21:15:00;0,1843;0,1845;0,184;0,1841
03/09/2026 21:20:00;0,1841;0,1845;0,1841;0,1842
03/09/2026 21:25:00;0,1842;0,1842;0,1839;0,18401
03/09/2026 21:30:00;0,18401;0,1847;0,1839;0,1847
03/09/2026 21:35:00;0,1847;0,1852;0,1847;0,1852
03/09/2026 21:40:00;0,1852;0,1853;0,1844;0,1845
03/09/2026 21:45:00;0,1845;0,1846;0,184;0,184
03/09/2026 21:50:00;0,184;0,1842;0,1837;0,1837
03/09/2026 21:55:00;0,1837;0,1837;0,183199;0,183199
03/09/2026 22:00:00;0,183199;0,183675;0,1827;0,1827
03/09/2026 22:05:00;0,1827;0,1833;0,1824;0,1831
03/09/2026 22:10:00;0,1831;0,18352;0,183;0,1831
03/09/2026 22:15:00;0,1831;0,1835;0,1831;0,1834
03/09/2026 22:20:00;0,1834;0,1838;0,1829;0,183
03/09/2026 22:25:00;0,183;0,1831;0,1824;0,1825
03/09/2026 22:30:00;0,1825;0,1827;0,1823;0,1823
03/09/2026 22:35:00;0,1823;0,1828;0,1823;0,1826
03/09/2026 22:40:00;0,1826;0,1826;0,1824;0,1824
03/09/2026 22:45:00;0,1824;0,1829;0,1824;0,1827
03/09/2026 22:50:00;0,1827;0,1832;0,1827;0,1832
03/09/2026 22:55:00;0,1832;0,1832;0,1828;0,183
03/09/2026 23:00:00;0,183;0,183;0,1824;0,1825
03/09/2026 23:05:00;0,1825;0,1825;0,1823;0,1823
03/09/2026 23:10:00;0,1823;0,1826;0,1823;0,1825
03/09/2026 23:15:00;0,1825;0,1828;0,1824;0,1826
03/09/2026 23:20:00;0,1826;0,1826;0,1822;0,1823
03/09/2026 23:25:00;0,1823;0,1825;0,1823;0,1824
03/09/2026 23:30:00;0,1824;0,1829;0,1824;0,1828
03/09/2026 23:35:00;0,1828;0,1831;0,1825;0,1831
03/09/2026 23:40:00;0,1831;0,1832;0,1829;0,1829
03/09/2026 23:45:00;0,1829;0,1829;0,1828;0,1828
03/09/2026 23:50:00;0,1828;0,1832;0,1828;0,1832
03/09/2026 23:55:00;0,1832;0,1834;0,183;0,1833
04/09/2026 00:00:00;0,1833;0,1838;0,1833;0,1838
04/09/2026 00:05:00;0,1839;0,184146;0,1838;0,1838
04/09/2026 00:10:00;0,1839;0,184;0,1836;0,1837
04/09/2026 00:15:00;0,1837;0,1837;0,1834;0,1836
04/09/2026 00:20:00;0,1836;0,1836;0,1835;0,1836
04/09/2026 00:25:00;0,1836;0,1836;0,1832;0,1833
04/09/2026 00:30:00;0,1833;0,1835;0,1831;0,1833
04/09/2026 00:35:00;0,1833;0,1835;0,1833;0,1834
04/09/2026 00:40:00;0,1834;0,1835;0,1833;0,1835
04/09/2026 00:45:00;0,1835;0,1835;0,1833;0,1834
04/09/2026 00:50:00;0,1834;0,1835;0,1833;0,1833
04/09/2026 00:55:00;0,1833;0,1833;0,1831;0,1833
04/09/2026 01:00:00;0,1833;0,1833;0,183;0,1831
04/09/2026 01:05:00;0,1831;0,1831;0,183;0,183
04/09/2026 01:10:00;0,183;0,1834;0,1829;0,18329
04/09/2026 01:15:00;0,18329;0,183744;0,183187;0,1837
04/09/2026 01:20:00;0,1836;0,1839;0,1836;0,1839
04/09/2026 01:25:00;0,1839;0,1843;0,183848;0,1843
04/09/2026 01:30:00;0,1843;0,1844;0,184;0,1843
04/09/2026 01:35:00;0,1842;0,1842;0,1837;0,1837
04/09/2026 01:40:00;0,1837;0,183756;0,183191;0,183191
04/09/2026 01:45:00;0,183191;0,1833;0,1831;0,1833
04/09/2026 01:50:00;0,1833;0,1834;0,1831;0,1833
04/09/2026 01:55:00;0,1833;0,1834;0,1832;0,1832
04/09/2026 02:00:00;0,1832;0,1832;0,1829;0,183
04/09/2026 02:05:00;0,183;0,1834;0,1829;0,1834
04/09/2026 02:10:00;0,1834;0,1836;0,1833;0,1833
04/09/2026 02:15:00;0,1833;0,1839;0,1833;0,1839
04/09/2026 02:20:00;0,1839;0,1842;0,1837;0,1842
04/09/2026 02:25:00;0,1842;0,184305;0,183978;0,1842
04/09/2026 02:30:00;0,1842;0,184217;0,1832;0,1835
04/09/2026 02:35:00;0,1835;0,1836;0,183;0,183
04/09/2026 02:40:00;0,1829;0,1833;0,1829;0,1832
04/09/2026 02:45:00;0,1832;0,1834;0,1826;0,1826
04/09/2026 02:50:00;0,1826;0,1826;0,1823;0,1824
04/09/2026 02:55:00;0,1824;0,1832;0,1824;0,183
04/09/2026 03:00:00;0,183;0,183;0,1827;0,1829
04/09/2026 03:05:00;0,1829;0,1833;0,1829;0,1832
04/09/2026 03:10:00;0,1832;0,1837;0,1832;0,1834
04/09/2026 03:15:00;0,1834;0,1834;0,1832;0,1833
04/09/2026 03:20:00;0,1833;0,1834;0,183082;0,183149
04/09/2026 03:25:00;0,183149;0,183149;0,182637;0,1828
04/09/2026 03:30:00;0,1828;0,183;0,1827;0,1829
04/09/2026 03:35:00;0,1828;0,1831;0,182582;0,183
04/09/2026 03:40:00;0,183;0,1834;0,183;0,1833
04/09/2026 03:45:00;0,1833;0,1833;0,183;0,183
04/09/2026 03:50:00;0,183;0,1831;0,1829;0,183
04/09/2026 03:55:00;0,183;0,1833;0,183;0,1833
04/09/2026 04:00:00;0,1833;0,1835;0,1833;0,1835
04/09/2026 04:05:00;0,1835;0,1839;0,1834;0,1838
04/09/2026 04:10:00;0,1838;0,184;0,1838;0,1838
04/09/2026 04:15:00;0,1838;0,1838;0,1834;0,1836
04/09/2026 04:20:00;0,1836;0,1836;0,1834;0,1835
04/09/2026 04:25:00;0,1835;0,1836;0,1835;0,1835
04/09/2026 04:30:00;0,1835;0,1838;0,18348;0,1836
04/09/2026 04:35:00;0,1836;0,1836;0,1832;0,1833
04/09/2026 04:40:00;0,1833;0,1837;0,1833;0,1836
04/09/2026 04:45:00;0,1836;0,1839;0,183327;0,1837
04/09/2026 04:50:00;0,1837;0,1837;0,1832;0,1832
04/09/2026 04:55:00;0,1832;0,1835;0,1832;0,1834
04/09/2026 05:00:00;0,1834;0,1834;0,1832;0,1834
04/09/2026 05:05:00;0,1834;0,1838;0,1831;0,1835
04/09/2026 05:10:00;0,1835;0,1836;0,1833;0,1836
04/09/2026 05:15:00;0,1836;0,1838;0,183445;0,1836
04/09/2026 05:20:00;0,1836;0,1838;0,1835;0,1838
04/09/2026 05:25:00;0,1838;0,18397;0,1838;0,1839
04/09/2026 05:30:00;0,1839;0,1842;0,1838;0,1841
04/09/2026 05:35:00;0,1841;0,1843;0,1841;0,1842
04/09/2026 05:40:00;0,1842;0,1843;0,1841;0,1842
04/09/2026 05:45:00;0,1842;0,1846;0,184;0,1846
04/09/2026 05:50:00;0,1846;0,1856;0,1846;0,1854
04/09/2026 05:55:00;0,1854;0,1857;0,1852;0,1855
04/09/2026 06:00:00;0,1855;0,1861;0,1854;0,1858
04/09/2026 06:05:00;0,1858;0,1858;0,1856;0,1858
04/09/2026 06:10:00;0,1858;0,1859;0,1856;0,1856
04/09/2026 06:15:00;0,1856;0,1869;0,1856;0,1866
04/09/2026 06:20:00;0,1866;0,1866;0,1852;0,1853
04/09/2026 06:25:00;0,1853;0,1857;0,1852;0,1853
04/09/2026 06:30:00;0,1853;0,186;0,1851;0,1859
04/09/2026 06:35:00;0,1859;0,1862;0,1856;0,1861
04/09/2026 06:40:00;0,1861;0,1861;0,1857;0,1857
04/09/2026 06:45:00;0,1857;0,186;0,1855;0,1856
04/09/2026 06:50:00;0,1856;0,1858;0,1852;0,1858
04/09/2026 06:55:00;0,1858;0,1859;0,1853;0,1854
04/09/2026 07:00:00;0,1854;0,1857;0,1852;0,1855
04/09/2026 07:05:00;0,1855;0,1855;0,1849;0,1849
04/09/2026 07:10:00;0,1849;0,1852;0,1846;0,1848
04/09/2026 07:15:00;0,1848;0,1848;0,1843;0,1843
04/09/2026 07:20:00;0,1843;0,1846;0,1842;0,1844
04/09/2026 07:25:00;0,1844;0,1846;0,1842;0,1846
04/09/2026 07:30:00;0,1846;0,1848;0,1844;0,1846
04/09/2026 07:35:00;0,1846;0,1849;0,184286;0,1849
04/09/2026 07:40:00;0,1849;0,1851;0,1847;0,1848
04/09/2026 07:45:00;0,1848;0,185;0,1847;0,1847
04/09/2026 07:50:00;0,1847;0,1849;0,1845;0,1849
04/09/2026 07:55:00;0,1849;0,185;0,1848;0,1848
04/09/2026 08:00:00;0,1848;0,1849;0,1845;0,1848
04/09/2026 08:05:00;0,1848;0,185;0,1846;0,1847
04/09/2026 08:10:00;0,1847;0,1847;0,1845;0,1845
04/09/2026 08:15:00;0,1845;0,1848;0,1845;0,1847
04/09/2026 08:20:00;0,1847;0,1849;0,1846;0,1848
04/09/2026 08:25:00;0,1848;0,1851;0,1848;0,185
04/09/2026 08:30:00;0,185;0,185;0,1847;0,1849
04/09/2026 08:35:00;0,1849;0,1852;0,1849;0,1851
04/09/2026 08:40:00;0,1851;0,1853;0,185;0,1852
04/09/2026 08:45:00;0,1852;0,1852;0,185;0,1851
04/09/2026 08:50:00;0,1851;0,1853;0,185;0,1853
04/09/2026 08:55:00;0,1853;0,1853;0,1849;0,185
04/09/2026 09:00:00;0,185;0,1852;0,1846;0,1846
04/09/2026 09:05:00;0,1848;0,1852;0,184411;0,1851
04/09/2026 09:10:00;0,1851;0,1851;0,1847;0,1847
04/09/2026 09:15:00;0,1847;0,1849;0,1845;0,18475
04/09/2026 09:20:00;0,18475;0,1848;0,1844;0,1844
04/09/2026 09:25:00;0,1844;0,1852;0,1844;0,1852
04/09/2026 09:30:00;0,1852;0,1852;0,1787;0,1805
04/09/2026 09:35:00;0,1805;0,1813;0,1797;0,1812
04/09/2026 09:40:00;0,1812;0,1818;0,1802;0,1803
04/09/2026 09:45:00;0,1803;0,1803;0,1789;0,1796
04/09/2026 09:50:00;0,1796;0,1802;0,1793;0,1801
04/09/2026 09:55:00;0,1801;0,1802;0,1793;0,1799
04/09/2026 10:00:00;0,1799;0,1807;0,1798;0,1805
04/09/2026 10:05:00;0,1805;0,1805;0,18;0,1801
04/09/2026 10:10:00;0,1801;0,1803;0,1799;0,1799
04/09/2026 10:15:00;0,1799;0,1804;0,1799;0,1803
04/09/2026 10:20:00;0,1803;0,1809;0,1803;0,1809
04/09/2026 10:25:00;0,1809;0,181;0,1803;0,1803
04/09/2026 10:30:00;0,1803;0,181;0,1801;0,1801
04/09/2026 10:35:00;0,1801;0,1808;0,1795;0,1807
04/09/2026 10:40:00;0,1807;0,1809;0,1804;0,1806
04/09/2026 10:45:00;0,1806;0,1816;0,1806;0,1815
04/09/2026 10:50:00;0,1815;0,1815;0,1805;0,1808
04/09/2026 10:55:00;0,1808;0,1811;0,1808;0,1809
04/09/2026 11:00:00;0,1809;0,1812;0,1809;0,181
04/09/2026 11:05:00;0,181;0,1811;0,1805;0,1805
04/09/2026 11:10:00;0,1805;0,1807;0,1803;0,1806
04/09/2026 11:15:00;0,1806;0,1806;0,1799;0,18
04/09/2026 11:20:00;0,18;0,1801;0,1795;0,1799
04/09/2026 11:25:00;0,1799;0,1803;0,1799;0,1801
04/09/2026 11:30:00;0,1801;0,1801;0,1797;0,1798
04/09/2026 11:35:00;0,1798;0,1801;0,1794;0,1797
04/09/2026 11:40:00;0,1797;0,1798;0,1785;0,1789
04/09/2026 11:45:00;0,1789;0,1791;0,1774;0,1774
04/09/2026 11:50:00;0,1774;0,1781;0,1774;0,1776
04/09/2026 11:55:00;0,1776;0,1783;0,1776;0,1781
04/09/2026 12:00:00;0,1781;0,1786;0,1775;0,1786
04/09/2026 12:05:00;0,1786;0,1788;0,17827;0,1786
04/09/2026 12:10:00;0,1784;0,1785;0,1783;0,1785
04/09/2026 12:15:00;0,1785;0,178878;0,1783;0,1787
04/09/2026 12:20:00;0,1787;0,179;0,1786;0,1789
04/09/2026 12:25:00;0,1789;0,1793;0,1789;0,1792
04/09/2026 12:30:00;0,1792;0,1793;0,179;0,179
04/09/2026 12:35:00;0,179;0,1792;0,1789;0,179
04/09/2026 12:40:00;0,179;0,1793;0,179;0,1792
04/09/2026 12:45:00;0,1792;0,1793;0,1788;0,179
04/09/2026 12:50:00;0,179;0,1793;0,1788;0,1789
04/09/2026 12:55:00;0,1789;0,1791;0,1789;0,179
04/09/2026 13:00:00;0,179;0,1792;0,1787;0,1788
04/09/2026 13:05:00;0,179;0,1792;0,178892;0,1791
04/09/2026 13:10:00;0,1791;0,1793;0,179;0,179
04/09/2026 13:15:00;0,179;0,1794;0,179;0,1794
04/09/2026 13:20:00;0,1794;0,17963;0,1792;0,1792
04/09/2026 13:25:00;0,1792;0,1793;0,17907;0,1793
04/09/2026 13:30:00;0,1793;0,180012;0,1793;0,1799
04/09/2026 13:35:00;0,1799;0,1799;0,1796;0,1796
04/09/2026 13:40:00;0,1796;0,1798;0,1795;0,1797
04/09/2026 13:45:00;0,1797;0,18;0,1795;0,1799
04/09/2026 13:50:00;0,1799;0,1799;0,1797;0,1797
04/09/2026 13:55:00;0,1797;0,1797;0,1793;0,1793
04/09/2026 14:00:00;0,1793;0,1793;0,1791;0,1791
04/09/2026 14:05:00;0,1791;0,1793;0,1791;0,1793
04/09/2026 14:10:00;0,1793;0,1793;0,1789;0,1789
04/09/2026 14:15:00;0,1789;0,179;0,1787;0,179
04/09/2026 14:20:00;0,179;0,1791;0,1789;0,1789
04/09/2026 14:25:00;0,179;0,179;0,1788;0,1788
04/09/2026 14:30:00;0,1788;0,1789;0,1788;0,1789
04/09/2026 14:35:00;0,1789;0,179043;0,178677;0,1787
04/09/2026 14:40:00;0,1787;0,1787;0,1782;0,1783
04/09/2026 14:45:00;0,1783;0,1784;0,1782;0,1783
04/09/2026 14:50:00;0,1783;0,1783;0,1779;0,178
04/09/2026 14:55:00;0,178;0,1781;0,177929;0,1781
04/09/2026 15:00:00;0,1781;0,1784;0,1781;0,1784
04/09/2026 15:05:00;0,1784;0,1786;0,1783;0,1785
04/09/2026 15:10:00;0,1785;0,1785;0,1781;0,1781
04/09/2026 15:15:00;0,1781;0,1783;0,1781;0,1783
04/09/2026 15:20:00;0,1783;0,1784;0,1782;0,17824
04/09/2026 15:25:00;0,17824;0,1784;0,1781;0,1782
04/09/2026 15:30:00;0,1782;0,1787;0,1782;0,1787
04/09/2026 15:35:00;0,1787;0,1787;0,1784;0,1786
04/09/2026 15:40:00;0,1786;0,1788;0,1786;0,1788
04/09/2026 15:45:00;0,1788;0,1789;0,1787;0,1788
04/09/2026 15:50:00;0,1788;0,1789;0,1787;0,1789
04/09/2026 15:55:00;0,1789;0,1789;0,1787;0,1788
04/09/2026 16:00:00;0,1788;0,1791;0,1788;0,179
04/09/2026 16:05:00;0,179;0,1791;0,1789;0,1789
04/09/2026 16:10:00;0,1789;0,179;0,1788;0,1789
04/09/2026 16:15:00;0,1789;0,1793;0,1788;0,1793
04/09/2026 16:20:00;0,1793;0,1793;0,179151;0,1793
04/09/2026 16:25:00;0,1793;0,1795;0,1793;0,1795
04/09/2026 16:30:00;0,1795;0,179614;0,1791;0,1793
04/09/2026 16:35:00;0,1793;0,1793;0,179;0,1793
04/09/2026 16:40:00;0,1793;0,1793;0,178942;0,1791
04/09/2026 16:45:00;0,1792;0,1796;0,1792;0,1796
04/09/2026 16:50:00;0,1796;0,1797;0,1794;0,1796
04/09/2026 16:55:00;0,1796;0,1798;0,1795;0,1796
04/09/2026 17:00:00;0,1796;0,1798;0,1794;0,1796
04/09/2026 17:05:00;0,1796;0,1796;0,1793;0,1795
04/09/2026 17:10:00;0,1795;0,1795;0,1792;0,1793
04/09/2026 17:15:00;0,1793;0,1796;0,1792;0,1796
04/09/2026 17:20:00;0,1796;0,1796;0,1792;0,1792
04/09/2026 17:25:00;0,1792;0,1793;0,1792;0,1793
04/09/2026 17:30:00;0,1793;0,17941;0,1792;0,1794
04/09/2026 17:35:00;0,1794;0,1796;0,1793;0,1796
04/09/2026 17:40:00;0,1796;0,1797;0,1794;0,1797
04/09/2026 17:45:00;0,1797;0,1797;0,1795;0,1796
04/09/2026 17:50:00;0,1796;0,1796;0,1793;0,1795
04/09/2026 17:55:00;0,1795;0,1795;0,1793;0,1794
04/09/2026 18:00:00;0,1794;0,1795;0,1793;0,1794
04/09/2026 18:05:00;0,1794;0,1796;0,1794;0,1796
04/09/2026 18:10:00;0,1796;0,1796;0,1794;0,1795
04/09/2026 18:15:00;0,1795;0,1797;0,1794;0,17961
04/09/2026 18:20:00;0,17961;0,1797;0,1795;0,1796
04/09/2026 18:25:00;0,1796;0,1796;0,1794;0,1795
04/09/2026 18:30:00;0,1795;0,1797;0,179499;0,1797
04/09/2026 18:35:00;0,1796;0,1797;0,1796;0,1796
04/09/2026 18:40:00;0,1796;0,1799;0,17959;0,1798
04/09/2026 18:45:00;0,1798;0,18;0,1796;0,1796
04/09/2026 18:50:00;0,1796;0,179646;0,17899;0,17899
04/09/2026 18:55:00;0,17899;0,1792;0,178849;0,179
04/09/2026 19:00:00;0,179;0,1793;0,179;0,1793
04/09/2026 19:05:00;0,1793;0,1793;0,1791;0,1791
04/09/2026 19:10:00;0,1791;0,1792;0,179;0,1792
04/09/2026 19:15:00;0,1792;0,1794;0,1791;0,1793
04/09/2026 19:20:00;0,1793;0,1795;0,1792;0,1794
04/09/2026 19:25:00;0,1794;0,1794;0,1792;0,1792
04/09/2026 19:30:00;0,1792;0,1793;0,1791;0,1791
04/09/2026 19:35:00;0,1791;0,1792;0,179027;0,1792
04/09/2026 19:40:00;0,1792;0,1793;0,1791;0,1791
04/09/2026 19:45:00;0,1791;0,1792;0,17888;0,17888
04/09/2026 19:50:00;0,17888;0,1791;0,17888;0,1789
04/09/2026 19:55:00;0,1789;0,17901;0,1789;0,179
04/09/2026 20:00:00;0,179;0,179;0,1788;0,179
04/09/2026 20:05:00;0,179;0,1792;0,1789;0,1792
04/09/2026 20:10:00;0,1792;0,1792;0,17816;0,1792
04/09/2026 20:15:00;0,1792;0,1792;0,1791;0,1791
04/09/2026 20:20:00;0,1791;0,179301;0,1791;0,1792
04/09/2026 20:25:00;0,1792;0,1795;0,1792;0,1792
04/09/2026 20:30:00;0,1794;0,179764;0,1793;0,1793
04/09/2026 20:35:00;0,1793;0,1794;0,1793;0,1794
04/09/2026 20:40:00;0,1794;0,1795;0,1793;0,1793
04/09/2026 20:45:00;0,1794;0,1795;0,1793;0,1795
04/09/2026 20:50:00;0,1795;0,179602;0,1794;0,179602
04/09/2026 20:55:00;0,179602;0,179727;0,1794;0,1795
04/09/2026 21:00:00;0,1795;0,1795;0,1794;0,1795
04/09/2026 21:05:00;0,1795;0,179544;0,179394;0,1795
04/09/2026 21:10:00;0,1795;0,1798;0,1794;0,1796
04/09/2026 21:15:00;0,1796;0,1796;0,1791;0,1793
04/09/2026 21:20:00;0,1793;0,1793;0,179045;0,1792
04/09/2026 21:25:00;0,1792;0,1792;0,178978;0,178998
04/09/2026 21:30:00;0,178998;0,1791;0,1788;0,1789
04/09/2026 21:35:00;0,1789;0,1789;0,1787;0,1789
04/09/2026 21:40:00;0,1789;0,1793;0,1789;0,1792
04/09/2026 21:45:00;0,1792;0,1792;0,1789;0,179
04/09/2026 21:50:00;0,179;0,1792;0,179;0,1792
04/09/2026 21:55:00;0,1792;0,1792;0,1788;0,1788
04/09/2026 22:00:00;0,1788;0,179;0,1786;0,1789
04/09/2026 22:05:00;0,1789;0,1793;0,1789;0,1793
04/09/2026 22:10:00;0,1793;0,1794;0,1789;0,1789
04/09/2026 22:15:00;0,1789;0,1794;0,1789;0,1791
04/09/2026 22:20:00;0,1791;0,1792;0,179;0,1791
04/09/2026 22:25:00;0,1791;0,1795;0,1791;0,1795
04/09/2026 22:30:00;0,1795;0,1795;0,1793;0,1795
04/09/2026 22:35:00;0,1795;0,1796;0,1794;0,1794
04/09/2026 22:40:00;0,1794;0,1796;0,1794;0,1795
04/09/2026 22:45:00;0,1795;0,1795;0,179154;0,1792
04/09/2026 22:50:00;0,1792;0,1794;0,179;0,1792
04/09/2026 22:55:00;0,1792;0,1792;0,1789;0,1789
04/09/2026 23:00:00;0,1789;0,17892;0,1784;0,1785
04/09/2026 23:05:00;0,1785;0,1789;0,1785;0,1789
04/09/2026 23:10:00;0,1789;0,1789;0,1787;0,1788
04/09/2026 23:15:00;0,1788;0,1788;0,1786;0,1788
04/09/2026 23:20:00;0,1788;0,17902;0,1787;0,17902
04/09/2026 23:25:00;0,17902;0,1792;0,1787;0,1787
04/09/2026 23:30:00;0,1787;0,1792;0,1787;0,1792
04/09/2026 23:35:00;0,1792;0,1796;0,1791;0,1794
04/09/2026 23:40:00;0,1794;0,1797;0,1794;0,1797
04/09/2026 23:45:00;0,1797;0,1798;0,1796;0,1797
04/09/2026 23:50:00;0,1797;0,1801;0,1796;0,1801
04/09/2026 23:55:00;0,1801;0,1803;0,18;0,1801
05/09/2026 00:00:00;0,1801;0,1803;0,18;0,18
05/09/2026 00:05:00;0,18;0,18;0,1797;0,1797
05/09/2026 00:10:00;0,1797;0,1798;0,1796;0,1798
05/09/2026 00:15:00;0,1798;0,1801;0,1798;0,1801
05/09/2026 00:20:00;0,1801;0,1801;0,1795;0,1799
05/09/2026 00:25:00;0,1799;0,1802;0,1798;0,1802
05/09/2026 00:30:00;0,1802;0,1803;0,18;0,18
05/09/2026 00:35:00;0,18;0,18;0,1799;0,1799
05/09/2026 00:40:00;0,1799;0,1802;0,1799;0,1802
05/09/2026 00:45:00;0,1802;0,1802;0,18;0,18
05/09/2026 00:50:00;0,18;0,18;0,1798;0,1798
05/09/2026 00:55:00;0,1798;0,1799;0,1798;0,1799
05/09/2026 01:00:00;0,1799;0,1801;0,1799;0,1801
05/09/2026 01:05:00;0,1801;0,1805;0,1801;0,1803
05/09/2026 01:10:00;0,1802;0,1803;0,18019;0,1803
05/09/2026 01:15:00;0,1803;0,1807;0,1803;0,1806
05/09/2026 01:20:00;0,1806;0,1807;0,1805;0,1807
05/09/2026 01:25:00;0,1807;0,1813;0,1807;0,181
05/09/2026 01:30:00;0,1809;0,181;0,1806;0,1809
05/09/2026 01:35:00;0,1809;0,1811;0,1809;0,1811
05/09/2026 01:40:00;0,1811;0,1813;0,1811;0,1812
05/09/2026 01:45:00;0,1812;0,1812;0,1807;0,1809
05/09/2026 01:50:00;0,1809;0,1811;0,1809;0,181
05/09/2026 01:55:00;0,181;0,1813;0,181;0,1812
05/09/2026 02:00:00;0,1812;0,181363;0,1806;0,1807
05/09/2026 02:05:00;0,1807;0,1809;0,1807;0,1807
05/09/2026 02:10:00;0,1807;0,1808;0,1806;0,1808
05/09/2026 02:15:00;0,1808;0,1813;0,1808;0,1812
05/09/2026 02:20:00;0,1812;0,18133;0,1809;0,1809
05/09/2026 02:25:00;0,1809;0,181;0,1808;0,181
05/09/2026 02:30:00;0,181;0,181;0,1808;0,1808
05/09/2026 02:35:00;0,1808;0,1809;0,1808;0,1808
05/09/2026 02:40:00;0,1808;0,1811;0,1807;0,1807
05/09/2026 02:45:00;0,1807;0,1808;0,1805;0,1805
05/09/2026 02:50:00;0,1805;0,181;0,1804;0,181
05/09/2026 02:55:00;0,181;0,1814;0,181;0,1811
05/09/2026 03:00:00;0,1811;0,1814;0,1811;0,1812
05/09/2026 03:05:00;0,1812;0,1814;0,1811;0,1811
05/09/2026 03:10:00;0,1811;0,1814;0,1811;0,1813
05/09/2026 03:15:00;0,1813;0,1819;0,1812;0,1818
05/09/2026 03:20:00;0,1815;0,1819;0,1815;0,1817
05/09/2026 03:25:00;0,1817;0,1821;0,1817;0,182
05/09/2026 03:30:00;0,182;0,1828;0,182;0,1827
05/09/2026 03:35:00;0,1827;0,1829;0,1825;0,1826
05/09/2026 03:40:00;0,1826;0,182775;0,182366;0,1824
05/09/2026 03:45:00;0,1824;0,1829;0,1823;0,1827
05/09/2026 03:50:00;0,1827;0,1828;0,1825;0,1825
05/09/2026 03:55:00;0,1825;0,1832;0,1825;0,1829
05/09/2026 04:00:00;0,183;0,1833;0,183;0,1832
05/09/2026 04:05:00;0,1833;0,1834;0,183;0,183
05/09/2026 04:10:00;0,183;0,1832;0,1828;0,1832
05/09/2026 04:15:00;0,1832;0,1832;0,1829;0,183
05/09/2026 04:20:00;0,183;0,1832;0,183;0,1831
05/09/2026 04:25:00;0,1831;0,1832;0,183;0,1832
05/09/2026 04:30:00;0,1832;0,1832;0,1829;0,183
05/09/2026 04:35:00;0,183;0,1832;0,1829;0,1829
05/09/2026 04:40:00;0,1829;0,1833;0,1828;0,1833
05/09/2026 04:45:00;0,1833;0,1833;0,1829;0,1829
05/09/2026 04:50:00;0,1829;0,1829;0,1822;0,1823
05/09/2026 04:55:00;0,1823;0,1824;0,182;0,1823
05/09/2026 05:00:00;0,1824;0,1827;0,1823;0,1824
05/09/2026 05:05:00;0,1823;0,1824;0,1821;0,1822
05/09/2026 05:10:00;0,1822;0,1825;0,1822;0,1823
05/09/2026 05:15:00;0,1823;0,1825;0,1822;0,1822
05/09/2026 05:20:00;0,1822;0,1823;0,1818;0,1819
05/09/2026 05:25:00;0,1819;0,1822;0,1817;0,1821
05/09/2026 05:30:00;0,1821;0,1822;0,182;0,1821
05/09/2026 05:35:00;0,182;0,1823;0,1819;0,1822
05/09/2026 05:40:00;0,1822;0,1825;0,1821;0,1824
05/09/2026 05:45:00;0,1824;0,1825;0,1822;0,1822
05/09/2026 05:50:00;0,1822;0,1827;0,1822;0,1826
05/09/2026 05:55:00;0,1826;0,1829;0,1826;0,1827
05/09/2026 06:00:00;0,1827;0,183;0,1827;0,183
05/09/2026 06:05:00;0,183;0,1832;0,183;0,1832
05/09/2026 06:10:00;0,1831;0,1834;0,1831;0,1833
05/09/2026 06:15:00;0,1833;0,1833;0,1831;0,1832
05/09/2026 06:20:00;0,1832;0,1834;0,1832;0,1833
05/09/2026 06:25:00;0,1833;0,1834;0,1832;0,1832
05/09/2026 06:30:00;0,1832;0,1833;0,1831;0,1833
05/09/2026 06:35:00;0,1833;0,1833;0,1832;0,1832
05/09/2026 06:40:00;0,1832;0,1834;0,1831;0,1832
05/09/2026 06:45:00;0,1832;0,183357;0,1831;0,1832
05/09/2026 06:50:00;0,1832;0,183265;0,183097;0,1831
05/09/2026 06:55:00;0,1831;0,1833;0,1831;0,1833
05/09/2026 07:00:00;0,1833;0,1833;0,1831;0,1831
05/09/2026 07:05:00;0,1831;0,1833;0,1831;0,1833
05/09/2026 07:10:00;0,1833;0,1833;0,1831;0,1831
05/09/2026 07:15:00;0,1831;0,1833;0,1831;0,1832
05/09/2026 07:20:00;0,1832;0,1832;0,1831;0,1832
05/09/2026 07:25:00;0,1832;0,1834;0,1832;0,1833
05/09/2026 07:30:00;0,1833;0,1838;0,1833;0,1836
05/09/2026 07:35:00;0,1836;0,1836;0,1832;0,1836
05/09/2026 07:40:00;0,1835;0,1839;0,1835;0,1839
05/09/2026 07:45:00;0,1839;0,184;0,1838;0,1839
05/09/2026 07:50:00;0,1839;0,1839;0,1836;0,1838
05/09/2026 07:55:00;0,1838;0,1838;0,1837;0,1838
05/09/2026 08:00:00;0,1838;0,1838;0,1834;0,1835
05/09/2026 08:05:00;0,1835;0,184;0,1834;0,1837
05/09/2026 08:10:00;0,1837;0,1838;0,1834;0,1834
05/09/2026 08:15:00;0,1834;0,1834;0,1833;0,1833
05/09/2026 08:20:00;0,1833;0,1833;0,1832;0,1833
05/09/2026 08:25:00;0,1833;0,1833;0,1832;0,1833
05/09/2026 08:30:00;0,1833;0,1833;0,1831;0,1831
05/09/2026 08:35:00;0,1833;0,1834;0,1832;0,1834
05/09/2026 08:40:00;0,1834;0,1834;0,1831;0,1831
05/09/2026 08:45:00;0,1831;0,1834;0,1831;0,1834
05/09/2026 08:50:00;0,1834;0,1835;0,1833;0,1833
05/09/2026 08:55:00;0,1833;0,1835;0,1833;0,1833
05/09/2026 09:00:00;0,1833;0,1835;0,1833;0,1834
05/09/2026 09:05:00;0,1834;0,1836;0,1833;0,1833
05/09/2026 09:10:00;0,1833;0,1834;0,1833;0,1833
05/09/2026 09:15:00;0,1833;0,1833;0,1832;0,1832
05/09/2026 09:20:00;0,1832;0,1832;0,1826;0,1827
05/09/2026 09:25:00;0,1827;0,1829;0,1827;0,1827
05/09/2026 09:30:00;0,1827;0,1834;0,1826;0,1832
05/09/2026 09:35:00;0,1833;0,1844;0,1833;0,1842
05/09/2026 09:40:00;0,1841;0,1845;0,1841;0,1843
05/09/2026 09:45:00;0,1843;0,1846;0,1842;0,1845
05/09/2026 09:50:00;0,1845;0,1848;0,1842;0,1846
05/09/2026 09:55:00;0,185;0,1851;0,1844;0,1844
05/09/2026 10:00:00;0,1844;0,1844;0,1841;0,1844
05/09/2026 10:05:00;0,1845;0,1847;0,1843;0,1844
05/09/2026 10:10:00;0,1844;0,1845;0,1843;0,1845
05/09/2026 10:15:00;0,1845;0,1846;0,1841;0,1843
05/09/2026 10:20:00;0,1843;0,1848;0,1843;0,1846
05/09/2026 10:25:00;0,1846;0,185;0,1846;0,1847
05/09/2026 10:30:00;0,1847;0,1847;0,18408;0,18408
05/09/2026 10:35:00;0,18408;0,184313;0,1836;0,1836
05/09/2026 10:40:00;0,1836;0,1841;0,183335;0,1835
05/09/2026 10:45:00;0,1835;0,1838;0,1835;0,1837
05/09/2026 10:50:00;0,1837;0,1837;0,183;0,1833
05/09/2026 10:55:00;0,1834;0,1834;0,1833;0,1834
05/09/2026 11:00:00;0,1834;0,1835;0,183187;0,1833
05/09/2026 11:05:00;0,1833;0,1834;0,1833;0,1834
05/09/2026 11:10:00;0,1834;0,1834;0,1832;0,1832
05/09/2026 11:15:00;0,1832;0,1834;0,1832;0,1834
05/09/2026 11:20:00;0,1834;0,18351;0,1833;0,18351
05/09/2026 11:25:00;0,18351;0,1837;0,18339;0,1837
05/09/2026 11:30:00;0,1837;0,1837;0,1835;0,1836
05/09/2026 11:35:00;0,1836;0,1842;0,1836;0,1841
05/09/2026 11:40:00;0,184;0,1842;0,1837;0,1837
05/09/2026 11:45:00;0,1837;0,1839;0,1835;0,1836
05/09/2026 11:50:00;0,1836;0,1838;0,1835;0,1838
05/09/2026 11:55:00;0,1838;0,1842;0,1838;0,1839
05/09/2026 12:00:00;0,1839;0,1841;0,1837;0,1837
05/09/2026 12:05:00;0,1837;0,1839;0,1836;0,1837
05/09/2026 12:10:00;0,1837;0,1842;0,1837;0,1842
05/09/2026 12:15:00;0,1841;0,1841;0,1836;0,1836
05/09/2026 12:20:00;0,184;0,1853;0,183597;0,1852
05/09/2026 12:25:00;0,1852;0,1855;0,1847;0,1853
05/09/2026 12:30:00;0,1853;0,1861;0,185273;0,1861
05/09/2026 12:35:00;0,1861;0,1865;0,1841;0,1842
05/09/2026 12:40:00;0,1842;0,1842;0,1837;0,1839
05/09/2026 12:45:00;0,1839;0,1841;0,1836;0,1838
05/09/2026 12:50:00;0,1838;0,1838;0,1836;0,1837
05/09/2026 12:55:00;0,1837;0,1837;0,1836;0,1836
05/09/2026 13:00:00;0,1836;0,1837;0,1834;0,1836
05/09/2026 13:05:00;0,1836;0,1838;0,1835;0,1837
05/09/2026 13:10:00;0,1837;0,1839;0,1836;0,1837
05/09/2026 13:15:00;0,1836;0,1838;0,1835;0,1837
05/09/2026 13:20:00;0,1837;0,1842;0,1837;0,1841
05/09/2026 13:25:00;0,1841;0,1841;0,1839;0,184
05/09/2026 13:30:00;0,184;0,1844;0,184;0,1842
05/09/2026 13:35:00;0,1842;0,1842;0,1836;0,1836
05/09/2026 13:40:00;0,1836;0,1839;0,1836;0,1837
05/09/2026 13:45:00;0,1841;0,1841;0,183641;0,1839
05/09/2026 13:50:00;0,1839;0,184;0,183471;0,183471
05/09/2026 13:55:00;0,183471;0,1847;0,183471;0,1842
05/09/2026 14:00:00;0,1842;0,1844;0,184;0,1842
05/09/2026 14:05:00;0,1842;0,1847;0,1842;0,1846
05/09/2026 14:10:00;0,1846;0,1849;0,1846;0,1848
05/09/2026 14:15:00;0,1848;0,1848;0,1844;0,1845
05/09/2026 14:20:00;0,1845;0,1847;0,1844;0,1847
05/09/2026 14:25:00;0,1847;0,1847;0,1844;0,1846
05/09/2026 14:30:00;0,1846;0,1848;0,1845;0,1846
05/09/2026 14:35:00;0,1846;0,1846;0,1841;0,1842
05/09/2026 14:40:00;0,1842;0,1842;0,1841;0,1842
05/09/2026 14:45:00;0,1842;0,1845;0,184124;0,1843
05/09/2026 14:50:00;0,1843;0,185;0,1843;0,1848
05/09/2026 14:55:00;0,1849;0,1857;0,1849;0,1854
05/09/2026 15:00:00;0,1854;0,1857;0,1849;0,1849
05/09/2026 15:05:00;0,1849;0,1853;0,1848;0,1849
05/09/2026 15:10:00;0,1849;0,185;0,1848;0,185
05/09/2026 15:15:00;0,185;0,18511;0,1848;0,18511
05/09/2026 15:20:00;0,18511;0,1856;0,18511;0,1855
05/09/2026 15:25:00;0,1855;0,1855;0,1852;0,1852
05/09/2026 15:30:00;0,1852;0,1855;0,185;0,1852
05/09/2026 15:35:00;0,1852;0,1852;0,1851;0,1851
05/09/2026 15:40:00;0,1851;0,1851;0,1847;0,18486
05/09/2026 15:45:00;0,18486;0,18502;0,1848;0,18502
05/09/2026 15:50:00;0,18502;0,18502;0,184589;0,184589
05/09/2026 15:55:00;0,184589;0,1848;0,184589;0,1847
05/09/2026 16:00:00;0,1847;0,1847;0,1845;0,1846
05/09/2026 16:05:00;0,1847;0,1849;0,1847;0,1849
05/09/2026 16:10:00;0,1849;0,1851;0,18489;0,1849
05/09/2026 16:15:00;0,1849;0,1851;0,1849;0,185099
05/09/2026 16:20:00;0,185099;0,185221;0,18478;0,18478
05/09/2026 16:25:00;0,18478;0,1852;0,18478;0,1851
05/09/2026 16:30:00;0,1851;0,1853;0,1848;0,1848
05/09/2026 16:35:00;0,1846;0,18515;0,1845;0,1845
05/09/2026 16:40:00;0,1845;0,185;0,1845;0,1849
05/09/2026 16:45:00;0,1849;0,1849;0,1842;0,1842
05/09/2026 16:50:00;0,1842;0,1845;0,1842;0,1843
05/09/2026 16:55:00;0,1843;0,1844;0,18419;0,18419
05/09/2026 17:00:00;0,18419;0,1846;0,18419;0,1842
05/09/2026 17:05:00;0,1841;0,1846;0,1841;0,1845
05/09/2026 17:10:00;0,1845;0,1847;0,184279;0,1845
05/09/2026 17:15:00;0,1845;0,1845;0,1839;0,1839
05/09/2026 17:20:00;0,1839;0,1843;0,1839;0,184
05/09/2026 17:25:00;0,1842;0,1844;0,184099;0,184099
05/09/2026 17:30:00;0,184099;0,1841;0,18379;0,1838
05/09/2026 17:35:00;0,1838;0,1841;0,1838;0,1839
05/09/2026 17:40:00;0,1839;0,1841;0,183881;0,1841
05/09/2026 17:45:00;0,1841;0,1844;0,1841;0,1843
05/09/2026 17:50:00;0,1843;0,1843;0,184;0,184
05/09/2026 17:55:00;0,184;0,184301;0,184;0,184301
05/09/2026 18:00:00;0,184301;0,1844;0,184187;0,1843
05/09/2026 18:05:00;0,1843;0,1844;0,1839;0,1843
05/09/2026 18:10:00;0,1843;0,1847;0,1843;0,1846
05/09/2026 18:15:00;0,1846;0,1847;0,1844;0,1847
05/09/2026 18:20:00;0,1847;0,1852;0,1847;0,185
05/09/2026 18:25:00;0,185;0,18531;0,185;0,18531
05/09/2026 18:30:00;0,18531;0,1854;0,1852;0,1853
05/09/2026 18:35:00;0,1853;0,1853;0,185;0,1852
05/09/2026 18:40:00;0,1852;0,185348;0,18499;0,1852
05/09/2026 18:45:00;0,1852;0,1853;0,1849;0,1851
05/09/2026 18:50:00;0,1851;0,1851;0,1849;0,1849
05/09/2026 18:55:00;0,1849;0,1852;0,1848;0,1852
05/09/2026 19:00:00;0,1852;0,1856;0,1851;0,1853
05/09/2026 19:05:00;0,1853;0,1858;0,1851;0,1851
05/09/2026 19:10:00;0,1851;0,1854;0,1851;0,1853
05/09/2026 19:15:00;0,1853;0,1854;0,1849;0,1849
05/09/2026 19:20:00;0,1849;0,18511;0,1848;0,1849
05/09/2026 19:25:00;0,1849;0,1849;0,1845;0,1847
05/09/2026 19:30:00;0,1847;0,1849;0,1846;0,1848
05/09/2026 19:35:00;0,1848;0,1848;0,1846;0,1848
05/09/2026 19:40:00;0,1848;0,1848;0,1846;0,1846
05/09/2026 19:45:00;0,1846;0,1846;0,1844;0,1845
05/09/2026 19:50:00;0,1845;0,18471;0,1845;0,1846
05/09/2026 19:55:00;0,1846;0,1847;0,1845;0,1845
05/09/2026 20:00:00;0,1845;0,1847;0,1843;0,1843
05/09/2026 20:05:00;0,1843;0,1846;0,1843;0,1843
05/09/2026 20:10:00;0,1843;0,1844;0,1842;0,1843
05/09/2026 20:15:00;0,1843;0,1845;0,1842;0,1845
05/09/2026 20:20:00;0,1845;0,184573;0,184;0,1841
05/09/2026 20:25:00;0,1841;0,1844;0,1841;0,1843
05/09/2026 20:30:00;0,1843;0,1844;0,1843;0,1844
05/09/2026 20:35:00;0,1844;0,1844;0,1838;0,1841
05/09/2026 20:40:00;0,1841;0,1841;0,183946;0,1841
05/09/2026 20:45:00;0,1841;0,1844;0,1841;0,1842
05/09/2026 20:50:00;0,1842;0,1843;0,1841;0,1842
05/09/2026 20:55:00;0,1842;0,1842;0,1838;0,1839
05/09/2026 21:00:00;0,1839;0,1841;0,1838;0,1839
05/09/2026 21:05:00;0,1841;0,1841;0,184;0,1841
05/09/2026 21:10:00;0,1841;0,1842;0,184;0,184
05/09/2026 21:15:00;0,184;0,18421;0,184;0,18413
05/09/2026 21:20:00;0,18413;0,1844;0,184062;0,1843
05/09/2026 21:25:00;0,1843;0,1846;0,1843;0,1845
05/09/2026 21:30:00;0,1845;0,1846;0,184243;0,184243
05/09/2026 21:35:00;0,184243;0,185;0,184243;0,1849
05/09/2026 21:40:00;0,1849;0,185044;0,1848;0,1849
05/09/2026 21:45:00;0,1849;0,1849;0,1847;0,1847
05/09/2026 21:50:00;0,1847;0,1851;0,1847;0,1847
05/09/2026 21:55:00;0,1847;0,1849;0,1846;0,1846
05/09/2026 22:00:00;0,1846;0,1851;0,1845;0,1847
05/09/2026 22:05:00;0,1848;0,185;0,1847;0,185
05/09/2026 22:10:00;0,185;0,1852;0,1848;0,185
05/09/2026 22:15:00;0,185;0,1852;0,1849;0,185
05/09/2026 22:20:00;0,185;0,1852;0,1848;0,185
05/09/2026 22:25:00;0,185;0,1854;0,185;0,1852
05/09/2026 22:30:00;0,1852;0,1854;0,185;0,1854
05/09/2026 22:35:00;0,1854;0,1857;0,1853;0,1856
05/09/2026 22:40:00;0,1856;0,1859;0,1854;0,1855
05/09/2026 22:45:00;0,1854;0,1856;0,1852;0,1853
05/09/2026 22:50:00;0,1853;0,1858;0,1852;0,1856
05/09/2026 22:55:00;0,1856;0,1857;0,1853;0,1856
05/09/2026 23:00:00;0,1856;0,1858;0,1854;0,1855
05/09/2026 23:05:00;0,1855;0,1861;0,1855;0,186
05/09/2026 23:10:00;0,186;0,186;0,1857;0,1859
05/09/2026 23:15:00;0,1859;0,186;0,1856;0,1856
05/09/2026 23:20:00;0,1856;0,1856;0,1853;0,1854
05/09/2026 23:25:00;0,1854;0,1857;0,1854;0,1856
05/09/2026 23:30:00;0,1856;0,1861;0,1856;0,1861
05/09/2026 23:35:00;0,1861;0,1862;0,186;0,1862
05/09/2026 23:40:00;0,1862;0,1863;0,1857;0,1857
05/09/2026 23:45:00;0,1859;0,1859;0,185688;0,185788
05/09/2026 23:50:00;0,185788;0,186;0,1856;0,186
05/09/2026 23:55:00;0,186;0,1861;0,186;0,1861
06/09/2026 00:00:00;0,1861;0,1861;0,1859;0,1859
06/09/2026 00:05:00;0,1861;0,18611;0,1859;0,1859
06/09/2026 00:10:00;0,1859;0,1865;0,185798;0,1865
06/09/2026 00:15:00;0,1865;0,1866;0,18639;0,1864
06/09/2026 00:20:00;0,1864;0,1867;0,1862;0,1867
06/09/2026 00:25:00;0,1867;0,1867;0,1862;0,1866
06/09/2026 00:30:00;0,1866;0,1868;0,186477;0,1865
06/09/2026 00:35:00;0,1866;0,1872;0,1864;0,187
06/09/2026 00:40:00;0,1871;0,1874;0,1869;0,187
06/09/2026 00:45:00;0,187;0,1873;0,187;0,1871
06/09/2026 00:50:00;0,1871;0,1871;0,1866;0,187
06/09/2026 00:55:00;0,187;0,187;0,1868;0,1868
06/09/2026 01:00:00;0,1868;0,1868;0,1861;0,1861
06/09/2026 01:05:00;0,1862;0,1863;0,1857;0,186
06/09/2026 01:10:00;0,186;0,1863;0,1858;0,1859
06/09/2026 01:15:00;0,1859;0,1859;0,1855;0,1855
06/09/2026 01:20:00;0,1855;0,1856;0,1852;0,1856
06/09/2026 01:25:00;0,1856;0,1858;0,1856;0,1858
06/09/2026 01:30:00;0,1856;0,1857;0,1855;0,1857
06/09/2026 01:35:00;0,1857;0,1862;0,1857;0,1861
06/09/2026 01:40:00;0,1861;0,1869;0,1859;0,1867
06/09/2026 01:45:00;0,1867;0,1872;0,1867;0,1871
06/09/2026 01:50:00;0,1871;0,1871;0,186266;0,1864
06/09/2026 01:55:00;0,1864;0,1865;0,186;0,1861
06/09/2026 02:00:00;0,1861;0,1864;0,186;0,1863
06/09/2026 02:05:00;0,1863;0,1863;0,1861;0,1861
06/09/2026 02:10:00;0,1861;0,1861;0,1857;0,1857
06/09/2026 02:15:00;0,1857;0,186;0,1857;0,1859
06/09/2026 02:20:00;0,1859;0,1865;0,1859;0,1864
06/09/2026 02:25:00;0,1865;0,1867;0,1863;0,1864
06/09/2026 02:30:00;0,1864;0,1873;0,1864;0,1871
06/09/2026 02:35:00;0,1871;0,1876;0,1871;0,1875
06/09/2026 02:40:00;0,1875;0,1876;0,1872;0,1875
06/09/2026 02:45:00;0,1875;0,1877;0,1872;0,1874
06/09/2026 02:50:00;0,1874;0,1876;0,1873;0,1875
06/09/2026 02:55:00;0,1874;0,1876;0,1872;0,1875
06/09/2026 03:00:00;0,1875;0,1877;0,1875;0,1877
06/09/2026 03:05:00;0,1877;0,1877;0,1871;0,1871
06/09/2026 03:10:00;0,1871;0,1875;0,1871;0,1872
06/09/2026 03:15:00;0,1872;0,1873;0,1867;0,1868
06/09/2026 03:20:00;0,1868;0,1868;0,1863;0,1863
06/09/2026 03:25:00;0,1863;0,1866;0,1863;0,1863
06/09/2026 03:30:00;0,1863;0,1866;0,1862;0,1864
06/09/2026 03:35:00;0,1863;0,1866;0,1862;0,1865
06/09/2026 03:40:00;0,1865;0,1865;0,18596;0,18596
06/09/2026 03:45:00;0,18596;0,1867;0,18594;0,1865
06/09/2026 03:50:00;0,1865;0,186568;0,1863;0,1864
06/09/2026 03:55:00;0,1864;0,1864;0,1861;0,1862
06/09/2026 04:00:00;0,1862;0,1865;0,1861;0,1861
06/09/2026 04:05:00;0,1861;0,1861;0,1857;0,1857
06/09/2026 04:10:00;0,1857;0,1857;0,1843;0,1844
06/09/2026 04:15:00;0,1844;0,1851;0,1844;0,1848
06/09/2026 04:20:00;0,1848;0,1852;0,1847;0,1848
06/09/2026 04:25:00;0,1848;0,185;0,1847;0,1848
06/09/2026 04:30:00;0,1848;0,1849;0,1847;0,1847
06/09/2026 04:35:00;0,1847;0,185;0,1847;0,185
06/09/2026 04:40:00;0,185;0,1853;0,185;0,1852
06/09/2026 04:45:00;0,1852;0,1854;0,1852;0,1854
06/09/2026 04:50:00;0,1854;0,1855;0,1852;0,1855
06/09/2026 04:55:00;0,1855;0,1858;0,1855;0,1856
06/09/2026 05:00:00;0,1856;0,1857;0,1855;0,1856
06/09/2026 05:05:00;0,1856;0,1861;0,1855;0,186
06/09/2026 05:10:00;0,186;0,1865;0,186;0,1864
06/09/2026 05:15:00;0,1864;0,1865;0,1858;0,1859
06/09/2026 05:20:00;0,1859;0,1859;0,1855;0,1856
06/09/2026 05:25:00;0,1856;0,1857;0,1854;0,1855
06/09/2026 05:30:00;0,1855;0,1857;0,1853;0,1855
06/09/2026 05:35:00;0,1855;0,1857;0,1854;0,1856
06/09/2026 05:40:00;0,1856;0,1856;0,1851;0,1852
06/09/2026 05:45:00;0,1852;0,1854;0,1851;0,1852
06/09/2026 05:50:00;0,1853;0,1854;0,1852;0,1853
06/09/2026 05:55:00;0,1853;0,1858;0,1853;0,1858
06/09/2026 06:00:00;0,1858;0,185829;0,185;0,1854
06/09/2026 06:05:00;0,1854;0,1855;0,1853;0,1853
06/09/2026 06:10:00;0,1853;0,186;0,1853;0,18581
06/09/2026 06:15:00;0,18581;0,1863;0,185745;0,1861
06/09/2026 06:20:00;0,1861;0,1864;0,1861;0,1862
06/09/2026 06:25:00;0,1864;0,1865;0,1862;0,1865
06/09/2026 06:30:00;0,1865;0,1865;0,1862;0,1863
06/09/2026 06:35:00;0,1863;0,1865;0,1859;0,1862
06/09/2026 06:40:00;0,1862;0,1862;0,1858;0,1858
06/09/2026 06:45:00;0,1858;0,1863;0,1858;0,1861
06/09/2026 06:50:00;0,1861;0,1863;0,186;0,1861
06/09/2026 06:55:00;0,1861;0,18651;0,1861;0,18651
06/09/2026 07:00:00;0,18651;0,1866;0,18609;0,1866
06/09/2026 07:05:00;0,1866;0,1867;0,1862;0,1863
06/09/2026 07:10:00;0,1863;0,1863;0,1861;0,1862
06/09/2026 07:15:00;0,1862;0,1864;0,1861;0,1863
06/09/2026 07:20:00;0,1863;0,1863;0,186;0,186
06/09/2026 07:25:00;0,186;0,1862;0,1859;0,186
06/09/2026 07:30:00;0,186;0,1861;0,1859;0,186
06/09/2026 07:35:00;0,186;0,1862;0,1859;0,1861
06/09/2026 07:40:00;0,1861;0,1864;0,1861;0,1863
06/09/2026 07:45:00;0,1863;0,1865;0,1863;0,1865
06/09/2026 07:50:00;0,1865;0,1869;0,1865;0,1868
06/09/2026 07:55:00;0,1869;0,18723;0,1868;0,18723
06/09/2026 08:00:00;0,18723;0,18723;0,1868;0,1869
06/09/2026 08:05:00;0,1869;0,1872;0,1869;0,1871
06/09/2026 08:10:00;0,1871;0,1872;0,1869;0,1872
06/09/2026 08:15:00;0,1872;0,1873;0,1871;0,1872
06/09/2026 08:20:00;0,1872;0,1872;0,1869;0,187
06/09/2026 08:25:00;0,187;0,1871;0,1867;0,1868
06/09/2026 08:30:00;0,1868;0,187;0,1868;0,187
06/09/2026 08:35:00;0,187;0,187;0,1867;0,1867
06/09/2026 08:40:00;0,1867;0,1869;0,1865;0,1868
06/09/2026 08:45:00;0,1868;0,1872;0,1868;0,1872
06/09/2026 08:50:00;0,1872;0,1872;0,1868;0,1868
06/09/2026 08:55:00;0,1868;0,1871;0,1868;0,187
06/09/2026 09:00:00;0,187;0,18711;0,1868;0,1868
06/09/2026 09:05:00;0,1868;0,1869;0,1866;0,1869
06/09/2026 09:10:00;0,1869;0,1871;0,1867;0,187
06/09/2026 09:15:00;0,187;0,187;0,1868;0,1868
06/09/2026 09:20:00;0,1868;0,1868;0,1865;0,1867
06/09/2026 09:25:00;0,1867;0,1867;0,18639;0,18639
06/09/2026 09:30:00;0,18639;0,1871;0,18639;0,1866
06/09/2026 09:35:00;0,1868;0,187;0,1867;0,187
06/09/2026 09:40:00;0,187;0,187;0,1865;0,1865
06/09/2026 09:45:00;0,1865;0,1867;0,1862;0,1862
06/09/2026 09:50:00;0,1862;0,1867;0,1862;0,1866
06/09/2026 09:55:00;0,1866;0,1867;0,1862;0,1862
06/09/2026 10:00:00;0,1862;0,1866;0,1861;0,1865
06/09/2026 10:05:00;0,1865;0,1868;0,1863;0,1868
06/09/2026 10:10:00;0,1868;0,186854;0,1864;0,1864
06/09/2026 10:15:00;0,1864;0,1866;0,1859;0,1859
06/09/2026 10:20:00;0,1859;0,1859;0,1855;0,1856
06/09/2026 10:25:00;0,1856;0,1859;0,1855;0,1855
06/09/2026 10:30:00;0,1855;0,1856;0,1853;0,1855
06/09/2026 10:35:00;0,1855;0,1859;0,1855;0,1858
06/09/2026 10:40:00;0,1858;0,1861;0,1858;0,1861
06/09/2026 10:45:00;0,1861;0,1862;0,186;0,186
06/09/2026 10:50:00;0,186;0,1862;0,1859;0,1861
06/09/2026 10:55:00;0,1861;0,1864;0,1861;0,1862
06/09/2026 11:00:00;0,1862;0,1862;0,1857;0,186
06/09/2026 11:05:00;0,186;0,186;0,1857;0,1857
06/09/2026 11:10:00;0,1857;0,1857;0,1851;0,1852
06/09/2026 11:15:00;0,1852;0,1854;0,1847;0,1851
06/09/2026 11:20:00;0,1851;0,1851;0,1842;0,1843
06/09/2026 11:25:00;0,1843;0,1845;0,1842;0,1842
06/09/2026 11:30:00;0,1842;0,1843;0,1829;0,1839
06/09/2026 11:35:00;0,1839;0,1842;0,1838;0,184
06/09/2026 11:40:00;0,1841;0,1844;0,1841;0,1843
06/09/2026 11:45:00;0,1843;0,1843;0,1835;0,1837
06/09/2026 11:50:00;0,1837;0,1843;0,1837;0,1839
06/09/2026 11:55:00;0,184;0,184;0,1836;0,1836
06/09/2026 12:00:00;0,1836;0,1836;0,1826;0,1833
06/09/2026 12:05:00;0,1833;0,1836;0,1831;0,1831
06/09/2026 12:10:00;0,1831;0,1834;0,1831;0,1833
06/09/2026 12:15:00;0,1832;0,1837;0,1832;0,1837
06/09/2026 12:20:00;0,1837;0,1838;0,1834;0,1834
06/09/2026 12:25:00;0,1835;0,1837;0,1835;0,1836
06/09/2026 12:30:00;0,1836;0,1836;0,1832;0,1834
06/09/2026 12:35:00;0,1834;0,1838;0,1833;0,1837
06/09/2026 12:40:00;0,1837;0,1839;0,1837;0,1839
06/09/2026 12:45:00;0,1839;0,184;0,183574;0,1837
06/09/2026 12:50:00;0,1837;0,1841;0,1837;0,1838
06/09/2026 12:55:00;0,1837;0,1839;0,1837;0,1839
06/09/2026 13:00:00;0,1839;0,1839;0,1836;0,1836
06/09/2026 13:05:00;0,1836;0,184;0,1836;0,1837
06/09/2026 13:10:00;0,1837;0,1843;0,1837;0,1843
06/09/2026 13:15:00;0,1843;0,1845;0,1842;0,1845
06/09/2026 13:20:00;0,1845;0,1845;0,1841;0,1841
06/09/2026 13:25:00;0,1841;0,1847;0,184;0,1847
06/09/2026 13:30:00;0,1847;0,185;0,1845;0,1848
06/09/2026 13:35:00;0,1848;0,185;0,1848;0,1848
06/09/2026 13:40:00;0,1848;0,1849;0,1847;0,1848
06/09/2026 13:45:00;0,1848;0,1848;0,1845;0,1846
06/09/2026 13:50:00;0,1846;0,1848;0,1846;0,1847
06/09/2026 13:55:00;0,1847;0,1848;0,1845;0,1846
06/09/2026 14:00:00;0,1846;0,1846;0,1844;0,1845
06/09/2026 14:05:00;0,1843;0,1843;0,1837;0,1837
06/09/2026 14:10:00;0,1837;0,1841;0,1837;0,1841
06/09/2026 14:15:00;0,1841;0,1842;0,1841;0,1842
06/09/2026 14:20:00;0,1842;0,1845;0,184;0,1843
06/09/2026 14:25:00;0,1842;0,1844;0,1838;0,1838
06/09/2026 14:30:00;0,1838;0,1841;0,1837;0,1839
06/09/2026 14:35:00;0,1839;0,1842;0,1839;0,1841
06/09/2026 14:40:00;0,1841;0,1842;0,1841;0,1841
06/09/2026 14:45:00;0,1841;0,1841;0,1838;0,1838
06/09/2026 14:50:00;0,1838;0,1839;0,1837;0,1838
06/09/2026 14:55:00;0,1838;0,184;0,1838;0,1839
06/09/2026 15:00:00;0,1839;0,184;0,1838;0,184
06/09/2026 15:05:00;0,184;0,184;0,184;0,184
06/09/2026 15:10:00;0,184;0,1844;0,184;0,1843
06/09/2026 15:15:00;0,1843;0,1843;0,1842;0,1842
06/09/2026 15:20:00;0,1842;0,1843;0,1841;0,1842
06/09/2026 15:25:00;0,1842;0,1844;0,1842;0,1844
06/09/2026 15:30:00;0,1845;0,1846;0,1843;0,1843
06/09/2026 15:35:00;0,1843;0,1843;0,1842;0,1843
06/09/2026 15:40:00;0,1843;0,1845;0,1841;0,1841
06/09/2026 15:45:00;0,1841;0,1841;0,1838;0,1838
06/09/2026 15:50:00;0,1839;0,1839;0,1837;0,1837
06/09/2026 15:55:00;0,1837;0,1838;0,1837;0,1838
06/09/2026 16:00:00;0,1838;0,1838;0,1836;0,1836
06/09/2026 16:05:00;0,1836;0,1837;0,1834;0,1835
06/09/2026 16:10:00;0,1835;0,1836;0,1834;0,1836
06/09/2026 16:15:00;0,1836;0,1837;0,1835;0,1836
06/09/2026 16:20:00;0,1836;0,1838;0,1835;0,1838
06/09/2026 16:25:00;0,1838;0,1839;0,1837;0,1837
06/09/2026 16:30:00;0,1837;0,1837;0,1834;0,1834
06/09/2026 16:35:00;0,1834;0,1836;0,1834;0,1835
06/09/2026 16:40:00;0,1835;0,1836;0,1834;0,1836
06/09/2026 16:45:00;0,1835;0,1838;0,1835;0,1836
06/09/2026 16:50:00;0,1836;0,1836;0,1833;0,1834
06/09/2026 16:55:00;0,1834;0,1835;0,1832;0,1835
06/09/2026 17:00:00;0,1835;0,1835;0,1832;0,1832
06/09/2026 17:05:00;0,1833;0,1834;0,183171;0,1833
06/09/2026 17:10:00;0,1833;0,1837;0,1833;0,1836
06/09/2026 17:15:00;0,1836;0,1839;0,1834;0,1839
06/09/2026 17:20:00;0,1839;0,1842;0,183834;0,1842
06/09/2026 17:25:00;0,1842;0,1844;0,1842;0,1844
06/09/2026 17:30:00;0,1844;0,18502;0,1844;0,18502
06/09/2026 17:35:00;0,18502;0,1852;0,1847;0,1849
06/09/2026 17:40:00;0,1849;0,185;0,1846;0,185
06/09/2026 17:45:00;0,185;0,1855;0,185;0,1855
06/09/2026 17:50:00;0,1855;0,1855;0,1854;0,1855
06/09/2026 17:55:00;0,1852;0,1854;0,185;0,1854
06/09/2026 18:00:00;0,1854;0,1858;0,1853;0,1858
06/09/2026 18:05:00;0,1858;0,1858;0,1853;0,1857
06/09/2026 18:10:00;0,1857;0,1859;0,1856;0,1859
06/09/2026 18:15:00;0,1859;0,1864;0,1859;0,1863
06/09/2026 18:20:00;0,1863;0,1864;0,186;0,1863
06/09/2026 18:25:00;0,1862;0,1864;0,1858;0,1859
06/09/2026 18:30:00;0,1859;0,1863;0,1857;0,1862
06/09/2026 18:35:00;0,1862;0,1863;0,186;0,1863
06/09/2026 18:40:00;0,1863;0,1866;0,1861;0,1864
06/09/2026 18:45:00;0,1864;0,1868;0,1864;0,1868
06/09/2026 18:50:00;0,1868;0,1868;0,1861;0,1862
06/09/2026 18:55:00;0,1862;0,1864;0,1862;0,1863
06/09/2026 19:00:00;0,1863;0,1863;0,1858;0,1858
06/09/2026 19:05:00;0,1857;0,185846;0,1853;0,1853
06/09/2026 19:10:00;0,1851;0,1853;0,1848;0,1851
06/09/2026 19:15:00;0,1851;0,1852;0,1844;0,1844
06/09/2026 19:20:00;0,1844;0,1853;0,1844;0,1851
06/09/2026 19:25:00;0,1851;0,1854;0,1851;0,1854
06/09/2026 19:30:00;0,1854;0,186;0,1854;0,1859
06/09/2026 19:35:00;0,1859;0,1863;0,1859;0,186
06/09/2026 19:40:00;0,186;0,1863;0,186;0,1862
06/09/2026 19:45:00;0,1862;0,1862;0,1856;0,1857
06/09/2026 19:50:00;0,1856;0,185826;0,1856;0,1857
06/09/2026 19:55:00;0,1857;0,1857;0,1854;0,1855
06/09/2026 20:00:00;0,1855;0,1864;0,1855;0,1861
06/09/2026 20:05:00;0,1861;0,1862;0,1858;0,1862
06/09/2026 20:10:00;0,1862;0,1862;0,1859;0,1861
06/09/2026 20:15:00;0,1861;0,1864;0,1859;0,1864
06/09/2026 20:20:00;0,1865;0,1865;0,1863;0,1863
06/09/2026 20:25:00;0,1863;0,1865;0,1862;0,1864
06/09/2026 20:30:00;0,1864;0,1865;0,1863;0,1863
06/09/2026 20:35:00;0,1863;0,1869;0,1862;0,1869
06/09/2026 20:40:00;0,1867;0,18675;0,1866;0,1867
06/09/2026 20:45:00;0,1867;0,1872;0,1866;0,1869
06/09/2026 20:50:00;0,1869;0,187;0,1867;0,1869
06/09/2026 20:55:00;0,1869;0,1879;0,18659;0,1877
06/09/2026 21:00:00;0,1877;0,1878;0,186438;0,18758
06/09/2026 21:05:00;0,18758;0,1882;0,18758;0,1882
06/09/2026 21:10:00;0,1882;0,189;0,1881;0,1886
06/09/2026 21:15:00;0,1886;0,189;0,188;0,1882
06/09/2026 21:20:00;0,1882;0,1883;0,1877;0,188
06/09/2026 21:25:00;0,188;0,1884;0,1878;0,1884
06/09/2026 21:30:00;0,1884;0,1887;0,1879;0,1879
06/09/2026 21:35:00;0,1879;0,1884;0,18783;0,1884
06/09/2026 21:40:00;0,1885;0,1901;0,1885;0,19
06/09/2026 21:45:00;0,19;0,1905;0,1886;0,1892
06/09/2026 21:50:00;0,1892;0,1893;0,1884;0,1886
06/09/2026 21:55:00;0,1886;0,1886;0,1879;0,1883
06/09/2026 22:00:00;0,1883;0,1889;0,188;0,1887
06/09/2026 22:05:00;0,1887;0,1887;0,1873;0,1874
06/09/2026 22:10:00;0,1874;0,1878;0,1872;0,1875
06/09/2026 22:15:00;0,1875;0,1876;0,1866;0,1866
06/09/2026 22:20:00;0,1866;0,1869;0,1861;0,1865
06/09/2026 22:25:00;0,1865;0,1868;0,1863;0,1867
06/09/2026 22:30:00;0,1867;0,1872;0,1864;0,187
06/09/2026 22:35:00;0,187;0,1871;0,1866;0,1867
06/09/2026 22:40:00;0,1867;0,1868;0,186;0,186
06/09/2026 22:45:00;0,186;0,1864;0,186;0,1861
06/09/2026 22:50:00;0,1861;0,1867;0,1861;0,1866
06/09/2026 22:55:00;0,1866;0,1866;0,1864;0,1864
06/09/2026 23:00:00;0,1864;0,1867;0,1861;0,1861
06/09/2026 23:05:00;0,1861;0,1861;0,1856;0,1857
06/09/2026 23:10:00;0,1857;0,1858;0,1855;0,1858
06/09/2026 23:15:00;0,1858;0,1865;0,1858;0,1864
06/09/2026 23:20:00;0,1864;0,1867;0,1861;0,1866
06/09/2026 23:25:00;0,1864;0,1872;0,1864;0,1871
06/09/2026 23:30:00;0,1871;0,1874;0,187;0,1871
06/09/2026 23:35:00;0,1871;0,1895;0,1871;0,1894
06/09/2026 23:40:00;0,1894;0,1897;0,1888;0,1895
06/09/2026 23:45:00;0,1894;0,19;0,1894;0,1899
06/09/2026 23:50:00;0,1899;0,1899;0,1892;0,1893
06/09/2026 23:55:00;0,1893;0,1897;0,1884;0,1885
07/09/2026 00:00:00;0,1885;0,1886;0,1879;0,1885
07/09/2026 00:05:00;0,1885;0,1885;0,1875;0,1876
07/09/2026 00:10:00;0,1876;0,1876;0,1874;0,1874
07/09/2026 00:15:00;0,1874;0,1875;0,1873;0,1875
07/09/2026 00:20:00;0,1875;0,1878;0,1873;0,1873
07/09/2026 00:25:00;0,1873;0,1873;0,1867;0,1867
07/09/2026 00:30:00;0,1867;0,18682;0,1865;0,1867
07/09/2026 00:35:00;0,1867;0,1867;0,1864;0,1864
07/09/2026 00:40:00;0,1865;0,1871;0,1865;0,1871
07/09/2026 00:45:00;0,187;0,1879;0,187;0,1871
07/09/2026 00:50:00;0,1871;0,1873;0,1869;0,187
07/09/2026 00:55:00;0,1871;0,1876;0,1871;0,1872
07/09/2026 01:00:00;0,1872;0,1877;0,1872;0,1877
07/09/2026 01:05:00;0,1877;0,188599;0,1875;0,1885
07/09/2026 01:10:00;0,1885;0,1901;0,1885;0,1901
07/09/2026 01:15:00;0,1901;0,1902;0,1894;0,1902
07/09/2026 01:20:00;0,1902;0,1909;0,189633;0,1908
07/09/2026 01:25:00;0,1908;0,1914;0,189894;0,1914
07/09/2026 01:30:00;0,1914;0,192;0,1909;0,1909
07/09/2026 01:35:00;0,1909;0,1917;0,1902;0,1914
07/09/2026 01:40:00;0,1914;0,1922;0,191;0,192
07/09/2026 01:45:00;0,1928;0,193;0,192531;0,193
07/09/2026 01:50:00;0,193;0,193;0,1917;0,1918
07/09/2026 01:55:00;0,1924;0,1925;0,191;0,191
07/09/2026 02:00:00;0,1913;0,1918;0,1908;0,1915
07/09/2026 02:05:00;0,1914;0,1923;0,1911;0,192
07/09/2026 02:10:00;0,192;0,192343;0,191528;0,192343
07/09/2026 02:15:00;0,192343;0,193;0,192;0,193
07/09/2026 02:20:00;0,193;0,193;0,1918;0,1929
07/09/2026 02:25:00;0,1929;0,193331;0,1925;0,193
07/09/2026 02:30:00;0,1927;0,193133;0,1918;0,1919
07/09/2026 02:35:00;0,1919;0,1931;0,1913;0,1913
07/09/2026 02:40:00;0,1913;0,1913;0,1906;0,1908
07/09/2026 02:45:00;0,1908;0,1911;0,1907;0,191
07/09/2026 02:50:00;0,191;0,191;0,1903;0,1903
07/09/2026 02:55:00;0,1904;0,1904;0,1901;0,1903
07/09/2026 03:00:00;0,1901;0,1907;0,1901;0,1907
07/09/2026 03:05:00;0,1907;0,1912;0,1905;0,191
07/09/2026 03:10:00;0,191;0,1913;0,191;0,1912
07/09/2026 03:15:00;0,1912;0,1913;0,1908;0,1909
07/09/2026 03:20:00;0,1909;0,1909;0,1904;0,1906
07/09/2026 03:25:00;0,1906;0,1907;0,1902;0,1902
07/09/2026 03:30:00;0,1902;0,1905;0,1901;0,1902
07/09/2026 03:35:00;0,1902;0,1904;0,1896;0,1899
07/09/2026 03:40:00;0,1899;0,19;0,1897;0,1897
07/09/2026 03:45:00;0,1897;0,19;0,1896;0,1898
07/09/2026 03:50:00;0,1898;0,1899;0,1896;0,1896
07/09/2026 03:55:00;0,1897;0,1899;0,1896;0,1899
07/09/2026 04:00:00;0,1899;0,19;0,1896;0,1898
07/09/2026 04:05:00;0,1898;0,1903;0,1897;0,1903
07/09/2026 04:10:00;0,1904;0,1906;0,1902;0,1906
07/09/2026 04:15:00;0,1906;0,1907;0,1904;0,1905
07/09/2026 04:20:00;0,1905;0,1906;0,1894;0,1896
07/09/2026 04:25:00;0,1896;0,1907;0,1893;0,1893
07/09/2026 04:30:00;0,1893;0,1905;0,1882;0,1892
07/09/2026 04:35:00;0,1892;0,1892;0,1874;0,1874
07/09/2026 04:40:00;0,1874;0,1882;0,1866;0,1882
07/09/2026 04:45:00;0,1882;0,1888;0,1882;0,1888
07/09/2026 04:50:00;0,1888;0,1888;0,1881;0,1882
07/09/2026 04:55:00;0,1882;0,1887;0,188;0,1887
07/09/2026 05:00:00;0,1887;0,1891;0,1885;0,1887
07/09/2026 05:05:00;0,1887;0,1894;0,1887;0,1894
07/09/2026 05:10:00;0,1894;0,1899;0,1894;0,1895
07/09/2026 05:15:00;0,1895;0,1899;0,1894;0,1898
07/09/2026 05:20:00;0,1898;0,19;0,1895;0,1896
07/09/2026 05:25:00;0,1896;0,1901;0,1895;0,1899
07/09/2026 05:30:00;0,1899;0,1904;0,1899;0,19
07/09/2026 05:35:00;0,19;0,19;0,1892;0,1897
07/09/2026 05:40:00;0,1897;0,1899;0,1897;0,1899
07/09/2026 05:45:00;0,1899;0,1904;0,1897;0,1904
07/09/2026 05:50:00;0,1899;0,1903;0,1899;0,19
07/09/2026 05:55:00;0,19;0,1905;0,19;0,1904
07/09/2026 06:00:00;0,1904;0,1907;0,189998;0,189998
07/09/2026 06:05:00;0,189998;0,1907;0,189998;0,1907
07/09/2026 06:10:00;0,1907;0,1913;0,1907;0,1912
07/09/2026 06:15:00;0,1912;0,1913;0,1909;0,1912
07/09/2026 06:20:00;0,1912;0,1912;0,1907;0,1908
07/09/2026 06:25:00;0,1908;0,1913;0,1907;0,191
07/09/2026 06:30:00;0,191;0,1915;0,1909;0,1911
07/09/2026 06:35:00;0,1911;0,1911;0,190324;0,1906
07/09/2026 06:40:00;0,1906;0,1911;0,1906;0,1908
07/09/2026 06:45:00;0,1908;0,191;0,1907;0,1907
07/09/2026 06:50:00;0,1907;0,1909;0,1898;0,1898
07/09/2026 06:55:00;0,1899;0,1901;0,1894;0,1894
07/09/2026 07:00:00;0,1894;0,1903;0,1894;0,1902
07/09/2026 07:05:00;0,1902;0,1906;0,1897;0,1901
07/09/2026 07:10:00;0,1901;0,1904;0,1897;0,1902
07/09/2026 07:15:00;0,1902;0,1912;0,1902;0,1912
07/09/2026 07:20:00;0,1912;0,1914;0,1908;0,1912
07/09/2026 07:25:00;0,1912;0,1919;0,1911;0,1914
07/09/2026 07:30:00;0,1914;0,1916;0,1909;0,191
07/09/2026 07:35:00;0,1911;0,192;0,1909;0,1918
07/09/2026 07:40:00;0,1918;0,1922;0,1918;0,1918
07/09/2026 07:45:00;0,1918;0,1926;0,1918;0,1924
07/09/2026 07:50:00;0,1924;0,1924;0,1919;0,1922
07/09/2026 07:55:00;0,1922;0,1922;0,1915;0,1922
07/09/2026 08:00:00;0,1922;0,1929;0,1921;0,1922
07/09/2026 08:05:00;0,1922;0,1922;0,1917;0,1917
07/09/2026 08:10:00;0,1917;0,1923;0,1916;0,1921
07/09/2026 08:15:00;0,1921;0,1921;0,1917;0,1919
07/09/2026 08:20:00;0,1919;0,1921;0,1916;0,1917
07/09/2026 08:25:00;0,1917;0,1918;0,1914;0,1915
07/09/2026 08:30:00;0,1917;0,192;0,1914;0,192
07/09/2026 08:35:00;0,192;0,192;0,1911;0,1911
07/09/2026 08:40:00;0,191;0,1913;0,191;0,191
07/09/2026 08:45:00;0,191;0,1915;0,1909;0,191
07/09/2026 08:50:00;0,191;0,1913;0,1908;0,1912
07/09/2026 08:55:00;0,1912;0,1913;0,1907;0,1911
07/09/2026 09:00:00;0,1911;0,1915;0,191;0,1911
07/09/2026 09:05:00;0,1911;0,1929;0,1911;0,1928
07/09/2026 09:10:00;0,1928;0,1938;0,1927;0,1931
07/09/2026 09:15:00;0,1931;0,1932;0,1925;0,1931
07/09/2026 09:20:00;0,1931;0,194;0,193;0,194
07/09/2026 09:25:00;0,194;0,1948;0,1938;0,1943
07/09/2026 09:30:00;0,1943;0,1949;0,1942;0,1948
07/09/2026 09:35:00;0,1948;0,1952;0,1945;0,1945
07/09/2026 09:40:00;0,1945;0,1948;0,1944;0,1948
07/09/2026 09:45:00;0,1947;0,1952;0,1945;0,1948
07/09/2026 09:50:00;0,1948;0,1957;0,1948;0,1957
07/09/2026 09:55:00;0,1957;0,1964;0,1952;0,1954
07/09/2026 10:00:00;0,1954;0,1959;0,1953;0,1956
07/09/2026 10:05:00;0,1956;0,1956;0,1944;0,195
07/09/2026 10:10:00;0,195;0,195;0,1944;0,1945
07/09/2026 10:15:00;0,1945;0,1949;0,1945;0,1946
07/09/2026 10:20:00;0,1946;0,1947;0,1943;0,1944
07/09/2026 10:25:00;0,1944;0,1944;0,19389;0,19389
07/09/2026 10:30:00;0,19389;0,1944;0,1933;0,1933
07/09/2026 10:35:00;0,1933;0,1933;0,1919;0,1927
07/09/2026 10:40:00;0,1927;0,1927;0,1923;0,1923
07/09/2026 10:45:00;0,1924;0,1925;0,192;0,1921
07/09/2026 10:50:00;0,192;0,1926;0,1918;0,1926
07/09/2026 10:55:00;0,1926;0,1926;0,1923;0,1925
07/09/2026 11:00:00;0,1925;0,1928;0,1919;0,1921
07/09/2026 11:05:00;0,1921;0,1923;0,1915;0,191579
07/09/2026 11:10:00;0,191579;0,1924;0,191429;0,192
07/09/2026 11:15:00;0,192;0,1927;0,1919;0,192
07/09/2026 11:20:00;0,192;0,1923;0,1917;0,1921
07/09/2026 11:25:00;0,1921;0,1922;0,1915;0,1915
07/09/2026 11:30:00;0,1915;0,192;0,1914;0,1918
07/09/2026 11:35:00;0,1918;0,1919;0,1913;0,1915
07/09/2026 11:40:00;0,1915;0,1915;0,1904;0,1906
07/09/2026 11:45:00;0,1906;0,1912;0,1903;0,1911
07/09/2026 11:50:00;0,1911;0,1926;0,1911;0,1926
07/09/2026 11:55:00;0,1926;0,19261;0,192;0,192
07/09/2026 12:00:00;0,192;0,1922;0,1913;0,1914
07/09/2026 12:05:00;0,1913;0,1913;0,1907;0,1911
07/09/2026 12:10:00;0,1911;0,1911;0,1904;0,1904
07/09/2026 12:15:00;0,1904;0,1907;0,1893;0,1907
07/09/2026 12:20:00;0,1907;0,1907;0,1902;0,1903
07/09/2026 12:25:00;0,1903;0,191;0,1903;0,1904
07/09/2026 12:30:00;0,1904;0,1904;0,1892;0,1894
07/09/2026 12:35:00;0,1894;0,189932;0,1888;0,1888
07/09/2026 12:40:00;0,1888;0,1891;0,1884;0,1889
07/09/2026 12:45:00;0,1889;0,189;0,1885;0,1888
07/09/2026 12:50:00;0,1888;0,1889;0,1885;0,1886
07/09/2026 12:55:00;0,1886;0,1888;0,1883;0,1886
07/09/2026 13:00:00;0,1886;0,1896;0,1886;0,1896
07/09/2026 13:05:00;0,1896;0,19;0,1895;0,1899
07/09/2026 13:10:00;0,1899;0,192;0,1899;0,1919
07/09/2026 13:15:00;0,1919;0,192;0,1909;0,1919
07/09/2026 13:20:00;0,1919;0,1919;0,1905;0,1905
07/09/2026 13:25:00;0,1905;0,1908;0,1897;0,1908
07/09/2026 13:30:00;0,1908;0,1915;0,1906;0,1915
07/09/2026 13:35:00;0,1914;0,1923;0,1914;0,1923
07/09/2026 13:40:00;0,1923;0,1928;0,1923;0,1925
07/09/2026 13:45:00;0,1925;0,1928;0,1921;0,1922
07/09/2026 13:50:00;0,1922;0,1923;0,1919;0,192
07/09/2026 13:55:00;0,192;0,1923;0,1919;0,1921
07/09/2026 14:00:00;0,1921;0,1922;0,1918;0,192
07/09/2026 14:05:00;0,192;0,1924;0,192;0,1923
07/09/2026 14:10:00;0,1923;0,1923;0,192;0,1922
07/09/2026 14:15:00;0,1923;0,1926;0,192;0,1925
07/09/2026 14:20:00;0,1925;0,1925;0,1919;0,192
07/09/2026 14:25:00;0,192;0,1921;0,1916;0,1921
07/09/2026 14:30:00;0,1921;0,1921;0,1915;0,1915
07/09/2026 14:35:00;0,1915;0,1916;0,1911;0,1914
07/09/2026 14:40:00;0,1914;0,1918;0,1914;0,1916
07/09/2026 14:45:00;0,1916;0,1917;0,1915;0,1917
07/09/2026 14:50:00;0,1917;0,1919;0,1915;0,1915
07/09/2026 14:55:00;0,1915;0,1915;0,191;0,1911
07/09/2026 15:00:00;0,1911;0,1913;0,1907;0,191
07/09/2026 15:05:00;0,191;0,1913;0,1904;0,1904
07/09/2026 15:10:00;0,1904;0,1907;0,1903;0,1903
07/09/2026 15:15:00;0,1903;0,1905;0,1901;0,1902
07/09/2026 15:20:00;0,1903;0,1903;0,19;0,19
07/09/2026 15:25:00;0,19;0,1902;0,189463;0,1898
07/09/2026 15:30:00;0,1898;0,1898;0,1894;0,1896
07/09/2026 15:35:00;0,1896;0,1901;0,1896;0,1899
07/09/2026 15:40:00;0,1899;0,1903;0,1899;0,1901
07/09/2026 15:45:00;0,1901;0,1906;0,1899;0,1906
07/09/2026 15:50:00;0,1906;0,1908;0,1903;0,1905
07/09/2026 15:55:00;0,1905;0,1905;0,1899;0,1902
07/09/2026 16:00:00;0,1902;0,1902;0,1898;0,19
07/09/2026 16:05:00;0,19;0,1902;0,1898;0,1898
07/09/2026 16:10:00;0,1898;0,1901;0,1898;0,19
07/09/2026 16:15:00;0,19;0,1903;0,19;0,1902
07/09/2026 16:20:00;0,1902;0,192;0,1902;0,192
07/09/2026 16:25:00;0,192;0,193;0,192;0,1922
07/09/2026 16:30:00;0,1922;0,193;0,192;0,193
07/09/2026 16:35:00;0,193;0,193;0,1922;0,1927
07/09/2026 16:40:00;0,1927;0,1929;0,1926;0,1928
07/09/2026 16:45:00;0,1928;0,1929;0,1927;0,1928
07/09/2026 16:50:00;0,1928;0,1932;0,1926;0,1931
07/09/2026 16:55:00;0,1929;0,1934;0,1926;0,1934
07/09/2026 17:00:00;0,1934;0,1942;0,1931;0,1933
07/09/2026 17:05:00;0,1933;0,1933;0,192;0,1925
07/09/2026 17:10:00;0,1925;0,1929;0,1923;0,1927
07/09/2026 17:15:00;0,1927;0,1934;0,1927;0,1933
07/09/2026 17:20:00;0,1933;0,1933;0,1927;0,1928
07/09/2026 17:25:00;0,1928;0,193;0,1927;0,1929
07/09/2026 17:30:00;0,193;0,1931;0,1928;0,1931
07/09/2026 17:35:00;0,1933;0,1933;0,1927;0,1928
07/09/2026 17:40:00;0,1928;0,1931;0,1927;0,1929
07/09/2026 17:45:00;0,1929;0,193;0,1927;0,1929
07/09/2026 17:50:00;0,1929;0,1929;0,1926;0,1928
07/09/2026 17:55:00;0,1928;0,193;0,1925;0,1926
07/09/2026 18:00:00;0,1926;0,1928;0,1926;0,1927
07/09/2026 18:05:00;0,1927;0,1927;0,1923;0,1923
07/09/2026 18:10:00;0,1923;0,1931;0,1923;0,1931
07/09/2026 18:15:00;0,1931;0,194;0,1926;0,194
07/09/2026 18:20:00;0,194;0,1941;0,1937;0,1941
07/09/2026 18:25:00;0,1941;0,1941;0,1933;0,1933
07/09/2026 18:30:00;0,1933;0,1934;0,193;0,193
07/09/2026 18:35:00;0,193;0,1932;0,1926;0,1928
07/09/2026 18:40:00;0,1928;0,1932;0,1926;0,1932
07/09/2026 18:45:00;0,1932;0,1932;0,1928;0,193
07/09/2026 18:50:00;0,193;0,193748;0,1929;0,1937
07/09/2026 18:55:00;0,1937;0,1942;0,1936;0,1942
07/09/2026 19:00:00;0,1942;0,1942;0,1925;0,1927
07/09/2026 19:05:00;0,1927;0,1929;0,1925;0,1929
07/09/2026 19:10:00;0,1929;0,1934;0,1926;0,1926
07/09/2026 19:15:00;0,1926;0,1926;0,1917;0,192
07/09/2026 19:20:00;0,192;0,1926;0,1918;0,1926
07/09/2026 19:25:00;0,1926;0,1935;0,1924;0,1927
07/09/2026 19:30:00;0,1927;0,1927;0,1919;0,1921
07/09/2026 19:35:00;0,1921;0,1921;0,1909;0,1909
07/09/2026 19:40:00;0,1909;0,1911;0,1905;0,1908
07/09/2026 19:45:00;0,1908;0,1912;0,1907;0,1911
07/09/2026 19:50:00;0,1911;0,1913;0,1909;0,1913
07/09/2026 19:55:00;0,1913;0,1913;0,191;0,1913
07/09/2026 20:00:00;0,1913;0,1926;0,1911;0,1925
07/09/2026 20:05:00;0,1925;0,1932;0,1925;0,1931
07/09/2026 20:10:00;0,1931;0,1937;0,193;0,1937
07/09/2026 20:15:00;0,1937;0,1937;0,1927;0,1934
07/09/2026 20:20:00;0,1934;0,1934;0,1925;0,1926
07/09/2026 20:25:00;0,1926;0,1932;0,1926;0,1931
07/09/2026 20:30:00;0,1931;0,1933;0,193;0,1933
07/09/2026 20:35:00;0,1933;0,194;0,1933;0,1937
07/09/2026 20:40:00;0,1937;0,194;0,1936;0,1939
07/09/2026 20:45:00;0,1939;0,1941;0,1938;0,194
07/09/2026 20:50:00;0,194;0,194;0,1936;0,1937
07/09/2026 20:55:00;0,1937;0,1939;0,1936;0,1937
07/09/2026 21:00:00;0,1937;0,1941;0,1933;0,1934
07/09/2026 21:05:00;0,1934;0,1941;0,1934;0,19397
07/09/2026 21:10:00;0,19397;0,19397;0,1931;0,1937
07/09/2026 21:15:00;0,1937;0,1937;0,193;0,193
07/09/2026 21:20:00;0,193;0,193;0,1918;0,1922
07/09/2026 21:25:00;0,1922;0,1924;0,1918;0,1919
07/09/2026 21:30:00;0,1919;0,1928;0,1919;0,1927
07/09/2026 21:35:00;0,1927;0,193;0,1927;0,1929
07/09/2026 21:40:00;0,1929;0,1939;0,1929;0,1935
07/09/2026 21:45:00;0,1935;0,1941;0,1933;0,194
07/09/2026 21:50:00;0,1939;0,1941;0,1937;0,1939
07/09/2026 21:55:00;0,1938;0,194;0,1937;0,1939
07/09/2026 22:00:00;0,1939;0,194;0,1935;0,1935
07/09/2026 22:05:00;0,1935;0,1938;0,19298;0,19298
07/09/2026 22:10:00;0,19298;0,1936;0,19298;0,1932
07/09/2026 22:15:00;0,1932;0,1938;0,1931;0,1932
07/09/2026 22:20:00;0,1932;0,1937;0,1932;0,1935
07/09/2026 22:25:00;0,1935;0,1947;0,1935;0,1943
07/09/2026 22:30:00;0,1943;0,1943;0,1936;0,1941
07/09/2026 22:35:00;0,1941;0,1943;0,1935;0,1936
07/09/2026 22:40:00;0,1936;0,1937;0,1933;0,1933
07/09/2026 22:45:00;0,1933;0,194;0,1933;0,194
07/09/2026 22:50:00;0,194;0,194;0,1933;0,1933
07/09/2026 22:55:00;0,1933;0,1936;0,1933;0,1935
07/09/2026 23:00:00;0,1935;0,1935;0,1932;0,1932
07/09/2026 23:05:00;0,1932;0,1932;0,1928;0,1929
07/09/2026 23:10:00;0,1929;0,1933;0,1928;0,1931
07/09/2026 23:15:00;0,1931;0,1934;0,1928;0,193
07/09/2026 23:20:00;0,193;0,1935;0,1928;0,1935
07/09/2026 23:25:00;0,1935;0,1935;0,1923;0,1923
07/09/2026 23:30:00;0,1923;0,1923;0,1913;0,1915
07/09/2026 23:35:00;0,1915;0,1915;0,1908;0,191
07/09/2026 23:40:00;0,191;0,191;0,1904;0,1907
07/09/2026 23:45:00;0,1907;0,191171;0,1904;0,1904
07/09/2026 23:50:00;0,1904;0,1906;0,1897;0,1897
07/09/2026 23:55:00;0,1897;0,19;0,1886;0,189
08/09/2026 00:00:00;0,189;0,1896;0,1888;0,1888
08/09/2026 00:05:00;0,1888;0,1894;0,1888;0,1893
08/09/2026 00:10:00;0,1893;0,1893;0,1891;0,1892
08/09/2026 00:15:00;0,1892;0,1892;0,189;0,189
08/09/2026 00:20:00;0,189;0,1893;0,1888;0,189
08/09/2026 00:25:00;0,1889;0,1891;0,1886;0,1888
08/09/2026 00:30:00;0,1888;0,1896;0,1888;0,1895
08/09/2026 00:35:00;0,1895;0,1898;0,1895;0,1898
08/09/2026 00:40:00;0,1898;0,1899;0,1895;0,1896
08/09/2026 00:45:00;0,1897;0,1897;0,1893;0,1894
08/09/2026 00:50:00;0,1894;0,1897;0,1894;0,1895
08/09/2026 00:55:00;0,1895;0,1895;0,1894;0,1895
08/09/2026 01:00:00;0,1895;0,1896;0,1894;0,1895
08/09/2026 01:05:00;0,1895;0,1899;0,1895;0,1899
08/09/2026 01:10:00;0,1899;0,1904;0,1899;0,1899
08/09/2026 01:15:00;0,1899;0,1903;0,1894;0,1902
08/09/2026 01:20:00;0,1903;0,1903;0,1898;0,1898
08/09/2026 01:25:00;0,1898;0,1903;0,1898;0,1902
08/09/2026 01:30:00;0,1902;0,1905;0,1901;0,1905
08/09/2026 01:35:00;0,1905;0,1905;0,19;0,1905
08/09/2026 01:40:00;0,1905;0,1905;0,1902;0,1903
08/09/2026 01:45:00;0,1903;0,1905;0,1903;0,1903
08/09/2026 01:50:00;0,1903;0,1905;0,190025;0,1901
08/09/2026 01:55:00;0,1901;0,1901;0,1899;0,19
08/09/2026 02:00:00;0,19;0,190869;0,189832;0,1905
08/09/2026 02:05:00;0,1905;0,191;0,190108;0,1904
08/09/2026 02:10:00;0,1904;0,1909;0,1904;0,1907
08/09/2026 02:15:00;0,1907;0,1915;0,1907;0,1912
08/09/2026 02:20:00;0,1912;0,1914;0,1911;0,1914
08/09/2026 02:25:00;0,1914;0,1917;0,1914;0,1915
08/09/2026 02:30:00;0,1915;0,1915;0,1907;0,1907
08/09/2026 02:35:00;0,1907;0,1912;0,1905;0,1912
08/09/2026 02:40:00;0,1912;0,1914;0,1908;0,1912
08/09/2026 02:45:00;0,1912;0,1914;0,1909;0,1912
08/09/2026 02:50:00;0,1912;0,1913;0,1904;0,1904
08/09/2026 02:55:00;0,1904;0,1908;0,1904;0,1904
08/09/2026 03:00:00;0,1904;0,1904;0,1899;0,1902
08/09/2026 03:05:00;0,1901;0,1906;0,1898;0,1905
08/09/2026 03:10:00;0,1905;0,1905;0,1899;0,1904
08/09/2026 03:15:00;0,1904;0,1905;0,1895;0,1896
08/09/2026 03:20:00;0,1896;0,1897;0,1889;0,1895
08/09/2026 03:25:00;0,1896;0,1898;0,1888;0,1889
08/09/2026 03:30:00;0,1889;0,1891;0,1887;0,1888
08/09/2026 03:35:00;0,1888;0,1893;0,1888;0,1892
08/09/2026 03:40:00;0,1892;0,1894;0,189;0,1893
08/09/2026 03:45:00;0,1893;0,1895;0,189;0,189
08/09/2026 03:50:00;0,1889;0,189;0,1887;0,1887
08/09/2026 03:55:00;0,1887;0,1891;0,1887;0,1889
08/09/2026 04:00:00;0,1889;0,189;0,1887;0,1889
08/09/2026 04:05:00;0,1889;0,1895;0,1889;0,1894
08/09/2026 04:10:00;0,1894;0,1894;0,1892;0,1892
08/09/2026 04:15:00;0,1892;0,1892;0,1889;0,1891
08/09/2026 04:20:00;0,1891;0,1899;0,189;0,1897
08/09/2026 04:25:00;0,1897;0,1903;0,1896;0,1901
08/09/2026 04:30:00;0,1901;0,1901;0,1898;0,19
08/09/2026 04:35:00;0,19;0,1903;0,19;0,1901
08/09/2026 04:40:00;0,1901;0,1905;0,1899;0,1899
08/09/2026 04:45:00;0,1899;0,1899;0,1894;0,1895
08/09/2026 04:50:00;0,1895;0,19;0,1891;0,1898
08/09/2026 04:55:00;0,1898;0,1904;0,1898;0,1899
08/09/2026 05:00:00;0,1899;0,1899;0,1892;0,1893
08/09/2026 05:05:00;0,1893;0,1896;0,1891;0,1891
08/09/2026 05:10:00;0,1891;0,1893;0,1889;0,1892
08/09/2026 05:15:00;0,1892;0,1895;0,189;0,1891
08/09/2026 05:20:00;0,1891;0,1893;0,189;0,1893
08/09/2026 05:25:00;0,1893;0,18952;0,1891;0,18952
08/09/2026 05:30:00;0,18952;0,1901;0,189363;0,19
08/09/2026 05:35:00;0,19;0,1903;0,19;0,1902
08/09/2026 05:40:00;0,1902;0,1903;0,1901;0,1901
08/09/2026 05:45:00;0,1901;0,1904;0,1901;0,1902
08/09/2026 05:50:00;0,1902;0,1902;0,1898;0,1899
08/09/2026 05:55:00;0,1899;0,1905;0,1898;0,1898
08/09/2026 06:00:00;0,1898;0,1903;0,1898;0,19019
08/09/2026 06:05:00;0,19019;0,19019;0,1897;0,19
08/09/2026 06:10:00;0,19;0,1905;0,1899;0,1904
08/09/2026 06:15:00;0,1904;0,1904;0,19;0,1901
08/09/2026 06:20:00;0,1901;0,1903;0,1899;0,1903
08/09/2026 06:25:00;0,1903;0,1903;0,19;0,1902
08/09/2026 06:30:00;0,1902;0,1909;0,19;0,1909
08/09/2026 06:35:00;0,191;0,191426;0,191;0,1914
08/09/2026 06:40:00;0,1914;0,1916;0,1913;0,1915
08/09/2026 06:45:00;0,1915;0,1917;0,1914;0,1914
08/09/2026 06:50:00;0,1914;0,1916;0,1912;0,1914
08/09/2026 06:55:00;0,1914;0,1915;0,1911;0,1912
08/09/2026 07:00:00;0,1912;0,1915;0,191;0,1914
08/09/2026 07:05:00;0,1914;0,1914;0,1908;0,191
08/09/2026 07:10:00;0,191;0,1914;0,191;0,1914
08/09/2026 07:15:00;0,1914;0,1916;0,1912;0,1916
08/09/2026 07:20:00;0,1916;0,1921;0,1916;0,1916
08/09/2026 07:25:00;0,1916;0,1918;0,1915;0,1916
08/09/2026 07:30:00;0,1916;0,1917;0,1911;0,1912
08/09/2026 07:35:00;0,1912;0,1912;0,1907;0,1908
08/09/2026 07:40:00;0,1908;0,1908;0,1904;0,1905
08/09/2026 07:45:00;0,1905;0,1905;0,1903;0,1904
08/09/2026 07:50:00;0,1904;0,1905;0,1902;0,1903
08/09/2026 07:55:00;0,1903;0,1904;0,1901;0,1902
08/09/2026 08:00:00;0,1902;0,1903;0,19;0,19
08/09/2026 08:05:00;0,19;0,1902;0,1898;0,1898
08/09/2026 08:10:00;0,1898;0,1898;0,1892;0,1892
08/09/2026 08:15:00;0,1892;0,1895;0,1891;0,1895
08/09/2026 08:20:00;0,1895;0,1899;0,1894;0,1898
08/09/2026 08:25:00;0,1898;0,1898;0,1887;0,1888
08/09/2026 08:30:00;0,1888;0,1894;0,1887;0,1891
08/09/2026 08:35:00;0,1891;0,1891;0,1888;0,1888
08/09/2026 08:40:00;0,1888;0,1892;0,1887;0,189
08/09/2026 08:45:00;0,189;0,189;0,1887;0,1888
08/09/2026 08:50:00;0,1888;0,1889;0,1885;0,1885
08/09/2026 08:55:00;0,1885;0,1889;0,1883;0,1888
08/09/2026 09:00:00;0,1888;0,1888;0,1875;0,1876
08/09/2026 09:05:00;0,1876;0,1882;0,1876;0,1881
08/09/2026 09:10:00;0,1881;0,1883;0,1875;0,1875
08/09/2026 09:15:00;0,1875;0,1878;0,1875;0,1876
08/09/2026 09:20:00;0,1876;0,1877;0,1873;0,1875
08/09/2026 09:25:00;0,1875;0,1875;0,187;0,1873
08/09/2026 09:30:00;0,1873;0,1881;0,1871;0,188
08/09/2026 09:35:00;0,188;0,18834;0,1879;0,1881
08/09/2026 09:40:00;0,1881;0,1881;0,1877;0,1879
08/09/2026 09:45:00;0,1879;0,1883;0,1878;0,1883
08/09/2026 09:50:00;0,1883;0,1883;0,1879;0,1883
08/09/2026 09:55:00;0,1883;0,1886;0,1881;0,1885
08/09/2026 10:00:00;0,1885;0,1888;0,1883;0,1886
08/09/2026 10:05:00;0,1886;0,1889;0,1885;0,1885
08/09/2026 10:10:00;0,1885;0,1887;0,1884;0,1885
08/09/2026 10:15:00;0,1885;0,1889;0,1885;0,1885
08/09/2026 10:20:00;0,1885;0,1885;0,1881;0,1883
08/09/2026 10:25:00;0,1883;0,1886;0,1883;0,1885
08/09/2026 10:30:00;0,1885;0,1886;0,1874;0,1876
08/09/2026 10:35:00;0,1876;0,1878;0,1865;0,1865
08/09/2026 10:40:00;0,1865;0,1869;0,1863;0,1869
08/09/2026 10:45:00;0,1869;0,1877;0,1868;0,1875
08/09/2026 10:50:00;0,1875;0,1875;0,1868;0,1874
08/09/2026 10:55:00;0,1874;0,1887;0,1874;0,1881
08/09/2026 11:00:00;0,1881;0,1884;0,1876;0,1879
08/09/2026 11:05:00;0,1879;0,1883;0,187826;0,187826
08/09/2026 11:10:00;0,187826;0,1888;0,187764;0,1886
08/09/2026 11:15:00;0,1886;0,1891;0,1886;0,189
08/09/2026 11:20:00;0,189;0,1891;0,1888;0,1888
08/09/2026 11:25:00;0,1889;0,189;0,1886;0,1889
08/09/2026 11:30:00;0,1889;0,1896;0,1887;0,1894
08/09/2026 11:35:00;0,1894;0,1896;0,1891;0,1892
08/09/2026 11:40:00;0,1892;0,1895;0,189;0,1893
08/09/2026 11:45:00;0,1893;0,1901;0,1893;0,19
08/09/2026 11:50:00;0,19;0,1904;0,1899;0,1901
08/09/2026 11:55:00;0,1901;0,1905;0,1901;0,1903
08/09/2026 12:00:00;0,1903;0,1906;0,1902;0,1904
08/09/2026 12:05:00;0,1904;0,1906;0,19;0,1906
08/09/2026 12:10:00;0,1906;0,191;0,1906;0,1909
08/09/2026 12:15:00;0,1909;0,1912;0,1907;0,1908
08/09/2026 12:20:00;0,1908;0,1909;0,1902;0,1906
08/09/2026 12:25:00;0,1906;0,1906;0,1902;0,1905
08/09/2026 12:30:00;0,1905;0,1908;0,1905;0,1908
08/09/2026 12:35:00;0,1908;0,1913;0,1907;0,1911
08/09/2026 12:40:00;0,1911;0,1919;0,1909;0,1918
08/09/2026 12:45:00;0,1918;0,1924;0,1918;0,1922
08/09/2026 12:50:00;0,1922;0,1928;0,192;0,1927
08/09/2026 12:55:00;0,1927;0,1928;0,1924;0,1924
08/09/2026 13:00:00;0,1924;0,1939;0,1922;0,1931
08/09/2026 13:05:00;0,1931;0,1934;0,1925;0,1926
08/09/2026 13:10:00;0,1926;0,1927;0,1917;0,1917
08/09/2026 13:15:00;0,1917;0,192;0,1913;0,1917
08/09/2026 13:20:00;0,1917;0,1917;0,191;0,1912
08/09/2026 13:25:00;0,1912;0,1915;0,191;0,191
08/09/2026 13:30:00;0,191;0,1916;0,1909;0,1913
08/09/2026 13:35:00;0,1913;0,1921;0,1913;0,1921
08/09/2026 13:40:00;0,1921;0,1926;0,1917;0,1919
08/09/2026 13:45:00;0,1919;0,1921;0,1917;0,1919
08/09/2026 13:50:00;0,1919;0,1923;0,1915;0,1919
08/09/2026 13:55:00;0,1919;0,1919;0,19129;0,1916
08/09/2026 14:00:00;0,1916;0,1921;0,1915;0,1918
08/09/2026 14:05:00;0,1918;0,1919;0,1912;0,1912
08/09/2026 14:10:00;0,1912;0,1913;0,191;0,1912
08/09/2026 14:15:00;0,1912;0,1913;0,1908;0,1908
08/09/2026 14:20:00;0,1908;0,1908;0,1905;0,1905
08/09/2026 14:25:00;0,1905;0,1906;0,1904;0,1905
08/09/2026 14:30:00;0,1905;0,1906;0,1904;0,1905
08/09/2026 14:35:00;0,1905;0,191;0,1905;0,1907
08/09/2026 14:40:00;0,1907;0,1907;0,1903;0,1903
08/09/2026 14:45:00;0,1903;0,1904;0,1902;0,1904
08/09/2026 14:50:00;0,1904;0,1906;0,1904;0,1904
08/09/2026 14:55:00;0,1904;0,1904;0,1897;0,1898
08/09/2026 15:00:00;0,1898;0,1901;0,1897;0,1898
08/09/2026 15:05:00;0,1898;0,1899;0,189;0,1898
08/09/2026 15:10:00;0,1898;0,1901;0,1898;0,19
08/09/2026 15:15:00;0,19;0,1905;0,19;0,1905
08/09/2026 15:20:00;0,1905;0,191;0,1905;0,1906
08/09/2026 15:25:00;0,1906;0,1906;0,1899;0,1901
08/09/2026 15:30:00;0,1901;0,1901;0,1899;0,1899
08/09/2026 15:35:00;0,1899;0,1899;0,1895;0,1895
08/09/2026 15:40:00;0,1895;0,1897;0,1893;0,1897
08/09/2026 15:45:00;0,1897;0,19;0,1886;0,1887
08/09/2026 15:50:00;0,1887;0,1891;0,1885;0,1886
08/09/2026 15:55:00;0,1886;0,1889;0,1885;0,1888
08/09/2026 16:00:00;0,1888;0,1892;0,1884;0,1891
08/09/2026 16:05:00;0,1891;0,1891;0,1888;0,1889
08/09/2026 16:10:00;0,1889;0,189;0,1887;0,1888
08/09/2026 16:15:00;0,1888;0,1892;0,1887;0,1888
08/09/2026 16:20:00;0,1888;0,189;0,1886;0,1887
08/09/2026 16:25:00;0,1887;0,1889;0,1885;0,1889
08/09/2026 16:30:00;0,1889;0,189;0,1887;0,189
08/09/2026 16:35:00;0,189;0,1891;0,1887;0,1889
08/09/2026 16:40:00;0,1889;0,1891;0,1885;0,1886
08/09/2026 16:45:00;0,1886;0,1886;0,188;0,1883
08/09/2026 16:50:00;0,1883;0,1883;0,1879;0,188
08/09/2026 16:55:00;0,188;0,1884;0,1878;0,1884
08/09/2026 17:00:00;0,1884;0,1888;0,1884;0,1885
08/09/2026 17:05:00;0,1885;0,1891;0,1885;0,1891
08/09/2026 17:10:00;0,1891;0,1896;0,1891;0,1896
08/09/2026 17:15:00;0,1894;0,1895;0,1888;0,1888
08/09/2026 17:20:00;0,1888;0,1888;0,1884;0,1888
08/09/2026 17:25:00;0,1888;0,1888;0,1886;0,1887
08/09/2026 17:30:00;0,1887;0,1887;0,1879;0,1879
08/09/2026 17:35:00;0,1879;0,1883;0,1879;0,1883
08/09/2026 17:40:00;0,1883;0,1884;0,188;0,1883
08/09/2026 17:45:00;0,1883;0,188357;0,188;0,188
08/09/2026 17:50:00;0,188;0,1882;0,188;0,1881
08/09/2026 17:55:00;0,1881;0,1885;0,1881;0,1882
08/09/2026 18:00:00;0,1882;0,1888;0,1882;0,1886
08/09/2026 18:05:00;0,1886;0,1886;0,1885;0,1886
08/09/2026 18:10:00;0,1886;0,18902;0,1886;0,1888
08/09/2026 18:15:00;0,1888;0,189;0,188686;0,1887
08/09/2026 18:20:00;0,1887;0,1887;0,188;0,188
08/09/2026 18:25:00;0,188;0,1888;0,188;0,1885
08/09/2026 18:30:00;0,1885;0,1887;0,188145;0,1883
08/09/2026 18:35:00;0,1883;0,1885;0,1883;0,1885
08/09/2026 18:40:00;0,1885;0,1888;0,1881;0,1886
08/09/2026 18:45:00;0,1886;0,1887;0,1884;0,1885
08/09/2026 18:50:00;0,1885;0,1885;0,1881;0,1881
08/09/2026 18:55:00;0,1881;0,1884;0,1881;0,1884
08/09/2026 19:00:00;0,1884;0,1894;0,1884;0,1893
08/09/2026 19:05:00;0,1893;0,1893;0,1885;0,1886
08/09/2026 19:10:00;0,1886;0,1889;0,1885;0,1888
08/09/2026 19:15:00;0,1888;0,1891;0,18879;0,1889
08/09/2026 19:20:00;0,1889;0,1892;0,1888;0,189
08/09/2026 19:25:00;0,189;0,189;0,189;0,189
08/09/2026 19:30:00;0,189;0,189;0,1885;0,1885
08/09/2026 19:35:00;0,1885;0,1886;0,1884;0,1884
08/09/2026 19:40:00;0,1884;0,1888;0,188;0,1881
08/09/2026 19:45:00;0,1881;0,1884;0,1881;0,1882
08/09/2026 19:50:00;0,1882;0,1884;0,1881;0,1881
08/09/2026 19:55:00;0,1881;0,1886;0,1881;0,1884
08/09/2026 20:00:00;0,1884;0,1884;0,1882;0,1883
08/09/2026 20:05:00;0,1883;0,1883;0,1881;0,1881
08/09/2026 20:10:00;0,1881;0,1883;0,188;0,1881
08/09/2026 20:15:00;0,1881;0,1881;0,1877;0,1878
08/09/2026 20:20:00;0,1878;0,1881;0,1878;0,188
08/09/2026 20:25:00;0,188;0,1881;0,1878;0,1881
08/09/2026 20:30:00;0,1881;0,1881;0,1879;0,1879
08/09/2026 20:35:00;0,1879;0,188;0,1878;0,188
08/09/2026 20:40:00;0,188;0,188;0,1879;0,188
08/09/2026 20:45:00;0,1879;0,187906;0,187819;0,1879
08/09/2026 20:50:00;0,1879;0,1879;0,1876;0,1876
08/09/2026 20:55:00;0,1876;0,1878;0,1876;0,1877
08/09/2026 21:00:00;0,1877;0,1884;0,1877;0,1884
08/09/2026 21:05:00;0,1884;0,1885;0,1883;0,1884
08/09/2026 21:10:00;0,1884;0,1888;0,1884;0,1887
08/09/2026 21:15:00;0,1887;0,1887;0,1881;0,1881
08/09/2026 21:20:00;0,1881;0,1884;0,188;0,188
08/09/2026 21:25:00;0,1879;0,1882;0,1879;0,1881
08/09/2026 21:30:00;0,1881;0,1882;0,1878;0,1881
08/09/2026 21:35:00;0,1881;0,1883;0,1878;0,1883
08/09/2026 21:40:00;0,1883;0,1883;0,188;0,1882
08/09/2026 21:45:00;0,1882;0,1884;0,1882;0,1884
08/09/2026 21:50:00;0,1884;0,1885;0,1882;0,1885
08/09/2026 21:55:00;0,1885;0,1885;0,1882;0,1884
08/09/2026 22:00:00;0,1884;0,1884;0,1879;0,1879
08/09/2026 22:05:00;0,1883;0,1885;0,1882;0,1885
08/09/2026 22:10:00;0,1885;0,1889;0,1883;0,1885
08/09/2026 22:15:00;0,1885;0,1885;0,1876;0,1876
08/09/2026 22:20:00;0,1876;0,1878;0,187574;0,18772
08/09/2026 22:25:00;0,18772;0,188;0,1876;0,1878
08/09/2026 22:30:00;0,1878;0,188;0,1876;0,188
08/09/2026 22:35:00;0,188;0,1884;0,188;0,1883
08/09/2026 22:40:00;0,1883;0,1885;0,1881;0,1882
08/09/2026 22:45:00;0,1882;0,1884;0,1881;0,1882
08/09/2026 22:50:00;0,1881;0,1883;0,1881;0,1883
08/09/2026 22:55:00;0,1883;0,1883;0,188;0,1881
08/09/2026 23:00:00;0,1881;0,1883;0,1878;0,1881
08/09/2026 23:05:00;0,1881;0,1883;0,1879;0,1883
08/09/2026 23:10:00;0,1883;0,1884;0,1878;0,1878
08/09/2026 23:15:00;0,1878;0,1878;0,1871;0,1875
08/09/2026 23:20:00;0,1875;0,1878;0,1871;0,1877
08/09/2026 23:25:00;0,1877;0,1889;0,1873;0,1885
08/09/2026 23:30:00;0,1885;0,1885;0,1881;0,1881
08/09/2026 23:35:00;0,1881;0,1881;0,1878;0,1879
08/09/2026 23:40:00;0,1879;0,188;0,1879;0,188
08/09/2026 23:45:00;0,188;0,1881;0,1879;0,188
08/09/2026 23:50:00;0,188;0,1882;0,1879;0,188
08/09/2026 23:55:00;0,188;0,188;0,1876;0,1877
09/09/2026 00:00:00;0,1877;0,1878;0,1873;0,1874
09/09/2026 00:05:00;0,1874;0,1876;0,1871;0,1872
09/09/2026 00:10:00;0,1872;0,1872;0,1868;0,1868
09/09/2026 00:15:00;0,1868;0,187;0,1868;0,1869
09/09/2026 00:20:00;0,1869;0,1869;0,1867;0,1867
09/09/2026 00:25:00;0,1867;0,1867;0,1866;0,1867
09/09/2026 00:30:00;0,1867;0,1869;0,1867;0,1869
09/09/2026 00:35:00;0,1869;0,187;0,1867;0,1869
09/09/2026 00:40:00;0,1869;0,1873;0,1869;0,1872
09/09/2026 00:45:00;0,1872;0,1874;0,1871;0,1871
09/09/2026 00:50:00;0,1871;0,1871;0,1867;0,1871
09/09/2026 00:55:00;0,1871;0,1873;0,1869;0,1871
09/09/2026 01:00:00;0,1871;0,1882;0,1871;0,1882
09/09/2026 01:05:00;0,1882;0,1884;0,1878;0,1879
09/09/2026 01:10:00;0,1879;0,1881;0,1877;0,188
09/09/2026 01:15:00;0,188;0,1881;0,1879;0,188
09/09/2026 01:20:00;0,188;0,1887;0,1879;0,1886
09/09/2026 01:25:00;0,1886;0,1886;0,1882;0,1884
09/09/2026 01:30:00;0,1884;0,1886;0,1883;0,1886
09/09/2026 01:35:00;0,1886;0,1886;0,1885;0,1886
09/09/2026 01:40:00;0,1886;0,1896;0,1886;0,1895
09/09/2026 01:45:00;0,1895;0,1897;0,1891;0,1894
09/09/2026 01:50:00;0,1894;0,1898;0,1894;0,1898
09/09/2026 01:55:00;0,1898;0,1902;0,1897;0,1901
09/09/2026 02:00:00;0,1901;0,1903;0,1897;0,1897
09/09/2026 02:05:00;0,1897;0,1897;0,1894;0,1897
09/09/2026 02:10:00;0,1897;0,1904;0,1896;0,1904
09/09/2026 02:15:00;0,1904;0,1907;0,19;0,1904
09/09/2026 02:20:00;0,1903;0,1903;0,1897;0,1899
09/09/2026 02:25:00;0,1899;0,19;0,1897;0,1898
09/09/2026 02:30:00;0,1898;0,1898;0,1889;0,1892
09/09/2026 02:35:00;0,1891;0,1894;0,189;0,189
09/09/2026 02:40:00;0,189;0,1891;0,1889;0,189
09/09/2026 02:45:00;0,189;0,189;0,1884;0,1886
09/09/2026 02:50:00;0,1886;0,1891;0,1886;0,1889
09/09/2026 02:55:00;0,1889;0,189;0,1889;0,189
09/09/2026 03:00:00;0,189;0,1892;0,1887;0,1889
09/09/2026 03:05:00;0,1889;0,1892;0,1889;0,1891
09/09/2026 03:10:00;0,1891;0,1898;0,1891;0,1898
09/09/2026 03:15:00;0,1899;0,1904;0,1898;0,1904
09/09/2026 03:20:00;0,1906;0,1907;0,1904;0,1906
09/09/2026 03:25:00;0,1906;0,1907;0,1903;0,1905
09/09/2026 03:30:00;0,1905;0,1905;0,1901;0,1902
09/09/2026 03:35:00;0,1902;0,1904;0,1901;0,1901
09/09/2026 03:40:00;0,1902;0,1903;0,19;0,1901
09/09/2026 03:45:00;0,1901;0,1901;0,1897;0,1898
09/09/2026 03:50:00;0,1898;0,1899;0,1897;0,1898
09/09/2026 03:55:00;0,1898;0,1901;0,1898;0,1899
09/09/2026 04:00:00;0,1899;0,1902;0,1898;0,1902
09/09/2026 04:05:00;0,1902;0,191;0,1902;0,1907
09/09/2026 04:10:00;0,1907;0,1909;0,1904;0,1904
09/09/2026 04:15:00;0,1904;0,1908;0,1903;0,1904
09/09/2026 04:20:00;0,1904;0,1907;0,1903;0,1905
09/09/2026 04:25:00;0,1905;0,1907;0,1902;0,1905
09/09/2026 04:30:00;0,1905;0,1905;0,1902;0,1904
09/09/2026 04:35:00;0,1904;0,1905;0,1902;0,1903
09/09/2026 04:40:00;0,1903;0,1905;0,1902;0,1902
09/09/2026 04:45:00;0,1902;0,1903;0,1901;0,1901
09/09/2026 04:50:00;0,1901;0,1904;0,1901;0,1903
09/09/2026 04:55:00;0,1903;0,1903;0,19;0,1902
09/09/2026 05:00:00;0,1902;0,1907;0,1902;0,1906
09/09/2026 05:05:00;0,1907;0,1909;0,1905;0,1905
09/09/2026 05:10:00;0,1905;0,1908;0,1904;0,1904
09/09/2026 05:15:00;0,1904;0,1906;0,1904;0,1906
09/09/2026 05:20:00;0,1906;0,1908;0,1905;0,1906
09/09/2026 05:25:00;0,1906;0,1907;0,1904;0,1904
09/09/2026 05:30:00;0,1906;0,1906;0,1903;0,1905
09/09/2026 05:35:00;0,1905;0,1907;0,1901;0,1901
09/09/2026 05:40:00;0,1902;0,1905;0,19;0,1902
09/09/2026 05:45:00;0,1902;0,1904;0,19;0,1901
09/09/2026 05:50:00;0,1901;0,1905;0,19;0,1904
09/09/2026 05:55:00;0,1904;0,1906;0,1903;0,1903
09/09/2026 06:00:00;0,1903;0,1903;0,1901;0,1902
09/09/2026 06:05:00;0,1902;0,1902;0,1895;0,1895
09/09/2026 06:10:00;0,1895;0,1895;0,1893;0,1895
09/09/2026 06:15:00;0,1895;0,1897;0,1893;0,1893
09/09/2026 06:20:00;0,1892;0,1892;0,189;0,189
09/09/2026 06:25:00;0,1889;0,189;0,1889;0,1889
09/09/2026 06:30:00;0,1889;0,189;0,1887;0,1887
09/09/2026 06:35:00;0,1887;0,1888;0,1883;0,1885
09/09/2026 06:40:00;0,1885;0,1885;0,1878;0,1879
09/09/2026 06:45:00;0,1879;0,188;0,1875;0,1876
09/09/2026 06:50:00;0,1876;0,1878;0,1874;0,1875
09/09/2026 06:55:00;0,1875;0,1875;0,1873;0,1874
09/09/2026 07:00:00;0,1874;0,1879;0,1874;0,1878
09/09/2026 07:05:00;0,1879;0,188;0,1876;0,1876
09/09/2026 07:10:00;0,1875;0,1879;0,1874;0,1876
09/09/2026 07:15:00;0,1876;0,1878;0,1874;0,1878
09/09/2026 07:20:00;0,1878;0,1883;0,1878;0,1881
09/09/2026 07:25:00;0,1881;0,1883;0,188;0,1882
09/09/2026 07:30:00;0,1882;0,1886;0,1881;0,1886
09/09/2026 07:35:00;0,1886;0,1887;0,1884;0,1885
09/09/2026 07:40:00;0,1885;0,1885;0,1881;0,1883
09/09/2026 07:45:00;0,1883;0,1883;0,188;0,1882
09/09/2026 07:50:00;0,1882;0,1882;0,1879;0,1881
09/09/2026 07:55:00;0,1881;0,1883;0,188;0,1883
09/09/2026 08:00:00;0,1883;0,1884;0,1876;0,1876
09/09/2026 08:05:00;0,1876;0,1876;0,1872;0,1875
09/09/2026 08:10:00;0,1875;0,1876;0,1871;0,1871
09/09/2026 08:15:00;0,1871;0,1872;0,1869;0,1871
09/09/2026 08:20:00;0,1871;0,1877;0,1871;0,1877
09/09/2026 08:25:00;0,1877;0,1881;0,1877;0,1879
09/09/2026 08:30:00;0,1879;0,1885;0,1878;0,1885
09/09/2026 08:35:00;0,1882;0,1882;0,1878;0,1881
09/09/2026 08:40:00;0,1881;0,1881;0,1879;0,188
09/09/2026 08:45:00;0,188;0,1887;0,188;0,1886
09/09/2026 08:50:00;0,1886;0,1891;0,1885;0,189
09/09/2026 08:55:00;0,189;0,1892;0,1889;0,189
09/09/2026 09:00:00;0,189;0,1891;0,1885;0,1887
09/09/2026 09:05:00;0,1886;0,1889;0,1885;0,1889
09/09/2026 09:10:00;0,1889;0,1889;0,1887;0,1887
09/09/2026 09:15:00;0,1887;0,1888;0,1884;0,1885
09/09/2026 09:20:00;0,1885;0,189;0,1885;0,1887
09/09/2026 09:25:00;0,1887;0,1888;0,1885;0,1886
09/09/2026 09:30:00;0,1888;0,1891;0,1886;0,1891
09/09/2026 09:35:00;0,1891;0,18932;0,1891;0,1892
09/09/2026 09:40:00;0,1892;0,189407;0,1892;0,1893
09/09/2026 09:45:00;0,1893;0,1895;0,1893;0,1894
09/09/2026 09:50:00;0,1894;0,1895;0,1893;0,1894
09/09/2026 09:55:00;0,1894;0,1895;0,1892;0,1893
09/09/2026 10:00:00;0,1893;0,1895;0,189;0,1895
09/09/2026 10:05:00;0,1895;0,1895;0,1892;0,1892
09/09/2026 10:10:00;0,1892;0,1892;0,1889;0,1889
09/09/2026 10:15:00;0,1889;0,1891;0,1888;0,1891
09/09/2026 10:20:00;0,1892;0,1893;0,189;0,1891
09/09/2026 10:25:00;0,1891;0,1895;0,1891;0,1894
09/09/2026 10:30:00;0,1894;0,1894;0,189;0,1894
09/09/2026 10:35:00;0,1894;0,1894;0,1882;0,1883
09/09/2026 10:40:00;0,1883;0,1888;0,1875;0,1879
09/09/2026 10:45:00;0,1879;0,1887;0,1879;0,1886
09/09/2026 10:50:00;0,1885;0,1887;0,1881;0,1881
09/09/2026 10:55:00;0,1881;0,1882;0,1879;0,188
09/09/2026 11:00:00;0,188;0,1882;0,1875;0,1882
09/09/2026 11:05:00;0,1882;0,1885;0,1878;0,1878
09/09/2026 11:10:00;0,1878;0,188;0,1874;0,188
09/09/2026 11:15:00;0,188;0,188;0,1875;0,1875
09/09/2026 11:20:00;0,1875;0,1876;0,1873;0,1876
09/09/2026 11:25:00;0,1876;0,1884;0,1874;0,1884
09/09/2026 11:30:00;0,1884;0,1886;0,1883;0,1884
09/09/2026 11:35:00;0,1884;0,1887;0,1882;0,1884
09/09/2026 11:40:00;0,1884;0,1885;0,1875;0,1875
09/09/2026 11:45:00;0,1875;0,188;0,1873;0,188
09/09/2026 11:50:00;0,188;0,188;0,1873;0,1873
09/09/2026 11:55:00;0,1873;0,1873;0,1869;0,1872
09/09/2026 12:00:00;0,1872;0,1882;0,1863;0,1865
09/09/2026 12:05:00;0,1865;0,187;0,1855;0,1856
09/09/2026 12:10:00;0,1856;0,1859;0,1847;0,1851
09/09/2026 12:15:00;0,1851;0,1856;0,185;0,1851
09/09/2026 12:20:00;0,1851;0,1852;0,1835;0,1835
09/09/2026 12:25:00;0,1835;0,184;0,1833;0,1838
09/09/2026 12:30:00;0,1838;0,1847;0,1836;0,1847
09/09/2026 12:35:00;0,1847;0,1851;0,1845;0,1851
09/09/2026 12:40:00;0,1851;0,1851;0,1844;0,1845
09/09/2026 12:45:00;0,1846;0,1848;0,1844;0,1845
09/09/2026 12:50:00;0,1845;0,1845;0,1842;0,1844
09/09/2026 12:55:00;0,1844;0,1845;0,1841;0,1841
09/09/2026 13:00:00;0,1842;0,1852;0,1841;0,1851
09/09/2026 13:05:00;0,1851;0,1851;0,1841;0,1841
09/09/2026 13:10:00;0,1841;0,1845;0,184;0,1845
09/09/2026 13:15:00;0,1845;0,1845;0,1837;0,184
09/09/2026 13:20:00;0,184;0,1845;0,1839;0,1839
09/09/2026 13:25:00;0,1839;0,1844;0,1839;0,1842
09/09/2026 13:30:00;0,1842;0,1851;0,1842;0,185
09/09/2026 13:35:00;0,185;0,1852;0,1848;0,185
09/09/2026 13:40:00;0,185;0,185;0,1848;0,185
09/09/2026 13:45:00;0,185;0,1851;0,1848;0,185
09/09/2026 13:50:00;0,1849;0,1851;0,1849;0,1849
09/09/2026 13:55:00;0,1849;0,1852;0,1848;0,1851
09/09/2026 14:00:00;0,1851;0,1853;0,185;0,1852
09/09/2026 14:05:00;0,1852;0,1855;0,185;0,1853
09/09/2026 14:10:00;0,1853;0,1857;0,1851;0,1854
09/09/2026 14:15:00;0,1854;0,1856;0,1853;0,1854
09/09/2026 14:20:00;0,1854;0,1856;0,1853;0,1856
09/09/2026 14:25:00;0,1857;0,1858;0,1856;0,1856
09/09/2026 14:30:00;0,1857;0,1857;0,1854;0,1854
09/09/2026 14:35:00;0,1855;0,18566;0,185;0,1851
09/09/2026 14:40:00;0,1851;0,1854;0,185;0,1854
09/09/2026 14:45:00;0,1854;0,1855;0,1851;0,1855
09/09/2026 14:50:00;0,1855;0,1856;0,1852;0,1855
09/09/2026 14:55:00;0,1855;0,1856;0,185427;0,1856
09/09/2026 15:00:00;0,1856;0,185662;0,1852;0,1852
09/09/2026 15:05:00;0,1852;0,1854;0,185;0,185
09/09/2026 15:10:00;0,185;0,185;0,1847;0,1848
09/09/2026 15:15:00;0,1848;0,1849;0,1847;0,1847
09/09/2026 15:20:00;0,1847;0,1851;0,1847;0,1851
09/09/2026 15:25:00;0,1851;0,1853;0,1851;0,1853
09/09/2026 15:30:00;0,1853;0,1855;0,1852;0,1853
09/09/2026 15:35:00;0,1853;0,1854;0,1851;0,1854
09/09/2026 15:40:00;0,1854;0,1855;0,1852;0,1853
09/09/2026 15:45:00;0,1853;0,1853;0,185;0,185
09/09/2026 15:50:00;0,1852;0,1852;0,1848;0,1849
09/09/2026 15:55:00;0,1847;0,185;0,1847;0,1849
09/09/2026 16:00:00;0,1849;0,1852;0,1848;0,1848
09/09/2026 16:05:00;0,1848;0,1852;0,1848;0,1849
09/09/2026 16:10:00;0,185;0,1852;0,185;0,1852
09/09/2026 16:15:00;0,1852;0,1853;0,1851;0,1853
09/09/2026 16:20:00;0,1853;0,1853;0,1849;0,1852
09/09/2026 16:25:00;0,1852;0,1852;0,1849;0,185
09/09/2026 16:30:00;0,185;0,185;0,1848;0,1849
09/09/2026 16:35:00;0,1849;0,1849;0,184;0,1841
09/09/2026 16:40:00;0,1841;0,1843;0,1839;0,1839
09/09/2026 16:45:00;0,1839;0,184;0,1839;0,184
09/09/2026 16:50:00;0,184;0,184;0,183;0,1831
09/09/2026 16:55:00;0,1831;0,1832;0,1821;0,1823
09/09/2026 17:00:00;0,1823;0,1828;0,1823;0,1823
09/09/2026 17:05:00;0,1823;0,1827;0,1819;0,1827
09/09/2026 17:10:00;0,1827;0,1828;0,1823;0,1825
09/09/2026 17:15:00;0,1825;0,182811;0,1824;0,1827
09/09/2026 17:20:00;0,1827;0,1827;0,182;0,1823
09/09/2026 17:25:00;0,1823;0,1824;0,1816;0,1821
09/09/2026 17:30:00;0,1821;0,1831;0,1821;0,183
09/09/2026 17:35:00;0,183;0,1834;0,183;0,1832
09/09/2026 17:40:00;0,1832;0,1832;0,1827;0,1829
09/09/2026 17:45:00;0,1829;0,1829;0,1823;0,1823
09/09/2026 17:50:00;0,1823;0,1827;0,1822;0,1824
09/09/2026 17:55:00;0,1824;0,1831;0,1824;0,1831
09/09/2026 18:00:00;0,1831;0,1831;0,182679;0,1828
09/09/2026 18:05:00;0,1828;0,1831;0,1827;0,1828
09/09/2026 18:10:00;0,1828;0,1828;0,1824;0,1827
09/09/2026 18:15:00;0,1826;0,1827;0,1823;0,1823
09/09/2026 18:20:00;0,1823;0,1825;0,182;0,182
09/09/2026 18:25:00;0,182;0,1829;0,182;0,1828
09/09/2026 18:30:00;0,1828;0,1828;0,182;0,1821
09/09/2026 18:35:00;0,1821;0,1821;0,1816;0,1818
09/09/2026 18:40:00;0,1818;0,1821;0,1817;0,1817
09/09/2026 18:45:00;0,1817;0,1817;0,1811;0,1812
09/09/2026 18:50:00;0,1811;0,1818;0,1811;0,1817
09/09/2026 18:55:00;0,1815;0,1818;0,1814;0,1818
09/09/2026 19:00:00;0,1818;0,1821;0,1813;0,1815
09/09/2026 19:05:00;0,1815;0,1815;0,1797;0,1807
09/09/2026 19:10:00;0,1807;0,1815;0,1807;0,1808
09/09/2026 19:15:00;0,1809;0,1812;0,1804;0,1812
09/09/2026 19:20:00;0,1812;0,1814;0,1811;0,1813
09/09/2026 19:25:00;0,1813;0,181647;0,18121;0,18145
09/09/2026 19:30:00;0,18145;0,18145;0,1801;0,1808
09/09/2026 19:35:00;0,1808;0,1809;0,1807;0,1808
09/09/2026 19:40:00;0,1808;0,181;0,1807;0,1808
09/09/2026 19:45:00;0,1808;0,1808;0,1803;0,1803
09/09/2026 19:50:00;0,1803;0,1804;0,1801;0,1802
09/09/2026 19:55:00;0,1802;0,1802;0,1798;0,1801
09/09/2026 20:00:00;0,1801;0,1807;0,179653;0,1807
09/09/2026 20:05:00;0,1807;0,1808;0,1805;0,1807
09/09/2026 20:10:00;0,1807;0,1809;0,1807;0,1808
09/09/2026 20:15:00;0,1808;0,1808;0,1806;0,1807
09/09/2026 20:20:00;0,1807;0,1809;0,1806;0,1809
09/09/2026 20:25:00;0,1809;0,181;0,1807;0,181
09/09/2026 20:30:00;0,181;0,1812;0,181;0,1812
09/09/2026 20:35:00;0,1812;0,1813;0,18109;0,1812
09/09/2026 20:40:00;0,1812;0,181303;0,1811;0,1811
09/09/2026 20:45:00;0,1811;0,1814;0,1811;0,1814
09/09/2026 20:50:00;0,1814;0,1814;0,1812;0,1812
09/09/2026 20:55:00;0,1812;0,1812;0,1811;0,1812
09/09/2026 21:00:00;0,1812;0,1812;0,1809;0,1811
09/09/2026 21:05:00;0,1811;0,1811;0,1808;0,181
09/09/2026 21:10:00;0,1809;0,1811;0,1806;0,1806
09/09/2026 21:15:00;0,1806;0,1807;0,1806;0,1806
09/09/2026 21:20:00;0,1806;0,1807;0,1803;0,1805
09/09/2026 21:25:00;0,1805;0,1806;0,1803;0,1805
09/09/2026 21:30:00;0,1805;0,1805;0,1799;0,1803
09/09/2026 21:35:00;0,1803;0,1806;0,1802;0,1803
09/09/2026 21:40:00;0,1803;0,1803;0,1798;0,1798
09/09/2026 21:45:00;0,1798;0,1803;0,1797;0,1799
09/09/2026 21:50:00;0,1799;0,18;0,1797;0,1799
09/09/2026 21:55:00;0,1799;0,18;0,1795;0,1796
09/09/2026 22:00:00;0,1797;0,1802;0,17969;0,1802
09/09/2026 22:05:00;0,1802;0,181;0,1802;0,1809
09/09/2026 22:10:00;0,1809;0,1811;0,1805;0,1807
09/09/2026 22:15:00;0,1807;0,1807;0,180046;0,1803
09/09/2026 22:20:00;0,1803;0,1803;0,1795;0,1798
09/09/2026 22:25:00;0,1798;0,1798;0,1795;0,1796
09/09/2026 22:30:00;0,1796;0,1796;0,179;0,1791
09/09/2026 22:35:00;0,179;0,179;0,1785;0,1787
09/09/2026 22:40:00;0,1787;0,1797;0,1787;0,1791
09/09/2026 22:45:00;0,1791;0,1793;0,1788;0,1792
09/09/2026 22:50:00;0,1792;0,1793;0,1786;0,1786
09/09/2026 22:55:00;0,1786;0,1792;0,1786;0,1792
09/09/2026 23:00:00;0,1792;0,1792;0,1789;0,1789
09/09/2026 23:05:00;0,1789;0,1793;0,1789;0,179
09/09/2026 23:10:00;0,179;0,1791;0,1788;0,179
09/09/2026 23:15:00;0,179;0,179;0,1787;0,179
09/09/2026 23:20:00;0,179;0,1791;0,1787;0,1787
09/09/2026 23:25:00;0,1789;0,1791;0,1788;0,1791
09/09/2026 23:30:00;0,1789;0,1797;0,1789;0,1797
09/09/2026 23:35:00;0,1797;0,18;0,1795;0,1798
09/09/2026 23:40:00;0,1798;0,18;0,1797;0,18
09/09/2026 23:45:00;0,18;0,1803;0,1799;0,1803
09/09/2026 23:50:00;0,1803;0,1803;0,1801;0,1801
09/09/2026 23:55:00;0,1801;0,1802;0,18;0,1802
10/09/2026 00:00:00;0,1802;0,1807;0,1802;0,1806
10/09/2026 00:05:00;0,1806;0,1806;0,1804;0,1804
10/09/2026 00:10:00;0,1805;0,1806;0,1803;0,1803
10/09/2026 00:15:00;0,1803;0,1804;0,180146;0,1804
10/09/2026 00:20:00;0,1804;0,1805;0,1801;0,1802
10/09/2026 00:25:00;0,1802;0,1804;0,1799;0,1804
10/09/2026 00:30:00;0,1804;0,1804;0,1802;0,1803
10/09/2026 00:35:00;0,1803;0,1803;0,1799;0,1801
10/09/2026 00:40:00;0,1801;0,1803;0,17998;0,1802
10/09/2026 00:45:00;0,1802;0,1806;0,1802;0,1805
10/09/2026 00:50:00;0,1805;0,1805;0,18;0,1802
10/09/2026 00:55:00;0,1802;0,1803;0,1799;0,1803
10/09/2026 01:00:00;0,1803;0,1803;0,1801;0,1803
10/09/2026 01:05:00;0,1803;0,1805;0,1803;0,1805
10/09/2026 01:10:00;0,1805;0,1805;0,1802;0,1802
10/09/2026 01:15:00;0,1802;0,1804;0,1802;0,1804
10/09/2026 01:20:00;0,1804;0,1805;0,1802;0,1804
10/09/2026 01:25:00;0,1804;0,1804;0,18;0,1801
10/09/2026 01:30:00;0,1801;0,1803;0,1801;0,1802
10/09/2026 01:35:00;0,1802;0,1802;0,1801;0,1802
10/09/2026 01:40:00;0,1802;0,1802;0,1799;0,18
10/09/2026 01:45:00;0,18;0,1801;0,18;0,18
10/09/2026 01:50:00;0,18;0,1801;0,17999;0,17999
10/09/2026 01:55:00;0,17999;0,1804;0,179856;0,1799
10/09/2026 02:00:00;0,1799;0,1803;0,17987;0,17987
10/09/2026 02:05:00;0,17987;0,1801;0,179778;0,1801
10/09/2026 02:10:00;0,1801;0,1811;0,1801;0,18101
10/09/2026 02:15:00;0,18101;0,18101;0,1803;0,1803
10/09/2026 02:20:00;0,1803;0,1804;0,1802;0,1804
10/09/2026 02:25:00;0,1804;0,1808;0,1803;0,1808
10/09/2026 02:30:00;0,1808;0,1811;0,1807;0,181
10/09/2026 02:35:00;0,181;0,1812;0,1809;0,1809
10/09/2026 02:40:00;0,1809;0,1809;0,1804;0,1804
10/09/2026 02:45:00;0,1804;0,1806;0,1804;0,1805
10/09/2026 02:50:00;0,1805;0,1806;0,1804;0,1806
10/09/2026 02:55:00;0,1806;0,1812;0,1806;0,1811
10/09/2026 03:00:00;0,1811;0,1811;0,1809;0,1809
10/09/2026 03:05:00;0,1809;0,1809;0,1808;0,1808
10/09/2026 03:10:00;0,1808;0,1808;0,1803;0,1804
10/09/2026 03:15:00;0,1804;0,1804;0,18;0,1801
10/09/2026 03:20:00;0,1802;0,1802;0,18;0,1801
10/09/2026 03:25:00;0,1801;0,1803;0,18;0,1802
10/09/2026 03:30:00;0,1802;0,1804;0,1802;0,1802
10/09/2026 03:35:00;0,1804;0,1806;0,1803;0,1806
10/09/2026 03:40:00;0,1806;0,1807;0,1805;0,1806
10/09/2026 03:45:00;0,1806;0,1809;0,1806;0,1809
10/09/2026 03:50:00;0,1809;0,1815;0,1809;0,1812
10/09/2026 03:55:00;0,1812;0,1812;0,1811;0,1812
10/09/2026 04:00:00;0,1812;0,1812;0,1805;0,1806
10/09/2026 04:05:00;0,1806;0,1806;0,18;0,1801
10/09/2026 04:10:00;0,1801;0,1805;0,180007;0,1805
10/09/2026 04:15:00;0,1805;0,1805;0,1803;0,1803
10/09/2026 04:20:00;0,1803;0,1804;0,1798;0,1798
10/09/2026 04:25:00;0,1798;0,1799;0,1796;0,1796
10/09/2026 04:30:00;0,1797;0,1797;0,1791;0,1791
10/09/2026 04:35:00;0,1791;0,1793;0,179;0,179
10/09/2026 04:40:00;0,179;0,1792;0,179;0,179
10/09/2026 04:45:00;0,179;0,1793;0,179;0,1791
10/09/2026 04:50:00;0,1791;0,1793;0,1791;0,1792
10/09/2026 04:55:00;0,1792;0,1792;0,179;0,1792
10/09/2026 05:00:00;0,1792;0,1792;0,1789;0,1789
10/09/2026 05:05:00;0,1789;0,1794;0,1788;0,1794
10/09/2026 05:10:00;0,1794;0,1795;0,179;0,179
10/09/2026 05:15:00;0,179;0,1793;0,179;0,1792
10/09/2026 05:20:00;0,1792;0,1797;0,1792;0,1796
10/09/2026 05:25:00;0,1797;0,1797;0,1793;0,1797
10/09/2026 05:30:00;0,1797;0,1797;0,179;0,1793
10/09/2026 05:35:00;0,1793;0,1794;0,1792;0,1792
10/09/2026 05:40:00;0,1792;0,1793;0,179;0,1791
10/09/2026 05:45:00;0,1791;0,1791;0,1789;0,1791
10/09/2026 05:50:00;0,1791;0,1793;0,1791;0,17922
10/09/2026 05:55:00;0,17922;0,17922;0,1789;0,179
10/09/2026 06:00:00;0,179;0,17942;0,179;0,17942
10/09/2026 06:05:00;0,17942;0,1797;0,1794;0,1796
10/09/2026 06:10:00;0,1796;0,1803;0,1796;0,1802
10/09/2026 06:15:00;0,1802;0,1804;0,1801;0,1803
10/09/2026 06:20:00;0,1803;0,1803;0,18;0,1802
10/09/2026 06:25:00;0,1802;0,1803;0,1801;0,1801
10/09/2026 06:30:00;0,1801;0,1801;0,1795;0,1797
10/09/2026 06:35:00;0,1797;0,1797;0,1793;0,1794
10/09/2026 06:40:00;0,1794;0,1794;0,1789;0,17899
10/09/2026 06:45:00;0,17899;0,17921;0,178846;0,17921
10/09/2026 06:50:00;0,17921;0,1795;0,179151;0,1795
10/09/2026 06:55:00;0,1794;0,1794;0,1791;0,1793
10/09/2026 07:00:00;0,1793;0,1796;0,1792;0,1794
10/09/2026 07:05:00;0,1794;0,1795;0,1793;0,1793
10/09/2026 07:10:00;0,1793;0,1795;0,1791;0,1794
10/09/2026 07:15:00;0,1794;0,1796;0,1792;0,1795
10/09/2026 07:20:00;0,1795;0,1797;0,1793;0,1793
10/09/2026 07:25:00;0,1793;0,1794;0,179227;0,1794
10/09/2026 07:30:00;0,1794;0,1794;0,1787;0,1789
10/09/2026 07:35:00;0,1789;0,1795;0,1789;0,1794
10/09/2026 07:40:00;0,1794;0,1797;0,1794;0,1795
10/09/2026 07:45:00;0,1795;0,1795;0,1793;0,1795
10/09/2026 07:50:00;0,1795;0,1795;0,1792;0,1793
10/09/2026 07:55:00;0,1793;0,1798;0,1789;0,1789
10/09/2026 08:00:00;0,1789;0,1789;0,17839;0,17839
10/09/2026 08:05:00;0,17839;0,1791;0,17839;0,1789
10/09/2026 08:10:00;0,1789;0,1792;0,1789;0,1792
10/09/2026 08:15:00;0,1792;0,1797;0,1792;0,1795
10/09/2026 08:20:00;0,1795;0,1797;0,1795;0,1797
10/09/2026 08:25:00;0,1797;0,1799;0,1797;0,1798
10/09/2026 08:30:00;0,1798;0,18;0,1797;0,18
10/09/2026 08:35:00;0,18;0,1801;0,1799;0,1799
10/09/2026 08:40:00;0,1799;0,1801;0,1797;0,1798
10/09/2026 08:45:00;0,1798;0,1799;0,1794;0,1798
10/09/2026 08:50:00;0,1798;0,1798;0,1793;0,1796
10/09/2026 08:55:00;0,1796;0,1796;0,1791;0,1793
10/09/2026 09:00:00;0,1793;0,1795;0,1792;0,1794
10/09/2026 09:05:00;0,1794;0,1796;0,1794;0,1794
10/09/2026 09:10:00;0,1794;0,1796;0,1785;0,1796
10/09/2026 09:15:00;0,1796;0,179857;0,1794;0,1794
10/09/2026 09:20:00;0,1794;0,1795;0,1792;0,1792
10/09/2026 09:25:00;0,1792;0,1793;0,1791;0,1793
10/09/2026 09:30:00;0,1793;0,1801;0,1782;0,1783
10/09/2026 09:35:00;0,1783;0,1789;0,1777;0,178
10/09/2026 09:40:00;0,178;0,1787;0,1779;0,1785
10/09/2026 09:45:00;0,1784;0,1784;0,1756;0,1772
10/09/2026 09:50:00;0,1772;0,1776;0,1767;0,1773
10/09/2026 09:55:00;0,1773;0,1775;0,1764;0,1769
10/09/2026 10:00:00;0,1769;0,1776;0,1767;0,1772
10/09/2026 10:05:00;0,1772;0,1774;0,177;0,1773
10/09/2026 10:10:00;0,1773;0,1773;0,1765;0,1766
10/09/2026 10:15:00;0,1766;0,1769;0,1763;0,1764
10/09/2026 10:20:00;0,1764;0,1774;0,1764;0,1773
10/09/2026 10:25:00;0,1773;0,1774;0,1771;0,1772
10/09/2026 10:30:00;0,1772;0,1775;0,1769;0,1772
10/09/2026 10:35:00;0,1772;0,1779;0,1771;0,1778
10/09/2026 10:40:00;0,1778;0,1779;0,1776;0,1777
10/09/2026 10:45:00;0,1777;0,1781;0,1775;0,1779
10/09/2026 10:50:00;0,1779;0,178007;0,1773;0,1777
10/09/2026 10:55:00;0,1777;0,1781;0,1777;0,1778
10/09/2026 11:00:00;0,1778;0,1785;0,1778;0,1782
10/09/2026 11:05:00;0,1782;0,1782;0,1773;0,1775
10/09/2026 11:10:00;0,1775;0,1777;0,1773;0,1773
10/09/2026 11:15:00;0,1773;0,1775;0,1769;0,1775
10/09/2026 11:20:00;0,1776;0,1784;0,1773;0,1781
10/09/2026 11:25:00;0,1781;0,1783;0,1779;0,1779
10/09/2026 11:30:00;0,1779;0,1782;0,1779;0,1781
10/09/2026 11:35:00;0,1781;0,1784;0,178;0,1781
10/09/2026 11:40:00;0,1781;0,1784;0,17804;0,1781
10/09/2026 11:45:00;0,1781;0,1785;0,178;0,1781
10/09/2026 11:50:00;0,1781;0,1781;0,1777;0,178
10/09/2026 11:55:00;0,178;0,178;0,177756;0,1778
10/09/2026 12:00:00;0,1778;0,1778;0,177;0,1771
10/09/2026 12:05:00;0,1771;0,1778;0,176999;0,1776
10/09/2026 12:10:00;0,1776;0,1779;0,1774;0,1776
10/09/2026 12:15:00;0,1776;0,1777;0,1772;0,1773
10/09/2026 12:20:00;0,1773;0,1774;0,177;0,1773
10/09/2026 12:25:00;0,1773;0,177435;0,177;0,177
10/09/2026 12:30:00;0,177;0,1774;0,177;0,1773
10/09/2026 12:35:00;0,1773;0,1777;0,1773;0,1777
10/09/2026 12:40:00;0,1777;0,1777;0,1772;0,1774
10/09/2026 12:45:00;0,1774;0,1778;0,1772;0,1775
10/09/2026 12:50:00;0,1775;0,1776;0,1772;0,1773
10/09/2026 12:55:00;0,1773;0,1778;0,1771;0,1777
10/09/2026 13:00:00;0,1777;0,178;0,1772;0,1772
10/09/2026 13:05:00;0,1772;0,1774;0,1766;0,1766
10/09/2026 13:10:00;0,1766;0,1769;0,1764;0,1768
10/09/2026 13:15:00;0,1768;0,1768;0,1759;0,1759
10/09/2026 13:20:00;0,1759;0,1767;0,1759;0,1764
10/09/2026 13:25:00;0,1764;0,1764;0,1759;0,1759
10/09/2026 13:30:00;0,1759;0,1762;0,1756;0,1756
10/09/2026 13:35:00;0,1756;0,1761;0,1754;0,1761
10/09/2026 13:40:00;0,1761;0,1766;0,176;0,1766
10/09/2026 13:45:00;0,1766;0,1773;0,1766;0,177
10/09/2026 13:50:00;0,177;0,1771;0,1769;0,1769
10/09/2026 13:55:00;0,1769;0,1774;0,1768;0,1774
10/09/2026 14:00:00;0,1774;0,1774;0,1771;0,1774
10/09/2026 14:05:00;0,1774;0,1776;0,1773;0,1774
10/09/2026 14:10:00;0,1774;0,1777;0,1774;0,1776
10/09/2026 14:15:00;0,1776;0,1778;0,1776;0,1778
10/09/2026 14:20:00;0,1778;0,1782;0,1777;0,178
10/09/2026 14:25:00;0,178;0,1782;0,1779;0,1782
10/09/2026 14:30:00;0,1782;0,1789;0,1782;0,1789
10/09/2026 14:35:00;0,1789;0,1791;0,1783;0,1783
10/09/2026 14:40:00;0,1783;0,1787;0,1782;0,1787
10/09/2026 14:45:00;0,1787;0,179;0,1784;0,1789
10/09/2026 14:50:00;0,1789;0,179;0,1787;0,1789
10/09/2026 14:55:00;0,1789;0,1789;0,1787;0,1788
10/09/2026 15:00:00;0,1788;0,1788;0,1781;0,1781
10/09/2026 15:05:00;0,1782;0,1785;0,178;0,1781
10/09/2026 15:10:00;0,1781;0,1782;0,1779;0,178
10/09/2026 15:15:00;0,178;0,1783;0,1779;0,178
10/09/2026 15:20:00;0,178;0,1788;0,178;0,1786
10/09/2026 15:25:00;0,1786;0,1786;0,1781;0,1781
10/09/2026 15:30:00;0,1781;0,1781;0,177664;0,178
10/09/2026 15:35:00;0,178;0,1782;0,17767;0,1782
10/09/2026 15:40:00;0,1782;0,178369;0,178187;0,1783
10/09/2026 15:45:00;0,1783;0,1785;0,1781;0,1783
10/09/2026 15:50:00;0,1783;0,1791;0,1782;0,1791
10/09/2026 15:55:00;0,1791;0,1791;0,1788;0,179
10/09/2026 16:00:00;0,179;0,179;0,1786;0,1787
10/09/2026 16:05:00;0,1787;0,1787;0,1785;0,1786
10/09/2026 16:10:00;0,1786;0,1786;0,1784;0,1785
10/09/2026 16:15:00;0,1785;0,1786;0,1785;0,1786
10/09/2026 16:20:00;0,1786;0,1787;0,1784;0,1787
10/09/2026 16:25:00;0,1787;0,1789;0,1785;0,1785
10/09/2026 16:30:00;0,1785;0,1787;0,1784;0,1785
10/09/2026 16:35:00;0,1785;0,1788;0,1781;0,1784
10/09/2026 16:40:00;0,1784;0,1787;0,1784;0,1785
10/09/2026 16:45:00;0,1785;0,1785;0,1781;0,1782
10/09/2026 16:50:00;0,1782;0,1782;0,1777;0,1779
10/09/2026 16:55:00;0,1778;0,178;0,1777;0,1779
10/09/2026 17:00:00;0,1779;0,1779;0,1774;0,1774
10/09/2026 17:05:00;0,1774;0,178;0,1774;0,178
10/09/2026 17:10:00;0,178;0,17821;0,1778;0,17821
10/09/2026 17:15:00;0,17821;0,1785;0,1782;0,1784
10/09/2026 17:20:00;0,1784;0,1786;0,1782;0,1782
10/09/2026 17:25:00;0,1782;0,1785;0,1781;0,1783
10/09/2026 17:30:00;0,1783;0,1784;0,1781;0,1781
10/09/2026 17:35:00;0,1781;0,1781;0,1779;0,178
10/09/2026 17:40:00;0,178;0,178;0,1779;0,1779
10/09/2026 17:45:00;0,178;0,1781;0,1774;0,1774
10/09/2026 17:50:00;0,1774;0,1776;0,1774;0,1776
10/09/2026 17:55:00;0,1776;0,1776;0,177314;0,1774
10/09/2026 18:00:00;0,1774;0,1776;0,1774;0,1774
10/09/2026 18:05:00;0,1774;0,1779;0,1774;0,1777
10/09/2026 18:10:00;0,1777;0,1781;0,1777;0,177702
10/09/2026 18:15:00;0,177702;0,177702;0,1772;0,1772
10/09/2026 18:20:00;0,1772;0,1772;0,177;0,1771
10/09/2026 18:25:00;0,1771;0,1773;0,177;0,1772
10/09/2026 18:30:00;0,1772;0,17721;0,1768;0,1768
10/09/2026 18:35:00;0,1768;0,177026;0,1767;0,1769
10/09/2026 18:40:00;0,1769;0,1772;0,1769;0,1771
10/09/2026 18:45:00;0,1771;0,1773;0,1771;0,1773
10/09/2026 18:50:00;0,1773;0,1774;0,177;0,177
10/09/2026 18:55:00;0,177;0,177;0,176671;0,1769
10/09/2026 19:00:00;0,1769;0,1771;0,176646;0,177
10/09/2026 19:05:00;0,177;0,1775;0,1768;0,1774
10/09/2026 19:10:00;0,1773;0,1775;0,1769;0,1771
10/09/2026 19:15:00;0,1771;0,1774;0,1771;0,1774
10/09/2026 19:20:00;0,1773;0,177419;0,1771;0,1771
10/09/2026 19:25:00;0,1771;0,17721;0,177;0,177
10/09/2026 19:30:00;0,177;0,177;0,1763;0,1764
10/09/2026 19:35:00;0,1764;0,1764;0,176;0,1763
10/09/2026 19:40:00;0,1763;0,1763;0,176;0,176
10/09/2026 19:45:00;0,176;0,1765;0,176;0,1764
10/09/2026 19:50:00;0,1764;0,1764;0,17599;0,176
10/09/2026 19:55:00;0,176;0,1761;0,1757;0,1757
10/09/2026 20:00:00;0,1757;0,1758;0,1754;0,1755
10/09/2026 20:05:00;0,1755;0,1759;0,1747;0,1751
10/09/2026 20:10:00;0,1751;0,1753;0,1743;0,1745
10/09/2026 20:15:00;0,1745;0,1751;0,1744;0,1748
10/09/2026 20:20:00;0,1748;0,1752;0,1748;0,175
10/09/2026 20:25:00;0,175;0,1753;0,1749;0,175
10/09/2026 20:30:00;0,175;0,1753;0,175;0,1752
10/09/2026 20:35:00;0,1752;0,1753;0,175;0,1751
10/09/2026 20:40:00;0,1751;0,1753;0,1749;0,1752
10/09/2026 20:45:00;0,1752;0,1752;0,175;0,1751
10/09/2026 20:50:00;0,1751;0,1752;0,1748;0,1748
10/09/2026 20:55:00;0,1748;0,1749;0,1746;0,1746
10/09/2026 21:00:00;0,1746;0,1751;0,1746;0,1751
10/09/2026 21:05:00;0,1751;0,1758;0,175;0,1757
10/09/2026 21:10:00;0,1757;0,176;0,1757;0,1758
10/09/2026 21:15:00;0,1758;0,1758;0,1754;0,1755
10/09/2026 21:20:00;0,1755;0,1759;0,1753;0,1757
10/09/2026 21:25:00;0,1757;0,1757;0,1754;0,1756
10/09/2026 21:30:00;0,1756;0,1757;0,1752;0,1755
10/09/2026 21:35:00;0,1755;0,1757;0,1753;0,1754
10/09/2026 21:40:00;0,1754;0,1754;0,1751;0,1753
10/09/2026 21:45:00;0,1753;0,1753;0,175;0,1751
10/09/2026 21:50:00;0,1751;0,1756;0,1751;0,1756
10/09/2026 21:55:00;0,1756;0,1758;0,1755;0,1756
10/09/2026 22:00:00;0,1756;0,1762;0,1755;0,1762
10/09/2026 22:05:00;0,1762;0,1762;0,1759;0,176
10/09/2026 22:10:00;0,176;0,176073;0,1758;0,1758
10/09/2026 22:15:00;0,1758;0,1759;0,1756;0,1757
10/09/2026 22:20:00;0,1757;0,1757;0,1752;0,1756
10/09/2026 22:25:00;0,1756;0,1757;0,1752;0,1753
10/09/2026 22:30:00;0,1753;0,1754;0,175;0,1752
10/09/2026 22:35:00;0,1752;0,1756;0,175;0,1752
10/09/2026 22:40:00;0,1752;0,1752;0,1748;0,1751
10/09/2026 22:45:00;0,1751;0,1755;0,175;0,1755
10/09/2026 22:50:00;0,1755;0,1757;0,1755;0,1756
10/09/2026 22:55:00;0,1756;0,1758;0,1755;0,1758
10/09/2026 23:00:00;0,1758;0,1759;0,1756;0,1758
10/09/2026 23:05:00;0,1758;0,176;0,1755;0,1758
10/09/2026 23:10:00;0,1758;0,1758;0,17559;0,1758
10/09/2026 23:15:00;0,1758;0,1758;0,1755;0,1755
10/09/2026 23:20:00;0,1756;0,1756;0,175226;0,1753
10/09/2026 23:25:00;0,1753;0,1753;0,1751;0,1753
10/09/2026 23:30:00;0,1753;0,1753;0,1751;0,1753
10/09/2026 23:35:00;0,1753;0,1757;0,17519;0,1757
10/09/2026 23:40:00;0,1757;0,1758;0,1756;0,1756
10/09/2026 23:45:00;0,1756;0,1759;0,1755;0,1758
10/09/2026 23:50:00;0,1758;0,175954;0,1755;0,1757
10/09/2026 23:55:00;0,1756;0,1757;0,1755;0,1757
11/09/2026 00:00:00;0,1757;0,1757;0,1755;0,1755
11/09/2026 00:05:00;0,1755;0,1755;0,175;0,1751
11/09/2026 00:10:00;0,175;0,1756;0,175;0,1755
11/09/2026 00:15:00;0,1755;0,1756;0,1751;0,1754
11/09/2026 00:20:00;0,1754;0,1755;0,1751;0,1751
11/09/2026 00:25:00;0,1751;0,1755;0,1751;0,1753
11/09/2026 00:30:00;0,1753;0,1755;0,175146;0,1753
11/09/2026 00:35:00;0,1753;0,1758;0,1753;0,1758
11/09/2026 00:40:00;0,1758;0,1759;0,1757;0,1758
11/09/2026 00:45:00;0,1758;0,1758;0,1754;0,1754
11/09/2026 00:50:00;0,1754;0,175899;0,1754;0,175899
11/09/2026 00:55:00;0,175899;0,176;0,1757;0,1759
11/09/2026 01:00:00;0,1759;0,1762;0,1758;0,176
11/09/2026 01:05:00;0,1761;0,176373;0,1761;0,1762
11/09/2026 01:10:00;0,1762;0,1763;0,1759;0,1759
11/09/2026 01:15:00;0,1759;0,1764;0,1759;0,1763
11/09/2026 01:20:00;0,1763;0,17685;0,1763;0,1767
11/09/2026 01:25:00;0,1767;0,177;0,1767;0,1767
11/09/2026 01:30:00;0,1768;0,1768;0,1765;0,1766
11/09/2026 01:35:00;0,1765;0,1766;0,1763;0,1765
11/09/2026 01:40:00;0,1764;0,176571;0,1762;0,1762
11/09/2026 01:45:00;0,1762;0,1764;0,1761;0,1761
11/09/2026 01:50:00;0,1761;0,1764;0,1761;0,1764
11/09/2026 01:55:00;0,1764;0,1764;0,1761;0,1761
11/09/2026 02:00:00;0,1761;0,1761;0,1759;0,1759
11/09/2026 02:05:00;0,1759;0,1762;0,1759;0,176
11/09/2026 02:10:00;0,1761;0,1763;0,1759;0,1762
11/09/2026 02:15:00;0,1762;0,17642;0,1761;0,1762
11/09/2026 02:20:00;0,1762;0,1762;0,1759;0,1761
11/09/2026 02:25:00;0,1761;0,1761;0,1759;0,176
11/09/2026 02:30:00;0,176;0,1762;0,1759;0,176
11/09/2026 02:35:00;0,176;0,1763;0,176;0,1763
11/09/2026 02:40:00;0,1763;0,1763;0,1761;0,1763
11/09/2026 02:45:00;0,1763;0,1764;0,1763;0,1763
11/09/2026 02:50:00;0,1763;0,1764;0,1753;0,1763
11/09/2026 02:55:00;0,1763;0,1764;0,1762;0,1762
11/09/2026 03:00:00;0,1762;0,1764;0,1762;0,1764
11/09/2026 03:05:00;0,1763;0,1765;0,1761;0,1762
11/09/2026 03:10:00;0,1762;0,1766;0,1762;0,1766
11/09/2026 03:15:00;0,1766;0,1767;0,1764;0,1767
11/09/2026 03:20:00;0,1767;0,1767;0,1764;0,1764
11/09/2026 03:25:00;0,1764;0,1764;0,1761;0,1762
11/09/2026 03:30:00;0,1762;0,1763;0,1761;0,1763
11/09/2026 03:35:00;0,1763;0,1764;0,1762;0,1763
11/09/2026 03:40:00;0,1763;0,17631;0,1761;0,17631
11/09/2026 03:45:00;0,17631;0,1765;0,1762;0,1764
11/09/2026 03:50:00;0,1764;0,1765;0,1763;0,1764
11/09/2026 03:55:00;0,1764;0,1767;0,1763;0,1767
11/09/2026 04:00:00;0,1767;0,1769;0,1766;0,1769
11/09/2026 04:05:00;0,1769;0,177;0,1768;0,177
11/09/2026 04:10:00;0,177;0,1771;0,1769;0,1769
11/09/2026 04:15:00;0,1769;0,1771;0,1769;0,1771
11/09/2026 04:20:00;0,1771;0,1772;0,177;0,1771
11/09/2026 04:25:00;0,1771;0,1771;0,1768;0,1768
11/09/2026 04:30:00;0,1768;0,1769;0,1766;0,1767
11/09/2026 04:35:00;0,1767;0,1769;0,1767;0,1767
11/09/2026 04:40:00;0,1767;0,1767;0,1765;0,1765
11/09/2026 04:45:00;0,1765;0,1765;0,1763;0,1763
11/09/2026 04:50:00;0,1763;0,1764;0,1762;0,1762
11/09/2026 04:55:00;0,1762;0,1765;0,1762;0,1763
11/09/2026 05:00:00;0,1763;0,1764;0,1761;0,1761
11/09/2026 05:05:00;0,1761;0,1761;0,1759;0,176
11/09/2026 05:10:00;0,1759;0,176;0,1758;0,1759
11/09/2026 05:15:00;0,1759;0,1763;0,1759;0,1761
11/09/2026 05:20:00;0,1761;0,1767;0,176;0,1765
11/09/2026 05:25:00;0,1764;0,1765;0,1762;0,1764
11/09/2026 05:30:00;0,1764;0,177;0,1763;0,1766
11/09/2026 05:35:00;0,1766;0,1766;0,1764;0,1765
11/09/2026 05:40:00;0,1765;0,1766;0,1764;0,1764
11/09/2026 05:45:00;0,1764;0,1765;0,1763;0,1763
11/09/2026 05:50:00;0,1763;0,1763;0,1761;0,1762
11/09/2026 05:55:00;0,1762;0,1764;0,1761;0,1762
11/09/2026 06:00:00;0,1762;0,1763;0,1761;0,1762
11/09/2026 06:05:00;0,1761;0,1762;0,176;0,176
11/09/2026 06:10:00;0,176;0,1761;0,1759;0,176
11/09/2026 06:15:00;0,176;0,176;0,1758;0,1758
11/09/2026 06:20:00;0,1758;0,176;0,1757;0,1758
11/09/2026 06:25:00;0,1758;0,1759;0,1757;0,1758
11/09/2026 06:30:00;0,1758;0,1759;0,1756;0,1756
11/09/2026 06:35:00;0,1756;0,1756;0,175;0,175
11/09/2026 06:40:00;0,175;0,175;0,1747;0,1749
11/09/2026 06:45:00;0,1749;0,1751;0,1748;0,1751
11/09/2026 06:50:00;0,1751;0,1753;0,175;0,1752
11/09/2026 06:55:00;0,1752;0,1753;0,1751;0,1752
11/09/2026 07:00:00;0,1752;0,1757;0,175;0,1757
11/09/2026 07:05:00;0,1757;0,1757;0,1753;0,1753
11/09/2026 07:10:00;0,1753;0,1754;0,1751;0,1752
11/09/2026 07:15:00;0,1752;0,1754;0,1752;0,1753
11/09/2026 07:20:00;0,1753;0,1754;0,1751;0,1751
11/09/2026 07:25:00;0,1751;0,1752;0,1748;0,1749
11/09/2026 07:30:00;0,1749;0,1749;0,1746;0,1749
11/09/2026 07:35:00;0,1749;0,1749;0,1746;0,1746
11/09/2026 07:40:00;0,1746;0,1746;0,1743;0,1743
11/09/2026 07:45:00;0,1743;0,1745;0,1743;0,1744
11/09/2026 07:50:00;0,1744;0,1744;0,1743;0,1743
11/09/2026 07:55:00;0,1743;0,1744;0,1742;0,1742
11/09/2026 08:00:00;0,1742;0,1743;0,1737;0,1738
11/09/2026 08:05:00;0,1738;0,174;0,1734;0,1735
11/09/2026 08:10:00;0,1735;0,1737;0,1733;0,1736
11/09/2026 08:15:00;0,1736;0,1738;0,1734;0,1738
11/09/2026 08:20:00;0,1738;0,1739;0,1736;0,1737
11/09/2026 08:25:00;0,1737;0,1742;0,1737;0,174
11/09/2026 08:30:00;0,174;0,1742;0,1738;0,1739
11/09/2026 08:35:00;0,1739;0,1742;0,1739;0,1741
11/09/2026 08:40:00;0,1741;0,1747;0,1741;0,1746
11/09/2026 08:45:00;0,1746;0,1748;0,1745;0,1747
11/09/2026 08:50:00;0,1747;0,1747;0,1745;0,1747
11/09/2026 08:55:00;0,1747;0,1747;0,1743;0,1746
11/09/2026 09:00:00;0,1746;0,1747;0,1744;0,1745
11/09/2026 09:05:00;0,1745;0,1745;0,1741;0,1741
11/09/2026 09:10:00;0,1741;0,1743;0,1739;0,1739
11/09/2026 09:15:00;0,1739;0,1743;0,1738;0,174
11/09/2026 09:20:00;0,174;0,1743;0,1739;0,1739
11/09/2026 09:25:00;0,1739;0,1757;0,1738;0,1745
11/09/2026 09:30:00;0,1745;0,1767;0,1727;0,1765
11/09/2026 09:35:00;0,1765;0,1785;0,1762;0,1784
11/09/2026 09:40:00;0,1784;0,1784;0,1776;0,1779
11/09/2026 09:45:00;0,1779;0,1789;0,1778;0,1788
11/09/2026 09:50:00;0,1788;0,1795;0,1788;0,1791
11/09/2026 09:55:00;0,1791;0,1793;0,1788;0,1793
11/09/2026 10:00:00;0,1793;0,1793;0,1784;0,1785
11/09/2026 10:05:00;0,1785;0,1788;0,1779;0,178
11/09/2026 10:10:00;0,178;0,1783;0,1779;0,1783
11/09/2026 10:15:00;0,1783;0,1785;0,1781;0,1785
11/09/2026 10:20:00;0,1785;0,1791;0,1785;0,1789
11/09/2026 10:25:00;0,1789;0,179;0,1781;0,1782
11/09/2026 10:30:00;0,1782;0,1789;0,1779;0,1781
11/09/2026 10:35:00;0,1781;0,1784;0,1774;0,1783
11/09/2026 10:40:00;0,1783;0,1791;0,1781;0,179
11/09/2026 10:45:00;0,179;0,1817;0,1788;0,1815
11/09/2026 10:50:00;0,1815;0,1826;0,1812;0,1821
11/09/2026 10:55:00;0,1821;0,1843;0,1821;0,1841
11/09/2026 11:00:00;0,1841;0,1853;0,1838;0,1846
11/09/2026 11:05:00;0,1846;0,1846;0,1825;0,1828
11/09/2026 11:10:00;0,1828;0,1832;0,182;0,1831
11/09/2026 11:15:00;0,1831;0,1834;0,1824;0,183
11/09/2026 11:20:00;0,183;0,1831;0,1825;0,1829
11/09/2026 11:25:00;0,1829;0,1831;0,1825;0,1829
11/09/2026 11:30:00;0,1829;0,183;0,1818;0,1819
11/09/2026 11:35:00;0,1819;0,1821;0,1813;0,1819
11/09/2026 11:40:00;0,1819;0,1823;0,1813;0,1817
11/09/2026 11:45:00;0,1817;0,1822;0,1811;0,1818
11/09/2026 11:50:00;0,1818;0,1826;0,1814;0,1826
11/09/2026 11:55:00;0,1825;0,182632;0,1822;0,1824
11/09/2026 12:00:00;0,1824;0,1829;0,1819;0,1824
11/09/2026 12:05:00;0,1827;0,1829;0,1824;0,1825
11/09/2026 12:10:00;0,1825;0,1825;0,182;0,1821
11/09/2026 12:15:00;0,1819;0,183;0,1819;0,1829
11/09/2026 12:20:00;0,1829;0,1837;0,1829;0,1836
11/09/2026 12:25:00;0,1836;0,184;0,1834;0,1839
11/09/2026 12:30:00;0,1838;0,1845;0,1836;0,1844
11/09/2026 12:35:00;0,1844;0,1847;0,1843;0,1846
11/09/2026 12:40:00;0,1845;0,1847;0,1841;0,1842
11/09/2026 12:45:00;0,1842;0,1844;0,1837;0,1837
11/09/2026 12:50:00;0,1838;0,184;0,1801;0,1805
11/09/2026 12:55:00;0,1805;0,1812;0,1801;0,1808
11/09/2026 13:00:00;0,1808;0,1817;0,1807;0,1813
11/09/2026 13:05:00;0,1813;0,1821;0,1813;0,1818
11/09/2026 13:10:00;0,1818;0,1819;0,1811;0,1812
11/09/2026 13:15:00;0,1812;0,1815;0,1806;0,1809
11/09/2026 13:20:00;0,1809;0,1809;0,1803;0,1805
11/09/2026 13:25:00;0,1805;0,1814;0,1805;0,1811
11/09/2026 13:30:00;0,1811;0,1816;0,1807;0,1816
11/09/2026 13:35:00;0,1816;0,1816;0,1807;0,1808
11/09/2026 13:40:00;0,1808;0,1814;0,1808;0,1814
11/09/2026 13:45:00;0,1814;0,1823;0,1814;0,1821
11/09/2026 13:50:00;0,1821;0,1822;0,1819;0,182
11/09/2026 13:55:00;0,182;0,1823;0,1819;0,182
11/09/2026 14:00:00;0,182;0,1826;0,182;0,1824
11/09/2026 14:05:00;0,1824;0,1824;0,1816;0,1817
11/09/2026 14:10:00;0,1817;0,1818;0,1812;0,1812
11/09/2026 14:15:00;0,1812;0,1817;0,1811;0,1813
11/09/2026 14:20:00;0,1813;0,181519;0,181;0,1813
11/09/2026 14:25:00;0,1813;0,1817;0,1813;0,1813
11/09/2026 14:30:00;0,1813;0,1814;0,1812;0,1813
11/09/2026 14:35:00;0,1813;0,1813;0,1804;0,1804
11/09/2026 14:40:00;0,1804;0,1806;0,180198;0,1803
11/09/2026 14:45:00;0,1802;0,1803;0,1799;0,18
11/09/2026 14:50:00;0,18;0,180054;0,1797;0,179991
11/09/2026 14:55:00;0,179991;0,179991;0,17927;0,1796
11/09/2026 15:00:00;0,1796;0,1796;0,17809;0,1782
11/09/2026 15:05:00;0,1782;0,1783;0,1774;0,1777
11/09/2026 15:10:00;0,1777;0,1781;0,1776;0,178
11/09/2026 15:15:00;0,178;0,1792;0,1779;0,1792
11/09/2026 15:20:00;0,1792;0,1792;0,1786;0,1787
11/09/2026 15:25:00;0,1787;0,1789;0,1784;0,1788
11/09/2026 15:30:00;0,1788;0,179;0,1784;0,179
11/09/2026 15:35:00;0,179;0,1791;0,1786;0,1786
11/09/2026 15:40:00;0,1788;0,1788;0,17838;0,1784
11/09/2026 15:45:00;0,1784;0,1789;0,178;0,1784
11/09/2026 15:50:00;0,1784;0,1784;0,1775;0,1776
11/09/2026 15:55:00;0,1776;0,1776;0,1775;0,1776
11/09/2026 16:00:00;0,1776;0,1778;0,1771;0,1778
11/09/2026 16:05:00;0,1778;0,1782;0,1778;0,178
11/09/2026 16:10:00;0,178;0,1781;0,1778;0,1781
11/09/2026 16:15:00;0,1781;0,1782;0,1777;0,1778
11/09/2026 16:20:00;0,1778;0,1786;0,1777;0,1785
11/09/2026 16:25:00;0,1785;0,1787;0,1785;0,1785
11/09/2026 16:30:00;0,1785;0,1785;0,1783;0,1783
11/09/2026 16:35:00;0,1783;0,1786;0,1783;0,1786
11/09/2026 16:40:00;0,1786;0,179;0,1786;0,179
11/09/2026 16:45:00;0,1789;0,1789;0,1786;0,1789
11/09/2026 16:50:00;0,1789;0,1791;0,1788;0,179
11/09/2026 16:55:00;0,179;0,179;0,1787;0,1789
11/09/2026 17:00:00;0,1788;0,1795;0,1788;0,1795
11/09/2026 17:05:00;0,1795;0,17972;0,1794;0,1797
11/09/2026 17:10:00;0,1797;0,1799;0,1795;0,1796
11/09/2026 17:15:00;0,1796;0,1796;0,1791;0,1792
11/09/2026 17:20:00;0,1792;0,179237;0,179;0,179
11/09/2026 17:25:00;0,179;0,1792;0,1788;0,1788
11/09/2026 17:30:00;0,1788;0,1788;0,1783;0,1788
11/09/2026 17:35:00;0,1788;0,1794;0,1788;0,1794
11/09/2026 17:40:00;0,1794;0,1794;0,1791;0,1791
11/09/2026 17:45:00;0,1791;0,1791;0,1785;0,1785
11/09/2026 17:50:00;0,1785;0,1786;0,178;0,1782
11/09/2026 17:55:00;0,1782;0,1787;0,1782;0,1786
11/09/2026 18:00:00;0,1786;0,1787;0,1785;0,1785
11/09/2026 18:05:00;0,1785;0,1794;0,1785;0,1794
11/09/2026 18:10:00;0,1794;0,1796;0,179262;0,179262
11/09/2026 18:15:00;0,179262;0,1794;0,1792;0,1793
11/09/2026 18:20:00;0,1793;0,1794;0,1791;0,1792
11/09/2026 18:25:00;0,1792;0,1792;0,1788;0,1788
11/09/2026 18:30:00;0,1788;0,1789;0,1787;0,1788
11/09/2026 18:35:00;0,1788;0,178954;0,1787;0,1789
11/09/2026 18:40:00;0,1789;0,178912;0,178765;0,1788
11/09/2026 18:45:00;0,1788;0,1788;0,1781;0,1781
11/09/2026 18:50:00;0,1781;0,17811;0,177755;0,1778
11/09/2026 18:55:00;0,1778;0,1778;0,1774;0,17772
11/09/2026 19:00:00;0,17772;0,1782;0,1771;0,1782
11/09/2026 19:05:00;0,1782;0,1782;0,1777;0,1777
11/09/2026 19:10:00;0,178;0,1784;0,177914;0,1784
11/09/2026 19:15:00;0,1782;0,1786;0,1782;0,1785
11/09/2026 19:20:00;0,1785;0,1787;0,1784;0,1785
11/09/2026 19:25:00;0,1785;0,1785;0,1781;0,1781
11/09/2026 19:30:00;0,1779;0,178;0,1774;0,1774
11/09/2026 19:35:00;0,1774;0,178;0,1774;0,178
11/09/2026 19:40:00;0,178;0,178;0,1775;0,1776
11/09/2026 19:45:00;0,1776;0,1776;0,1774;0,1774
11/09/2026 19:50:00;0,1774;0,1774;0,177;0,1771
11/09/2026 19:55:00;0,1771;0,1774;0,1769;0,1772
11/09/2026 20:00:00;0,1772;0,1777;0,1771;0,1776
11/09/2026 20:05:00;0,1778;0,1778;0,1775;0,1776
11/09/2026 20:10:00;0,1776;0,1778;0,1776;0,1777
11/09/2026 20:15:00;0,1777;0,178;0,1776;0,178
11/09/2026 20:20:00;0,178;0,178;0,1777;0,1777
11/09/2026 20:25:00;0,1777;0,178;0,1777;0,1778
11/09/2026 20:30:00;0,1781;0,1782;0,1775;0,1781
11/09/2026 20:35:00;0,1781;0,1781;0,178;0,1781
11/09/2026 20:40:00;0,1781;0,1781;0,1778;0,178
11/09/2026 20:45:00;0,178;0,1783;0,178;0,1783
11/09/2026 20:50:00;0,1783;0,1783;0,1782;0,1783
11/09/2026 20:55:00;0,1781;0,178426;0,1781;0,1782
11/09/2026 21:00:00;0,1782;0,1787;0,1782;0,1787
11/09/2026 21:05:00;0,1787;0,1787;0,1784;0,1784
11/09/2026 21:10:00;0,1784;0,178701;0,1784;0,178701
11/09/2026 21:15:00;0,178701;0,1791;0,1787;0,1791
11/09/2026 21:20:00;0,179;0,179;0,1788;0,179
11/09/2026 21:25:00;0,179;0,179;0,17877;0,179
11/09/2026 21:30:00;0,179;0,17911;0,1788;0,17911
11/09/2026 21:35:00;0,17911;0,1794;0,179;0,1794
11/09/2026 21:40:00;0,1794;0,1794;0,1791;0,1791
11/09/2026 21:45:00;0,1791;0,1794;0,1791;0,1794
11/09/2026 21:50:00;0,1794;0,1794;0,1792;0,1794
11/09/2026 21:55:00;0,1794;0,179501;0,1793;0,1793
11/09/2026 22:00:00;0,1794;0,1797;0,17929;0,1797
11/09/2026 22:05:00;0,1797;0,1799;0,1796;0,1799
11/09/2026 22:10:00;0,1799;0,1805;0,1799;0,1804
11/09/2026 22:15:00;0,1804;0,1805;0,1804;0,1804
11/09/2026 22:20:00;0,1804;0,1804;0,1803;0,1803
11/09/2026 22:25:00;0,1803;0,1805;0,18;0,1803
11/09/2026 22:30:00;0,1803;0,1805;0,1803;0,1804
11/09/2026 22:35:00;0,1804;0,18051;0,18;0,1802
11/09/2026 22:40:00;0,1802;0,1804;0,1802;0,1803
11/09/2026 22:45:00;0,1803;0,1807;0,1803;0,1807
11/09/2026 22:50:00;0,1807;0,1807;0,1803;0,1806
11/09/2026 22:55:00;0,1806;0,1806;0,1803;0,1803
11/09/2026 23:00:00;0,1803;0,1805;0,1801;0,1801
11/09/2026 23:05:00;0,1801;0,1801;0,1798;0,18
11/09/2026 23:10:00;0,18;0,1804;0,18;0,18
11/09/2026 23:15:00;0,18;0,1804;0,18;0,1804
11/09/2026 23:20:00;0,1804;0,1805;0,1802;0,1805
11/09/2026 23:25:00;0,1805;0,1806;0,1803;0,1803
11/09/2026 23:30:00;0,1803;0,1804;0,1801;0,1801
11/09/2026 23:35:00;0,1801;0,1805;0,1801;0,1804
11/09/2026 23:40:00;0,1804;0,1805;0,1802;0,1802
11/09/2026 23:45:00;0,1803;0,1805;0,1801;0,1804
11/09/2026 23:50:00;0,1805;0,1806;0,1803;0,1803
11/09/2026 23:55:00;0,1803;0,1806;0,1802;0,1806
12/09/2026 00:00:00;0,1806;0,1807;0,1804;0,1807
12/09/2026 00:05:00;0,1808;0,1808;0,1805;0,1805
12/09/2026 00:10:00;0,1805;0,1809;0,18049;0,1808
12/09/2026 00:15:00;0,1808;0,181;0,1808;0,1809
12/09/2026 00:20:00;0,1809;0,1809;0,1805;0,1805
12/09/2026 00:25:00;0,1805;0,1809;0,18049;0,1809
12/09/2026 00:30:00;0,1809;0,181081;0,1808;0,1809
12/09/2026 00:35:00;0,1809;0,18101;0,1807;0,18101
12/09/2026 00:40:00;0,18101;0,1811;0,1809;0,1809
12/09/2026 00:45:00;0,1811;0,1811;0,181;0,181
12/09/2026 00:50:00;0,181;0,181;0,1808;0,1809
12/09/2026 00:55:00;0,1809;0,1811;0,1809;0,1809
12/09/2026 01:00:00;0,1809;0,1812;0,1809;0,1811
12/09/2026 01:05:00;0,1811;0,1811;0,18109;0,1811
12/09/2026 01:10:00;0,1811;0,1812;0,1811;0,1811
12/09/2026 01:15:00;0,1811;0,18111;0,1807;0,1807
12/09/2026 01:20:00;0,1807;0,181;0,1807;0,181
12/09/2026 01:25:00;0,181;0,181;0,1808;0,1808
12/09/2026 01:30:00;0,1808;0,1809;0,1806;0,1806
12/09/2026 01:35:00;0,1806;0,1808;0,1806;0,1806
12/09/2026 01:40:00;0,1806;0,1807;0,1805;0,1805
12/09/2026 01:45:00;0,1805;0,1807;0,18038;0,1807
12/09/2026 01:50:00;0,1806;0,1808;0,1805;0,1805
12/09/2026 01:55:00;0,1806;0,1806;0,18049;0,1806
12/09/2026 02:00:00;0,1805;0,1805;0,180336;0,1804
12/09/2026 02:05:00;0,1804;0,1805;0,18009;0,1802
12/09/2026 02:10:00;0,1802;0,1802;0,1797;0,1798
12/09/2026 02:15:00;0,1798;0,1799;0,17979;0,17979
12/09/2026 02:20:00;0,17979;0,1801;0,17979;0,179899
12/09/2026 02:25:00;0,179899;0,18;0,1796;0,1797
12/09/2026 02:30:00;0,1797;0,1799;0,1797;0,1799
12/09/2026 02:35:00;0,1799;0,1803;0,1799;0,1802
12/09/2026 02:40:00;0,1802;0,1802;0,1798;0,1798
12/09/2026 02:45:00;0,1798;0,1801;0,1797;0,1801
12/09/2026 02:50:00;0,1801;0,1801;0,1798;0,1798
12/09/2026 02:55:00;0,1798;0,18001;0,1798;0,1799
12/09/2026 03:00:00;0,1799;0,1799;0,1798;0,1798
12/09/2026 03:05:00;0,1798;0,1798;0,1797;0,1797
12/09/2026 03:10:00;0,1797;0,1799;0,1797;0,1799
12/09/2026 03:15:00;0,1798;0,1801;0,1798;0,1801
12/09/2026 03:20:00;0,1801;0,1801;0,1799;0,18
12/09/2026 03:25:00;0,1799;0,18;0,1798;0,1799
12/09/2026 03:30:00;0,1799;0,18;0,17976;0,17976
12/09/2026 03:35:00;0,17976;0,1799;0,179666;0,17969
12/09/2026 03:40:00;0,17969;0,1798;0,17969;0,1798
12/09/2026 03:45:00;0,1798;0,1799;0,1796;0,1797
12/09/2026 03:50:00;0,1797;0,1797;0,1796;0,1797
12/09/2026 03:55:00;0,1797;0,1797;0,1795;0,1796
12/09/2026 04:00:00;0,1796;0,1796;0,1795;0,1796
12/09/2026 04:05:00;0,1796;0,1798;0,1796;0,1798
12/09/2026 04:10:00;0,1799;0,1799;0,1798;0,1799
12/09/2026 04:15:00;0,1799;0,1803;0,1799;0,1803
12/09/2026 04:20:00;0,1803;0,1807;0,1803;0,1806
12/09/2026 04:25:00;0,1806;0,1806;0,1804;0,1804
12/09/2026 04:30:00;0,1804;0,1805;0,1803;0,1803
12/09/2026 04:35:00;0,1803;0,1804;0,1803;0,1803
12/09/2026 04:40:00;0,1803;0,1805;0,1803;0,1805
12/09/2026 04:45:00;0,1805;0,1805;0,1804;0,1805
12/09/2026 04:50:00;0,1805;0,1808;0,1805;0,1808
12/09/2026 04:55:00;0,1808;0,1808;0,1807;0,1808
12/09/2026 05:00:00;0,1807;0,1808;0,1806;0,1807
12/09/2026 05:05:00;0,1807;0,1811;0,1807;0,1811
12/09/2026 05:10:00;0,1811;0,1813;0,1808;0,1808
12/09/2026 05:15:00;0,1808;0,1812;0,1808;0,181
12/09/2026 05:20:00;0,181;0,181;0,1805;0,1806
12/09/2026 05:25:00;0,1806;0,1806;0,1804;0,1804
12/09/2026 05:30:00;0,1804;0,1806;0,1803;0,1803
12/09/2026 05:35:00;0,1803;0,1809;0,1802;0,1809
12/09/2026 05:40:00;0,1809;0,1812;0,1809;0,1811
12/09/2026 05:45:00;0,1811;0,1811;0,181;0,1811
12/09/2026 05:50:00;0,1811;0,1811;0,1809;0,1809
12/09/2026 05:55:00;0,1809;0,181;0,1808;0,181
12/09/2026 06:00:00;0,181;0,1812;0,1809;0,1811
12/09/2026 06:05:00;0,1811;0,1811;0,1809;0,1809
12/09/2026 06:10:00;0,1809;0,181;0,1808;0,1808
12/09/2026 06:15:00;0,1808;0,1812;0,1808;0,1809
12/09/2026 06:20:00;0,1809;0,1811;0,1808;0,1811
12/09/2026 06:25:00;0,1811;0,18131;0,181;0,18131
12/09/2026 06:30:00;0,18131;0,18131;0,181;0,181
12/09/2026 06:35:00;0,1809;0,1812;0,1808;0,1812
12/09/2026 06:40:00;0,1812;0,1812;0,181;0,181
12/09/2026 06:45:00;0,181;0,181;0,1809;0,1809
12/09/2026 06:50:00;0,1809;0,1811;0,1809;0,181
12/09/2026 06:55:00;0,181;0,1812;0,181;0,1811
12/09/2026 07:00:00;0,1811;0,1814;0,181;0,1813
12/09/2026 07:05:00;0,1813;0,1815;0,1813;0,1814
12/09/2026 07:10:00;0,1814;0,1814;0,1813;0,1814
12/09/2026 07:15:00;0,1813;0,1815;0,1813;0,1814
12/09/2026 07:20:00;0,1814;0,1817;0,1814;0,1816
12/09/2026 07:25:00;0,1816;0,1817;0,1815;0,1816
12/09/2026 07:30:00;0,1816;0,1816;0,1815;0,1816
12/09/2026 07:35:00;0,1816;0,1817;0,1816;0,1816
12/09/2026 07:40:00;0,1816;0,1819;0,1816;0,1817
12/09/2026 07:45:00;0,1817;0,1822;0,1817;0,1817
12/09/2026 07:50:00;0,1817;0,181869;0,1816;0,1817
12/09/2026 07:55:00;0,1817;0,18245;0,1817;0,18245
12/09/2026 08:00:00;0,18245;0,18245;0,1816;0,1818
12/09/2026 08:05:00;0,1818;0,1818;0,1817;0,1818
12/09/2026 08:10:00;0,1818;0,1819;0,1817;0,1818
12/09/2026 08:15:00;0,1818;0,1818;0,1814;0,1814
12/09/2026 08:20:00;0,1814;0,1818;0,1814;0,1817
12/09/2026 08:25:00;0,1817;0,1819;0,1816;0,1816
12/09/2026 08:30:00;0,1816;0,1818;0,1815;0,1817
12/09/2026 08:35:00;0,1817;0,1818;0,1816;0,1817
12/09/2026 08:40:00;0,1817;0,1827;0,1817;0,1826
12/09/2026 08:45:00;0,1826;0,1826;0,1822;0,1823
12/09/2026 08:50:00;0,1823;0,1824;0,1822;0,1824
12/09/2026 08:55:00;0,1824;0,1824;0,182;0,1822
12/09/2026 09:00:00;0,1822;0,1822;0,1817;0,1817
12/09/2026 09:05:00;0,1817;0,182;0,1817;0,182
12/09/2026 09:10:00;0,182;0,1821;0,1818;0,182
12/09/2026 09:15:00;0,182;0,1821;0,1818;0,1818
12/09/2026 09:20:00;0,1818;0,182;0,1818;0,1819
12/09/2026 09:25:00;0,1819;0,182;0,1818;0,182
12/09/2026 09:30:00;0,182;0,1822;0,182;0,1821
12/09/2026 09:35:00;0,1821;0,1822;0,182;0,182
12/09/2026 09:40:00;0,182;0,182;0,1818;0,1818
12/09/2026 09:45:00;0,1818;0,1819;0,1817;0,1817
12/09/2026 09:50:00;0,1817;0,1817;0,1812;0,1814
12/09/2026 09:55:00;0,1814;0,1816;0,1812;0,1815
12/09/2026 10:00:00;0,1815;0,1818;0,1815;0,1818
12/09/2026 10:05:00;0,1818;0,1818;0,1815;0,1816
12/09/2026 10:10:00;0,1816;0,1816;0,1811;0,1811
12/09/2026 10:15:00;0,1811;0,1812;0,1811;0,1812
12/09/2026 10:20:00;0,1812;0,1812;0,181;0,181
12/09/2026 10:25:00;0,181;0,1811;0,1808;0,1811
12/09/2026 10:30:00;0,1811;0,1812;0,1809;0,181
12/09/2026 10:35:00;0,181;0,1811;0,1809;0,1811
12/09/2026 10:40:00;0,1811;0,1812;0,181;0,181
12/09/2026 10:45:00;0,181;0,181;0,1808;0,1809
12/09/2026 10:50:00;0,1809;0,1809;0,1809;0,1809
12/09/2026 10:55:00;0,1809;0,1811;0,1809;0,1811
12/09/2026 11:00:00;0,1811;0,1811;0,181;0,181
12/09/2026 11:05:00;0,181;0,1814;0,181;0,1811
12/09/2026 11:10:00;0,1811;0,1811;0,181;0,1811
12/09/2026 11:15:00;0,1811;0,1812;0,1811;0,1812
12/09/2026 11:20:00;0,1812;0,1812;0,1809;0,1809
12/09/2026 11:25:00;0,1809;0,1811;0,1808;0,1808
12/09/2026 11:30:00;0,1808;0,1812;0,1808;0,1809
12/09/2026 11:35:00;0,1809;0,1811;0,1809;0,1811
12/09/2026 11:40:00;0,1811;0,18121;0,1809;0,1809
12/09/2026 11:45:00;0,1809;0,1811;0,1809;0,181
12/09/2026 11:50:00;0,181;0,181;0,1809;0,1809
12/09/2026 11:55:00;0,1809;0,1813;0,1809;0,1812
12/09/2026 12:00:00;0,1812;0,1815;0,1811;0,1815
12/09/2026 12:05:00;0,1815;0,1817;0,1814;0,1814
12/09/2026 12:10:00;0,1814;0,1819;0,1814;0,1817
12/09/2026 12:15:00;0,1817;0,18191;0,18159;0,1817
12/09/2026 12:20:00;0,1817;0,1819;0,1816;0,1817
12/09/2026 12:25:00;0,1817;0,1819;0,1816;0,1818
12/09/2026 12:30:00;0,1818;0,182;0,1816;0,1817
12/09/2026 12:35:00;0,1817;0,1824;0,1817;0,1823
12/09/2026 12:40:00;0,1823;0,1825;0,1823;0,1824
12/09/2026 12:45:00;0,1824;0,1824;0,1822;0,1823
12/09/2026 12:50:00;0,1823;0,1824;0,1823;0,1824
12/09/2026 12:55:00;0,1824;0,1827;0,1824;0,1825
12/09/2026 13:00:00;0,1825;0,1827;0,1824;0,1825
12/09/2026 13:05:00;0,1825;0,1825;0,1822;0,1822
12/09/2026 13:10:00;0,1822;0,1823;0,182;0,182
12/09/2026 13:15:00;0,182;0,1823;0,182;0,1822
12/09/2026 13:20:00;0,1822;0,1823;0,182;0,182
12/09/2026 13:25:00;0,182;0,1822;0,182;0,1822
12/09/2026 13:30:00;0,1822;0,1823;0,182;0,182
12/09/2026 13:35:00;0,182;0,1821;0,18189;0,18189
12/09/2026 13:40:00;0,18189;0,182;0,1817;0,1817
12/09/2026 13:45:00;0,1817;0,1819;0,1817;0,1818
12/09/2026 13:50:00;0,1818;0,1818;0,1816;0,1816
12/09/2026 13:55:00;0,1816;0,1819;0,1816;0,1819
12/09/2026 14:00:00;0,1819;0,1819;0,1817;0,1819
12/09/2026 14:05:00;0,1819;0,1819;0,1816;0,1817
12/09/2026 14:10:00;0,1817;0,1817;0,1814;0,1817
12/09/2026 14:15:00;0,1817;0,1817;0,1814;0,1814
12/09/2026 14:20:00;0,1814;0,1816;0,1813;0,1814
12/09/2026 14:25:00;0,1814;0,1815;0,1812;0,1815
12/09/2026 14:30:00;0,1815;0,1816;0,1813;0,1813
12/09/2026 14:35:00;0,1813;0,1814;0,1812;0,1812
12/09/2026 14:40:00;0,1812;0,1813;0,1811;0,1812
12/09/2026 14:45:00;0,1812;0,1812;0,1809;0,1811
12/09/2026 14:50:00;0,1811;0,1812;0,181;0,1812
12/09/2026 14:55:00;0,1812;0,1814;0,1811;0,1812
12/09/2026 15:00:00;0,1812;0,1812;0,1809;0,1809
12/09/2026 15:05:00;0,1809;0,1811;0,1808;0,181
12/09/2026 15:10:00;0,181;0,181;0,1808;0,1808
12/09/2026 15:15:00;0,1808;0,181;0,1806;0,1808
12/09/2026 15:20:00;0,1808;0,1809;0,1807;0,1807
12/09/2026 15:25:00;0,1807;0,1808;0,1807;0,1807
12/09/2026 15:30:00;0,1807;0,1807;0,1805;0,1807
12/09/2026 15:35:00;0,1807;0,1807;0,1805;0,1806
12/09/2026 15:40:00;0,1806;0,1807;0,1805;0,1807
12/09/2026 15:45:00;0,1807;0,1807;0,1805;0,1806
12/09/2026 15:50:00;0,1806;0,1806;0,1802;0,1802
12/09/2026 15:55:00;0,1802;0,1806;0,1802;0,1805
12/09/2026 16:00:00;0,1805;0,1805;0,1803;0,1804
12/09/2026 16:05:00;0,1804;0,1805;0,1803;0,1803
12/09/2026 16:10:00;0,1803;0,1805;0,1802;0,1805
12/09/2026 16:15:00;0,1805;0,1805;0,18019;0,18019
12/09/2026 16:20:00;0,18019;0,1802;0,1801;0,1801
12/09/2026 16:25:00;0,1801;0,1802;0,18;0,18009
12/09/2026 16:30:00;0,18009;0,18031;0,18009;0,18031
12/09/2026 16:35:00;0,18031;0,18031;0,1797;0,1797
12/09/2026 16:40:00;0,1797;0,18;0,1797;0,1798
12/09/2026 16:45:00;0,1798;0,1799;0,1797;0,1799
12/09/2026 16:50:00;0,1799;0,1799;0,1797;0,1798
12/09/2026 16:55:00;0,1798;0,18;0,1798;0,1798
12/09/2026 17:00:00;0,1798;0,1802;0,179631;0,1801
12/09/2026 17:05:00;0,1801;0,1803;0,18;0,1801
12/09/2026 17:10:00;0,1801;0,1804;0,18009;0,1804
12/09/2026 17:15:00;0,1804;0,1804;0,1801;0,1802
12/09/2026 17:20:00;0,1802;0,1803;0,1801;0,1802
12/09/2026 17:25:00;0,1802;0,1803;0,1802;0,1802
12/09/2026 17:30:00;0,1802;0,1804;0,180106;0,18031
12/09/2026 17:35:00;0,18031;0,18031;0,1801;0,1801
12/09/2026 17:40:00;0,1801;0,1803;0,18009;0,1803
12/09/2026 17:45:00;0,1803;0,1803;0,1802;0,1803
12/09/2026 17:50:00;0,1803;0,1804;0,18;0,18
12/09/2026 17:55:00;0,18;0,1801;0,1799;0,1799
12/09/2026 18:00:00;0,1799;0,1801;0,1799;0,18
12/09/2026 18:05:00;0,1801;0,1803;0,1801;0,1803
12/09/2026 18:10:00;0,1803;0,1804;0,1802;0,1803
12/09/2026 18:15:00;0,1803;0,1803;0,18;0,18
12/09/2026 18:20:00;0,18;0,1801;0,1799;0,1801
12/09/2026 18:25:00;0,1801;0,1802;0,18;0,1802
12/09/2026 18:30:00;0,1802;0,1803;0,1801;0,1801
12/09/2026 18:35:00;0,1801;0,1802;0,18009;0,1802
12/09/2026 18:40:00;0,1801;0,1802;0,1801;0,1802
12/09/2026 18:45:00;0,1802;0,1802;0,18;0,18
12/09/2026 18:50:00;0,18;0,18;0,1798;0,1798
12/09/2026 18:55:00;0,1798;0,18;0,1798;0,1799
12/09/2026 19:00:00;0,1799;0,1801;0,1798;0,1801
12/09/2026 19:05:00;0,1801;0,1801;0,1799;0,18
12/09/2026 19:10:00;0,18;0,1802;0,1799;0,1802
12/09/2026 19:15:00;0,1802;0,1803;0,1801;0,1803
12/09/2026 19:20:00;0,1803;0,1805;0,1803;0,1805
12/09/2026 19:25:00;0,1805;0,1805;0,1799;0,1799
12/09/2026 19:30:00;0,1799;0,18;0,1798;0,1799
12/09/2026 19:35:00;0,1799;0,18;0,1799;0,1799
12/09/2026 19:40:00;0,1799;0,18;0,1798;0,1798
12/09/2026 19:45:00;0,1798;0,18;0,1798;0,1798
12/09/2026 19:50:00;0,1798;0,1799;0,1798;0,1798
12/09/2026 19:55:00;0,1798;0,1798;0,1797;0,1798
12/09/2026 20:00:00;0,1798;0,179973;0,1797;0,1797
12/09/2026 20:05:00;0,1797;0,1798;0,1797;0,1798
12/09/2026 20:10:00;0,1798;0,179903;0,179746;0,1799
12/09/2026 20:15:00;0,1799;0,1801;0,1799;0,18
12/09/2026 20:20:00;0,18;0,1801;0,1798;0,1798
12/09/2026 20:25:00;0,1798;0,1799;0,1798;0,1799
12/09/2026 20:30:00;0,1799;0,1801;0,1798;0,1799
12/09/2026 20:35:00;0,1799;0,1801;0,1799;0,18
12/09/2026 20:40:00;0,18;0,1801;0,1799;0,1801
12/09/2026 20:45:00;0,1801;0,1802;0,18;0,18
12/09/2026 20:50:00;0,18;0,18031;0,18;0,18031
12/09/2026 20:55:00;0,18031;0,180332;0,18;0,18
12/09/2026 21:00:00;0,18;0,1801;0,1799;0,1801
12/09/2026 21:05:00;0,1801;0,1802;0,18;0,1801
12/09/2026 21:10:00;0,1801;0,1803;0,18;0,1801
12/09/2026 21:15:00;0,1801;0,1801;0,1799;0,1799
12/09/2026 21:20:00;0,1799;0,1801;0,1799;0,1801
12/09/2026 21:25:00;0,1801;0,1802;0,1801;0,1802
12/09/2026 21:30:00;0,1802;0,180303;0,18;0,18
12/09/2026 21:35:00;0,1801;0,1804;0,1801;0,1804
12/09/2026 21:40:00;0,1804;0,1804;0,1801;0,1801
12/09/2026 21:45:00;0,1801;0,1801;0,18;0,18
12/09/2026 21:50:00;0,18;0,1801;0,18;0,18
12/09/2026 21:55:00;0,18;0,1801;0,18;0,18
12/09/2026 22:00:00;0,18;0,1802;0,18;0,18
12/09/2026 22:05:00;0,18;0,18;0,1798;0,18
12/09/2026 22:10:00;0,18;0,1804;0,18;0,1801
12/09/2026 22:15:00;0,1801;0,1802;0,1798;0,18
12/09/2026 22:20:00;0,18;0,1802;0,18;0,1802
12/09/2026 22:25:00;0,1802;0,1803;0,1799;0,1801
12/09/2026 22:30:00;0,1801;0,1801;0,1797;0,1798
12/09/2026 22:35:00;0,1798;0,18;0,1797;0,18
12/09/2026 22:40:00;0,18;0,1801;0,18;0,1801
12/09/2026 22:45:00;0,1801;0,1803;0,1801;0,1802
12/09/2026 22:50:00;0,1802;0,18054;0,1801;0,1804
12/09/2026 22:55:00;0,1804;0,1805;0,1802;0,1805
12/09/2026 23:00:00;0,1805;0,1805;0,1802;0,1802
12/09/2026 23:05:00;0,1802;0,1802;0,18;0,18
12/09/2026 23:10:00;0,1801;0,1802;0,1801;0,1801
12/09/2026 23:15:00;0,18;0,1803;0,18;0,1803
12/09/2026 23:20:00;0,1803;0,1803;0,18;0,1802
12/09/2026 23:25:00;0,1802;0,1802;0,1799;0,1799
12/09/2026 23:30:00;0,1799;0,1802;0,1799;0,18
12/09/2026 23:35:00;0,1802;0,1803;0,18;0,18
12/09/2026 23:40:00;0,18;0,1803;0,1798;0,1803
12/09/2026 23:45:00;0,1803;0,1806;0,1803;0,1805
12/09/2026 23:50:00;0,1805;0,1808;0,1804;0,1808
12/09/2026 23:55:00;0,1808;0,1808;0,1802;0,1802
13/09/2026 00:00:00;0,1802;0,1805;0,1802;0,1804
13/09/2026 00:05:00;0,1804;0,1804;0,180074;0,1802
13/09/2026 00:10:00;0,1802;0,1804;0,18;0,18
13/09/2026 00:15:00;0,18;0,1801;0,1798;0,18
13/09/2026 00:20:00;0,18;0,1802;0,18;0,1802
13/09/2026 00:25:00;0,1802;0,1803;0,18;0,18
13/09/2026 00:30:00;0,18;0,18;0,1794;0,1797
13/09/2026 00:35:00;0,1797;0,1798;0,1797;0,1797
13/09/2026 00:40:00;0,1797;0,18;0,1796;0,18
13/09/2026 00:45:00;0,18;0,18;0,1796;0,1797
13/09/2026 00:50:00;0,1798;0,1798;0,1795;0,1796
13/09/2026 00:55:00;0,1796;0,1799;0,1796;0,1796
13/09/2026 01:00:00;0,1796;0,1797;0,1796;0,1797
13/09/2026 01:05:00;0,1798;0,18;0,1797;0,1799
13/09/2026 01:10:00;0,1799;0,1802;0,1799;0,18
13/09/2026 01:15:00;0,18;0,18;0,1799;0,18
13/09/2026 01:20:00;0,18;0,18;0,1797;0,1799
13/09/2026 01:25:00;0,1799;0,18;0,1799;0,1799
13/09/2026 01:30:00;0,1799;0,1799;0,1797;0,1799
13/09/2026 01:35:00;0,1799;0,1799;0,1798;0,1798
13/09/2026 01:40:00;0,1797;0,1799;0,1797;0,1799
13/09/2026 01:45:00;0,1799;0,1799;0,1797;0,1797
13/09/2026 01:50:00;0,1797;0,18;0,1797;0,1799
13/09/2026 01:55:00;0,1799;0,18;0,1798;0,18
13/09/2026 02:00:00;0,18;0,1802;0,1799;0,1801
13/09/2026 02:05:00;0,1801;0,1805;0,1801;0,1805
13/09/2026 02:10:00;0,1805;0,1805;0,1804;0,1804
13/09/2026 02:15:00;0,1804;0,18064;0,1804;0,18064
13/09/2026 02:20:00;0,18064;0,1807;0,1805;0,1807
13/09/2026 02:25:00;0,1807;0,1807;0,1805;0,1805
13/09/2026 02:30:00;0,1807;0,1807;0,1806;0,1807
13/09/2026 02:35:00;0,1806;0,1807;0,1805;0,1805
13/09/2026 02:40:00;0,1805;0,1805;0,1804;0,1805
13/09/2026 02:45:00;0,1805;0,1809;0,1805;0,1808
13/09/2026 02:50:00;0,1808;0,1808;0,1807;0,1807
13/09/2026 02:55:00;0,1807;0,1809;0,1807;0,1808
13/09/2026 03:00:00;0,1809;0,1809;0,1807;0,1807
13/09/2026 03:05:00;0,1807;0,1808;0,1806;0,1807
13/09/2026 03:10:00;0,1807;0,1808;0,1807;0,1808
13/09/2026 03:15:00;0,1808;0,1808;0,1806;0,1806
13/09/2026 03:20:00;0,1806;0,1807;0,1802;0,1804
13/09/2026 03:25:00;0,1804;0,1804;0,1802;0,1803
13/09/2026 03:30:00;0,1803;0,1803;0,1802;0,1802
13/09/2026 03:35:00;0,1802;0,1803;0,1801;0,1801
13/09/2026 03:40:00;0,1801;0,1802;0,1801;0,1802
13/09/2026 03:45:00;0,1802;0,1802;0,18;0,1802
13/09/2026 03:50:00;0,1802;0,1802;0,1796;0,1796
13/09/2026 03:55:00;0,1798;0,1798;0,1795;0,1795
13/09/2026 04:00:00;0,1797;0,1798;0,1796;0,1797
13/09/2026 04:05:00;0,1797;0,18;0,1797;0,18
13/09/2026 04:10:00;0,18;0,18;0,1798;0,1798
13/09/2026 04:15:00;0,1798;0,1801;0,1798;0,1798
13/09/2026 04:20:00;0,1798;0,1801;0,1797;0,1801
13/09/2026 04:25:00;0,1801;0,1801;0,1799;0,18
13/09/2026 04:30:00;0,18;0,18;0,1798;0,1798
13/09/2026 04:35:00;0,1798;0,1798;0,1794;0,1795
13/09/2026 04:40:00;0,1795;0,1798;0,1795;0,1798
13/09/2026 04:45:00;0,1798;0,1798;0,1795;0,1797
13/09/2026 04:50:00;0,1797;0,1797;0,1794;0,1796
13/09/2026 04:55:00;0,1796;0,1796;0,1792;0,1793
13/09/2026 05:00:00;0,1793;0,1796;0,1793;0,1796
13/09/2026 05:05:00;0,1796;0,1796;0,1792;0,1793
13/09/2026 05:10:00;0,1793;0,1793;0,1789;0,1789
13/09/2026 05:15:00;0,1789;0,179;0,1786;0,1787
13/09/2026 05:20:00;0,1787;0,1787;0,1785;0,1787
13/09/2026 05:25:00;0,1787;0,1787;0,1783;0,1783
13/09/2026 05:30:00;0,1783;0,1783;0,1776;0,1779
13/09/2026 05:35:00;0,1779;0,178;0,1777;0,1778
13/09/2026 05:40:00;0,1778;0,178;0,1777;0,1777
13/09/2026 05:45:00;0,1777;0,178;0,1777;0,178
13/09/2026 05:50:00;0,178;0,1782;0,1778;0,1779
13/09/2026 05:55:00;0,1778;0,178;0,1778;0,178
13/09/2026 06:00:00;0,178;0,1782;0,178;0,1782
13/09/2026 06:05:00;0,1782;0,1783;0,1782;0,1783
13/09/2026 06:10:00;0,1783;0,1783;0,178;0,1781
13/09/2026 06:15:00;0,1781;0,1783;0,17799;0,17821
13/09/2026 06:20:00;0,17821;0,1783;0,1776;0,1778
13/09/2026 06:25:00;0,1778;0,1779;0,1774;0,1777
13/09/2026 06:30:00;0,1777;0,1778;0,1771;0,1771
13/09/2026 06:35:00;0,1771;0,1782;0,1771;0,178
13/09/2026 06:40:00;0,1781;0,1782;0,178;0,178
13/09/2026 06:45:00;0,178;0,1782;0,177954;0,1782
13/09/2026 06:50:00;0,1782;0,1784;0,1782;0,1782
13/09/2026 06:55:00;0,1782;0,1784;0,178;0,1784
13/09/2026 07:00:00;0,1784;0,17851;0,1782;0,17851
13/09/2026 07:05:00;0,17851;0,17851;0,1784;0,1785
13/09/2026 07:10:00;0,1785;0,1785;0,178334;0,1784
13/09/2026 07:15:00;0,1784;0,1785;0,178354;0,1784
13/09/2026 07:20:00;0,1784;0,1785;0,1783;0,1784
13/09/2026 07:25:00;0,1783;0,1784;0,1783;0,1783
13/09/2026 07:30:00;0,1783;0,1784;0,1782;0,1784
13/09/2026 07:35:00;0,1783;0,1783;0,17809;0,17809
13/09/2026 07:40:00;0,17809;0,1781;0,1779;0,1779
13/09/2026 07:45:00;0,1779;0,178032;0,17785;0,17785
13/09/2026 07:50:00;0,17785;0,177931;0,1774;0,1774
13/09/2026 07:55:00;0,1774;0,1776;0,1773;0,1773
13/09/2026 08:00:00;0,1773;0,1778;0,1772;0,1778
13/09/2026 08:05:00;0,1778;0,1779;0,1774;0,1775
13/09/2026 08:10:00;0,1775;0,1776;0,1773;0,1773
13/09/2026 08:15:00;0,1773;0,1777;0,1773;0,1776
13/09/2026 08:20:00;0,1776;0,1778;0,1776;0,1777
13/09/2026 08:25:00;0,1778;0,1778;0,1776;0,1776
13/09/2026 08:30:00;0,1776;0,1778;0,1776;0,1778
13/09/2026 08:35:00;0,1778;0,1782;0,1778;0,1782
13/09/2026 08:40:00;0,1782;0,1783;0,178127;0,1783
13/09/2026 08:45:00;0,1783;0,1785;0,1783;0,1783
13/09/2026 08:50:00;0,1784;0,1787;0,17825;0,1787
13/09/2026 08:55:00;0,1786;0,1786;0,1784;0,1785
13/09/2026 09:00:00;0,1785;0,1785;0,1781;0,1781
13/09/2026 09:05:00;0,1781;0,1782;0,178;0,178
13/09/2026 09:10:00;0,178;0,1782;0,178;0,1782
13/09/2026 09:15:00;0,1782;0,1783;0,1782;0,1782
13/09/2026 09:20:00;0,1782;0,1786;0,1782;0,1784
13/09/2026 09:25:00;0,1784;0,1785;0,1784;0,1784
13/09/2026 09:30:00;0,1784;0,1787;0,1784;0,1784
13/09/2026 09:35:00;0,1784;0,178532;0,1781;0,1783
13/09/2026 09:40:00;0,1783;0,1783;0,178;0,1781
13/09/2026 09:45:00;0,1781;0,1782;0,178;0,1781
13/09/2026 09:50:00;0,178;0,1784;0,178;0,1784
13/09/2026 09:55:00;0,1783;0,1785;0,1783;0,1785
13/09/2026 10:00:00;0,1785;0,1785;0,1782;0,1782
13/09/2026 10:05:00;0,1782;0,1785;0,1781;0,1785
13/09/2026 10:10:00;0,1785;0,1787;0,1785;0,1786
13/09/2026 10:15:00;0,1786;0,1787;0,1785;0,1785
13/09/2026 10:20:00;0,1785;0,1785;0,1781;0,1781
13/09/2026 10:25:00;0,1781;0,1781;0,1778;0,1779
13/09/2026 10:30:00;0,1779;0,1784;0,1779;0,1783
13/09/2026 10:35:00;0,1783;0,1786;0,1783;0,1786
13/09/2026 10:40:00;0,1786;0,1789;0,1786;0,1789
13/09/2026 10:45:00;0,1789;0,1795;0,1789;0,1794
13/09/2026 10:50:00;0,1794;0,1797;0,1793;0,1794
13/09/2026 10:55:00;0,1794;0,1796;0,1794;0,1795
13/09/2026 11:00:00;0,1795;0,1797;0,1794;0,1796
13/09/2026 11:05:00;0,1796;0,18;0,17956;0,1799
13/09/2026 11:10:00;0,1799;0,1799;0,1797;0,1799
13/09/2026 11:15:00;0,1799;0,1801;0,1797;0,1797
13/09/2026 11:20:00;0,1798;0,1799;0,1796;0,1796
13/09/2026 11:25:00;0,1796;0,179714;0,1795;0,1796
13/09/2026 11:30:00;0,1797;0,1797;0,1795;0,1796
13/09/2026 11:35:00;0,1796;0,1801;0,1794;0,1799
13/09/2026 11:40:00;0,1799;0,18;0,1797;0,1799
13/09/2026 11:45:00;0,1799;0,1799;0,179677;0,1797
13/09/2026 11:50:00;0,1797;0,1799;0,1797;0,1798
13/09/2026 11:55:00;0,1798;0,1799;0,1797;0,1799
13/09/2026 12:00:00;0,1798;0,1798;0,1791;0,1791
13/09/2026 12:05:00;0,1791;0,1793;0,1789;0,1792
13/09/2026 12:10:00;0,1792;0,1792;0,1789;0,1789
13/09/2026 12:15:00;0,1789;0,179;0,1787;0,1787
13/09/2026 12:20:00;0,1787;0,1792;0,1786;0,1791
13/09/2026 12:25:00;0,1791;0,1791;0,1785;0,1786
13/09/2026 12:30:00;0,1786;0,1788;0,1785;0,1787
13/09/2026 12:35:00;0,1787;0,1787;0,1785;0,1785
13/09/2026 12:40:00;0,1785;0,1787;0,1785;0,1787
13/09/2026 12:45:00;0,1787;0,1787;0,1785;0,1785
13/09/2026 12:50:00;0,1785;0,1785;0,1783;0,1784
13/09/2026 12:55:00;0,1784;0,1784;0,1782;0,1783
13/09/2026 13:00:00;0,1783;0,1785;0,1783;0,1785
13/09/2026 13:05:00;0,1785;0,1786;0,1783;0,1786
13/09/2026 13:10:00;0,1786;0,1792;0,1785;0,1785
13/09/2026 13:15:00;0,1785;0,1785;0,1783;0,1785
13/09/2026 13:20:00;0,1785;0,1785;0,1784;0,1785
13/09/2026 13:25:00;0,1785;0,1786;0,1783;0,1783
13/09/2026 13:30:00;0,1783;0,1785;0,1783;0,1785
13/09/2026 13:35:00;0,1785;0,1786;0,1784;0,1785
13/09/2026 13:40:00;0,1785;0,1787;0,1785;0,1786
13/09/2026 13:45:00;0,1786;0,1786;0,1784;0,1784
13/09/2026 13:50:00;0,1784;0,1787;0,1784;0,1786
13/09/2026 13:55:00;0,1786;0,1789;0,1786;0,1789
13/09/2026 14:00:00;0,1789;0,1791;0,1788;0,1791
13/09/2026 14:05:00;0,1792;0,17932;0,1791;0,17932
13/09/2026 14:10:00;0,17932;0,1795;0,1792;0,1794
13/09/2026 14:15:00;0,1794;0,17958;0,1794;0,17958
13/09/2026 14:20:00;0,17958;0,1797;0,1794;0,1794
13/09/2026 14:25:00;0,1794;0,1798;0,1794;0,1798
13/09/2026 14:30:00;0,1798;0,1798;0,1794;0,1795
13/09/2026 14:35:00;0,1795;0,1797;0,1794;0,1795
13/09/2026 14:40:00;0,1795;0,1796;0,1794;0,1796
13/09/2026 14:45:00;0,1796;0,1797;0,1796;0,1796
13/09/2026 14:50:00;0,1796;0,1797;0,1795;0,1795
13/09/2026 14:55:00;0,1795;0,1796;0,1794;0,1795
13/09/2026 15:00:00;0,1795;0,1795;0,1793;0,1795
13/09/2026 15:05:00;0,1795;0,1796;0,1794;0,1795
13/09/2026 15:10:00;0,1795;0,1799;0,1795;0,1799
13/09/2026 15:15:00;0,1799;0,1801;0,1798;0,1801
13/09/2026 15:20:00;0,1799;0,1802;0,1799;0,1802
13/09/2026 15:25:00;0,1802;0,1803;0,1801;0,1801
13/09/2026 15:30:00;0,1801;0,1804;0,18;0,1802
13/09/2026 15:35:00;0,1802;0,1802;0,1799;0,18
13/09/2026 15:40:00;0,18;0,1801;0,17989;0,1799
13/09/2026 15:45:00;0,1798;0,18011;0,179737;0,18
13/09/2026 15:50:00;0,18;0,1803;0,179897;0,1802
13/09/2026 15:55:00;0,1802;0,1802;0,1799;0,18
13/09/2026 16:00:00;0,18;0,1801;0,18;0,18
13/09/2026 16:05:00;0,18;0,1802;0,1799;0,1799
13/09/2026 16:10:00;0,1799;0,1799;0,1795;0,1796
13/09/2026 16:15:00;0,1795;0,1796;0,1793;0,1793
13/09/2026 16:20:00;0,1793;0,1795;0,1793;0,1795
13/09/2026 16:25:00;0,1795;0,1795;0,1794;0,1794
13/09/2026 16:30:00;0,1794;0,1794;0,1792;0,1792
13/09/2026 16:35:00;0,1792;0,1793;0,17909;0,1792
13/09/2026 16:40:00;0,1792;0,1792;0,179099;0,1791
13/09/2026 16:45:00;0,1791;0,1792;0,179;0,1791
13/09/2026 16:50:00;0,1791;0,1792;0,179;0,1792
13/09/2026 16:55:00;0,1792;0,1794;0,1792;0,1793
13/09/2026 17:00:00;0,1793;0,1796;0,1793;0,1793
13/09/2026 17:05:00;0,1793;0,1795;0,1793;0,1795
13/09/2026 17:10:00;0,1795;0,1798;0,1795;0,1798
13/09/2026 17:15:00;0,1798;0,1798;0,1796;0,1797
13/09/2026 17:20:00;0,1797;0,18;0,1797;0,18
13/09/2026 17:25:00;0,18;0,1801;0,1799;0,18001
13/09/2026 17:30:00;0,18001;0,1802;0,1799;0,1801
13/09/2026 17:35:00;0,1801;0,1801;0,1799;0,1799
13/09/2026 17:40:00;0,1799;0,1802;0,1799;0,1802
13/09/2026 17:45:00;0,1802;0,1805;0,1802;0,1803
13/09/2026 17:50:00;0,1803;0,1805;0,1803;0,18043
13/09/2026 17:55:00;0,18043;0,1807;0,1804;0,1806
13/09/2026 18:00:00;0,1806;0,1806;0,1804;0,1804
13/09/2026 18:05:00;0,1804;0,18062;0,180273;0,18062
13/09/2026 18:10:00;0,18062;0,1809;0,1806;0,1809
13/09/2026 18:15:00;0,1809;0,1809;0,1805;0,1805
13/09/2026 18:20:00;0,1805;0,1806;0,1804;0,1805
13/09/2026 18:25:00;0,1806;0,1806;0,1803;0,1803
13/09/2026 18:30:00;0,1803;0,1804;0,1801;0,1804
13/09/2026 18:35:00;0,1804;0,1804;0,1801;0,1801
13/09/2026 18:40:00;0,1801;0,1805;0,1801;0,1804
13/09/2026 18:45:00;0,1805;0,1806;0,1803;0,1803
13/09/2026 18:50:00;0,1803;0,1803;0,1802;0,1802
13/09/2026 18:55:00;0,1802;0,1804;0,1802;0,1803
13/09/2026 19:00:00;0,1803;0,1803;0,179;0,1791
13/09/2026 19:05:00;0,1791;0,1792;0,1779;0,1781
13/09/2026 19:10:00;0,1782;0,1785;0,1778;0,1785
13/09/2026 19:15:00;0,1785;0,1785;0,1769;0,1774
13/09/2026 19:20:00;0,1774;0,1774;0,1769;0,17691
13/09/2026 19:25:00;0,17691;0,1771;0,1762;0,1768
13/09/2026 19:30:00;0,1768;0,1773;0,1765;0,1771
13/09/2026 19:35:00;0,1771;0,177355;0,1766;0,177355
13/09/2026 19:40:00;0,177355;0,177355;0,1765;0,1765
13/09/2026 19:45:00;0,1766;0,177;0,1766;0,1769
13/09/2026 19:50:00;0,1769;0,1772;0,1767;0,177
13/09/2026 19:55:00;0,177;0,177;0,176467;0,1767
13/09/2026 20:00:00;0,1766;0,17729;0,1766;0,177
13/09/2026 20:05:00;0,177;0,177088;0,1769;0,177
13/09/2026 20:10:00;0,177;0,1773;0,1769;0,1771
13/09/2026 20:15:00;0,1771;0,1773;0,177;0,177
13/09/2026 20:20:00;0,177;0,1777;0,177;0,1777
13/09/2026 20:25:00;0,1777;0,1778;0,1774;0,1774
13/09/2026 20:30:00;0,1774;0,1778;0,1774;0,1776
13/09/2026 20:35:00;0,1776;0,1777;0,1773;0,1777
13/09/2026 20:40:00;0,1777;0,1777;0,1775;0,1776
13/09/2026 20:45:00;0,1776;0,1776;0,1774;0,1776
13/09/2026 20:50:00;0,1776;0,1776;0,1773;0,1773
13/09/2026 20:55:00;0,1773;0,1773;0,177;0,1772
13/09/2026 21:00:00;0,1772;0,1774;0,1771;0,1773
13/09/2026 21:05:00;0,1773;0,1786;0,1773;0,1781
13/09/2026 21:10:00;0,1781;0,1781;0,1778;0,1778
13/09/2026 21:15:00;0,1778;0,178;0,1778;0,1779
13/09/2026 21:20:00;0,178;0,178;0,1775;0,1776
13/09/2026 21:25:00;0,1776;0,1777;0,1767;0,177
13/09/2026 21:30:00;0,177;0,1781;0,177;0,178
13/09/2026 21:35:00;0,178;0,1782;0,1778;0,178
13/09/2026 21:40:00;0,178;0,1782;0,178;0,1781
13/09/2026 21:45:00;0,1781;0,1783;0,178;0,178
13/09/2026 21:50:00;0,1781;0,1785;0,178;0,1784
13/09/2026 21:55:00;0,1784;0,1786;0,1784;0,1785
13/09/2026 22:00:00;0,1785;0,1786;0,1783;0,1784
13/09/2026 22:05:00;0,1783;0,1787;0,1781;0,1787
13/09/2026 22:10:00;0,1787;0,1788;0,1784;0,1784
13/09/2026 22:15:00;0,1784;0,1784;0,1778;0,178
13/09/2026 22:20:00;0,178;0,1782;0,1779;0,1781
13/09/2026 22:25:00;0,1781;0,1781;0,177708;0,178
13/09/2026 22:30:00;0,178;0,178;0,1771;0,1771
13/09/2026 22:35:00;0,1771;0,1779;0,1771;0,1779
13/09/2026 22:40:00;0,1779;0,1782;0,1778;0,1778
13/09/2026 22:45:00;0,1778;0,1783;0,1777;0,1782
13/09/2026 22:50:00;0,1782;0,1784;0,178;0,1783
13/09/2026 22:55:00;0,1783;0,1792;0,1783;0,1791
13/09/2026 23:00:00;0,1791;0,1791;0,1787;0,1788
13/09/2026 23:05:00;0,1788;0,1795;0,1788;0,1794
13/09/2026 23:10:00;0,1795;0,1799;0,1795;0,1799
13/09/2026 23:15:00;0,1799;0,1799;0,1796;0,1798
13/09/2026 23:20:00;0,1798;0,1802;0,1798;0,1802
13/09/2026 23:25:00;0,1802;0,1805;0,1801;0,1804
13/09/2026 23:30:00;0,1804;0,180963;0,1804;0,1805
13/09/2026 23:35:00;0,1806;0,1806;0,18;0,1801
13/09/2026 23:40:00;0,1801;0,1802;0,1801;0,1802
13/09/2026 23:45:00;0,1802;0,1806;0,1802;0,1805
13/09/2026 23:50:00;0,1805;0,181;0,1805;0,181
13/09/2026 23:55:00;0,1811;0,1811;0,1808;0,1809
14/09/2026 00:00:00;0,1809;0,181;0,1806;0,1807
14/09/2026 00:05:00;0,1806;0,1813;0,1806;0,1812
14/09/2026 00:10:00;0,1812;0,1816;0,1812;0,1816
14/09/2026 00:15:00;0,1816;0,1818;0,1813;0,1813
14/09/2026 00:20:00;0,1813;0,181357;0,181104;0,181254
14/09/2026 00:25:00;0,181254;0,1819;0,181191;0,1818
14/09/2026 00:30:00;0,1819;0,181913;0,181338;0,181381
14/09/2026 00:35:00;0,181381;0,181877;0,181303;0,181877
14/09/2026 00:40:00;0,181877;0,181881;0,181553;0,181599
14/09/2026 00:45:00;0,181599;0,181642;0,1811;0,1812
14/09/2026 00:50:00;0,1812;0,182;0,1809;0,182
14/09/2026 00:55:00;0,182;0,182;0,1818;0,1818
14/09/2026 01:00:00;0,1818;0,182;0,1816;0,1818
14/09/2026 01:05:00;0,1818;0,182252;0,1818;0,181865
14/09/2026 01:10:00;0,181865;0,182126;0,181422;0,181502
14/09/2026 01:15:00;0,181502;0,182;0,181502;0,182
14/09/2026 01:20:00;0,182;0,1825;0,182;0,1823
14/09/2026 01:25:00;0,1822;0,1822;0,1817;0,1818
14/09/2026 01:30:00;0,1818;0,1819;0,181322;0,1817
14/09/2026 01:35:00;0,1817;0,1823;0,181383;0,1822
14/09/2026 01:40:00;0,1822;0,1829;0,1822;0,1828
14/09/2026 01:45:00;0,1828;0,182977;0,182703;0,182786
14/09/2026 01:50:00;0,182786;0,182902;0,1823;0,1825
14/09/2026 01:55:00;0,1825;0,1825;0,1821;0,1824
14/09/2026 02:00:00;0,1824;0,1825;0,1822;0,1822
14/09/2026 02:05:00;0,1822;0,1826;0,1822;0,1825
14/09/2026 02:10:00;0,1825;0,1825;0,1822;0,1824
14/09/2026 02:15:00;0,1825;0,1827;0,1824;0,1826
14/09/2026 02:20:00;0,1826;0,1828;0,1826;0,1828
14/09/2026 02:25:00;0,1828;0,1828;0,1821;0,1822
14/09/2026 02:30:00;0,1822;0,1823;0,1821;0,1821
14/09/2026 02:35:00;0,1821;0,1827;0,1821;0,1827
14/09/2026 02:40:00;0,1827;0,183;0,1827;0,183
14/09/2026 02:45:00;0,183;0,183;0,1827;0,1827
14/09/2026 02:50:00;0,1826;0,1828;0,1825;0,1828
14/09/2026 02:55:00;0,1828;0,1831;0,1828;0,1831
14/09/2026 03:00:00;0,1831;0,1832;0,1829;0,1832
14/09/2026 03:05:00;0,1832;0,1838;0,1831;0,1836
14/09/2026 03:10:00;0,1836;0,1842;0,1836;0,1838
14/09/2026 03:15:00;0,1838;0,1838;0,1836;0,1836
14/09/2026 03:20:00;0,1836;0,1837;0,1834;0,1836
14/09/2026 03:25:00;0,1836;0,1836;0,1831;0,1831
14/09/2026 03:30:00;0,1831;0,1834;0,1827;0,1829
14/09/2026 03:35:00;0,1829;0,1836;0,1829;0,1836
14/09/2026 03:40:00;0,1835;0,1843;0,1835;0,1841
14/09/2026 03:45:00;0,1841;0,185;0,1841;0,1849
14/09/2026 03:50:00;0,1849;0,185;0,1845;0,1847
14/09/2026 03:55:00;0,1847;0,185;0,1847;0,185
14/09/2026 04:00:00;0,185;0,1851;0,1847;0,185
14/09/2026 04:05:00;0,185;0,185;0,1847;0,1849
14/09/2026 04:10:00;0,1849;0,1851;0,1848;0,185
14/09/2026 04:15:00;0,185;0,1853;0,1848;0,1849
14/09/2026 04:20:00;0,1849;0,1849;0,1846;0,1847
14/09/2026 04:25:00;0,1847;0,1848;0,184;0,1841
14/09/2026 04:30:00;0,1841;0,1851;0,184;0,1847
14/09/2026 04:35:00;0,1847;0,1849;0,1844;0,1844
14/09/2026 04:40:00;0,1844;0,1849;0,1844;0,1848
14/09/2026 04:45:00;0,1848;0,1849;0,1845;0,1848
14/09/2026 04:50:00;0,1848;0,1849;0,1845;0,1847
14/09/2026 04:55:00;0,1847;0,1849;0,1846;0,1849
14/09/2026 05:00:00;0,1849;0,185;0,1844;0,1844
14/09/2026 05:05:00;0,1844;0,1849;0,1842;0,1849
14/09/2026 05:10:00;0,1849;0,1851;0,1844;0,1845
14/09/2026 05:15:00;0,1845;0,1846;0,1842;0,1844
14/09/2026 05:20:00;0,1843;0,1846;0,1843;0,1845
14/09/2026 05:25:00;0,1845;0,1848;0,184;0,184
14/09/2026 05:30:00;0,184;0,1844;0,1838;0,1842
14/09/2026 05:35:00;0,1842;0,1849;0,1842;0,1849
14/09/2026 05:40:00;0,1849;0,1849;0,1843;0,1843
14/09/2026 05:45:00;0,1843;0,1844;0,1839;0,184
14/09/2026 05:50:00;0,184;0,1843;0,184;0,184
14/09/2026 05:55:00;0,184;0,184;0,1837;0,1839
14/09/2026 06:00:00;0,1839;0,1841;0,1838;0,1841
14/09/2026 06:05:00;0,1841;0,1842;0,1839;0,1839
14/09/2026 06:10:00;0,1839;0,1841;0,1838;0,1839
14/09/2026 06:15:00;0,1839;0,1841;0,1837;0,184
14/09/2026 06:20:00;0,184;0,1841;0,1835;0,1836
14/09/2026 06:25:00;0,1836;0,1839;0,1833;0,1839
14/09/2026 06:30:00;0,1839;0,1844;0,1839;0,1843
14/09/2026 06:35:00;0,1843;0,1843;0,184;0,1841
14/09/2026 06:40:00;0,1841;0,1844;0,1839;0,1844
14/09/2026 06:45:00;0,1844;0,1848;0,1842;0,1848
14/09/2026 06:50:00;0,1848;0,186302;0,1848;0,186244
14/09/2026 06:55:00;0,186244;0,186716;0,1859;0,186352
14/09/2026 07:00:00;0,186352;0,187218;0,186352;0,18712
14/09/2026 07:05:00;0,18712;0,187348;0,186904;0,18709
14/09/2026 07:10:00;0,18709;0,187271;0,1865;0,1869
14/09/2026 07:15:00;0,1869;0,1871;0,1867;0,187
14/09/2026 07:20:00;0,187;0,1872;0,1867;0,1871
14/09/2026 07:25:00;0,1871;0,1871;0,1867;0,1868
14/09/2026 07:30:00;0,1868;0,187;0,1866;0,1867
14/09/2026 07:35:00;0,1867;0,1869;0,1864;0,1865
14/09/2026 07:40:00;0,1865;0,1872;0,1864;0,1871
14/09/2026 07:45:00;0,1871;0,188;0,1871;0,1879
14/09/2026 07:50:00;0,1879;0,1895;0,1872;0,189
14/09/2026 07:55:00;0,189;0,19;0,1884;0,189
14/09/2026 08:00:00;0,189;0,1897;0,1888;0,1891
14/09/2026 08:05:00;0,1891;0,1894;0,1888;0,1893
14/09/2026 08:10:00;0,1893;0,1904;0,1887;0,1902
14/09/2026 08:15:00;0,1902;0,1911;0,1902;0,191
14/09/2026 08:20:00;0,191;0,1917;0,1907;0,1916
14/09/2026 08:25:00;0,1916;0,1921;0,1914;0,1916
14/09/2026 08:30:00;0,1916;0,192;0,191;0,1917
14/09/2026 08:35:00;0,1917;0,1922;0,1907;0,1915
14/09/2026 08:40:00;0,1915;0,1915;0,1899;0,1906
14/09/2026 08:45:00;0,1906;0,1906;0,1896;0,1896
14/09/2026 08:50:00;0,1897;0,1899;0,1892;0,1894
14/09/2026 08:55:00;0,1894;0,1896;0,1888;0,1891
14/09/2026 09:00:00;0,1891;0,1909;0,1891;0,1906
14/09/2026 09:05:00;0,1906;0,1906;0,1896;0,1897
14/09/2026 09:10:00;0,1897;0,1906;0,1896;0,1905
14/09/2026 09:15:00;0,1905;0,191;0,1903;0,191
14/09/2026 09:20:00;0,191;0,1915;0,1908;0,1911
14/09/2026 09:25:00;0,1911;0,1916;0,1906;0,1916
14/09/2026 09:30:00;0,1916;0,193;0,1912;0,1926
14/09/2026 09:35:00;0,1926;0,193;0,1919;0,1928
14/09/2026 09:40:00;0,1928;0,1938;0,1926;0,1932
14/09/2026 09:45:00;0,1932;0,1934;0,192;0,1922
14/09/2026 09:50:00;0,1922;0,1922;0,1908;0,1917
14/09/2026 09:55:00;0,1917;0,1923;0,1913;0,1917
14/09/2026 10:00:00;0,1917;0,1917;0,1904;0,1904
14/09/2026 10:05:00;0,1904;0,1911;0,1898;0,1906
14/09/2026 10:10:00;0,1906;0,1924;0,1906;0,191
14/09/2026 10:15:00;0,191;0,1919;0,1906;0,1906
14/09/2026 10:20:00;0,1906;0,1914;0,1904;0,1905
14/09/2026 10:25:00;0,1905;0,1905;0,1898;0,1899
14/09/2026 10:30:00;0,1899;0,1909;0,1899;0,1907
14/09/2026 10:35:00;0,1907;0,1909;0,1891;0,1898
14/09/2026 10:40:00;0,1898;0,1905;0,1898;0,1903
14/09/2026 10:45:00;0,1903;0,1917;0,1902;0,1916
14/09/2026 10:50:00;0,1916;0,1919;0,1909;0,1909
14/09/2026 10:55:00;0,1909;0,1911;0,190538;0,1907
14/09/2026 11:00:00;0,1907;0,1918;0,1905;0,1918
14/09/2026 11:05:00;0,1918;0,1918;0,1909;0,1909
14/09/2026 11:10:00;0,1912;0,192374;0,190925;0,1917
14/09/2026 11:15:00;0,1917;0,1919;0,1914;0,1915
14/09/2026 11:20:00;0,1915;0,1915;0,1896;0,1896
14/09/2026 11:25:00;0,1896;0,1902;0,1889;0,1899
14/09/2026 11:30:00;0,1899;0,1908;0,1897;0,1905
14/09/2026 11:35:00;0,1905;0,1905;0,1901;0,1901
14/09/2026 11:40:00;0,1901;0,1905;0,189942;0,1901
14/09/2026 11:45:00;0,19;0,1906;0,1895;0,1903
14/09/2026 11:50:00;0,1903;0,1904;0,1896;0,1901
14/09/2026 11:55:00;0,1901;0,1901;0,1896;0,1899
14/09/2026 12:00:00;0,1899;0,1899;0,189;0,1892
14/09/2026 12:05:00;0,1892;0,19;0,189;0,1897
14/09/2026 12:10:00;0,1897;0,1901;0,1897;0,19
14/09/2026 12:15:00;0,1901;0,1913;0,1899;0,1912
14/09/2026 12:20:00;0,1918;0,192404;0,191524;0,1921
14/09/2026 12:25:00;0,192;0,192243;0,1918;0,1921
14/09/2026 12:30:00;0,1921;0,1933;0,192;0,1929
14/09/2026 12:35:00;0,1929;0,1929;0,192;0,1921
14/09/2026 12:40:00;0,1921;0,193;0,1921;0,1927
14/09/2026 12:45:00;0,1927;0,1929;0,1921;0,1927
14/09/2026 12:50:00;0,1927;0,1943;0,1926;0,1936
14/09/2026 12:55:00;0,1936;0,1936;0,1923;0,1924
14/09/2026 13:00:00;0,1924;0,1946;0,1924;0,1935
14/09/2026 13:05:00;0,1935;0,1944;0,1935;0,1941
14/09/2026 13:10:00;0,1941;0,1941;0,1922;0,1923
14/09/2026 13:15:00;0,1923;0,1941;0,1923;0,1937
14/09/2026 13:20:00;0,1937;0,1941;0,193;0,1938
14/09/2026 13:25:00;0,1938;0,1938;0,193;0,1935
14/09/2026 13:30:00;0,1935;0,1942;0,1934;0,1934
14/09/2026 13:35:00;0,1934;0,194;0,1931;0,194
14/09/2026 13:40:00;0,194;0,1942;0,1938;0,1941
14/09/2026 13:45:00;0,1941;0,1944;0,1939;0,1943
14/09/2026 13:50:00;0,1943;0,1956;0,1942;0,1954
14/09/2026 13:55:00;0,1954;0,1959;0,1947;0,1947
14/09/2026 14:00:00;0,1947;0,1955;0,1944;0,1955
14/09/2026 14:05:00;0,1955;0,1955;0,1952;0,1954
14/09/2026 14:10:00;0,1954;0,1957;0,1952;0,1955
14/09/2026 14:15:00;0,1955;0,1955;0,194865;0,195
14/09/2026 14:20:00;0,195;0,1951;0,1944;0,195
14/09/2026 14:25:00;0,195;0,1951;0,1946;0,1947
14/09/2026 14:30:00;0,1947;0,1947;0,1939;0,1943
14/09/2026 14:35:00;0,1947;0,1953;0,1946;0,1952
14/09/2026 14:40:00;0,1952;0,1963;0,1951;0,1962
14/09/2026 14:45:00;0,1962;0,1962;0,1956;0,196
14/09/2026 14:50:00;0,196;0,1969;0,1958;0,1967
14/09/2026 14:55:00;0,1967;0,1968;0,1964;0,1966
14/09/2026 15:00:00;0,1966;0,1969;0,1951;0,1958
14/09/2026 15:05:00;0,1958;0,1958;0,1951;0,1951
14/09/2026 15:10:00;0,1951;0,1953;0,1941;0,1942
14/09/2026 15:15:00;0,1942;0,1948;0,194;0,1945
14/09/2026 15:20:00;0,1945;0,1946;0,1939;0,1942
14/09/2026 15:25:00;0,1942;0,1944;0,1939;0,1943
14/09/2026 15:30:00;0,1943;0,1946;0,1935;0,1936
14/09/2026 15:35:00;0,1936;0,1942;0,1935;0,1937
14/09/2026 15:40:00;0,1937;0,1944;0,1933;0,1941
14/09/2026 15:45:00;0,1941;0,1954;0,1941;0,1951
14/09/2026 15:50:00;0,1951;0,195525;0,195;0,1951
14/09/2026 15:55:00;0,1951;0,1959;0,1951;0,1958
14/09/2026 16:00:00;0,1958;0,1958;0,1946;0,1949
14/09/2026 16:05:00;0,1949;0,1949;0,1935;0,1936
14/09/2026 16:10:00;0,1936;0,1941;0,1936;0,1938
14/09/2026 16:15:00;0,1938;0,1946;0,1938;0,1946
14/09/2026 16:20:00;0,1946;0,1946;0,1943;0,1943
14/09/2026 16:25:00;0,1943;0,1943;0,1938;0,1939
14/09/2026 16:30:00;0,1939;0,1939;0,1927;0,1933
14/09/2026 16:35:00;0,1933;0,1933;0,1927;0,1931
14/09/2026 16:40:00;0,1931;0,1936;0,1931;0,1936
14/09/2026 16:45:00;0,1936;0,1939;0,1934;0,1939
14/09/2026 16:50:00;0,1939;0,1941;0,1938;0,1939
14/09/2026 16:55:00;0,1939;0,1943;0,1935;0,1943
14/09/2026 17:00:00;0,1943;0,1951;0,1943;0,195
14/09/2026 17:05:00;0,195;0,1955;0,1949;0,1949
14/09/2026 17:10:00;0,1949;0,1957;0,1947;0,195
14/09/2026 17:15:00;0,195;0,1956;0,195;0,1955
14/09/2026 17:20:00;0,1955;0,1956;0,1951;0,1953
14/09/2026 17:25:00;0,1953;0,1954;0,1949;0,1953
14/09/2026 17:30:00;0,1953;0,1956;0,1948;0,1956
14/09/2026 17:35:00;0,1954;0,196332;0,1954;0,1956
14/09/2026 17:40:00;0,1956;0,1961;0,1955;0,1955
14/09/2026 17:45:00;0,1955;0,1959;0,1955;0,1955
14/09/2026 17:50:00;0,1955;0,196;0,1954;0,1958
14/09/2026 17:55:00;0,1958;0,1958;0,1952;0,1953
14/09/2026 18:00:00;0,1953;0,1953;0,1931;0,1937
14/09/2026 18:05:00;0,1937;0,1938;0,1934;0,1935
14/09/2026 18:10:00;0,1935;0,1938;0,1934;0,1937
14/09/2026 18:15:00;0,1937;0,1945;0,1935;0,1944
14/09/2026 18:20:00;0,1944;0,1946;0,1942;0,1944
14/09/2026 18:25:00;0,1944;0,1944;0,1937;0,1938
14/09/2026 18:30:00;0,1938;0,1938;0,1933;0,1934
14/09/2026 18:35:00;0,1934;0,1934;0,192927;0,1932
14/09/2026 18:40:00;0,1932;0,1938;0,1932;0,1934
14/09/2026 18:45:00;0,1934;0,1935;0,1932;0,1932
14/09/2026 18:50:00;0,1932;0,1934;0,1932;0,1934
14/09/2026 18:55:00;0,1934;0,1937;0,1934;0,1936
14/09/2026 19:00:00;0,1936;0,1938;0,1934;0,1937
14/09/2026 19:05:00;0,1937;0,1947;0,1937;0,1946
14/09/2026 19:10:00;0,1946;0,1949;0,194086;0,1945
14/09/2026 19:15:00;0,1945;0,1945;0,1937;0,1937
14/09/2026 19:20:00;0,1937;0,1938;0,1934;0,1936
14/09/2026 19:25:00;0,1936;0,1939;0,1935;0,1937
14/09/2026 19:30:00;0,1937;0,1938;0,1932;0,1934
14/09/2026 19:35:00;0,1934;0,1939;0,1934;0,1934
14/09/2026 19:40:00;0,1934;0,1938;0,1934;0,1938
14/09/2026 19:45:00;0,1938;0,1938;0,193357;0,1935
14/09/2026 19:50:00;0,1936;0,1939;0,1936;0,1938
14/09/2026 19:55:00;0,1938;0,1939;0,1936;0,1937
14/09/2026 20:00:00;0,1937;0,19381;0,1932;0,1932
14/09/2026 20:05:00;0,1933;0,1935;0,1932;0,1933
14/09/2026 20:10:00;0,1933;0,1933;0,19298;0,19298
14/09/2026 20:15:00;0,19298;0,193132;0,192254;0,19235
14/09/2026 20:20:00;0,19235;0,192384;0,1917;0,192198
14/09/2026 20:25:00;0,192198;0,1924;0,192;0,19208
14/09/2026 20:30:00;0,19208;0,19208;0,1912;0,19138
14/09/2026 20:35:00;0,19138;0,1914;0,1911;0,1914
14/09/2026 20:40:00;0,1912;0,1915;0,1912;0,1914
14/09/2026 20:45:00;0,1914;0,1917;0,1913;0,1914
14/09/2026 20:50:00;0,1914;0,1914;0,1911;0,1912
14/09/2026 20:55:00;0,1912;0,1917;0,191;0,1916
14/09/2026 21:00:00;0,1916;0,1922;0,1913;0,1918
14/09/2026 21:05:00;0,1918;0,1923;0,1915;0,1923
14/09/2026 21:10:00;0,1923;0,1926;0,192;0,1926
14/09/2026 21:15:00;0,1926;0,1926;0,1921;0,1922
14/09/2026 21:20:00;0,1922;0,1922;0,1916;0,192
14/09/2026 21:25:00;0,1921;0,1923;0,1914;0,1922
14/09/2026 21:30:00;0,1922;0,1926;0,192;0,1925
14/09/2026 21:35:00;0,1926;0,1927;0,1921;0,1925
14/09/2026 21:40:00;0,1925;0,1925;0,1922;0,1923
14/09/2026 21:45:00;0,1922;0,1925;0,1919;0,1925
14/09/2026 21:50:00;0,1925;0,1929;0,1924;0,1928
14/09/2026 21:55:00;0,1928;0,194;0,1928;0,1933
14/09/2026 22:00:00;0,1933;0,1936;0,1926;0,1926
14/09/2026 22:05:00;0,1926;0,193;0,1922;0,1922
14/09/2026 22:10:00;0,1922;0,1928;0,1922;0,1928
14/09/2026 22:15:00;0,1927;0,1932;0,1925;0,193
14/09/2026 22:20:00;0,193;0,1937;0,193;0,1936
14/09/2026 22:25:00;0,1936;0,1936;0,1926;0,1929
14/09/2026 22:30:00;0,1929;0,1934;0,1927;0,1931
14/09/2026 22:35:00;0,1931;0,1932;0,1928;0,1931
14/09/2026 22:40:00;0,1931;0,1937;0,1929;0,1935
14/09/2026 22:45:00;0,1935;0,1939;0,1931;0,1939
14/09/2026 22:50:00;0,1939;0,1947;0,1939;0,19444
14/09/2026 22:55:00;0,19444;0,1949;0,194262;0,1948
14/09/2026 23:00:00;0,1948;0,1954;0,1944;0,1947
14/09/2026 23:05:00;0,1947;0,1957;0,1941;0,1955
14/09/2026 23:10:00;0,1954;0,197;0,1954;0,1963
14/09/2026 23:15:00;0,1963;0,1963;0,1956;0,1961
14/09/2026 23:20:00;0,1961;0,1961;0,1952;0,1959
14/09/2026 23:25:00;0,1959;0,1962;0,1957;0,1958
14/09/2026 23:30:00;0,1958;0,1964;0,1957;0,1962
14/09/2026 23:35:00;0,1962;0,1962;0,1957;0,196
14/09/2026 23:40:00;0,196;0,1963;0,1957;0,196
14/09/2026 23:45:00;0,1961;0,1964;0,1951;0,1951
14/09/2026 23:50:00;0,1951;0,196163;0,1951;0,1959
14/09/2026 23:55:00;0,1959;0,1961;0,1958;0,1959
15/09/2026 00:00:00;0,1959;0,196;0,1952;0,1956
15/09/2026 00:05:00;0,1956;0,196;0,1953;0,1954
15/09/2026 00:10:00;0,1955;0,1955;0,194;0,1947
15/09/2026 00:15:00;0,1947;0,1947;0,1935;0,194
15/09/2026 00:20:00;0,194;0,1943;0,1939;0,1943
15/09/2026 00:25:00;0,1943;0,1952;0,1943;0,1949
15/09/2026 00:30:00;0,1949;0,1964;0,1946;0,1959
15/09/2026 00:35:00;0,1959;0,1961;0,195;0,1951
15/09/2026 00:40:00;0,1951;0,1953;0,1951;0,1952
15/09/2026 00:45:00;0,1952;0,1952;0,1943;0,1943
15/09/2026 00:50:00;0,1943;0,1945;0,1937;0,1938
15/09/2026 00:55:00;0,1938;0,194;0,1934;0,1934
15/09/2026 01:00:00;0,1934;0,195;0,1934;0,1943
15/09/2026 01:05:00;0,1943;0,1945;0,1928;0,1928
15/09/2026 01:10:00;0,1929;0,1932;0,1926;0,1931
15/09/2026 01:15:00;0,1931;0,1931;0,1924;0,1927
15/09/2026 01:20:00;0,1927;0,1931;0,1925;0,1925
15/09/2026 01:25:00;0,1925;0,1925;0,1916;0,1918
15/09/2026 01:30:00;0,1918;0,1919;0,1913;0,1919
15/09/2026 01:35:00;0,1919;0,1924;0,1916;0,1922
15/09/2026 01:40:00;0,1922;0,1926;0,1922;0,1924
15/09/2026 01:45:00;0,1924;0,1932;0,1924;0,1929
15/09/2026 01:50:00;0,193;0,1934;0,1925;0,1933
15/09/2026 01:55:00;0,1933;0,1934;0,1931;0,1933
15/09/2026 02:00:00;0,1933;0,1936;0,1933;0,1934
15/09/2026 02:05:00;0,1934;0,1934;0,1923;0,1924
15/09/2026 02:10:00;0,1924;0,1924;0,1912;0,1917
15/09/2026 02:15:00;0,1917;0,1922;0,1915;0,1916
15/09/2026 02:20:00;0,1916;0,1918;0,1914;0,1914
15/09/2026 02:25:00;0,1914;0,1922;0,1913;0,1918
15/09/2026 02:30:00;0,1918;0,1918;0,1914;0,1917
15/09/2026 02:35:00;0,1917;0,1917;0,1913;0,1915
15/09/2026 02:40:00;0,1915;0,1925;0,1915;0,1924
15/09/2026 02:45:00;0,1924;0,1925;0,1919;0,1921
15/09/2026 02:50:00;0,1921;0,193;0,1921;0,193
15/09/2026 02:55:00;0,193;0,1943;0,193;0,1938
15/09/2026 03:00:00;0,1938;0,1941;0,1936;0,1937
15/09/2026 03:05:00;0,1937;0,1937;0,1929;0,193
15/09/2026 03:10:00;0,193;0,1932;0,1928;0,1932
15/09/2026 03:15:00;0,1932;0,194;0,1931;0,1937
15/09/2026 03:20:00;0,1937;0,1937;0,1932;0,1935
15/09/2026 03:25:00;0,1935;0,1935;0,1932;0,1934
15/09/2026 03:30:00;0,1934;0,194;0,1933;0,1939
15/09/2026 03:35:00;0,1939;0,1943;0,1934;0,1935
15/09/2026 03:40:00;0,1934;0,1935;0,1928;0,1931
15/09/2026 03:45:00;0,1931;0,1933;0,1926;0,1929
15/09/2026 03:50:00;0,1929;0,1932;0,1921;0,1922
15/09/2026 03:55:00;0,1922;0,1925;0,1918;0,1923
15/09/2026 04:00:00;0,1923;0,1928;0,1922;0,1925
15/09/2026 04:05:00;0,1925;0,1927;0,1916;0,1923
15/09/2026 04:10:00;0,1923;0,1926;0,192;0,1926
15/09/2026 04:15:00;0,1926;0,1929;0,1923;0,1928
15/09/2026 04:20:00;0,1928;0,1929;0,1924;0,1929
15/09/2026 04:25:00;0,1929;0,1932;0,1925;0,1925
15/09/2026 04:30:00;0,1924;0,1925;0,192;0,192
15/09/2026 04:35:00;0,192;0,1926;0,1918;0,1922
15/09/2026 04:40:00;0,1922;0,1927;0,192;0,192
15/09/2026 04:45:00;0,192;0,1923;0,1919;0,1923
15/09/2026 04:50:00;0,1923;0,1923;0,1915;0,1915
15/09/2026 04:55:00;0,1915;0,1915;0,1907;0,1909
15/09/2026 05:00:00;0,1909;0,1916;0,1907;0,1907
15/09/2026 05:05:00;0,1907;0,1909;0,1906;0,1909
15/09/2026 05:10:00;0,1909;0,1913;0,1906;0,1912
15/09/2026 05:15:00;0,1912;0,1914;0,1908;0,1914
15/09/2026 05:20:00;0,1914;0,192;0,1913;0,1917
15/09/2026 05:25:00;0,1917;0,1919;0,1912;0,191526
15/09/2026 05:30:00;0,191526;0,1916;0,1911;0,1914
15/09/2026 05:35:00;0,1914;0,1916;0,19108;0,1915
15/09/2026 05:40:00;0,1915;0,192;0,1914;0,1917
15/09/2026 05:45:00;0,1918;0,192003;0,1916;0,1917
15/09/2026 05:50:00;0,1917;0,1921;0,1917;0,1921
15/09/2026 05:55:00;0,1921;0,193;0,192;0,193
15/09/2026 06:00:00;0,193;0,1939;0,1929;0,1929
15/09/2026 06:05:00;0,1929;0,1929;0,1925;0,1928
15/09/2026 06:10:00;0,1928;0,1928;0,1922;0,1923
15/09/2026 06:15:00;0,1924;0,1924;0,1914;0,1914
15/09/2026 06:20:00;0,1914;0,1926;0,1914;0,1924
15/09/2026 06:25:00;0,1924;0,1934;0,1924;0,1932
15/09/2026 06:30:00;0,1932;0,1934;0,1927;0,1932
15/09/2026 06:35:00;0,1932;0,1933;0,1928;0,1929
15/09/2026 06:40:00;0,1929;0,1933;0,1926;0,1933
15/09/2026 06:45:00;0,1933;0,1939;0,1928;0,1939
15/09/2026 06:50:00;0,1939;0,1948;0,1936;0,1948
15/09/2026 06:55:00;0,1948;0,1948;0,1932;0,1934
15/09/2026 07:00:00;0,1934;0,1939;0,1925;0,1935
15/09/2026 07:05:00;0,1935;0,1942;0,1935;0,1941
15/09/2026 07:10:00;0,1941;0,1956;0,1939;0,1956
15/09/2026 07:15:00;0,1956;0,1957;0,1947;0,1948
15/09/2026 07:20:00;0,1948;0,195;0,1946;0,1946
15/09/2026 07:25:00;0,1946;0,1948;0,194;0,1942
15/09/2026 07:30:00;0,1942;0,1943;0,1939;0,1941
15/09/2026 07:35:00;0,1941;0,1949;0,1941;0,1945
15/09/2026 07:40:00;0,1945;0,1947;0,1938;0,1939
15/09/2026 07:45:00;0,1939;0,1947;0,1938;0,1944
15/09/2026 07:50:00;0,1944;0,1954;0,1944;0,1952
15/09/2026 07:55:00;0,1952;0,1955;0,1949;0,195
15/09/2026 08:00:00;0,195;0,1951;0,1945;0,1947
15/09/2026 08:05:00;0,1947;0,1951;0,1945;0,1951
15/09/2026 08:10:00;0,1951;0,1952;0,1946;0,1946
15/09/2026 08:15:00;0,1948;0,1948;0,1943;0,1944
15/09/2026 08:20:00;0,1944;0,1944;0,1938;0,1939
15/09/2026 08:25:00;0,1939;0,1939;0,1931;0,1932
15/09/2026 08:30:00;0,1932;0,1935;0,1926;0,1928
15/09/2026 08:35:00;0,1928;0,1931;0,1927;0,1929
15/09/2026 08:40:00;0,193;0,1931;0,1925;0,1931
15/09/2026 08:45:00;0,1931;0,1932;0,1927;0,1927
15/09/2026 08:50:00;0,1927;0,1935;0,1927;0,1933
15/09/2026 08:55:00;0,1937;0,1945;0,1936;0,1942
15/09/2026 09:00:00;0,1942;0,1944;0,1937;0,1941
15/09/2026 09:05:00;0,1941;0,1945;0,1939;0,194
15/09/2026 09:10:00;0,1941;0,1959;0,1941;0,1956
15/09/2026 09:15:00;0,1956;0,1957;0,195;0,1951
15/09/2026 09:20:00;0,195;0,1964;0,195;0,1959
15/09/2026 09:25:00;0,1959;0,1968;0,1959;0,1963
15/09/2026 09:30:00;0,1963;0,196334;0,1955;0,1962
15/09/2026 09:35:00;0,1962;0,1964;0,195854;0,1964
15/09/2026 09:40:00;0,1964;0,1965;0,196;0,1964
15/09/2026 09:45:00;0,1964;0,1964;0,195737;0,1963
15/09/2026 09:50:00;0,1963;0,1969;0,196;0,1967
15/09/2026 09:55:00;0,1967;0,1968;0,1952;0,19523
15/09/2026 10:00:00;0,19523;0,1966;0,19523;0,1963
15/09/2026 10:05:00;0,1963;0,1987;0,1963;0,1973
15/09/2026 10:10:00;0,1973;0,1974;0,1962;0,1962
15/09/2026 10:15:00;0,1961;0,1969;0,1957;0,1966
15/09/2026 10:20:00;0,1966;0,1974;0,1966;0,1973
15/09/2026 10:25:00;0,1973;0,198;0,1969;0,1977
15/09/2026 10:30:00;0,1977;0,1977;0,1967;0,1971
15/09/2026 10:35:00;0,1971;0,1973;0,1929;0,1933
15/09/2026 10:40:00;0,1933;0,1952;0,1933;0,195
15/09/2026 10:45:00;0,195;0,1954;0,194;0,1944
15/09/2026 10:50:00;0,1944;0,1944;0,1935;0,1944
15/09/2026 10:55:00;0,1946;0,1956;0,194124;0,1956
15/09/2026 11:00:00;0,1956;0,1965;0,1953;0,1956
15/09/2026 11:05:00;0,1956;0,1967;0,1948;0,1964
15/09/2026 11:10:00;0,1964;0,1966;0,1959;0,196
15/09/2026 11:15:00;0,196;0,1964;0,1955;0,1959
15/09/2026 11:20:00;0,1959;0,1964;0,1953;0,1957
15/09/2026 11:25:00;0,1957;0,1957;0,1947;0,1948
15/09/2026 11:30:00;0,1948;0,1949;0,1939;0,1942
15/09/2026 11:35:00;0,1942;0,1942;0,1923;0,1924
15/09/2026 11:40:00;0,1924;0,1925;0,1915;0,192
15/09/2026 11:45:00;0,192;0,1921;0,1895;0,1898
15/09/2026 11:50:00;0,1898;0,1904;0,1887;0,1903
15/09/2026 11:55:00;0,1903;0,1906;0,1897;0,1904
15/09/2026 12:00:00;0,1904;0,191541;0,1899;0,1915
15/09/2026 12:05:00;0,1915;0,1924;0,1915;0,1921
15/09/2026 12:10:00;0,1921;0,1922;0,1917;0,1919
15/09/2026 12:15:00;0,1919;0,1925;0,1915;0,1921
15/09/2026 12:20:00;0,1921;0,1937;0,1921;0,1937
15/09/2026 12:25:00;0,1937;0,1942;0,1932;0,1933
15/09/2026 12:30:00;0,1933;0,1937;0,1932;0,1937
15/09/2026 12:35:00;0,1937;0,1942;0,1933;0,1937
15/09/2026 12:40:00;0,1937;0,1937;0,193;0,1933
15/09/2026 12:45:00;0,1933;0,1933;0,1922;0,1925
15/09/2026 12:50:00;0,1925;0,1934;0,1921;0,1921
15/09/2026 12:55:00;0,1921;0,1926;0,1921;0,1922
15/09/2026 13:00:00;0,1922;0,1929;0,1922;0,1924
15/09/2026 13:05:00;0,1924;0,192786;0,1917;0,1918
15/09/2026 13:10:00;0,1918;0,1921;0,1915;0,1918
15/09/2026 13:15:00;0,1918;0,192;0,1914;0,1916
15/09/2026 13:20:00;0,1916;0,192;0,1916;0,1917
15/09/2026 13:25:00;0,1917;0,1921;0,1915;0,192
15/09/2026 13:30:00;0,1919;0,1921;0,1901;0,1901
15/09/2026 13:35:00;0,1901;0,1903;0,1892;0,1893
15/09/2026 13:40:00;0,1893;0,1899;0,1892;0,1895
15/09/2026 13:45:00;0,1895;0,1899;0,1895;0,1898
15/09/2026 13:50:00;0,1898;0,1905;0,1898;0,1904
15/09/2026 13:55:00;0,1904;0,1904;0,1895;0,1897
15/09/2026 14:00:00;0,1897;0,1897;0,1892;0,1893
15/09/2026 14:05:00;0,1893;0,1895;0,1888;0,1892
15/09/2026 14:10:00;0,1892;0,1896;0,1892;0,1893
15/09/2026 14:15:00;0,1893;0,1896;0,1892;0,1894
15/09/2026 14:20:00;0,1894;0,1898;0,189;0,1894
15/09/2026 14:25:00;0,1894;0,19;0,1891;0,1898
15/09/2026 14:30:00;0,1898;0,1919;0,1898;0,1916
15/09/2026 14:35:00;0,1916;0,193;0,1916;0,1923
15/09/2026 14:40:00;0,1923;0,1928;0,1918;0,192
15/09/2026 14:45:00;0,192;0,193;0,1915;0,1929
15/09/2026 14:50:00;0,1929;0,1939;0,1929;0,1935
15/09/2026 14:55:00;0,1935;0,1935;0,1925;0,1925
15/09/2026 15:00:00;0,1925;0,1929;0,1919;0,1919
15/09/2026 15:05:00;0,1919;0,192;0,1909;0,1913
15/09/2026 15:10:00;0,1913;0,1914;0,1907;0,1907
15/09/2026 15:15:00;0,1907;0,1908;0,1888;0,1893
15/09/2026 15:20:00;0,1893;0,1896;0,1892;0,1895
15/09/2026 15:25:00;0,1895;0,1915;0,1891;0,1907
15/09/2026 15:30:00;0,1907;0,1907;0,1885;0,1895
15/09/2026 15:35:00;0,1895;0,1896;0,185;0,185
15/09/2026 15:40:00;0,185;0,1851;0,1799;0,1799
15/09/2026 15:45:00;0,1799;0,1802;0,176;0,1765
15/09/2026 15:50:00;0,1765;0,181;0,176;0,1809
15/09/2026 15:55:00;0,1809;0,1827;0,1806;0,1816
15/09/2026 16:00:00;0,1816;0,1819;0,1798;0,1809
15/09/2026 16:05:00;0,1809;0,1814;0,1796;0,1806
15/09/2026 16:10:00;0,1806;0,181;0,179;0,1795
15/09/2026 16:15:00;0,1795;0,1814;0,1789;0,1806
15/09/2026 16:20:00;0,1806;0,1818;0,1803;0,1816
15/09/2026 16:25:00;0,1816;0,1822;0,1806;0,181
15/09/2026 16:30:00;0,181;0,181;0,1798;0,1799
15/09/2026 16:35:00;0,1799;0,1808;0,1797;0,1805
15/09/2026 16:40:00;0,1805;0,1808;0,1789;0,1791
15/09/2026 16:45:00;0,1791;0,1797;0,1791;0,1796
15/09/2026 16:50:00;0,1796;0,1803;0,1795;0,1803
15/09/2026 16:55:00;0,1803;0,1803;0,1794;0,1798
15/09/2026 17:00:00;0,1798;0,1798;0,1777;0,1777
15/09/2026 17:05:00;0,1777;0,1778;0,1765;0,1769
15/09/2026 17:10:00;0,1769;0,177783;0,1769;0,1771
15/09/2026 17:15:00;0,1771;0,1775;0,1763;0,1765
15/09/2026 17:20:00;0,1765;0,1766;0,1752;0,1761
15/09/2026 17:25:00;0,1761;0,1762;0,1749;0,1751
15/09/2026 17:30:00;0,1751;0,1757;0,174636;0,1747
15/09/2026 17:35:00;0,1747;0,175129;0,174469;0,1747
15/09/2026 17:40:00;0,1747;0,1754;0,1746;0,1752
15/09/2026 17:45:00;0,1752;0,177;0,1751;0,177
15/09/2026 17:50:00;0,177;0,177;0,176;0,1765
15/09/2026 17:55:00;0,1765;0,1769;0,176;0,176
15/09/2026 18:00:00;0,176;0,1763;0,1756;0,176
15/09/2026 18:05:00;0,176;0,1765;0,175922;0,176
15/09/2026 18:10:00;0,1762;0,177;0,175943;0,177
15/09/2026 18:15:00;0,177;0,1772;0,176;0,1772
15/09/2026 18:20:00;0,1772;0,1772;0,175525;0,1758
15/09/2026 18:25:00;0,1758;0,175866;0,174998;0,175
15/09/2026 18:30:00;0,175;0,1758;0,1749;0,1752
15/09/2026 18:35:00;0,1751;0,17561;0,174854;0,17561
15/09/2026 18:40:00;0,17561;0,1762;0,17561;0,1761
15/09/2026 18:45:00;0,1761;0,1762;0,1754;0,1754
15/09/2026 18:50:00;0,1754;0,1755;0,1752;0,1753
15/09/2026 18:55:00;0,1753;0,1754;0,1748;0,1748
15/09/2026 19:00:00;0,1748;0,1759;0,1747;0,1756
15/09/2026 19:05:00;0,1756;0,1756;0,1751;0,1753
15/09/2026 19:10:00;0,1753;0,1756;0,1751;0,1755
15/09/2026 19:15:00;0,1755;0,1755;0,1747;0,175
15/09/2026 19:20:00;0,175;0,1754;0,1749;0,1752
15/09/2026 19:25:00;0,1752;0,1759;0,175;0,1757
15/09/2026 19:30:00;0,1757;0,1761;0,1755;0,1759
15/09/2026 19:35:00;0,1759;0,17671;0,175646;0,1762
15/09/2026 19:40:00;0,1762;0,17692;0,1762;0,17692
15/09/2026 19:45:00;0,17692;0,1771;0,1765;0,1768
15/09/2026 19:50:00;0,1768;0,177;0,1766;0,1769
15/09/2026 19:55:00;0,1769;0,1769;0,1765;0,1766
15/09/2026 20:00:00;0,1766;0,177;0,1766;0,177
15/09/2026 20:05:00;0,177;0,1772;0,1768;0,1772
15/09/2026 20:10:00;0,1772;0,1775;0,177;0,1774
15/09/2026 20:15:00;0,1774;0,1776;0,1773;0,1775
15/09/2026 20:20:00;0,1775;0,1776;0,1773;0,1774
15/09/2026 20:25:00;0,1774;0,1774;0,177;0,1771
15/09/2026 20:30:00;0,1771;0,1771;0,1762;0,1767
15/09/2026 20:35:00;0,1767;0,1768;0,1758;0,1759
15/09/2026 20:40:00;0,1759;0,1764;0,1758;0,1763
15/09/2026 20:45:00;0,1763;0,1765;0,1762;0,1762
15/09/2026 20:50:00;0,1762;0,1765;0,1761;0,1764
15/09/2026 20:55:00;0,1764;0,1764;0,176;0,1761
15/09/2026 21:00:00;0,1761;0,1761;0,1753;0,1761
15/09/2026 21:05:00;0,1761;0,1764;0,1756;0,1758
15/09/2026 21:10:00;0,1758;0,1762;0,1756;0,1756
15/09/2026 21:15:00;0,1756;0,1763;0,1756;0,1763
15/09/2026 21:20:00;0,1763;0,1768;0,1762;0,1765
15/09/2026 21:25:00;0,1765;0,1767;0,1762;0,1765
15/09/2026 21:30:00;0,1765;0,1766;0,1763;0,1763
15/09/2026 21:35:00;0,1763;0,1768;0,1763;0,1767
15/09/2026 21:40:00;0,1767;0,1767;0,1762;0,1767
15/09/2026 21:45:00;0,1766;0,1766;0,176195;0,1764
15/09/2026 21:50:00;0,1764;0,1766;0,1761;0,1761
15/09/2026 21:55:00;0,1761;0,1764;0,1758;0,1762
15/09/2026 22:00:00;0,1762;0,1765;0,1754;0,1754
15/09/2026 22:05:00;0,1755;0,176;0,1755;0,1758
15/09/2026 22:10:00;0,1758;0,1764;0,1758;0,1763
15/09/2026 22:15:00;0,1763;0,1766;0,1761;0,1763
15/09/2026 22:20:00;0,1763;0,1768;0,1763;0,1767
15/09/2026 22:25:00;0,1767;0,1768;0,1762;0,1762
15/09/2026 22:30:00;0,1762;0,1762;0,1753;0,1754
15/09/2026 22:35:00;0,1754;0,1756;0,1749;0,1751
15/09/2026 22:40:00;0,1751;0,1753;0,1748;0,1748
15/09/2026 22:45:00;0,1748;0,1751;0,1744;0,1746
15/09/2026 22:50:00;0,1746;0,1746;0,174;0,1742
15/09/2026 22:55:00;0,1742;0,1743;0,174;0,1741
15/09/2026 23:00:00;0,1741;0,1746;0,1741;0,1744
15/09/2026 23:05:00;0,1744;0,1746;0,1741;0,1742
15/09/2026 23:10:00;0,1742;0,1747;0,1741;0,1747
15/09/2026 23:15:00;0,1747;0,1753;0,1747;0,1753
15/09/2026 23:20:00;0,1753;0,1755;0,1753;0,1755
15/09/2026 23:25:00;0,1755;0,1759;0,1754;0,1759
15/09/2026 23:30:00;0,1759;0,1765;0,17586;0,1765
15/09/2026 23:35:00;0,1764;0,177;0,1764;0,1768
15/09/2026 23:40:00;0,1768;0,1769;0,1766;0,1767
15/09/2026 23:45:00;0,1767;0,1768;0,1764;0,1766
15/09/2026 23:50:00;0,1766;0,1766;0,1759;0,1759
15/09/2026 23:55:00;0,1759;0,1762;0,1758;0,1762
16/09/2026 00:00:00;0,1762;0,1766;0,176;0,1762
16/09/2026 00:05:00;0,1762;0,1763;0,176;0,1761
16/09/2026 00:10:00;0,1761;0,1769;0,1761;0,1768
16/09/2026 00:15:00;0,1768;0,1774;0,1768;0,1773
16/09/2026 00:20:00;0,1773;0,1776;0,1772;0,1773
16/09/2026 00:25:00;0,1773;0,1773;0,1767;0,1767
16/09/2026 00:30:00;0,1767;0,1771;0,1765;0,1766
16/09/2026 00:35:00;0,1766;0,1768;0,1763;0,1766
16/09/2026 00:40:00;0,1766;0,1769;0,1766;0,1767
16/09/2026 00:45:00;0,1767;0,1769;0,1765;0,1768
16/09/2026 00:50:00;0,1768;0,177;0,1767;0,1769
16/09/2026 00:55:00;0,1767;0,177;0,1767;0,1769
16/09/2026 01:00:00;0,1769;0,1777;0,1768;0,1777
16/09/2026 01:05:00;0,1776;0,1776;0,1772;0,1772
16/09/2026 01:10:00;0,1772;0,1776;0,177194;0,1775
16/09/2026 01:15:00;0,1772;0,1774;0,1771;0,1772
16/09/2026 01:20:00;0,1772;0,1779;0,1772;0,1777
16/09/2026 01:25:00;0,1777;0,1777;0,1772;0,1773
16/09/2026 01:30:00;0,1773;0,1777;0,1772;0,1777
16/09/2026 01:35:00;0,1777;0,1778;0,1775;0,1778
16/09/2026 01:40:00;0,1778;0,1778;0,1772;0,1772
16/09/2026 01:45:00;0,1772;0,1775;0,1771;0,1771
16/09/2026 01:50:00;0,1771;0,1771;0,1767;0,1768
16/09/2026 01:55:00;0,1768;0,177;0,1765;0,1769
16/09/2026 02:00:00;0,1768;0,177;0,1762;0,1765
16/09/2026 02:05:00;0,1765;0,1767;0,1762;0,1766
16/09/2026 02:10:00;0,1766;0,1768;0,1764;0,1765
16/09/2026 02:15:00;0,1765;0,1768;0,1764;0,1766
16/09/2026 02:20:00;0,1766;0,1769;0,1765;0,1766
16/09/2026 02:25:00;0,1766;0,1768;0,1764;0,1766
16/09/2026 02:30:00;0,1766;0,1766;0,1762;0,1763
16/09/2026 02:35:00;0,1763;0,1765;0,1761;0,1761
16/09/2026 02:40:00;0,1761;0,1763;0,1761;0,1762
16/09/2026 02:45:00;0,1762;0,1764;0,1757;0,1759
16/09/2026 02:50:00;0,1759;0,176;0,1757;0,1757
16/09/2026 02:55:00;0,1757;0,1761;0,1756;0,1758
16/09/2026 03:00:00;0,1758;0,1761;0,1755;0,1755
16/09/2026 03:05:00;0,1755;0,1757;0,1754;0,1756
16/09/2026 03:10:00;0,1756;0,1761;0,1755;0,176
16/09/2026 03:15:00;0,176;0,1763;0,1759;0,1762
16/09/2026 03:20:00;0,1763;0,1763;0,176;0,1761
16/09/2026 03:25:00;0,1761;0,1763;0,176;0,1762
16/09/2026 03:30:00;0,1762;0,1764;0,1762;0,1763
16/09/2026 03:35:00;0,1763;0,1764;0,176;0,176
16/09/2026 03:40:00;0,176;0,1762;0,1759;0,1762
16/09/2026 03:45:00;0,1762;0,1765;0,1762;0,1764
16/09/2026 03:50:00;0,1764;0,1764;0,1763;0,1763
16/09/2026 03:55:00;0,1763;0,177;0,1763;0,177
16/09/2026 04:00:00;0,177;0,1776;0,1769;0,1775
16/09/2026 04:05:00;0,1773;0,1774;0,1765;0,1765
16/09/2026 04:10:00;0,1765;0,1765;0,176;0,1763
16/09/2026 04:15:00;0,1763;0,176554;0,1762;0,17629
16/09/2026 04:20:00;0,17629;0,1764;0,1761;0,1763
16/09/2026 04:25:00;0,1763;0,1764;0,1759;0,176
16/09/2026 04:30:00;0,176;0,1762;0,175899;0,175899
16/09/2026 04:35:00;0,175899;0,176;0,1758;0,176
16/09/2026 04:40:00;0,176;0,176;0,1757;0,1757
16/09/2026 04:45:00;0,1757;0,1758;0,1755;0,1756
16/09/2026 04:50:00;0,1756;0,1756;0,1753;0,1754
16/09/2026 04:55:00;0,1754;0,1755;0,1753;0,1754
16/09/2026 05:00:00;0,1754;0,1755;0,1748;0,1748
16/09/2026 05:05:00;0,1748;0,1748;0,1741;0,1744
16/09/2026 05:10:00;0,1744;0,1746;0,1741;0,1742
16/09/2026 05:15:00;0,1742;0,1746;0,1742;0,1743
16/09/2026 05:20:00;0,1743;0,1743;0,1737;0,174
16/09/2026 05:25:00;0,174;0,1742;0,1738;0,1739
16/09/2026 05:30:00;0,1739;0,1739;0,1736;0,1737
16/09/2026 05:35:00;0,1736;0,1742;0,1736;0,1741
16/09/2026 05:40:00;0,1741;0,174163;0,1738;0,1739
16/09/2026 05:45:00;0,1739;0,1741;0,1738;0,1739
16/09/2026 05:50:00;0,1739;0,174;0,1736;0,174
16/09/2026 05:55:00;0,174;0,1744;0,1739;0,1743
16/09/2026 06:00:00;0,1743;0,1747;0,1743;0,1747
16/09/2026 06:05:00;0,1747;0,1747;0,1743;0,1746
16/09/2026 06:10:00;0,1746;0,1747;0,1743;0,1746
16/09/2026 06:15:00;0,1745;0,1747;0,1743;0,1747
16/09/2026 06:20:00;0,1747;0,1751;0,1747;0,175
16/09/2026 06:25:00;0,1751;0,1751;0,1748;0,1749
16/09/2026 06:30:00;0,175;0,1752;0,175;0,1751
16/09/2026 06:35:00;0,1751;0,1754;0,175;0,1754
16/09/2026 06:40:00;0,1754;0,1756;0,1753;0,1755
16/09/2026 06:45:00;0,1755;0,1756;0,1754;0,1756
16/09/2026 06:50:00;0,1756;0,1758;0,1755;0,1758
16/09/2026 06:55:00;0,1758;0,1758;0,1756;0,1757
16/09/2026 07:00:00;0,1756;0,1758;0,1754;0,1755
16/09/2026 07:05:00;0,1753;0,1755;0,1751;0,1752
16/09/2026 07:10:00;0,1752;0,1753;0,1749;0,1751
16/09/2026 07:15:00;0,1751;0,1754;0,1749;0,1754
16/09/2026 07:20:00;0,1754;0,1756;0,175;0,175
16/09/2026 07:25:00;0,175;0,1754;0,175;0,1754
16/09/2026 07:30:00;0,1754;0,1754;0,1752;0,1753
16/09/2026 07:35:00;0,1754;0,1754;0,1753;0,1754
16/09/2026 07:40:00;0,1754;0,1756;0,1754;0,1756
16/09/2026 07:45:00;0,1756;0,1757;0,1754;0,1756
16/09/2026 07:50:00;0,1756;0,1756;0,1754;0,1755
16/09/2026 07:55:00;0,1755;0,1755;0,1752;0,1754
16/09/2026 08:00:00;0,1754;0,1758;0,1753;0,1755
16/09/2026 08:05:00;0,1755;0,1755;0,175;0,1752
16/09/2026 08:10:00;0,1752;0,1752;0,1749;0,175
16/09/2026 08:15:00;0,175;0,1754;0,1749;0,1754
16/09/2026 08:20:00;0,1754;0,1756;0,1753;0,1754
16/09/2026 08:25:00;0,1754;0,1757;0,1753;0,1756
16/09/2026 08:30:00;0,1756;0,1758;0,175337;0,1756
16/09/2026 08:35:00;0,1757;0,1759;0,1754;0,1755
16/09/2026 08:40:00;0,1755;0,1763;0,1753;0,1762
16/09/2026 08:45:00;0,1762;0,1765;0,176;0,1764
16/09/2026 08:50:00;0,1764;0,1767;0,1764;0,1765
16/09/2026 08:55:00;0,1766;0,1766;0,1763;0,1764
16/09/2026 09:00:00;0,1764;0,1768;0,1762;0,1766
16/09/2026 09:05:00;0,1766;0,1766;0,1763;0,1765
16/09/2026 09:10:00;0,1765;0,1765;0,1762;0,1764
16/09/2026 09:15:00;0,1764;0,1769;0,1764;0,1765
16/09/2026 09:20:00;0,1765;0,1772;0,1764;0,1767
16/09/2026 09:25:00;0,1767;0,1771;0,1763;0,1766
16/09/2026 09:30:00;0,1766;0,1769;0,176;0,1769
16/09/2026 09:35:00;0,1769;0,1769;0,1753;0,1754
16/09/2026 09:40:00;0,1754;0,1754;0,1751;0,1751
16/09/2026 09:45:00;0,1751;0,1756;0,1749;0,1755
16/09/2026 09:50:00;0,1755;0,1756;0,1749;0,1749
16/09/2026 09:55:00;0,1749;0,1749;0,1744;0,1746
16/09/2026 10:00:00;0,1746;0,1749;0,1739;0,1741
16/09/2026 10:05:00;0,1741;0,1744;0,174;0,1743
16/09/2026 10:10:00;0,1743;0,1748;0,1739;0,1748
16/09/2026 10:15:00;0,1748;0,1754;0,1745;0,1751
16/09/2026 10:20:00;0,1751;0,1751;0,1743;0,1744
16/09/2026 10:25:00;0,1744;0,1748;0,1743;0,1745
16/09/2026 10:30:00;0,1745;0,1751;0,1745;0,1746
16/09/2026 10:35:00;0,1747;0,1749;0,1741;0,1741
16/09/2026 10:40:00;0,1741;0,1748;0,1741;0,1746
16/09/2026 10:45:00;0,1746;0,1752;0,17449;0,175
16/09/2026 10:50:00;0,175;0,1753;0,1744;0,1746
16/09/2026 10:55:00;0,1746;0,1748;0,1742;0,1745
16/09/2026 11:00:00;0,1745;0,1745;0,1737;0,1741
16/09/2026 11:05:00;0,1743;0,174469;0,1739;0,174
16/09/2026 11:10:00;0,174;0,174;0,173372;0,174
16/09/2026 11:15:00;0,174;0,1746;0,174;0,1742
16/09/2026 11:20:00;0,1742;0,1745;0,1741;0,1745
16/09/2026 11:25:00;0,1745;0,1753;0,1745;0,175
16/09/2026 11:30:00;0,175;0,175;0,1743;0,1746
16/09/2026 18:05:00;0,1828;0,1833;0,181654;0,182
16/09/2026 18:10:00;0,1822;0,1822;0,1817;0,1817
16/09/2026 18:15:00;0,1817;0,182;0,1816;0,18169
16/09/2026 18:20:00;0,18169;0,182;0,1813;0,1814
16/09/2026 18:25:00;0,1814;0,1822;0,1814;0,1816
16/09/2026 18:30:00;0,1816;0,1816;0,1811;0,1811
16/09/2026 18:35:00;0,1811;0,1811;0,1799;0,1801
16/09/2026 18:40:00;0,1801;0,1803;0,1798;0,1802
16/09/2026 18:45:00;0,1802;0,1806;0,18;0,1805
16/09/2026 18:50:00;0,1805;0,1807;0,1804;0,1807
16/09/2026 18:55:00;0,1807;0,1812;0,1805;0,1809
16/09/2026 19:00:00;0,1809;0,1811;0,1796;0,1797
16/09/2026 19:05:00;0,1797;0,1799;0,1792;0,1797
16/09/2026 19:10:00;0,1797;0,1804;0,1796;0,1803
16/09/2026 19:15:00;0,1803;0,1806;0,1798;0,1798
16/09/2026 19:20:00;0,1798;0,1798;0,1794;0,1794
16/09/2026 19:25:00;0,1794;0,1795;0,1792;0,1793
16/09/2026 19:30:00;0,1793;0,1793;0,1791;0,1793
16/09/2026 19:35:00;0,1793;0,1796;0,179;0,1795
16/09/2026 19:40:00;0,1795;0,1799;0,1793;0,1799
16/09/2026 19:45:00;0,1799;0,179947;0,1797;0,1798
16/09/2026 19:50:00;0,1798;0,1798;0,1794;0,1796
16/09/2026 19:55:00;0,1796;0,1798;0,1796;0,1797
16/09/2026 20:00:00;0,1797;0,18;0,1795;0,1799
16/09/2026 20:05:00;0,1799;0,1807;0,1799;0,1806
16/09/2026 20:10:00;0,1806;0,1806;0,1804;0,1806
16/09/2026 20:15:00;0,1806;0,1822;0,1806;0,1819
16/09/2026 20:20:00;0,1819;0,1829;0,1819;0,1829
16/09/2026 20:25:00;0,1829;0,1838;0,1829;0,1836
16/09/2026 20:30:00;0,1836;0,1837;0,1833;0,1834
16/09/2026 20:35:00;0,1834;0,1837;0,1832;0,1836
16/09/2026 20:40:00;0,1836;0,184;0,1836;0,1837
16/09/2026 20:45:00;0,1837;0,1839;0,1835;0,1838
16/09/2026 20:50:00;0,1838;0,184;0,1836;0,1838
16/09/2026 20:55:00;0,1838;0,1839;0,1835;0,1839
16/09/2026 21:00:00;0,1839;0,184;0,1838;0,1838
16/09/2026 21:05:00;0,1838;0,1857;0,1835;0,1856
16/09/2026 21:10:00;0,1856;0,186;0,1848;0,1851
16/09/2026 21:15:00;0,1851;0,186;0,1851;0,1858
16/09/2026 21:20:00;0,1858;0,1869;0,1855;0,1862
16/09/2026 21:25:00;0,1862;0,1862;0,1856;0,1861
16/09/2026 21:30:00;0,1861;0,1868;0,1858;0,1862
16/09/2026 21:35:00;0,1862;0,1864;0,1857;0,1859
16/09/2026 21:40:00;0,1859;0,1862;0,1858;0,1858
16/09/2026 21:45:00;0,1858;0,1858;0,185;0,1852
16/09/2026 21:50:00;0,1852;0,1856;0,1848;0,1849
16/09/2026 21:55:00;0,1849;0,1849;0,1845;0,1848
16/09/2026 22:00:00;0,1848;0,1848;0,184;0,1844
16/09/2026 22:05:00;0,1844;0,1851;0,1842;0,1848
16/09/2026 22:10:00;0,1848;0,1848;0,1842;0,1847
16/09/2026 22:15:00;0,1847;0,1849;0,1842;0,1848
16/09/2026 22:20:00;0,1848;0,1848;0,1841;0,1844
16/09/2026 22:25:00;0,1847;0,1855;0,1847;0,1855
16/09/2026 22:30:00;0,1855;0,186;0,1853;0,1854
16/09/2026 22:35:00;0,1854;0,1861;0,1854;0,1855
16/09/2026 22:40:00;0,1855;0,1855;0,1849;0,1853
16/09/2026 22:45:00;0,1853;0,1853;0,185;0,1852
16/09/2026 22:50:00;0,1852;0,1853;0,1845;0,1846
16/09/2026 22:55:00;0,1846;0,1847;0,1841;0,1842
16/09/2026 23:00:00;0,1842;0,1844;0,1839;0,1842
16/09/2026 23:05:00;0,1842;0,1843;0,1833;0,1835
16/09/2026 23:10:00;0,1835;0,1839;0,1834;0,1838
16/09/2026 23:15:00;0,1838;0,1838;0,1834;0,1834
16/09/2026 23:20:00;0,1834;0,1834;0,1829;0,183
16/09/2026 23:25:00;0,183;0,1835;0,183;0,1832
16/09/2026 23:30:00;0,1832;0,1833;0,1829;0,1833
16/09/2026 23:35:00;0,1833;0,1841;0,1832;0,1839
16/09/2026 23:40:00;0,1839;0,1843;0,1838;0,184
16/09/2026 23:45:00;0,184;0,1841;0,1835;0,1839
16/09/2026 23:50:00;0,1839;0,1843;0,1836;0,1836
16/09/2026 23:55:00;0,1836;0,1837;0,1832;0,1832
17/09/2026 00:00:00;0,1832;0,1835;0,1832;0,1835
17/09/2026 00:05:00;0,1835;0,1836;0,1832;0,1834
17/09/2026 00:10:00;0,1834;0,1834;0,1829;0,1829
17/09/2026 00:15:00;0,1829;0,1829;0,1825;0,1825
17/09/2026 00:20:00;0,1825;0,183;0,1825;0,1828
17/09/2026 00:25:00;0,1828;0,1832;0,1827;0,1831
17/09/2026 00:30:00;0,1831;0,1838;0,183;0,1836
17/09/2026 00:35:00;0,1836;0,184;0,1834;0,1834
17/09/2026 00:40:00;0,1834;0,1834;0,1832;0,1834
17/09/2026 00:45:00;0,1834;0,1835;0,183;0,1833
17/09/2026 00:50:00;0,1832;0,1835;0,1829;0,1829
17/09/2026 00:55:00;0,1829;0,1832;0,18285;0,1829
17/09/2026 01:00:00;0,1829;0,183;0,1828;0,1829
17/09/2026 01:05:00;0,1829;0,183;0,1825;0,1825
17/09/2026 01:10:00;0,1825;0,1825;0,1822;0,1823
17/09/2026 01:15:00;0,1823;0,1823;0,182;0,1821
17/09/2026 01:20:00;0,1821;0,1821;0,1817;0,1819
17/09/2026 01:25:00;0,1819;0,1819;0,181581;0,1817
17/09/2026 01:30:00;0,1817;0,1817;0,1815;0,1816
17/09/2026 01:35:00;0,1816;0,183;0,1816;0,183
17/09/2026 01:40:00;0,183;0,1832;0,1825;0,1826
17/09/2026 01:45:00;0,1826;0,1832;0,1825;0,1831
17/09/2026 01:50:00;0,1831;0,1831;0,1823;0,1823
17/09/2026 01:55:00;0,1823;0,1829;0,1823;0,1829
17/09/2026 02:00:00;0,1829;0,183;0,1822;0,1825
17/09/2026 02:05:00;0,1825;0,1826;0,1822;0,1825
17/09/2026 02:10:00;0,1825;0,1825;0,1822;0,1823
17/09/2026 02:15:00;0,1823;0,1824;0,1821;0,1824
17/09/2026 02:20:00;0,1824;0,1827;0,1823;0,1827
17/09/2026 02:25:00;0,1827;0,1829;0,1826;0,1826
17/09/2026 02:30:00;0,1826;0,183;0,1824;0,183
17/09/2026 02:35:00;0,183;0,183;0,1825;0,1825
17/09/2026 02:40:00;0,1825;0,1825;0,1822;0,1823
17/09/2026 02:45:00;0,1823;0,1825;0,1823;0,1823
17/09/2026 02:50:00;0,1823;0,1827;0,1822;0,1823
17/09/2026 02:55:00;0,1823;0,1823;0,1821;0,1823
17/09/2026 03:00:00;0,1823;0,1825;0,1821;0,1824
17/09/2026 03:05:00;0,1824;0,1826;0,1821;0,1822
17/09/2026 03:10:00;0,1822;0,1825;0,1821;0,1823
17/09/2026 03:15:00;0,1823;0,1823;0,182;0,1821
17/09/2026 03:20:00;0,1821;0,1822;0,182;0,182
17/09/2026 03:25:00;0,182;0,1822;0,182;0,1822
17/09/2026 03:30:00;0,1822;0,1825;0,1822;0,1822
17/09/2026 03:35:00;0,1822;0,1825;0,1822;0,1823
17/09/2026 03:40:00;0,1823;0,1827;0,1823;0,1826
17/09/2026 03:45:00;0,1826;0,183;0,1825;0,1825
17/09/2026 03:50:00;0,1825;0,183;0,1825;0,1828
17/09/2026 03:55:00;0,1828;0,1829;0,1827;0,1829
17/09/2026 04:00:00;0,1829;0,1832;0,1828;0,1831
17/09/2026 04:05:00;0,1831;0,1836;0,1831;0,1835
17/09/2026 04:10:00;0,1835;0,1838;0,1832;0,1832
17/09/2026 04:15:00;0,1832;0,1836;0,183;0,1832
17/09/2026 04:20:00;0,1832;0,1836;0,1831;0,1834
17/09/2026 04:25:00;0,1834;0,1834;0,1832;0,1832
17/09/2026 04:30:00;0,1832;0,1833;0,183;0,1831
17/09/2026 04:35:00;0,1831;0,1831;0,1828;0,1829
17/09/2026 04:40:00;0,1829;0,1829;0,1828;0,1828
17/09/2026 04:45:00;0,1828;0,183;0,1826;0,1827
17/09/2026 04:50:00;0,1827;0,1829;0,1827;0,1827
17/09/2026 04:55:00;0,1827;0,1828;0,1826;0,1828
17/09/2026 05:00:00;0,1828;0,183;0,1827;0,1829
17/09/2026 05:05:00;0,1829;0,1829;0,1826;0,1827
17/09/2026 05:10:00;0,1827;0,1829;0,1824;0,1824
17/09/2026 05:15:00;0,1824;0,183;0,1824;0,1829
17/09/2026 05:20:00;0,1829;0,183;0,1826;0,1827
17/09/2026 05:25:00;0,1827;0,1828;0,1826;0,1826
17/09/2026 05:30:00;0,1826;0,1828;0,1824;0,1827
17/09/2026 05:35:00;0,1827;0,1831;0,1827;0,1831
17/09/2026 05:40:00;0,1831;0,1834;0,1828;0,1834
17/09/2026 05:45:00;0,1834;0,1835;0,1832;0,1833
17/09/2026 05:50:00;0,1833;0,1836;0,1833;0,1835
17/09/2026 05:55:00;0,1835;0,1838;0,1835;0,1835
17/09/2026 06:00:00;0,1835;0,1838;0,1834;0,1834
17/09/2026 06:05:00;0,1834;0,1834;0,1831;0,1832
17/09/2026 06:10:00;0,1832;0,1833;0,1831;0,1832
17/09/2026 06:15:00;0,1832;0,1834;0,183;0,1831
17/09/2026 06:20:00;0,1831;0,1833;0,1829;0,1829
17/09/2026 06:25:00;0,1829;0,1829;0,1826;0,1827
17/09/2026 06:30:00;0,1827;0,1829;0,1826;0,1828
17/09/2026 06:35:00;0,1828;0,1828;0,1825;0,1825
17/09/2026 06:40:00;0,1825;0,1826;0,1824;0,1825
17/09/2026 06:45:00;0,1825;0,1828;0,1821;0,1821
17/09/2026 06:50:00;0,1821;0,1821;0,1816;0,1818
17/09/2026 06:55:00;0,1818;0,1818;0,1814;0,1815
17/09/2026 07:00:00;0,1815;0,1816;0,1809;0,1811
17/09/2026 07:05:00;0,1811;0,1816;0,1811;0,1813
17/09/2026 07:10:00;0,1813;0,1816;0,1813;0,1813
17/09/2026 07:15:00;0,1813;0,1813;0,181;0,1812
17/09/2026 07:20:00;0,1812;0,1813;0,1811;0,1812
17/09/2026 07:25:00;0,1812;0,1814;0,1811;0,1812
17/09/2026 07:30:00;0,1812;0,1813;0,1811;0,1811
17/09/2026 07:35:00;0,1811;0,1815;0,1811;0,1813
17/09/2026 07:40:00;0,1813;0,1814;0,1812;0,1812
17/09/2026 07:45:00;0,1812;0,1813;0,1809;0,1811
17/09/2026 07:50:00;0,1811;0,1814;0,1809;0,1813
17/09/2026 07:55:00;0,1813;0,1813;0,1811;0,1812
17/09/2026 08:00:00;0,1812;0,1815;0,1811;0,1815
17/09/2026 08:05:00;0,1815;0,1815;0,1813;0,1815
17/09/2026 08:10:00;0,1815;0,1818;0,1815;0,1818
17/09/2026 08:15:00;0,1818;0,1818;0,1813;0,1815
17/09/2026 08:20:00;0,1815;0,1815;0,1813;0,1814
17/09/2026 08:25:00;0,1814;0,1815;0,1813;0,1815
17/09/2026 08:30:00;0,1815;0,181523;0,1812;0,1812
17/09/2026 08:35:00;0,1812;0,1812;0,181;0,1811
17/09/2026 08:40:00;0,1811;0,1811;0,1809;0,1809
17/09/2026 08:45:00;0,1809;0,1814;0,1809;0,1812
17/09/2026 08:50:00;0,1812;0,1814;0,1812;0,1813
17/09/2026 08:55:00;0,1813;0,1819;0,1813;0,1819
17/09/2026 09:00:00;0,1819;0,1823;0,1818;0,182
17/09/2026 09:05:00;0,182;0,1821;0,1818;0,1821
17/09/2026 09:10:00;0,1821;0,1829;0,182;0,1828
17/09/2026 09:15:00;0,1828;0,1835;0,1828;0,1835
17/09/2026 09:20:00;0,1835;0,1838;0,1835;0,1838
17/09/2026 09:25:00;0,1838;0,184;0,1836;0,1839
17/09/2026 09:30:00;0,1839;0,1844;0,1837;0,1844
17/09/2026 09:35:00;0,1844;0,1847;0,1844;0,1845
17/09/2026 09:40:00;0,1845;0,1845;0,1841;0,1841
17/09/2026 09:45:00;0,1841;0,1843;0,1839;0,1839
17/09/2026 09:50:00;0,1839;0,1842;0,1839;0,184
17/09/2026 09:55:00;0,184;0,1847;0,184;0,1843
17/09/2026 10:00:00;0,1843;0,1854;0,1843;0,185
17/09/2026 10:05:00;0,185;0,1851;0,1847;0,1848
17/09/2026 10:10:00;0,1848;0,1852;0,1845;0,185
17/09/2026 10:15:00;0,185;0,185;0,1842;0,1843
17/09/2026 10:20:00;0,1843;0,185;0,1843;0,1845
17/09/2026 10:25:00;0,1845;0,1846;0,184;0,1841
17/09/2026 10:30:00;0,1841;0,1841;0,1831;0,1833
17/09/2026 10:35:00;0,1833;0,1833;0,1821;0,1821
17/09/2026 10:40:00;0,1821;0,1828;0,1821;0,1826
17/09/2026 10:45:00;0,1826;0,1836;0,1824;0,1834
17/09/2026 10:50:00;0,1834;0,1838;0,1831;0,1835
17/09/2026 10:55:00;0,1835;0,1843;0,1835;0,1843
17/09/2026 11:00:00;0,1843;0,1844;0,1837;0,1838
17/09/2026 11:05:00;0,1838;0,1847;0,1837;0,1845
17/09/2026 11:10:00;0,1845;0,1857;0,1845;0,1857
17/09/2026 11:15:00;0,1857;0,1857;0,185;0,1853
17/09/2026 11:20:00;0,1853;0,1859;0,1852;0,1859
17/09/2026 11:25:00;0,1859;0,1866;0,1856;0,1861
17/09/2026 11:30:00;0,1861;0,1866;0,186;0,1865
17/09/2026 11:35:00;0,1865;0,1866;0,1859;0,186
17/09/2026 11:40:00;0,186;0,1861;0,1854;0,1854
17/09/2026 11:45:00;0,1854;0,1857;0,1848;0,1852
17/09/2026 11:50:00;0,1852;0,1852;0,1849;0,185
17/09/2026 11:55:00;0,185;0,185;0,1842;0,1843
17/09/2026 12:00:00;0,1843;0,1846;0,184;0,1841
17/09/2026 12:05:00;0,1841;0,1843;0,1837;0,1841
17/09/2026 12:10:00;0,1841;0,1841;0,1837;0,184
17/09/2026 12:15:00;0,184;0,1846;0,1837;0,1845
17/09/2026 12:20:00;0,1845;0,1846;0,1844;0,1845
17/09/2026 12:25:00;0,1845;0,1849;0,1845;0,1848
17/09/2026 12:30:00;0,1848;0,1853;0,1848;0,1851
17/09/2026 12:35:00;0,1851;0,1859;0,1851;0,1859
17/09/2026 12:40:00;0,1859;0,1863;0,1858;0,1862
17/09/2026 12:45:00;0,1862;0,1862;0,1859;0,186
17/09/2026 12:50:00;0,186;0,1865;0,1858;0,1864
17/09/2026 12:55:00;0,1864;0,1865;0,186;0,1865
17/09/2026 13:00:00;0,1865;0,1871;0,1864;0,1871
17/09/2026 13:05:00;0,1871;0,1871;0,1864;0,1869
17/09/2026 13:10:00;0,1869;0,1869;0,1864;0,1868
17/09/2026 13:15:00;0,1868;0,1868;0,186;0,1863
17/09/2026 13:20:00;0,1863;0,1871;0,1863;0,187
17/09/2026 13:25:00;0,187;0,1872;0,1863;0,1866
17/09/2026 13:30:00;0,1866;0,1866;0,1858;0,1859
17/09/2026 13:35:00;0,1859;0,1864;0,1859;0,186
17/09/2026 13:40:00;0,186;0,1861;0,1856;0,1861
17/09/2026 13:45:00;0,1861;0,1861;0,1853;0,1855
17/09/2026 13:50:00;0,1855;0,185966;0,1854;0,1857
17/09/2026 13:55:00;0,1857;0,1863;0,1854;0,1863
17/09/2026 14:00:00;0,1863;0,187;0,1862;0,187
17/09/2026 14:05:00;0,187;0,1873;0,1869;0,1872
17/09/2026 14:10:00;0,1872;0,1872;0,187;0,1871
17/09/2026 14:15:00;0,1871;0,1874;0,187;0,1872
17/09/2026 14:20:00;0,1872;0,1875;0,1871;0,1873
17/09/2026 14:25:00;0,1873;0,1874;0,1872;0,1874
17/09/2026 14:30:00;0,1874;0,1874;0,187;0,1871
17/09/2026 14:35:00;0,1871;0,1871;0,1866;0,1868
17/09/2026 14:40:00;0,1868;0,187;0,1866;0,1866
17/09/2026 14:45:00;0,1866;0,1867;0,1864;0,1864
17/09/2026 14:50:00;0,1864;0,1866;0,1863;0,1863
17/09/2026 14:55:00;0,1863;0,1863;0,1861;0,1863
17/09/2026 15:00:00;0,1863;0,1863;0,1861;0,1861
17/09/2026 15:05:00;0,1861;0,1862;0,186;0,186
17/09/2026 15:10:00;0,186;0,1862;0,1858;0,1862
17/09/2026 15:15:00;0,1862;0,1862;0,1857;0,1858
17/09/2026 15:20:00;0,1858;0,1859;0,1857;0,1857
17/09/2026 15:25:00;0,1857;0,1857;0,1855;0,1857
17/09/2026 15:30:00;0,1857;0,1859;0,1851;0,1854
17/09/2026 15:35:00;0,1854;0,1855;0,1845;0,1846
17/09/2026 15:40:00;0,1846;0,185;0,1846;0,1849
17/09/2026 15:45:00;0,1849;0,1853;0,1849;0,1853
17/09/2026 15:50:00;0,1853;0,1854;0,185;0,1851
17/09/2026 15:55:00;0,1851;0,1853;0,1849;0,1849
17/09/2026 16:00:00;0,1849;0,185;0,1845;0,1846
17/09/2026 16:05:00;0,1846;0,1849;0,1845;0,1845
17/09/2026 16:10:00;0,1845;0,1846;0,1845;0,1846
17/09/2026 16:15:00;0,1846;0,1851;0,1845;0,185
17/09/2026 16:20:00;0,185;0,1856;0,185;0,1854
17/09/2026 16:25:00;0,1854;0,1856;0,1854;0,1855
17/09/2026 16:30:00;0,1855;0,1859;0,1855;0,1857
17/09/2026 16:35:00;0,1857;0,1857;0,1853;0,1853
17/09/2026 16:40:00;0,1853;0,1855;0,1852;0,1855
17/09/2026 16:45:00;0,1855;0,1855;0,1851;0,1854
17/09/2026 16:50:00;0,1854;0,1862;0,1854;0,1859
17/09/2026 16:55:00;0,1859;0,1863;0,1857;0,1862
17/09/2026 17:00:00;0,1862;0,1864;0,1858;0,1864
17/09/2026 17:05:00;0,1864;0,1866;0,186;0,1861
17/09/2026 17:10:00;0,1861;0,1865;0,1861;0,1865
17/09/2026 17:15:00;0,1865;0,1867;0,1864;0,1865
17/09/2026 17:20:00;0,1865;0,1871;0,1865;0,187
17/09/2026 17:25:00;0,187;0,187;0,1868;0,1869
17/09/2026 17:30:00;0,1869;0,187;0,1862;0,1862
17/09/2026 17:35:00;0,1862;0,1863;0,1858;0,1858
17/09/2026 17:40:00;0,1858;0,1859;0,1855;0,1855
17/09/2026 17:45:00;0,1855;0,1857;0,1854;0,1855
17/09/2026 17:50:00;0,1855;0,1857;0,1855;0,1856
17/09/2026 17:55:00;0,1856;0,1857;0,1855;0,1855
17/09/2026 18:00:00;0,1855;0,1859;0,1852;0,1852
17/09/2026 18:05:00;0,1852;0,1854;0,1851;0,1852
17/09/2026 18:10:00;0,1852;0,1852;0,1848;0,1848
17/09/2026 18:15:00;0,1848;0,18501;0,1846;0,1848
17/09/2026 18:20:00;0,1848;0,1848;0,1845;0,1846
17/09/2026 18:25:00;0,1846;0,18481;0,1846;0,1848
17/09/2026 18:30:00;0,1848;0,185;0,1847;0,185
17/09/2026 18:35:00;0,185;0,185;0,1848;0,184983
17/09/2026 18:40:00;0,184983;0,184983;0,1846;0,1846
17/09/2026 18:45:00;0,1846;0,1846;0,1844;0,184498
17/09/2026 18:50:00;0,184498;0,18457;0,1841;0,1841
17/09/2026 18:55:00;0,1841;0,1841;0,1836;0,1837
17/09/2026 19:00:00;0,1837;0,184;0,1835;0,1838
17/09/2026 19:05:00;0,1838;0,184;0,1836;0,1836
17/09/2026 19:10:00;0,1837;0,184;0,1837;0,1837
17/09/2026 19:15:00;0,1837;0,1839;0,1832;0,1833
17/09/2026 19:20:00;0,1833;0,1834;0,18319;0,1834
17/09/2026 19:25:00;0,1834;0,1834;0,183;0,1832
17/09/2026 19:30:00;0,1831;0,1836;0,183;0,1836
17/09/2026 19:35:00;0,1836;0,184;0,1836;0,1839
17/09/2026 19:40:00;0,1839;0,1839;0,1836;0,1836
17/09/2026 19:45:00;0,1836;0,184;0,1836;0,1837
17/09/2026 19:50:00;0,1838;0,1838;0,1834;0,1834
17/09/2026 19:55:00;0,1834;0,1839;0,1833;0,1838
17/09/2026 20:00:00;0,1838;0,1842;0,1837;0,1839
17/09/2026 20:05:00;0,1839;0,1842;0,1838;0,1839
17/09/2026 20:10:00;0,1838;0,1842;0,1838;0,1839
17/09/2026 20:15:00;0,1839;0,1839;0,1839;0,1839
17/09/2026 20:20:00;0,1839;0,1841;0,1839;0,184
17/09/2026 20:25:00;0,184;0,1841;0,1839;0,1839
17/09/2026 20:30:00;0,1839;0,1839;0,1836;0,1836
17/09/2026 20:35:00;0,1836;0,1836;0,1834;0,1835
17/09/2026 20:40:00;0,1835;0,1838;0,1835;0,1838
17/09/2026 20:45:00;0,1838;0,1839;0,1836;0,1836
17/09/2026 20:50:00;0,1836;0,1839;0,1834;0,1838
17/09/2026 20:55:00;0,1839;0,1839;0,1833;0,1834
17/09/2026 21:00:00;0,1834;0,1835;0,1833;0,1834
17/09/2026 21:05:00;0,1834;0,1837;0,1832;0,1837
17/09/2026 21:10:00;0,1837;0,1837;0,1833;0,1834
17/09/2026 21:15:00;0,1834;0,1834;0,1828;0,1828
17/09/2026 21:20:00;0,1828;0,1829;0,1826;0,1828
17/09/2026 21:25:00;0,1828;0,1828;0,1824;0,1825
17/09/2026 21:30:00;0,1826;0,183;0,1826;0,183
17/09/2026 21:35:00;0,183;0,183;0,1828;0,1828
17/09/2026 21:40:00;0,1828;0,183;0,1828;0,183
17/09/2026 21:45:00;0,183;0,183;0,1826;0,1826
17/09/2026 21:50:00;0,1827;0,1834;0,1827;0,1834
17/09/2026 21:55:00;0,1834;0,1837;0,1834;0,1836
17/09/2026 22:00:00;0,1836;0,1838;0,1836;0,1838
17/09/2026 22:05:00;0,1838;0,184;0,1838;0,1839
17/09/2026 22:10:00;0,184;0,184;0,1837;0,1837
17/09/2026 22:15:00;0,1838;0,1838;0,1835;0,1838
17/09/2026 22:20:00;0,1838;0,1838;0,1834;0,1834
17/09/2026 22:25:00;0,1834;0,1835;0,1833;0,1835
17/09/2026 22:30:00;0,1835;0,1838;0,1834;0,1838
17/09/2026 22:35:00;0,1838;0,184;0,1836;0,1839
17/09/2026 22:40:00;0,1839;0,1841;0,1838;0,1839
17/09/2026 22:45:00;0,1838;0,1844;0,1838;0,1844
17/09/2026 22:50:00;0,1844;0,185;0,1843;0,185
17/09/2026 22:55:00;0,185;0,185;0,1845;0,1847
17/09/2026 23:00:00;0,1847;0,1849;0,1846;0,1847
17/09/2026 23:05:00;0,1847;0,1847;0,1844;0,1844
17/09/2026 23:10:00;0,1844;0,1846;0,1842;0,1846
17/09/2026 23:15:00;0,1846;0,1849;0,1846;0,1846
17/09/2026 23:20:00;0,1846;0,1851;0,1846;0,1849
17/09/2026 23:25:00;0,1849;0,1853;0,1849;0,1851
17/09/2026 23:30:00;0,1851;0,1854;0,1851;0,1854
17/09/2026 23:35:00;0,1854;0,1859;0,1854;0,1856
17/09/2026 23:40:00;0,1856;0,1856;0,1852;0,1853
17/09/2026 23:45:00;0,1853;0,1854;0,18499;0,1852
17/09/2026 23:50:00;0,1852;0,1854;0,1852;0,1854
17/09/2026 23:55:00;0,1854;0,18554;0,185333;0,1855
18/09/2026 00:00:00;0,1855;0,1855;0,1853;0,1855
18/09/2026 00:05:00;0,1855;0,186;0,1855;0,186
18/09/2026 00:10:00;0,186;0,18731;0,186;0,18731
18/09/2026 00:15:00;0,18731;0,188;0,1872;0,188
18/09/2026 00:20:00;0,188;0,188;0,1874;0,1874
18/09/2026 00:25:00;0,1873;0,1879;0,1871;0,1877
18/09/2026 00:30:00;0,1877;0,1882;0,1876;0,1881
18/09/2026 00:35:00;0,1884;0,1886;0,188;0,1881
18/09/2026 00:40:00;0,1881;0,1885;0,1879;0,1885
18/09/2026 00:45:00;0,1885;0,1895;0,1885;0,1894
18/09/2026 00:50:00;0,1894;0,1896;0,1892;0,1895
18/09/2026 00:55:00;0,1895;0,1895;0,1889;0,1893
18/09/2026 01:00:00;0,1893;0,1895;0,1887;0,1887
18/09/2026 01:05:00;0,1887;0,1887;0,1879;0,188
18/09/2026 01:10:00;0,188;0,1882;0,1878;0,1878
18/09/2026 01:15:00;0,1878;0,1887;0,1877;0,1886
18/09/2026 01:20:00;0,1886;0,1886;0,1882;0,1882
18/09/2026 01:25:00;0,1882;0,1882;0,1878;0,1879
18/09/2026 01:30:00;0,1879;0,18794;0,1874;0,1879
18/09/2026 01:35:00;0,1879;0,1883;0,1879;0,188
18/09/2026 01:40:00;0,188;0,1885;0,1878;0,1885
18/09/2026 01:45:00;0,1885;0,188958;0,1884;0,1885
18/09/2026 01:50:00;0,1885;0,1886;0,1883;0,1884
18/09/2026 01:55:00;0,1884;0,1888;0,1883;0,1888
18/09/2026 02:00:00;0,1888;0,189;0,18789;0,18789
18/09/2026 02:05:00;0,18789;0,1886;0,1878;0,1881
18/09/2026 02:10:00;0,1881;0,1888;0,1881;0,1884
18/09/2026 02:15:00;0,1884;0,188729;0,1879;0,188
18/09/2026 02:20:00;0,188;0,1882;0,1877;0,1878
18/09/2026 02:25:00;0,1878;0,1879;0,1874;0,1877
18/09/2026 02:30:00;0,1877;0,188;0,1874;0,1878
18/09/2026 02:35:00;0,1878;0,188;0,1874;0,1877
18/09/2026 02:40:00;0,1877;0,1877;0,1872;0,1873
18/09/2026 02:45:00;0,1872;0,1875;0,1871;0,1873
18/09/2026 02:50:00;0,1873;0,1875;0,1872;0,1873
18/09/2026 02:55:00;0,1873;0,1873;0,1871;0,1872
18/09/2026 03:00:00;0,1872;0,1881;0,1872;0,1877
18/09/2026 03:05:00;0,1877;0,1878;0,1871;0,1872
18/09/2026 03:10:00;0,1872;0,1874;0,187;0,1871
18/09/2026 03:15:00;0,1871;0,1874;0,187;0,187
18/09/2026 03:20:00;0,187;0,1874;0,187;0,187
18/09/2026 03:25:00;0,187;0,1873;0,18695;0,18695
18/09/2026 03:30:00;0,18695;0,1872;0,1868;0,1868
18/09/2026 03:35:00;0,1868;0,1872;0,1868;0,1872
18/09/2026 03:40:00;0,1872;0,1872;0,187;0,1871
18/09/2026 03:45:00;0,1871;0,1871;0,1867;0,1868
18/09/2026 03:50:00;0,1868;0,1868;0,1863;0,1863
18/09/2026 03:55:00;0,1863;0,1866;0,1862;0,1865
18/09/2026 04:00:00;0,1865;0,187;0,186479;0,1867
18/09/2026 04:05:00;0,1867;0,1875;0,1867;0,1874
18/09/2026 04:10:00;0,1874;0,1877;0,1872;0,1873
18/09/2026 04:15:00;0,1874;0,1877;0,1873;0,1875
18/09/2026 04:20:00;0,1875;0,1882;0,1875;0,1878
18/09/2026 04:25:00;0,1878;0,1884;0,1878;0,1882
18/09/2026 04:30:00;0,1882;0,1885;0,1881;0,1884
18/09/2026 04:35:00;0,1884;0,1885;0,188;0,1881
18/09/2026 04:40:00;0,1881;0,1881;0,1877;0,1877
18/09/2026 04:45:00;0,1879;0,1879;0,1876;0,1876
18/09/2026 04:50:00;0,1876;0,1879;0,1876;0,1879
18/09/2026 04:55:00;0,1879;0,1879;0,1875;0,1878
18/09/2026 05:00:00;0,1878;0,1882;0,1875;0,1877
18/09/2026 05:05:00;0,1877;0,1877;0,1868;0,1868
18/09/2026 05:10:00;0,1868;0,1873;0,1867;0,187
18/09/2026 05:15:00;0,187;0,1875;0,187;0,1875
18/09/2026 05:20:00;0,1875;0,1881;0,1875;0,1881
18/09/2026 05:25:00;0,188;0,188;0,1877;0,1877
18/09/2026 05:30:00;0,1877;0,1881;0,1875;0,1881
18/09/2026 05:35:00;0,1881;0,1882;0,1878;0,1878
18/09/2026 05:40:00;0,1878;0,1882;0,1877;0,1879
18/09/2026 05:45:00;0,1879;0,1881;0,1877;0,1879
18/09/2026 05:50:00;0,1879;0,1879;0,1875;0,1878
18/09/2026 05:55:00;0,1878;0,1883;0,1878;0,1883
18/09/2026 06:00:00;0,1883;0,1884;0,1881;0,1882
18/09/2026 06:05:00;0,1882;0,1887;0,1881;0,1886
18/09/2026 06:10:00;0,1886;0,1887;0,1882;0,1882
18/09/2026 06:15:00;0,1882;0,1883;0,1878;0,1882
18/09/2026 06:20:00;0,1882;0,1882;0,1878;0,1878
18/09/2026 06:25:00;0,1878;0,1878;0,1875;0,1877
18/09/2026 06:30:00;0,1877;0,1877;0,1874;0,1874
18/09/2026 06:35:00;0,1875;0,1877;0,1874;0,1875
18/09/2026 06:40:00;0,1875;0,1877;0,1873;0,1877
18/09/2026 06:45:00;0,1878;0,1879;0,1876;0,1876
18/09/2026 06:50:00;0,1877;0,1879;0,1875;0,1876
18/09/2026 06:55:00;0,1876;0,1879;0,1876;0,1878
18/09/2026 07:00:00;0,1878;0,1881;0,1878;0,188
18/09/2026 07:05:00;0,1881;0,1881;0,1878;0,1878
18/09/2026 07:10:00;0,1878;0,1879;0,1874;0,1878
18/09/2026 07:15:00;0,1878;0,1886;0,1878;0,1886
18/09/2026 07:20:00;0,1886;0,1886;0,1882;0,1886
18/09/2026 07:25:00;0,1886;0,1891;0,1886;0,189
18/09/2026 07:30:00;0,189;0,1891;0,1888;0,1889
18/09/2026 07:35:00;0,1889;0,189;0,1884;0,1884
18/09/2026 07:40:00;0,1884;0,1887;0,1882;0,1884
18/09/2026 07:45:00;0,1884;0,1884;0,1881;0,1884
18/09/2026 07:50:00;0,1884;0,1886;0,1878;0,1878
18/09/2026 07:55:00;0,1879;0,1879;0,1872;0,1872
18/09/2026 08:00:00;0,1872;0,1872;0,1867;0,1868
18/09/2026 08:05:00;0,1868;0,187;0,1851;0,1859
18/09/2026 08:10:00;0,1857;0,1858;0,1849;0,1851
18/09/2026 08:15:00;0,1851;0,1854;0,1848;0,1852
18/09/2026 08:20:00;0,1852;0,1854;0,1849;0,1851
18/09/2026 08:25:00;0,1851;0,1852;0,1848;0,1849
18/09/2026 08:30:00;0,1849;0,1859;0,1849;0,1858
18/09/2026 08:35:00;0,1858;0,1863;0,1857;0,186
18/09/2026 08:40:00;0,186;0,186;0,1856;0,1856
18/09/2026 08:45:00;0,1856;0,1861;0,1856;0,186
18/09/2026 08:50:00;0,1859;0,1862;0,1857;0,1862
18/09/2026 08:55:00;0,1862;0,1862;0,1858;0,1859
18/09/2026 09:00:00;0,1859;0,1862;0,1856;0,1862
18/09/2026 09:05:00;0,1862;0,1863;0,1857;0,1858
18/09/2026 09:10:00;0,1857;0,1858;0,1855;0,1855
18/09/2026 09:15:00;0,1856;0,1858;0,1855;0,1855
18/09/2026 09:20:00;0,1855;0,1859;0,1855;0,1855
18/09/2026 09:25:00;0,1855;0,1857;0,1853;0,1856
18/09/2026 09:30:00;0,1856;0,1862;0,1855;0,1862
18/09/2026 09:35:00;0,1862;0,1866;0,186;0,1866
18/09/2026 09:40:00;0,1867;0,1868;0,1865;0,1866
18/09/2026 09:45:00;0,1866;0,1867;0,1862;0,1864
