horario;abertura;maxima;minima;fechamento
07/08/2026 06:20:00;1,61576;1,61583;1,61552;1,61552
07/08/2026 06:25:00;1,61552;1,6156;1,61534;1,61538
07/08/2026 06:30:00;1,61538;1,61549;1,61527;1,61538
07/08/2026 06:35:00;1,61538;1,61546;1,61532;1,61545
07/08/2026 06:40:00;1,61545;1,61571;1,61545;1,61562
07/08/2026 06:45:00;1,61562;1,61587;1,61556;1,61584
07/08/2026 06:50:00;1,61584;1,61594;1,61575;1,61594
07/08/2026 06:55:00;1,61594;1,61599;1,61565;1,61572
07/08/2026 07:00:00;1,61572;1,61603;1,61572;1,61585
07/08/2026 07:05:00;1,61585;1,61598;1,61579;1,6158
07/08/2026 07:10:00;1,6158;1,61599;1,61577;1,61597
07/08/2026 07:15:00;1,61597;1,6161;1,61592;1,61609
07/08/2026 07:20:00;1,61609;1,61622;1,61608;1,61617
07/08/2026 07:25:00;1,61617;1,61619;1,61596;1,61605
07/08/2026 07:30:00;1,61605;1,61616;1,61599;1,6161
07/08/2026 07:35:00;1,6161;1,61632;1,61598;1,61624
07/08/2026 07:40:00;1,61624;1,61624;1,61601;1,61601
07/08/2026 07:45:00;1,61601;1,61619;1,616;1,61616
07/08/2026 07:50:00;1,61616;1,61632;1,61609;1,61618
07/08/2026 07:55:00;1,61618;1,61621;1,61598;1,61608
07/08/2026 08:00:00;1,61608;1,61616;1,61586;1,61608
07/08/2026 08:05:00;1,61608;1,61612;1,61575;1,6161
07/08/2026 08:10:00;1,6161;1,61618;1,61589;1,61596
07/08/2026 08:15:00;1,61596;1,61598;1,61576;1,61589
07/08/2026 08:20:00;1,61589;1,61595;1,61571;1,61577
07/08/2026 08:25:00;1,61577;1,61587;1,6156;1,61561
07/08/2026 08:30:00;1,61561;1,6158;1,61558;1,61573
07/08/2026 08:35:00;1,61573;1,61603;1,61568;1,61586
07/08/2026 08:40:00;1,61586;1,61587;1,6157;1,61577
07/08/2026 08:45:00;1,61577;1,61589;1,61571;1,61586
07/08/2026 08:50:00;1,61586;1,61606;1,61574;1,61576
07/08/2026 08:55:00;1,61576;1,61599;1,61572;1,6158
07/08/2026 09:00:00;1,6158;1,61623;1,6158;1,61617
07/08/2026 09:05:00;1,61617;1,61618;1,61578;1,61578
07/08/2026 09:10:00;1,61578;1,61595;1,61527;1,61527
07/08/2026 09:15:00;1,61527;1,61527;1,6145;1,61479
07/08/2026 09:20:00;1,61479;1,61487;1,6143;1,61437
07/08/2026 09:25:00;1,61437;1,61443;1,61309;1,61415
07/08/2026 09:30:00;1,61415;1,61762;1,61274;1,61349
07/08/2026 09:35:00;1,61349;1,61473;1,6134;1,61446
07/08/2026 09:40:00;1,61446;1,61516;1,61404;1,61501
07/08/2026 09:45:00;1,61501;1,61517;1,61434;1,61467
07/08/2026 09:50:00;1,61467;1,61492;1,61422;1,61475
07/08/2026 09:55:00;1,61475;1,61493;1,61396;1,61403
07/08/2026 10:00:00;1,61403;1,61427;1,61376;1,61381
07/08/2026 10:05:00;1,61381;1,614;1,61371;1,61387
07/08/2026 10:10:00;1,61387;1,61388;1,61346;1,61373
07/08/2026 10:15:00;1,61373;1,61425;1,61354;1,61362
07/08/2026 10:20:00;1,61362;1,61398;1,61342;1,61388
07/08/2026 10:25:00;1,61388;1,61394;1,61347;1,6138
07/08/2026 10:30:00;1,6138;1,6142;1,61348;1,61375
07/08/2026 10:35:00;1,61375;1,61405;1,61362;1,61397
07/08/2026 10:40:00;1,61397;1,61429;1,61397;1,61428
07/08/2026 10:45:00;1,61428;1,61439;1,61317;1,61346
07/08/2026 10:50:00;1,61346;1,61346;1,61274;1,61282
07/08/2026 10:55:00;1,61282;1,61301;1,61206;1,6121
07/08/2026 11:00:00;1,6121;1,61217;1,61069;1,61075
07/08/2026 11:05:00;1,61075;1,61101;1,61045;1,61089
07/08/2026 11:10:00;1,61089;1,61141;1,61081;1,61133
07/08/2026 11:15:00;1,61133;1,61148;1,61091;1,61121
07/08/2026 11:20:00;1,61121;1,61141;1,61078;1,6109
07/08/2026 11:25:00;1,6109;1,61092;1,61045;1,61057
07/08/2026 11:30:00;1,61057;1,61127;1,61049;1,61112
07/08/2026 11:35:00;1,61112;1,61133;1,61094;1,61117
07/08/2026 11:40:00;1,61117;1,61127;1,61054;1,61068
07/08/2026 11:45:00;1,61068;1,61078;1,61032;1,61058
07/08/2026 11:50:00;1,61058;1,61061;1,61034;1,61034
07/08/2026 11:55:00;1,61034;1,61073;1,6101;1,61071
07/08/2026 12:00:00;1,61071;1,6109;1,61055;1,61076
07/08/2026 12:05:00;1,61076;1,61093;1,6106;1,61083
07/08/2026 12:10:00;1,61083;1,61086;1,61045;1,61045
07/08/2026 12:15:00;1,61045;1,61089;1,61025;1,61026
07/08/2026 12:20:00;1,61026;1,61096;1,61011;1,61093
07/08/2026 12:25:00;1,61093;1,61095;1,61056;1,61066
07/08/2026 12:30:00;1,61066;1,61066;1,61033;1,61037
07/08/2026 12:35:00;1,61037;1,61066;1,61015;1,61042
07/08/2026 12:40:00;1,61042;1,61108;1,61038;1,61106
07/08/2026 12:45:00;1,61106;1,61106;1,6103;1,61033
07/08/2026 12:50:00;1,61033;1,61033;1,60963;1,6097
07/08/2026 12:55:00;1,6097;1,61061;1,60958;1,61044
07/08/2026 13:00:00;1,61044;1,611;1,61034;1,61084
07/08/2026 13:05:00;1,61084;1,61084;1,61053;1,61057
07/08/2026 13:10:00;1,61057;1,6109;1,61057;1,61089
07/08/2026 13:15:00;1,61089;1,61114;1,61086;1,61101
07/08/2026 13:20:00;1,61101;1,61125;1,61081;1,61119
07/08/2026 13:25:00;1,61119;1,6112;1,61103;1,61109
07/08/2026 13:30:00;1,61109;1,61137;1,61102;1,61103
07/08/2026 13:35:00;1,61103;1,61118;1,61095;1,61112
07/08/2026 13:40:00;1,61112;1,61128;1,61111;1,61128
07/08/2026 13:45:00;1,61128;1,61144;1,61127;1,61133
07/08/2026 13:50:00;1,61133;1,61134;1,61082;1,61087
07/08/2026 13:55:00;1,61087;1,611;1,61056;1,61058
07/08/2026 14:00:00;1,61058;1,6108;1,61046;1,61052
07/08/2026 14:05:00;1,61052;1,61054;1,61036;1,61049
07/08/2026 14:10:00;1,61049;1,61104;1,61037;1,61097
07/08/2026 14:15:00;1,61097;1,61101;1,61083;1,61098
07/08/2026 14:20:00;1,61098;1,61113;1,61091;1,61111
07/08/2026 14:25:00;1,61111;1,61114;1,61099;1,61112
07/08/2026 14:30:00;1,61112;1,61128;1,61104;1,61119
07/08/2026 14:35:00;1,61119;1,61137;1,61114;1,61115
07/08/2026 14:40:00;1,61115;1,61116;1,61087;1,61087
07/08/2026 14:45:00;1,61087;1,61106;1,61086;1,61102
07/08/2026 14:50:00;1,61102;1,61125;1,61101;1,61123
07/08/2026 14:55:00;1,61123;1,61135;1,61117;1,6112
07/08/2026 15:00:00;1,6112;1,61123;1,61105;1,61113
07/08/2026 15:05:00;1,61113;1,61134;1,61112;1,61134
07/08/2026 15:10:00;1,61134;1,61139;1,61109;1,61118
07/08/2026 15:15:00;1,61118;1,6114;1,61114;1,61124
07/08/2026 15:20:00;1,61124;1,61137;1,61115;1,61121
07/08/2026 15:25:00;1,61121;1,61132;1,6111;1,61126
07/08/2026 15:30:00;1,61126;1,61132;1,61119;1,61127
07/08/2026 15:35:00;1,61127;1,61144;1,61121;1,61141
07/08/2026 15:40:00;1,61141;1,61148;1,61133;1,61143
07/08/2026 15:45:00;1,61143;1,61159;1,61138;1,61157
07/08/2026 15:50:00;1,61157;1,61173;1,61154;1,61164
07/08/2026 15:55:00;1,61164;1,61171;1,61149;1,6116
07/08/2026 16:00:00;1,6116;1,61196;1,61152;1,61195
07/08/2026 16:05:00;1,61195;1,61199;1,61177;1,61198
07/08/2026 16:10:00;1,61198;1,61201;1,61173;1,61179
07/08/2026 16:15:00;1,61179;1,61197;1,61172;1,61187
07/08/2026 16:20:00;1,61187;1,61228;1,61186;1,61227
07/08/2026 16:25:00;1,61227;1,61244;1,61217;1,61237
07/08/2026 16:30:00;1,61237;1,61263;1,61235;1,6126
07/08/2026 16:35:00;1,6126;1,61274;1,61255;1,61257
07/08/2026 16:40:00;1,61257;1,61258;1,61236;1,61237
07/08/2026 16:45:00;1,61237;1,61248;1,61225;1,61238
07/08/2026 16:50:00;1,61238;1,61241;1,61219;1,6122
07/08/2026 16:55:00;1,6122;1,6122;1,61173;1,61182
07/08/2026 17:00:00;1,61182;1,61183;1,61162;1,61178
07/08/2026 17:05:00;1,61178;1,61178;1,61158;1,61168
07/08/2026 17:10:00;1,61168;1,61178;1,61159;1,61168
07/08/2026 17:15:00;1,61168;1,61178;1,61158;1,61158
07/08/2026 17:20:00;1,61158;1,61168;1,61148;1,61168
07/08/2026 17:25:00;1,61168;1,61168;1,61148;1,61155
07/08/2026 17:30:00;1,61155;1,61199;1,61149;1,61199
07/08/2026 17:35:00;1,61199;1,61239;1,61199;1,61237
07/08/2026 17:40:00;1,61237;1,61255;1,61226;1,61245
07/08/2026 17:45:00;1,61245;1,61246;1,61175;1,61185
07/08/2026 17:50:00;1,61185;1,61194;1,61062;1,61145
07/08/2026 17:55:00;1,61145;1,61145;1,61022;1,61022
07/08/2026 18:00:00;1,61022;1,61022;1,61022;1,61022
07/08/2026 18:05:00;1,61022;1,61022;1,61022;1,61022
10/08/2026 00:15:00;1,61252;1,61257;1,61249;1,61254
10/08/2026 00:20:00;1,61254;1,6127;1,61254;1,61266
10/08/2026 00:25:00;1,61266;1,61268;1,61245;1,6125
10/08/2026 00:30:00;1,6125;1,61253;1,61239;1,61241
10/08/2026 00:35:00;1,61241;1,61248;1,61238;1,61238
10/08/2026 00:40:00;1,61238;1,61242;1,61232;1,61238
10/08/2026 00:45:00;1,61238;1,61243;1,61234;1,61234
10/08/2026 00:50:00;1,61234;1,61238;1,61229;1,61232
10/08/2026 00:55:00;1,61232;1,6124;1,61228;1,61233
10/08/2026 01:00:00;1,61233;1,61241;1,61232;1,61239
10/08/2026 01:05:00;1,61239;1,61245;1,61236;1,61243
10/08/2026 01:10:00;1,61243;1,61249;1,61236;1,61246
10/08/2026 01:15:00;1,61246;1,61248;1,61239;1,61244
10/08/2026 01:20:00;1,61244;1,61258;1,6124;1,61258
10/08/2026 01:25:00;1,61258;1,61259;1,61246;1,6125
10/08/2026 01:30:00;1,6125;1,6125;1,6124;1,61248
10/08/2026 01:35:00;1,61248;1,6125;1,61244;1,61244
10/08/2026 01:40:00;1,61244;1,6126;1,61244;1,61258
10/08/2026 01:45:00;1,61258;1,61266;1,61258;1,61265
10/08/2026 01:50:00;1,61265;1,61272;1,61261;1,61261
10/08/2026 01:55:00;1,61261;1,61263;1,6125;1,61252
10/08/2026 02:00:00;1,61252;1,61264;1,61251;1,61261
10/08/2026 02:05:00;1,61261;1,61263;1,61249;1,6125
10/08/2026 02:10:00;1,6125;1,61254;1,6124;1,61249
10/08/2026 02:15:00;1,61249;1,61261;1,61248;1,61259
10/08/2026 02:20:00;1,61259;1,61268;1,61259;1,61266
10/08/2026 02:25:00;1,61266;1,61271;1,61255;1,61257
10/08/2026 02:30:00;1,61257;1,61263;1,61251;1,61259
10/08/2026 02:35:00;1,61259;1,6126;1,61251;1,61257
10/08/2026 02:40:00;1,61257;1,61263;1,61237;1,6124
10/08/2026 02:45:00;1,6124;1,61251;1,61238;1,61247
10/08/2026 02:50:00;1,61247;1,61273;1,61247;1,61272
10/08/2026 02:55:00;1,61272;1,61288;1,61261;1,61264
10/08/2026 03:00:00;1,61264;1,61274;1,61223;1,61226
10/08/2026 03:05:00;1,61226;1,61231;1,61204;1,61231
10/08/2026 03:10:00;1,61231;1,61238;1,61211;1,61219
10/08/2026 03:15:00;1,61219;1,61251;1,61212;1,61249
10/08/2026 03:20:00;1,61249;1,61258;1,61238;1,61249
10/08/2026 03:25:00;1,61249;1,61258;1,61233;1,61244
10/08/2026 03:30:00;1,61244;1,6125;1,61235;1,61244
10/08/2026 03:35:00;1,61244;1,61251;1,61238;1,61248
10/08/2026 03:40:00;1,61248;1,61267;1,61233;1,61235
10/08/2026 03:45:00;1,61235;1,61239;1,61221;1,61224
10/08/2026 03:50:00;1,61224;1,61225;1,61208;1,61213
10/08/2026 03:55:00;1,61213;1,61242;1,61208;1,61226
10/08/2026 04:00:00;1,61226;1,61231;1,61191;1,61196
10/08/2026 04:05:00;1,61196;1,61205;1,61176;1,6118
10/08/2026 04:10:00;1,6118;1,61192;1,61174;1,61186
10/08/2026 04:15:00;1,61186;1,61196;1,61181;1,61191
10/08/2026 04:20:00;1,61191;1,61212;1,61185;1,61208
10/08/2026 04:25:00;1,61208;1,61217;1,61201;1,61213
10/08/2026 04:30:00;1,61213;1,61224;1,61209;1,61221
10/08/2026 04:35:00;1,61221;1,61237;1,61211;1,6123
10/08/2026 04:40:00;1,6123;1,61242;1,61218;1,61232
10/08/2026 04:45:00;1,61232;1,61254;1,612;1,61201
10/08/2026 04:50:00;1,61201;1,61205;1,61163;1,61173
10/08/2026 04:55:00;1,61173;1,61181;1,61161;1,61172
10/08/2026 05:00:00;1,61172;1,61184;1,6116;1,61169
10/08/2026 05:05:00;1,61169;1,61171;1,61153;1,61155
10/08/2026 05:10:00;1,61155;1,61192;1,61151;1,61174
10/08/2026 05:15:00;1,61174;1,61178;1,6113;1,61142
10/08/2026 05:20:00;1,61142;1,61144;1,61115;1,61126
10/08/2026 05:25:00;1,61126;1,61149;1,61126;1,61148
10/08/2026 05:30:00;1,61148;1,61152;1,61134;1,61149
10/08/2026 05:35:00;1,61149;1,61168;1,61148;1,61163
10/08/2026 05:40:00;1,61163;1,61176;1,61156;1,61171
10/08/2026 05:45:00;1,61171;1,61173;1,61136;1,61144
10/08/2026 05:50:00;1,61144;1,61146;1,61115;1,61131
10/08/2026 05:55:00;1,61131;1,61152;1,61131;1,6115
10/08/2026 06:00:00;1,6115;1,61154;1,61138;1,61148
10/08/2026 06:05:00;1,61148;1,61173;1,61148;1,61173
10/08/2026 06:10:00;1,61173;1,61184;1,61162;1,61181
10/08/2026 06:15:00;1,61181;1,61185;1,61164;1,61166
10/08/2026 06:20:00;1,61166;1,61178;1,6116;1,61178
10/08/2026 06:25:00;1,61178;1,61178;1,61167;1,61172
10/08/2026 06:30:00;1,61172;1,61174;1,61155;1,61159
10/08/2026 06:35:00;1,61159;1,61162;1,61135;1,61146
10/08/2026 06:40:00;1,61146;1,61156;1,61134;1,61147
10/08/2026 06:45:00;1,61147;1,6115;1,61131;1,61143
10/08/2026 06:50:00;1,61143;1,61147;1,61134;1,61146
10/08/2026 06:55:00;1,61146;1,61153;1,61124;1,61125
10/08/2026 07:00:00;1,61125;1,61138;1,61102;1,61102
10/08/2026 07:05:00;1,61102;1,61143;1,61099;1,61113
10/08/2026 07:10:00;1,61113;1,61137;1,61113;1,61127
10/08/2026 07:15:00;1,61127;1,61138;1,61127;1,61137
10/08/2026 07:20:00;1,61137;1,6116;1,61136;1,61147
10/08/2026 07:25:00;1,61147;1,61153;1,61136;1,61141
10/08/2026 07:30:00;1,61141;1,61149;1,61131;1,61141
10/08/2026 07:35:00;1,61141;1,61153;1,61118;1,61119
10/08/2026 07:40:00;1,61119;1,61131;1,61087;1,61091
10/08/2026 07:45:00;1,61091;1,611;1,61081;1,61094
10/08/2026 07:50:00;1,61094;1,61103;1,61075;1,61077
10/08/2026 07:55:00;1,61077;1,61079;1,6105;1,61066
10/08/2026 08:00:00;1,61066;1,61074;1,61035;1,61063
10/08/2026 08:05:00;1,61063;1,61064;1,61034;1,61043
10/08/2026 08:10:00;1,61043;1,61043;1,61007;1,61012
10/08/2026 08:15:00;1,61012;1,61034;1,61009;1,61011
10/08/2026 08:20:00;1,61011;1,61012;1,60988;1,60994
10/08/2026 08:25:00;1,60994;1,61027;1,60992;1,61025
10/08/2026 08:30:00;1,61025;1,61046;1,61022;1,61034
10/08/2026 08:35:00;1,61034;1,61039;1,61009;1,61014
10/08/2026 08:40:00;1,61014;1,61023;1,61005;1,61019
10/08/2026 08:45:00;1,61019;1,61027;1,61014;1,61018
10/08/2026 08:50:00;1,61018;1,61025;1,61001;1,61017
10/08/2026 08:55:00;1,61017;1,61034;1,61012;1,61029
10/08/2026 09:00:00;1,61029;1,61042;1,61017;1,61037
10/08/2026 09:05:00;1,61037;1,61068;1,61036;1,61054
10/08/2026 09:10:00;1,61054;1,61058;1,61038;1,61038
10/08/2026 09:15:00;1,61038;1,61084;1,61038;1,61074
10/08/2026 09:20:00;1,61074;1,61105;1,6107;1,61092
10/08/2026 09:25:00;1,61092;1,61093;1,61065;1,61074
10/08/2026 09:30:00;1,61074;1,61095;1,61067;1,61068
10/08/2026 09:35:00;1,61068;1,61076;1,61047;1,61069
10/08/2026 09:40:00;1,61069;1,61069;1,61026;1,61026
10/08/2026 09:45:00;1,61026;1,61064;1,61018;1,61055
10/08/2026 09:50:00;1,61055;1,61068;1,61032;1,61035
10/08/2026 09:55:00;1,61035;1,61057;1,6103;1,61045
10/08/2026 10:00:00;1,61045;1,61091;1,6104;1,61079
10/08/2026 10:05:00;1,61079;1,61147;1,61079;1,61147
10/08/2026 10:10:00;1,61147;1,6118;1,61118;1,61133
10/08/2026 10:15:00;1,61133;1,61174;1,61128;1,6117
10/08/2026 10:20:00;1,6117;1,61175;1,61139;1,61146
10/08/2026 10:25:00;1,61146;1,61171;1,61146;1,61163
10/08/2026 10:30:00;1,61163;1,61192;1,61157;1,611913
10/08/2026 10:35:00;1,611913;1,61195;1,61136;1,61138
10/08/2026 10:40:00;1,61138;1,61162;1,61113;1,61114
10/08/2026 10:45:00;1,61114;1,61142;1,61106;1,61115
10/08/2026 10:50:00;1,61115;1,61115;1,61069;1,61072
10/08/2026 10:55:00;1,61072;1,61072;1,61031;1,61047
10/08/2026 11:00:00;1,61047;1,61092;1,61042;1,61078
10/08/2026 11:05:00;1,61078;1,611;1,61059;1,6106
10/08/2026 11:10:00;1,6106;1,61067;1,61037;1,6104
10/08/2026 11:15:00;1,6104;1,61077;1,61038;1,61068
10/08/2026 11:20:00;1,61068;1,61077;1,61034;1,6104
10/08/2026 11:25:00;1,6104;1,61067;1,61039;1,61047
10/08/2026 11:30:00;1,61047;1,61084;1,61044;1,61077
10/08/2026 11:35:00;1,61077;1,61101;1,61064;1,61091
10/08/2026 11:40:00;1,61091;1,61093;1,61052;1,61052
10/08/2026 11:45:00;1,61052;1,6107;1,61033;1,61038
10/08/2026 11:50:00;1,61038;1,61056;1,61027;1,61041
10/08/2026 11:55:00;1,61041;1,61062;1,61026;1,61052
10/08/2026 12:00:00;1,61052;1,61072;1,61019;1,61019
10/08/2026 12:05:00;1,61019;1,61021;1,60969;1,60972
10/08/2026 12:10:00;1,60972;1,60975;1,60936;1,60958
10/08/2026 12:15:00;1,60965;1,60993;1,60946;1,60948
10/08/2026 12:20:00;1,60948;1,60949;1,60922;1,60926
10/08/2026 12:25:00;1,60926;1,6093;1,60893;1,60926
10/08/2026 12:30:00;1,60926;1,60929;1,60891;1,60892
10/08/2026 12:35:00;1,60892;1,60908;1,60882;1,60884
10/08/2026 12:40:00;1,60884;1,60891;1,60852;1,60854
10/08/2026 12:45:00;1,60854;1,60884;1,60849;1,60875
10/08/2026 12:50:00;1,60875;1,60903;1,60872;1,60893
10/08/2026 12:55:00;1,60893;1,60896;1,60873;1,60883
10/08/2026 13:00:00;1,60883;1,60917;1,60883;1,60914
10/08/2026 13:05:00;1,60914;1,60926;1,60907;1,60918
10/08/2026 13:10:00;1,60918;1,60938;1,60918;1,6092
10/08/2026 13:15:00;1,6092;1,6092;1,60894;1,60895
10/08/2026 13:20:00;1,60895;1,60898;1,60871;1,60873
10/08/2026 13:25:00;1,60873;1,6089;1,60863;1,6089
10/08/2026 13:30:00;1,6089;1,60893;1,60857;1,60885
10/08/2026 13:35:00;1,60885;1,60888;1,60862;1,60863
10/08/2026 13:40:00;1,60863;1,6087;1,60829;1,60831
10/08/2026 13:45:00;1,60831;1,60849;1,60822;1,60828
10/08/2026 13:50:00;1,60828;1,60888;1,60828;1,60866
10/08/2026 13:55:00;1,60866;1,60894;1,60866;1,60878
10/08/2026 14:00:00;1,60878;1,60892;1,60866;1,60888
10/08/2026 14:05:00;1,60888;1,60935;1,60888;1,60929
10/08/2026 14:10:00;1,60929;1,60931;1,60902;1,60916
10/08/2026 14:15:00;1,60916;1,60918;1,60899;1,60915
10/08/2026 14:20:00;1,60915;1,60933;1,60908;1,60932
10/08/2026 14:25:00;1,60932;1,60949;1,6093;1,60945
10/08/2026 14:30:00;1,60945;1,6098;1,60944;1,60965
10/08/2026 14:35:00;1,60965;1,60971;1,60953;1,60967
10/08/2026 14:40:00;1,60967;1,60982;1,60963;1,60967
10/08/2026 14:45:00;1,60967;1,60972;1,60939;1,60946
10/08/2026 14:50:00;1,60946;1,60946;1,60935;1,60939
10/08/2026 14:55:00;1,60939;1,60966;1,60939;1,60956
10/08/2026 15:00:00;1,60956;1,60961;1,60947;1,60958
10/08/2026 15:05:00;1,60958;1,60966;1,60958;1,60961
10/08/2026 15:10:00;1,60961;1,60963;1,60953;1,60955
10/08/2026 15:15:00;1,60955;1,60955;1,60925;1,60937
10/08/2026 15:20:00;1,60937;1,60942;1,60932;1,60937
10/08/2026 15:25:00;1,60937;1,60941;1,6093;1,60931
10/08/2026 15:30:00;1,60931;1,60934;1,60912;1,60916
10/08/2026 15:35:00;1,60916;1,6092;1,60906;1,6092
10/08/2026 15:40:00;1,6092;1,60922;1,60907;1,6091
10/08/2026 15:45:00;1,6091;1,6091;1,60896;1,60899
10/08/2026 15:50:00;1,60899;1,60905;1,60872;1,60875
10/08/2026 15:55:00;1,60875;1,60912;1,60875;1,60907
10/08/2026 16:00:00;1,60907;1,60914;1,60892;1,60906
10/08/2026 16:05:00;1,60906;1,60908;1,60896;1,60898
10/08/2026 16:10:00;1,60898;1,60901;1,60889;1,60897
10/08/2026 16:15:00;1,60897;1,60902;1,60888;1,60898
10/08/2026 16:20:00;1,60898;1,60902;1,60866;1,60868
10/08/2026 16:25:00;1,60868;1,60882;1,60868;1,60881
10/08/2026 16:30:00;1,60881;1,60884;1,60857;1,60857
10/08/2026 16:35:00;1,60857;1,60868;1,60845;1,60846
10/08/2026 16:40:00;1,60846;1,60862;1,60845;1,60856
10/08/2026 16:45:00;1,60856;1,60875;1,60853;1,60871
10/08/2026 16:50:00;1,60871;1,60882;1,60866;1,60871
10/08/2026 16:55:00;1,60871;1,60871;1,60844;1,60867
10/08/2026 17:00:00;1,60867;1,60874;1,60852;1,60854
10/08/2026 17:05:00;1,60854;1,6087;1,60854;1,60867
10/08/2026 17:10:00;1,60867;1,60876;1,60865;1,60876
10/08/2026 17:15:00;1,60876;1,60894;1,60874;1,60891
10/08/2026 17:20:00;1,60891;1,60893;1,60868;1,60872
10/08/2026 17:25:00;1,60872;1,60878;1,60852;1,6086
10/08/2026 17:30:00;1,6086;1,60871;1,60857;1,60869
10/08/2026 17:35:00;1,60869;1,60886;1,60868;1,60877
10/08/2026 17:40:00;1,60877;1,60897;1,60875;1,60893
10/08/2026 17:45:00;1,60893;1,60893;1,60881;1,60888
10/08/2026 17:50:00;1,60888;1,60888;1,60888;1,60888
10/08/2026 17:55:00;1,60888;1,60895;1,60875;1,60885
10/08/2026 18:00:00;1,60885;1,60885;1,60885;1,60885
10/08/2026 18:05:00;1,60885;1,60885;1,60781;1,60808
10/08/2026 18:10:00;1,60808;1,60819;1,60808;1,60819
10/08/2026 19:10:00;1,60865;1,60876;1,60865;1,60875
10/08/2026 19:15:00;1,60875;1,60884;1,60875;1,60881
10/08/2026 19:20:00;1,60881;1,609;1,60878;1,60897
10/08/2026 19:25:00;1,60897;1,60899;1,60895;1,60898
10/08/2026 19:30:00;1,60898;1,60898;1,60887;1,60888
10/08/2026 19:35:00;1,60888;1,60896;1,60887;1,60888
10/08/2026 19:40:00;1,60888;1,60888;1,60881;1,60884
10/08/2026 19:45:00;1,60884;1,60884;1,6088;1,6088
10/08/2026 19:50:00;1,6088;1,6088;1,60877;1,60877
10/08/2026 19:55:00;1,60876;1,60879;1,60876;1,60878
10/08/2026 20:00:00;1,60878;1,60883;1,60878;1,60879
10/08/2026 20:05:00;1,60879;1,60881;1,60873;1,60875
10/08/2026 20:10:00;1,60875;1,60875;1,6087;1,60874
10/08/2026 20:15:00;1,60874;1,60878;1,60871;1,60873
10/08/2026 20:20:00;1,60873;1,60876;1,60871;1,60873
10/08/2026 20:25:00;1,60872;1,60887;1,60871;1,60885
10/08/2026 20:30:00;1,60885;1,60886;1,60877;1,60878
10/08/2026 20:35:00;1,60878;1,60879;1,60864;1,60871
10/08/2026 20:40:00;1,60871;1,60871;1,60859;1,6086
10/08/2026 20:45:00;1,6086;1,60874;1,60859;1,6087
10/08/2026 20:50:00;1,6087;1,60875;1,6087;1,60872
10/08/2026 20:55:00;1,60872;1,60877;1,60867;1,60867
10/08/2026 21:00:00;1,60867;1,60871;1,60851;1,60861
10/08/2026 21:05:00;1,60861;1,60864;1,6085;1,60851
10/08/2026 21:10:00;1,60851;1,60873;1,6085;1,6087
10/08/2026 21:15:00;1,6087;1,6089;1,60865;1,60871
10/08/2026 21:20:00;1,60871;1,60875;1,60865;1,60871
10/08/2026 21:25:00;1,60871;1,60883;1,60871;1,60881
10/08/2026 21:30:00;1,60881;1,60883;1,60865;1,60868
10/08/2026 21:35:00;1,60868;1,6087;1,60862;1,60868
10/08/2026 21:40:00;1,60868;1,60874;1,6086;1,60867
10/08/2026 21:45:00;1,60867;1,60872;1,6086;1,6086
10/08/2026 21:50:00;1,6086;1,60862;1,60848;1,60856
10/08/2026 21:55:00;1,60856;1,60866;1,60851;1,60854
10/08/2026 22:00:00;1,60854;1,60875;1,6085;1,60875
10/08/2026 22:05:00;1,60875;1,60875;1,6085;1,60855
10/08/2026 22:10:00;1,60855;1,60859;1,60838;1,60843
10/08/2026 22:15:00;1,60843;1,60873;1,60843;1,60872
10/08/2026 22:20:00;1,60872;1,60879;1,60866;1,60866
10/08/2026 22:25:00;1,60866;1,60867;1,60854;1,6086
10/08/2026 22:30:00;1,6086;1,60878;1,60859;1,60872
10/08/2026 22:35:00;1,60872;1,60873;1,60858;1,60863
10/08/2026 22:40:00;1,60863;1,60865;1,60853;1,60854
10/08/2026 22:45:00;1,60854;1,6086;1,6085;1,60859
10/08/2026 22:50:00;1,60859;1,60866;1,60853;1,60865
10/08/2026 22:55:00;1,60865;1,60866;1,60849;1,60851
10/08/2026 23:00:00;1,60851;1,60855;1,60839;1,60853
10/08/2026 23:05:00;1,60853;1,60853;1,60831;1,60835
10/08/2026 23:10:00;1,60835;1,60839;1,60829;1,6083
10/08/2026 23:15:00;1,6083;1,60833;1,6082;1,60823
10/08/2026 23:20:00;1,60823;1,60827;1,60815;1,60818
10/08/2026 23:25:00;1,60818;1,60832;1,60811;1,60812
10/08/2026 23:30:00;1,60812;1,60821;1,60809;1,60819
10/08/2026 23:35:00;1,60819;1,60826;1,60815;1,60816
10/08/2026 23:40:00;1,60816;1,60821;1,60807;1,60809
10/08/2026 23:45:00;1,60809;1,60812;1,60798;1,60806
10/08/2026 23:50:00;1,60806;1,60808;1,60797;1,60799
10/08/2026 23:55:00;1,60799;1,60804;1,60789;1,60792
11/08/2026 00:00:00;1,60792;1,60802;1,60792;1,60799
11/08/2026 00:05:00;1,60799;1,60804;1,60792;1,60796
11/08/2026 00:10:00;1,60796;1,60811;1,60794;1,60808
11/08/2026 00:15:00;1,60808;1,60811;1,60802;1,60806
11/08/2026 00:20:00;1,60806;1,60816;1,60803;1,6081
11/08/2026 00:25:00;1,6081;1,6082;1,60805;1,6082
11/08/2026 00:30:00;1,6082;1,60822;1,60801;1,60802
11/08/2026 00:35:00;1,60802;1,60805;1,60794;1,60794
11/08/2026 00:40:00;1,60794;1,608;1,60793;1,60799
11/08/2026 00:45:00;1,60799;1,608;1,60793;1,60794
11/08/2026 00:50:00;1,60794;1,608;1,60787;1,60795
11/08/2026 00:55:00;1,60795;1,60799;1,60789;1,60792
11/08/2026 01:00:00;1,60792;1,60799;1,6079;1,60798
11/08/2026 01:05:00;1,60798;1,60802;1,60791;1,608
11/08/2026 01:10:00;1,608;1,60802;1,60795;1,60795
11/08/2026 01:15:00;1,60795;1,60804;1,60794;1,60803
11/08/2026 01:20:00;1,60803;1,60803;1,60792;1,60795
11/08/2026 01:25:00;1,60795;1,60804;1,60794;1,60801
11/08/2026 01:30:00;1,60801;1,60824;1,60776;1,60777
11/08/2026 01:35:00;1,60777;1,60783;1,60766;1,6078
11/08/2026 01:40:00;1,6078;1,60781;1,60756;1,60762
11/08/2026 01:45:00;1,60762;1,60794;1,60761;1,60764
11/08/2026 01:50:00;1,60764;1,60782;1,60755;1,60775
11/08/2026 01:55:00;1,60775;1,60793;1,60775;1,60785
11/08/2026 02:00:00;1,60785;1,60785;1,6077;1,60778
11/08/2026 02:05:00;1,60778;1,6078;1,60765;1,60768
11/08/2026 02:10:00;1,60768;1,60773;1,60764;1,60771
11/08/2026 02:15:00;1,60771;1,60773;1,60755;1,60759
11/08/2026 02:20:00;1,60759;1,60763;1,60753;1,6076
11/08/2026 02:25:00;1,6076;1,60769;1,60758;1,60763
11/08/2026 02:30:00;1,60763;1,60772;1,60745;1,60751
11/08/2026 02:35:00;1,60751;1,60753;1,60732;1,60749
11/08/2026 02:40:00;1,60749;1,6076;1,60743;1,60757
11/08/2026 02:45:00;1,60757;1,60758;1,60741;1,60741
11/08/2026 02:50:00;1,60741;1,60741;1,60719;1,60722
11/08/2026 02:55:00;1,60722;1,60739;1,60722;1,60733
11/08/2026 03:00:00;1,60733;1,60768;1,60733;1,60763
11/08/2026 03:05:00;1,60763;1,60773;1,60753;1,60769
11/08/2026 03:10:00;1,60769;1,60771;1,60755;1,60756
11/08/2026 03:15:00;1,60756;1,60761;1,60732;1,60732
11/08/2026 03:20:00;1,60732;1,60743;1,60717;1,60717
11/08/2026 03:25:00;1,60717;1,60743;1,60709;1,60718
11/08/2026 03:30:00;1,60718;1,60724;1,60662;1,60674
11/08/2026 03:35:00;1,60674;1,607;1,60671;1,607
11/08/2026 03:40:00;1,607;1,60717;1,60695;1,60701
11/08/2026 03:45:00;1,60701;1,60705;1,60689;1,60701
11/08/2026 03:50:00;1,60701;1,60712;1,60692;1,60712
11/08/2026 03:55:00;1,60712;1,60726;1,60705;1,60726
11/08/2026 04:00:00;1,60726;1,60779;1,60725;1,60774
11/08/2026 04:05:00;1,60774;1,60822;1,60769;1,60812
11/08/2026 04:10:00;1,60812;1,60824;1,60795;1,60797
11/08/2026 04:15:00;1,60797;1,60812;1,60766;1,60803
11/08/2026 04:20:00;1,60803;1,60806;1,60774;1,6078
11/08/2026 04:25:00;1,6078;1,6078;1,60757;1,60761
11/08/2026 04:30:00;1,60761;1,60776;1,60747;1,60755
11/08/2026 04:35:00;1,60755;1,60781;1,60735;1,60764
11/08/2026 04:40:00;1,60764;1,60767;1,60744;1,60759
11/08/2026 04:45:00;1,60759;1,60775;1,60755;1,60766
11/08/2026 04:50:00;1,60766;1,60771;1,60742;1,60759
11/08/2026 04:55:00;1,60759;1,60806;1,60758;1,6079
11/08/2026 05:00:00;1,6079;1,6082;1,60786;1,60794
11/08/2026 05:05:00;1,60794;1,60798;1,6076;1,60761
11/08/2026 05:10:00;1,60761;1,60774;1,60733;1,60742
11/08/2026 05:15:00;1,60742;1,60759;1,60739;1,6075
11/08/2026 05:20:00;1,6075;1,60763;1,60745;1,60754
11/08/2026 05:25:00;1,60754;1,60764;1,6074;1,6076
11/08/2026 05:30:00;1,6076;1,60771;1,6075;1,60758
11/08/2026 05:35:00;1,60758;1,60768;1,60744;1,60762
11/08/2026 05:40:00;1,60762;1,60771;1,60756;1,60768
11/08/2026 05:45:00;1,60768;1,60768;1,60741;1,60755
11/08/2026 05:50:00;1,60755;1,60762;1,60749;1,60753
11/08/2026 05:55:00;1,60753;1,60755;1,60728;1,60732
11/08/2026 06:00:00;1,60732;1,60745;1,60717;1,60718
11/08/2026 06:05:00;1,60718;1,60718;1,60697;1,60699
11/08/2026 06:10:00;1,60699;1,60705;1,60693;1,60698
11/08/2026 06:15:00;1,60698;1,60711;1,60691;1,60691
11/08/2026 06:20:00;1,60691;1,60704;1,60688;1,60699
11/08/2026 06:25:00;1,60699;1,60719;1,60686;1,60713
11/08/2026 06:30:00;1,60713;1,60728;1,60709;1,60716
11/08/2026 06:35:00;1,60716;1,60721;1,60696;1,607
11/08/2026 06:40:00;1,607;1,60721;1,60698;1,60702
11/08/2026 06:45:00;1,60702;1,60714;1,607;1,6071
11/08/2026 06:50:00;1,6071;1,60714;1,60701;1,60713
11/08/2026 06:55:00;1,60713;1,60727;1,60713;1,60726
11/08/2026 07:00:00;1,60726;1,60726;1,60698;1,60711
11/08/2026 07:05:00;1,60711;1,60729;1,60703;1,60704
11/08/2026 07:10:00;1,60704;1,60711;1,60698;1,60703
11/08/2026 07:15:00;1,60703;1,60704;1,60685;1,60686
11/08/2026 07:20:00;1,60686;1,60719;1,60681;1,60709
11/08/2026 07:25:00;1,60709;1,60741;1,60705;1,60728
11/08/2026 07:30:00;1,60728;1,60744;1,60697;1,60741
11/08/2026 07:35:00;1,60741;1,60752;1,60737;1,60744
11/08/2026 07:40:00;1,60744;1,60755;1,60717;1,60719
11/08/2026 07:45:00;1,60719;1,60736;1,60713;1,6073
11/08/2026 07:50:00;1,6073;1,60738;1,60705;1,60705
11/08/2026 07:55:00;1,60705;1,60722;1,60695;1,60714
11/08/2026 08:00:00;1,60714;1,60797;1,6069;1,60785
11/08/2026 08:05:00;1,60785;1,6083;1,60785;1,60807
11/08/2026 08:10:00;1,60807;1,60831;1,60795;1,60819
11/08/2026 08:15:00;1,60819;1,60823;1,60776;1,60777
11/08/2026 08:20:00;1,60777;1,60781;1,60741;1,60744
11/08/2026 08:25:00;1,60744;1,60759;1,6073;1,60743
11/08/2026 08:30:00;1,60743;1,6075;1,60725;1,60739
11/08/2026 08:35:00;1,60739;1,60767;1,6073;1,60766
11/08/2026 08:40:00;1,60766;1,60772;1,60737;1,60748
11/08/2026 08:45:00;1,60748;1,60753;1,60735;1,60742
11/08/2026 08:50:00;1,60742;1,60793;1,60742;1,60788
11/08/2026 08:55:00;1,60788;1,60801;1,60784;1,60794
11/08/2026 09:00:00;1,60794;1,60806;1,6078;1,60791
11/08/2026 09:05:00;1,60791;1,60821;1,60786;1,60817
11/08/2026 09:10:00;1,60817;1,60835;1,60806;1,608296
11/08/2026 09:15:00;1,608296;1,608296;1,6081;1,60822
11/08/2026 09:20:00;1,60822;1,60822;1,60744;1,6075
11/08/2026 09:25:00;1,6075;1,60756;1,60742;1,60744
11/08/2026 09:30:00;1,60744;1,60767;1,60739;1,60747
11/08/2026 09:35:00;1,60747;1,60767;1,60742;1,60756
11/08/2026 09:40:00;1,60756;1,60784;1,60749;1,60781
11/08/2026 09:45:00;1,60781;1,60807;1,6078;1,60806
11/08/2026 09:50:00;1,60806;1,60813;1,60801;1,60806
11/08/2026 09:55:00;1,60806;1,60824;1,60788;1,60803
11/08/2026 10:00:00;1,60803;1,60837;1,60802;1,60815
11/08/2026 10:05:00;1,60815;1,60836;1,60807;1,60807
11/08/2026 10:10:00;1,60808;1,60831;1,60808;1,60822
11/08/2026 10:15:00;1,60822;1,60846;1,60814;1,60833
11/08/2026 10:20:00;1,60833;1,60856;1,60821;1,60847
11/08/2026 10:25:00;1,60847;1,60848;1,60833;1,60843
11/08/2026 10:30:00;1,60843;1,60858;1,60807;1,60819
11/08/2026 10:35:00;1,60819;1,60862;1,60815;1,60857
11/08/2026 10:40:00;1,60857;1,60893;1,60851;1,60891
11/08/2026 10:45:00;1,60891;1,60924;1,60888;1,60915
11/08/2026 10:50:00;1,60915;1,60934;1,60897;1,60898
11/08/2026 10:55:00;1,60898;1,60898;1,60864;1,60877
11/08/2026 11:00:00;1,60877;1,60885;1,60828;1,60832
11/08/2026 11:05:00;1,60832;1,60856;1,60807;1,60809
11/08/2026 11:10:00;1,60809;1,60812;1,60789;1,60789
11/08/2026 11:15:00;1,60789;1,60791;1,60736;1,60767
11/08/2026 11:20:00;1,60767;1,60781;1,60764;1,60775
11/08/2026 11:25:00;1,60775;1,60781;1,60732;1,60746
11/08/2026 11:30:00;1,60746;1,60751;1,60734;1,60742
11/08/2026 11:35:00;1,60742;1,60756;1,60727;1,60745
11/08/2026 11:40:00;1,60745;1,60771;1,60739;1,60771
11/08/2026 11:45:00;1,60771;1,60775;1,60753;1,60764
11/08/2026 11:50:00;1,60764;1,60764;1,60708;1,60719
11/08/2026 11:55:00;1,60719;1,60747;1,60712;1,60738
11/08/2026 12:00:00;1,60738;1,60788;1,60738;1,60783
11/08/2026 12:05:00;1,60783;1,60784;1,60738;1,60754
11/08/2026 12:10:00;1,60754;1,60762;1,60732;1,60737
11/08/2026 12:15:00;1,60737;1,60773;1,60735;1,6074
11/08/2026 12:20:00;1,6074;1,60763;1,60736;1,60736
11/08/2026 12:25:00;1,60736;1,60746;1,60727;1,60739
11/08/2026 12:30:00;1,60739;1,60742;1,60665;1,60675
11/08/2026 12:35:00;1,60675;1,60708;1,60663;1,60699
11/08/2026 12:40:00;1,60699;1,60702;1,60668;1,60694
11/08/2026 12:45:00;1,60694;1,60729;1,60691;1,60691
11/08/2026 12:50:00;1,60691;1,60732;1,60691;1,60731
11/08/2026 12:55:00;1,60731;1,60739;1,60703;1,6071
11/08/2026 13:00:00;1,6071;1,60721;1,60699;1,60699
11/08/2026 13:05:00;1,60699;1,60707;1,60692;1,60699
11/08/2026 13:10:00;1,60699;1,60706;1,60673;1,60677
11/08/2026 13:15:00;1,60677;1,60683;1,6066;1,60665
11/08/2026 13:20:00;1,60665;1,60669;1,60639;1,60641
11/08/2026 13:25:00;1,60641;1,60641;1,60606;1,60618
11/08/2026 13:30:00;1,60618;1,60657;1,60618;1,60651
11/08/2026 13:35:00;1,60651;1,60657;1,60641;1,60653
11/08/2026 13:40:00;1,60653;1,60655;1,60636;1,60637
11/08/2026 13:45:00;1,60637;1,60638;1,60592;1,60599
11/08/2026 13:50:00;1,60599;1,60607;1,60592;1,60604
11/08/2026 13:55:00;1,60604;1,60609;1,60576;1,60576
11/08/2026 14:00:00;1,60576;1,60581;1,6056;1,60573
11/08/2026 14:05:00;1,60575;1,60586;1,60564;1,60579
11/08/2026 14:10:00;1,60579;1,60582;1,6056;1,60561
11/08/2026 14:15:00;1,60561;1,6058;1,60561;1,60573
11/08/2026 14:20:00;1,60573;1,60592;1,6057;1,60573
11/08/2026 14:25:00;1,60573;1,60579;1,6056;1,60577
11/08/2026 14:30:00;1,60577;1,60597;1,60569;1,60595
11/08/2026 14:35:00;1,60595;1,60619;1,60595;1,60599
11/08/2026 14:40:00;1,60599;1,60604;1,60586;1,606
11/08/2026 14:45:00;1,606;1,60609;1,60598;1,60603
11/08/2026 14:50:00;1,60603;1,60624;1,60602;1,60618
11/08/2026 14:55:00;1,60618;1,6063;1,60605;1,60618
11/08/2026 15:00:00;1,60618;1,60618;1,60598;1,60601
11/08/2026 15:05:00;1,60601;1,60604;1,60589;1,606
11/08/2026 15:10:00;1,606;1,60608;1,60598;1,60599
11/08/2026 15:15:00;1,60599;1,60609;1,60594;1,60604
11/08/2026 15:20:00;1,60604;1,60605;1,6058;1,6059
11/08/2026 15:25:00;1,6059;1,6059;1,60571;1,60582
11/08/2026 15:30:00;1,60582;1,60614;1,60573;1,60611
11/08/2026 15:35:00;1,60611;1,60619;1,60591;1,60591
11/08/2026 15:40:00;1,60591;1,6062;1,60584;1,60613
11/08/2026 15:45:00;1,60613;1,6063;1,60613;1,60624
11/08/2026 15:50:00;1,60624;1,60626;1,60614;1,6062
11/08/2026 15:55:00;1,6062;1,60626;1,60608;1,60624
11/08/2026 16:00:00;1,60624;1,60638;1,60619;1,6063
11/08/2026 16:05:00;1,6063;1,60649;1,60626;1,60647
11/08/2026 16:10:00;1,60647;1,6066;1,60646;1,6065
11/08/2026 16:15:00;1,60649;1,60651;1,60634;1,6064
11/08/2026 16:20:00;1,6064;1,60649;1,60638;1,60646
11/08/2026 16:25:00;1,60646;1,60653;1,60643;1,60652
11/08/2026 16:30:00;1,60652;1,60657;1,60646;1,60649
11/08/2026 16:35:00;1,60649;1,60658;1,60649;1,60654
11/08/2026 16:40:00;1,60654;1,60662;1,60651;1,60655
11/08/2026 16:45:00;1,60655;1,60658;1,6065;1,60656
11/08/2026 16:50:00;1,60656;1,60673;1,60652;1,60673
11/08/2026 16:55:00;1,60673;1,60716;1,60669;1,60714
11/08/2026 17:00:00;1,60714;1,6072;1,60699;1,60717
11/08/2026 17:05:00;1,60717;1,60731;1,60707;1,6071
11/08/2026 17:10:00;1,6071;1,60718;1,60704;1,6071
11/08/2026 17:15:00;1,6071;1,60716;1,60707;1,60708
11/08/2026 17:20:00;1,60708;1,60709;1,607;1,60702
11/08/2026 17:25:00;1,60702;1,60702;1,60691;1,607
11/08/2026 17:30:00;1,607;1,60706;1,60698;1,60706
11/08/2026 17:35:00;1,60706;1,60707;1,60697;1,60699
11/08/2026 17:40:00;1,60699;1,607;1,60689;1,60691
11/08/2026 17:45:00;1,60691;1,607;1,60689;1,60695
11/08/2026 17:50:00;1,60695;1,60715;1,60675;1,60705
11/08/2026 17:55:00;1,60705;1,6073;1,60632;1,60705
11/08/2026 18:00:00;1,60705;1,60705;1,60705;1,60705
11/08/2026 18:05:00;1,60705;1,60705;1,60615;1,60615
11/08/2026 18:10:00;1,60615;1,60617;1,60615;1,60617
11/08/2026 19:10:00;1,60617;1,60676;1,60617;1,60675
11/08/2026 19:15:00;1,60675;1,60675;1,60665;1,60667
11/08/2026 19:20:00;1,60667;1,6067;1,60663;1,60668
11/08/2026 19:25:00;1,60668;1,60675;1,60668;1,60675
11/08/2026 19:30:00;1,60675;1,60675;1,60657;1,60665
11/08/2026 19:35:00;1,60665;1,60682;1,60651;1,60676
11/08/2026 19:40:00;1,60676;1,60677;1,60666;1,60667
11/08/2026 19:45:00;1,60667;1,60667;1,60664;1,60664
11/08/2026 19:50:00;1,60664;1,60664;1,60657;1,60664
11/08/2026 19:55:00;1,60664;1,60666;1,60662;1,60663
11/08/2026 20:00:00;1,60663;1,60665;1,60661;1,60661
11/08/2026 20:05:00;1,60661;1,60665;1,60659;1,60664
11/08/2026 20:10:00;1,60664;1,60664;1,60656;1,60656
11/08/2026 20:15:00;1,60656;1,60662;1,60653;1,60661
11/08/2026 20:20:00;1,60661;1,60669;1,60661;1,60668
11/08/2026 20:25:00;1,60668;1,60682;1,60667;1,60679
11/08/2026 20:30:00;1,60679;1,60682;1,60672;1,60675
11/08/2026 20:35:00;1,60675;1,60679;1,60669;1,60678
11/08/2026 20:40:00;1,60678;1,6069;1,60676;1,6069
11/08/2026 20:45:00;1,6069;1,60691;1,60682;1,60686
11/08/2026 20:50:00;1,60686;1,60689;1,60678;1,60683
11/08/2026 20:55:00;1,60683;1,60684;1,60669;1,60678
11/08/2026 21:00:00;1,60678;1,60687;1,60661;1,60684
11/08/2026 21:05:00;1,60684;1,60686;1,60669;1,60676
11/08/2026 21:10:00;1,60676;1,60683;1,60676;1,60678
11/08/2026 21:15:00;1,60678;1,60682;1,60672;1,60678
11/08/2026 21:20:00;1,60678;1,6068;1,60668;1,60671
11/08/2026 21:25:00;1,60671;1,60682;1,60667;1,60679
11/08/2026 21:30:00;1,60679;1,60679;1,60662;1,60666
11/08/2026 21:35:00;1,60666;1,60669;1,60661;1,60663
11/08/2026 21:40:00;1,60663;1,60669;1,60658;1,60661
11/08/2026 21:45:00;1,60661;1,60671;1,60657;1,60662
11/08/2026 21:50:00;1,60662;1,6067;1,60655;1,60661
11/08/2026 21:55:00;1,60661;1,60674;1,60654;1,60667
11/08/2026 22:00:00;1,60667;1,60675;1,60658;1,60671
11/08/2026 22:05:00;1,60671;1,60674;1,60658;1,60666
11/08/2026 22:10:00;1,60666;1,60684;1,60652;1,60682
11/08/2026 22:15:00;1,60682;1,60693;1,60669;1,60672
11/08/2026 22:20:00;1,60672;1,60673;1,60665;1,60665
11/08/2026 22:25:00;1,60665;1,60684;1,60665;1,60684
11/08/2026 22:30:00;1,60684;1,60689;1,60675;1,60678
11/08/2026 22:35:00;1,60678;1,60684;1,6067;1,60683
11/08/2026 22:40:00;1,60683;1,60707;1,60679;1,60703
11/08/2026 22:45:00;1,60703;1,60706;1,60698;1,60704
11/08/2026 22:50:00;1,60704;1,60706;1,60695;1,60699
11/08/2026 22:55:00;1,60699;1,60703;1,60694;1,60699
11/08/2026 23:00:00;1,60699;1,60704;1,60693;1,60701
11/08/2026 23:05:00;1,60701;1,60707;1,60699;1,60699
11/08/2026 23:10:00;1,60699;1,60702;1,60688;1,6069
11/08/2026 23:15:00;1,6069;1,60693;1,60682;1,60688
11/08/2026 23:20:00;1,60688;1,60694;1,60681;1,60693
11/08/2026 23:25:00;1,60693;1,60701;1,60692;1,60695
11/08/2026 23:30:00;1,60695;1,60707;1,60692;1,60706
11/08/2026 23:35:00;1,60706;1,60712;1,60696;1,60697
11/08/2026 23:40:00;1,60697;1,60697;1,60682;1,60687
11/08/2026 23:45:00;1,60687;1,60691;1,60675;1,60684
11/08/2026 23:50:00;1,60684;1,60686;1,60678;1,60678
11/08/2026 23:55:00;1,60678;1,60689;1,606679;1,60684
12/08/2026 00:00:00;1,60684;1,60684;1,60673;1,60679
12/08/2026 00:05:00;1,60679;1,60683;1,60672;1,60682
12/08/2026 00:10:00;1,60682;1,60683;1,60669;1,60669
12/08/2026 00:15:00;1,60669;1,60672;1,60665;1,6067
12/08/2026 00:20:00;1,6067;1,60674;1,60664;1,60664
12/08/2026 00:25:00;1,60664;1,60669;1,60659;1,60666
12/08/2026 00:30:00;1,60666;1,60671;1,60659;1,60662
12/08/2026 00:35:00;1,60662;1,60671;1,60658;1,60669
12/08/2026 00:40:00;1,60669;1,60672;1,60667;1,60669
12/08/2026 00:45:00;1,60669;1,60669;1,60662;1,60666
12/08/2026 00:50:00;1,60666;1,60669;1,6066;1,60663
12/08/2026 00:55:00;1,60663;1,60665;1,60654;1,60657
12/08/2026 01:00:00;1,60657;1,60663;1,60652;1,60662
12/08/2026 01:05:00;1,60662;1,60672;1,60662;1,60668
12/08/2026 01:10:00;1,60668;1,60668;1,60656;1,60658
12/08/2026 01:15:00;1,60658;1,60661;1,60648;1,60655
12/08/2026 01:20:00;1,60655;1,60656;1,6065;1,60654
12/08/2026 01:25:00;1,60654;1,60661;1,60648;1,60659
12/08/2026 01:30:00;1,60659;1,60661;1,60651;1,60652
12/08/2026 01:35:00;1,60652;1,60664;1,60651;1,60663
12/08/2026 01:40:00;1,60663;1,60679;1,60662;1,60675
12/08/2026 01:45:00;1,60675;1,60679;1,60672;1,60676
12/08/2026 01:50:00;1,60676;1,60678;1,60672;1,60677
12/08/2026 01:55:00;1,60677;1,60693;1,60676;1,60683
12/08/2026 02:00:00;1,60683;1,60684;1,60675;1,60676
12/08/2026 02:05:00;1,60676;1,60682;1,60675;1,60679
12/08/2026 02:10:00;1,60679;1,60683;1,60672;1,60672
12/08/2026 02:15:00;1,60672;1,60675;1,60664;1,60669
12/08/2026 02:20:00;1,60669;1,6067;1,60656;1,60666
12/08/2026 02:25:00;1,60666;1,60673;1,60665;1,60668
12/08/2026 02:30:00;1,60668;1,60689;1,60667;1,60682
12/08/2026 02:35:00;1,60682;1,60683;1,60668;1,60672
12/08/2026 02:40:00;1,60672;1,60674;1,60669;1,60672
12/08/2026 02:45:00;1,60672;1,60677;1,60665;1,60671
12/08/2026 02:50:00;1,60671;1,60673;1,60658;1,60669
12/08/2026 02:55:00;1,60669;1,60675;1,60653;1,60659
12/08/2026 03:00:00;1,60659;1,60667;1,60653;1,60661
12/08/2026 03:05:00;1,60661;1,60669;1,6065;1,60651
12/08/2026 03:10:00;1,60651;1,60658;1,60637;1,60652
12/08/2026 03:15:00;1,60652;1,60667;1,60642;1,6066
12/08/2026 03:20:00;1,6066;1,60666;1,60648;1,60665
12/08/2026 03:25:00;1,60665;1,60679;1,60661;1,60677
12/08/2026 03:30:00;1,60677;1,60694;1,6067;1,60691
12/08/2026 03:35:00;1,60691;1,60695;1,60677;1,60684
12/08/2026 03:40:00;1,60684;1,60689;1,6067;1,60671
12/08/2026 03:45:00;1,60671;1,60705;1,60671;1,60696
12/08/2026 03:50:00;1,60696;1,60696;1,60683;1,60692
12/08/2026 03:55:00;1,60692;1,60705;1,60683;1,60695
12/08/2026 04:00:00;1,60695;1,60701;1,60677;1,6069
12/08/2026 04:05:00;1,6069;1,6072;1,60687;1,60716
12/08/2026 04:10:00;1,60716;1,6073;1,60712;1,60725
12/08/2026 04:15:00;1,60725;1,60744;1,60718;1,60739
12/08/2026 04:20:00;1,60739;1,60751;1,60738;1,60741
12/08/2026 04:25:00;1,60741;1,60745;1,60723;1,60724
12/08/2026 04:30:00;1,60724;1,60747;1,60721;1,60733
12/08/2026 04:35:00;1,60733;1,60764;1,60729;1,60758
12/08/2026 04:40:00;1,60758;1,60765;1,60718;1,60725
12/08/2026 04:45:00;1,60725;1,60745;1,60713;1,6072
12/08/2026 04:50:00;1,6072;1,60727;1,60694;1,60701
12/08/2026 04:55:00;1,60701;1,60706;1,60687;1,60697
12/08/2026 05:00:00;1,60697;1,60713;1,60679;1,60683
12/08/2026 05:05:00;1,60683;1,60718;1,60683;1,60716
12/08/2026 05:10:00;1,60716;1,60724;1,60707;1,60712
12/08/2026 05:15:00;1,60712;1,60726;1,60703;1,60726
12/08/2026 05:20:00;1,60726;1,60732;1,607;1,60704
12/08/2026 05:25:00;1,60704;1,60705;1,60686;1,60702
12/08/2026 05:30:00;1,60702;1,60714;1,60702;1,60703
12/08/2026 05:35:00;1,60703;1,6072;1,60694;1,60719
12/08/2026 05:40:00;1,60719;1,60741;1,60713;1,6074
12/08/2026 05:45:00;1,6074;1,60743;1,60704;1,60722
12/08/2026 05:50:00;1,60722;1,60743;1,6072;1,60724
12/08/2026 05:55:00;1,60724;1,60728;1,60704;1,60711
12/08/2026 06:00:00;1,60711;1,60745;1,60711;1,60743
12/08/2026 06:05:00;1,60743;1,60751;1,60727;1,60746
12/08/2026 06:10:00;1,60746;1,60763;1,6074;1,60758
12/08/2026 06:15:00;1,60758;1,60765;1,60746;1,60749
12/08/2026 06:20:00;1,60749;1,60856;1,60743;1,60829
12/08/2026 06:25:00;1,60829;1,60846;1,60785;1,60785
12/08/2026 06:30:00;1,60785;1,60815;1,60782;1,60811
12/08/2026 06:35:00;1,60811;1,60814;1,60769;1,60784
12/08/2026 06:40:00;1,60784;1,60799;1,60782;1,60786
12/08/2026 06:45:00;1,60786;1,60798;1,60782;1,60783
12/08/2026 06:50:00;1,60783;1,60806;1,60754;1,60765
12/08/2026 06:55:00;1,60765;1,60767;1,60744;1,60754
12/08/2026 07:00:00;1,60754;1,6076;1,60727;1,60748
12/08/2026 07:05:00;1,60748;1,6075;1,60726;1,60733
12/08/2026 07:10:00;1,60733;1,6074;1,60718;1,60718
12/08/2026 07:15:00;1,60718;1,6075;1,60716;1,60746
12/08/2026 07:20:00;1,60746;1,60749;1,60724;1,60726
12/08/2026 07:25:00;1,60726;1,60753;1,60723;1,60746
12/08/2026 07:30:00;1,60746;1,60746;1,60725;1,60726
12/08/2026 07:35:00;1,60726;1,60727;1,60713;1,60722
12/08/2026 07:40:00;1,60722;1,60736;1,60709;1,60734
12/08/2026 07:45:00;1,60734;1,60752;1,60702;1,60712
12/08/2026 07:50:00;1,60712;1,60724;1,60692;1,60705
12/08/2026 07:55:00;1,60705;1,60722;1,60701;1,60702
12/08/2026 08:00:00;1,60702;1,60734;1,60696;1,6072
12/08/2026 08:05:00;1,6072;1,60728;1,6071;1,60725
12/08/2026 08:10:00;1,60725;1,60748;1,60717;1,60746
12/08/2026 08:15:00;1,60746;1,60761;1,60732;1,6075
12/08/2026 08:20:00;1,6075;1,60751;1,60731;1,60736
12/08/2026 08:25:00;1,60736;1,60752;1,60728;1,60748
12/08/2026 08:30:00;1,60748;1,60756;1,60739;1,6075
12/08/2026 08:35:00;1,6075;1,6075;1,60727;1,60746
12/08/2026 08:40:00;1,60746;1,60776;1,60746;1,60776
12/08/2026 08:45:00;1,60776;1,60791;1,60769;1,6078
12/08/2026 08:50:00;1,6078;1,6082;1,6078;1,608164
12/08/2026 08:55:00;1,608164;1,608164;1,60745;1,60748
12/08/2026 09:00:00;1,60748;1,6076;1,60734;1,60753
12/08/2026 09:05:00;1,60753;1,60762;1,6074;1,60759
12/08/2026 09:10:00;1,60759;1,60776;1,60754;1,60763
12/08/2026 09:15:00;1,60763;1,60765;1,60734;1,60749
12/08/2026 09:20:00;1,60749;1,60769;1,60705;1,60705
12/08/2026 09:25:00;1,60705;1,60715;1,60616;1,60616
12/08/2026 09:30:00;1,60616;1,60788;1,60613;1,6078
12/08/2026 09:35:00;1,6078;1,6078;1,60699;1,60763
12/08/2026 09:40:00;1,60763;1,60818;1,60752;1,60805
12/08/2026 09:45:00;1,60805;1,60826;1,60773;1,60814
12/08/2026 09:50:00;1,60814;1,60828;1,60766;1,60779
12/08/2026 09:55:00;1,60779;1,60802;1,60745;1,60796
12/08/2026 10:00:00;1,60796;1,60822;1,60786;1,60786
12/08/2026 10:05:00;1,60786;1,60839;1,60783;1,60823
12/08/2026 10:10:00;1,60823;1,60842;1,60762;1,60765
12/08/2026 10:15:00;1,60765;1,60798;1,6076;1,60769
12/08/2026 10:20:00;1,60769;1,60774;1,60742;1,60764
12/08/2026 10:25:00;1,60764;1,60768;1,60742;1,60757
12/08/2026 10:30:00;1,60757;1,60765;1,60714;1,60734
12/08/2026 10:35:00;1,60734;1,60734;1,60689;1,60706
12/08/2026 10:40:00;1,60706;1,60717;1,60656;1,6066
12/08/2026 10:45:00;1,6066;1,60706;1,60653;1,607
12/08/2026 10:50:00;1,607;1,60744;1,60697;1,60719
12/08/2026 10:55:00;1,60719;1,60759;1,60719;1,60732
12/08/2026 11:00:00;1,60732;1,60732;1,60667;1,60686
12/08/2026 11:05:00;1,60686;1,60692;1,60645;1,60686
12/08/2026 11:10:00;1,60686;1,60689;1,60662;1,60666
12/08/2026 11:15:00;1,60665;1,60702;1,60664;1,60675
12/08/2026 11:20:00;1,60676;1,60703;1,60669;1,60693
12/08/2026 11:25:00;1,60693;1,60703;1,60679;1,60694
12/08/2026 11:30:00;1,60694;1,60724;1,60678;1,60694
12/08/2026 11:35:00;1,60694;1,60706;1,60681;1,60694
12/08/2026 11:40:00;1,60694;1,60734;1,60693;1,60705
12/08/2026 11:45:00;1,60705;1,60718;1,60669;1,60687
12/08/2026 11:50:00;1,60687;1,60696;1,60665;1,60678
12/08/2026 11:55:00;1,60678;1,60705;1,60666;1,60698
12/08/2026 12:00:00;1,60698;1,607;1,60648;1,6065
12/08/2026 12:05:00;1,6065;1,60656;1,60627;1,60632
12/08/2026 12:10:00;1,60632;1,60661;1,6063;1,60654
12/08/2026 12:15:00;1,60654;1,60654;1,6063;1,60639
12/08/2026 12:20:00;1,60639;1,60644;1,60619;1,6062
12/08/2026 12:25:00;1,6062;1,60628;1,60607;1,60614
12/08/2026 12:30:00;1,60614;1,60623;1,60608;1,60614
12/08/2026 12:35:00;1,60614;1,60635;1,60614;1,60627
12/08/2026 12:40:00;1,60627;1,60641;1,60621;1,60623
12/08/2026 12:45:00;1,60623;1,60625;1,60612;1,60621
12/08/2026 12:50:00;1,60621;1,60642;1,60613;1,60617
12/08/2026 12:55:00;1,60617;1,60637;1,60597;1,60623
12/08/2026 13:00:00;1,60623;1,60634;1,60612;1,6062
12/08/2026 13:05:00;1,6062;1,60633;1,60617;1,60631
12/08/2026 13:10:00;1,60631;1,60665;1,60623;1,6065
12/08/2026 13:15:00;1,6065;1,60659;1,60634;1,60649
12/08/2026 13:20:00;1,60649;1,60665;1,60638;1,60659
12/08/2026 13:25:00;1,60659;1,60675;1,60647;1,6067
12/08/2026 13:30:00;1,6067;1,60687;1,60647;1,6066
12/08/2026 13:35:00;1,6066;1,60689;1,60656;1,60684
12/08/2026 13:40:00;1,60684;1,60699;1,60676;1,60678
12/08/2026 13:45:00;1,60678;1,60682;1,60645;1,6065
12/08/2026 13:50:00;1,6065;1,60665;1,60646;1,60664
12/08/2026 13:55:00;1,60664;1,60708;1,60662;1,60701
12/08/2026 14:00:00;1,60701;1,60743;1,60701;1,60743
12/08/2026 14:05:00;1,60743;1,60764;1,60736;1,60752
12/08/2026 14:10:00;1,60752;1,60763;1,60745;1,60757
12/08/2026 14:15:00;1,60757;1,60757;1,60723;1,60727
12/08/2026 14:20:00;1,60727;1,60732;1,60706;1,60714
12/08/2026 14:25:00;1,60714;1,60742;1,60714;1,60736
12/08/2026 14:30:00;1,60736;1,60736;1,60722;1,60735
12/08/2026 14:35:00;1,60735;1,60735;1,6071;1,60711
12/08/2026 14:40:00;1,60711;1,60727;1,60685;1,60687
12/08/2026 14:45:00;1,60687;1,60703;1,60685;1,60691
12/08/2026 14:50:00;1,60691;1,60697;1,60681;1,60683
12/08/2026 14:55:00;1,60683;1,60691;1,60649;1,60652
12/08/2026 15:00:00;1,60652;1,60653;1,60629;1,60638
12/08/2026 15:05:00;1,60638;1,60642;1,60618;1,60625
12/08/2026 15:10:00;1,60625;1,60656;1,60622;1,60647
12/08/2026 15:15:00;1,60647;1,60655;1,60641;1,60653
12/08/2026 15:20:00;1,60653;1,60656;1,6064;1,60644
12/08/2026 15:25:00;1,60644;1,60653;1,60631;1,60631
12/08/2026 15:30:00;1,60631;1,60651;1,60631;1,60646
12/08/2026 15:35:00;1,60646;1,60658;1,60646;1,60657
12/08/2026 15:40:00;1,60657;1,60663;1,60652;1,60659
12/08/2026 15:45:00;1,60659;1,60666;1,60654;1,60656
12/08/2026 15:50:00;1,60656;1,60661;1,60651;1,60656
12/08/2026 15:55:00;1,60656;1,60662;1,60627;1,60661
12/08/2026 16:00:00;1,60661;1,60673;1,60643;1,60643
12/08/2026 16:05:00;1,60643;1,60655;1,6063;1,60639
12/08/2026 16:10:00;1,60639;1,60646;1,60637;1,60644
12/08/2026 16:15:00;1,60644;1,60651;1,60642;1,6065
12/08/2026 16:20:00;1,6065;1,60662;1,60648;1,60651
12/08/2026 16:25:00;1,60651;1,60657;1,60646;1,60647
12/08/2026 16:30:00;1,60647;1,60662;1,60633;1,60661
12/08/2026 16:35:00;1,60661;1,60684;1,60656;1,60673
12/08/2026 16:40:00;1,60673;1,60676;1,60651;1,60658
12/08/2026 16:45:00;1,60658;1,60663;1,60648;1,60662
12/08/2026 16:50:00;1,60662;1,60665;1,60636;1,60641
12/08/2026 16:55:00;1,60641;1,60654;1,60602;1,60614
12/08/2026 17:00:00;1,60614;1,60638;1,60604;1,60633
12/08/2026 17:05:00;1,60633;1,60645;1,60626;1,60637
12/08/2026 17:10:00;1,60637;1,6064;1,6063;1,6063
12/08/2026 17:15:00;1,6063;1,60643;1,60625;1,60625
12/08/2026 17:20:00;1,60625;1,60638;1,60614;1,60635
12/08/2026 17:25:00;1,60635;1,6065;1,60627;1,60646
12/08/2026 17:30:00;1,60646;1,60653;1,60632;1,6065
12/08/2026 17:35:00;1,6065;1,6066;1,60641;1,60654
12/08/2026 17:40:00;1,60654;1,60668;1,60654;1,60667
12/08/2026 17:45:00;1,60667;1,6067;1,6064;1,60641
12/08/2026 17:50:00;1,60641;1,60655;1,60635;1,60655
12/08/2026 17:55:00;1,60655;1,60655;1,60539;1,60635
12/08/2026 18:00:00;1,60635;1,60635;1,60635;1,60635
12/08/2026 18:05:00;1,60635;1,60635;1,60635;1,60635
12/08/2026 19:10:00;1,6064;1,60657;1,60639;1,60657
12/08/2026 19:15:00;1,60657;1,606592;1,60657;1,606592
12/08/2026 19:20:00;1,606592;1,6066;1,60657;1,60659
12/08/2026 19:25:00;1,60659;1,60659;1,60655;1,60658
12/08/2026 19:30:00;1,60658;1,60659;1,60658;1,60658
12/08/2026 19:35:00;1,60658;1,60662;1,60653;1,60653
12/08/2026 19:40:00;1,60653;1,60657;1,60653;1,60655
12/08/2026 19:45:00;1,60655;1,60655;1,60649;1,60649
12/08/2026 19:50:00;1,60649;1,60653;1,60648;1,60653
12/08/2026 19:55:00;1,60653;1,60658;1,60653;1,60654
12/08/2026 20:00:00;1,60654;1,60659;1,60654;1,60654
12/08/2026 20:05:00;1,60654;1,60656;1,60652;1,60655
12/08/2026 20:10:00;1,60655;1,60667;1,60655;1,60661
12/08/2026 20:15:00;1,60661;1,60663;1,60658;1,60658
12/08/2026 20:20:00;1,60658;1,60664;1,60651;1,60663
12/08/2026 20:25:00;1,60663;1,60675;1,60663;1,60674
12/08/2026 20:30:00;1,60674;1,60675;1,60661;1,60661
12/08/2026 20:35:00;1,60661;1,60665;1,60661;1,60661
12/08/2026 20:40:00;1,60661;1,60664;1,6066;1,60662
12/08/2026 20:45:00;1,60662;1,60675;1,60662;1,60675
12/08/2026 20:50:00;1,60675;1,60678;1,6067;1,60671
12/08/2026 20:55:00;1,60671;1,60683;1,60671;1,60679
12/08/2026 21:00:00;1,60679;1,60703;1,60679;1,60688
12/08/2026 21:05:00;1,60688;1,6069;1,60674;1,60676
12/08/2026 21:10:00;1,60676;1,60686;1,60674;1,60683
12/08/2026 21:15:00;1,60683;1,60687;1,60676;1,6068
12/08/2026 21:20:00;1,6068;1,60682;1,60673;1,60681
12/08/2026 21:25:00;1,60681;1,60684;1,60675;1,60682
12/08/2026 21:30:00;1,60682;1,60692;1,60677;1,60686
12/08/2026 21:35:00;1,60686;1,6069;1,60681;1,60683
12/08/2026 21:40:00;1,60683;1,60693;1,60683;1,60688
12/08/2026 21:45:00;1,60688;1,60693;1,60679;1,60679
12/08/2026 21:50:00;1,60679;1,60686;1,6067;1,60671
12/08/2026 21:55:00;1,60671;1,60687;1,60668;1,60677
12/08/2026 22:00:00;1,60677;1,60701;1,60669;1,607
12/08/2026 22:05:00;1,607;1,60706;1,60689;1,60699
12/08/2026 22:10:00;1,60699;1,60705;1,60689;1,6069
12/08/2026 22:15:00;1,6069;1,60705;1,60687;1,60704
12/08/2026 22:20:00;1,60704;1,60707;1,60698;1,60704
12/08/2026 22:25:00;1,60704;1,60721;1,60702;1,60718
12/08/2026 22:30:00;1,60718;1,60732;1,60717;1,60725
12/08/2026 22:35:00;1,60725;1,60735;1,60725;1,6073
12/08/2026 22:40:00;1,6073;1,60732;1,60717;1,60718
12/08/2026 22:45:00;1,60718;1,60721;1,60711;1,6072
12/08/2026 22:50:00;1,6072;1,6072;1,60684;1,60685
12/08/2026 22:55:00;1,60685;1,60689;1,60675;1,60688
12/08/2026 23:00:00;1,60688;1,60702;1,60685;1,60699
12/08/2026 23:05:00;1,60699;1,60703;1,60694;1,60698
12/08/2026 23:10:00;1,60698;1,60702;1,60695;1,60701
12/08/2026 23:15:00;1,60701;1,60701;1,60691;1,60692
12/08/2026 23:20:00;1,60692;1,60695;1,60688;1,60693
12/08/2026 23:25:00;1,60693;1,60694;1,6068;1,60682
12/08/2026 23:30:00;1,60682;1,60684;1,60668;1,60669
12/08/2026 23:35:00;1,60669;1,60679;1,60667;1,60675
12/08/2026 23:40:00;1,60675;1,60684;1,60673;1,60684
12/08/2026 23:45:00;1,60684;1,60685;1,60676;1,60677
12/08/2026 23:50:00;1,60677;1,60677;1,60666;1,60668
12/08/2026 23:55:00;1,60668;1,60679;1,60666;1,60674
13/08/2026 00:00:00;1,60674;1,60683;1,60669;1,60681
13/08/2026 00:05:00;1,60681;1,60704;1,60678;1,60694
13/08/2026 00:10:00;1,60694;1,60702;1,60684;1,60697
13/08/2026 00:15:00;1,60697;1,60703;1,60694;1,60694
13/08/2026 00:20:00;1,60694;1,60699;1,60684;1,60697
13/08/2026 00:25:00;1,60697;1,60702;1,60693;1,607
13/08/2026 00:30:00;1,607;1,607;1,60691;1,60697
13/08/2026 00:35:00;1,60697;1,60702;1,60694;1,60697
13/08/2026 00:40:00;1,60697;1,60704;1,60697;1,60704
13/08/2026 00:45:00;1,60704;1,60705;1,60695;1,60703
13/08/2026 00:50:00;1,60703;1,60707;1,60694;1,60696
13/08/2026 00:55:00;1,60696;1,60699;1,60688;1,60693
13/08/2026 01:00:00;1,60693;1,60693;1,60678;1,60679
13/08/2026 01:05:00;1,60679;1,60685;1,60674;1,60681
13/08/2026 01:10:00;1,60681;1,60686;1,60675;1,60678
13/08/2026 01:15:00;1,60678;1,60684;1,60677;1,60681
13/08/2026 01:20:00;1,60681;1,60682;1,6067;1,60673
13/08/2026 01:25:00;1,60673;1,60673;1,60669;1,60671
13/08/2026 01:30:00;1,60671;1,60674;1,60666;1,60667
13/08/2026 01:35:00;1,60667;1,60672;1,60664;1,6067
13/08/2026 01:40:00;1,6067;1,60678;1,60669;1,60671
13/08/2026 01:45:00;1,60671;1,60689;1,60668;1,60685
13/08/2026 01:50:00;1,60685;1,60687;1,60681;1,60683
13/08/2026 01:55:00;1,60683;1,60712;1,60682;1,60705
13/08/2026 02:00:00;1,60705;1,60708;1,60699;1,60702
13/08/2026 02:05:00;1,60702;1,60707;1,60689;1,60689
13/08/2026 02:10:00;1,60689;1,60703;1,60685;1,60702
13/08/2026 02:15:00;1,60702;1,60712;1,60701;1,60712
13/08/2026 02:20:00;1,60712;1,60719;1,60707;1,60715
13/08/2026 02:25:00;1,60715;1,6072;1,60713;1,60719
13/08/2026 02:30:00;1,60719;1,60719;1,60694;1,60704
13/08/2026 02:35:00;1,60704;1,60712;1,60694;1,60696
13/08/2026 02:40:00;1,60696;1,60696;1,60685;1,60692
13/08/2026 02:45:00;1,60692;1,60695;1,60685;1,60693
13/08/2026 02:50:00;1,60693;1,60697;1,60687;1,60694
13/08/2026 02:55:00;1,60694;1,60701;1,60689;1,60696
13/08/2026 03:00:00;1,60696;1,60705;1,60685;1,60691
13/08/2026 03:05:00;1,60691;1,60703;1,60684;1,60691
13/08/2026 03:10:00;1,60691;1,60703;1,60686;1,60687
13/08/2026 03:15:00;1,60687;1,60701;1,60685;1,60691
13/08/2026 03:20:00;1,60691;1,60708;1,60674;1,60674
13/08/2026 03:25:00;1,60674;1,60686;1,6066;1,6066
13/08/2026 03:30:00;1,6066;1,60673;1,60633;1,60658
13/08/2026 03:35:00;1,60658;1,60674;1,6065;1,60651
13/08/2026 03:40:00;1,60651;1,60699;1,60651;1,60698
13/08/2026 03:45:00;1,60698;1,60702;1,60682;1,60693
13/08/2026 03:50:00;1,60693;1,60701;1,60678;1,60701
13/08/2026 03:55:00;1,60701;1,60703;1,60685;1,607
13/08/2026 04:00:00;1,607;1,60702;1,60674;1,60678
13/08/2026 04:05:00;1,60678;1,6071;1,60678;1,60694
13/08/2026 04:10:00;1,60694;1,60696;1,60674;1,6069
13/08/2026 04:15:00;1,6069;1,60716;1,60679;1,60715
13/08/2026 04:20:00;1,60715;1,60735;1,60714;1,60735
13/08/2026 04:25:00;1,60735;1,60754;1,60714;1,60731
13/08/2026 04:30:00;1,60731;1,60749;1,60727;1,60749
13/08/2026 04:35:00;1,60749;1,60781;1,60749;1,60776
13/08/2026 04:40:00;1,60776;1,6079;1,60763;1,60787
13/08/2026 04:45:00;1,60787;1,60811;1,60783;1,60793
13/08/2026 04:50:00;1,60793;1,60797;1,60769;1,6079
13/08/2026 04:55:00;1,6079;1,60805;1,6078;1,60786
13/08/2026 05:00:00;1,60786;1,6079;1,60753;1,60761
13/08/2026 05:05:00;1,60761;1,60788;1,60752;1,60786
13/08/2026 05:10:00;1,60786;1,60794;1,60773;1,60775
13/08/2026 05:15:00;1,60775;1,60777;1,6075;1,60754
13/08/2026 05:20:00;1,60754;1,60785;1,60751;1,6078
13/08/2026 05:25:00;1,6078;1,60806;1,6078;1,60799
13/08/2026 05:30:00;1,60799;1,60813;1,6078;1,6078
13/08/2026 05:35:00;1,6078;1,60816;1,6078;1,60801
13/08/2026 05:40:00;1,60801;1,60811;1,60797;1,60799
13/08/2026 05:45:00;1,60799;1,60821;1,60795;1,60819
13/08/2026 05:50:00;1,60819;1,60828;1,60789;1,60792
13/08/2026 05:55:00;1,60792;1,60792;1,60775;1,60776
13/08/2026 06:00:00;1,60776;1,60794;1,60771;1,60782
13/08/2026 06:05:00;1,60782;1,608;1,60776;1,60792
13/08/2026 06:10:00;1,60792;1,60814;1,60781;1,60813
13/08/2026 06:15:00;1,60813;1,60818;1,60782;1,60786
13/08/2026 06:20:00;1,60786;1,60802;1,60772;1,608
13/08/2026 06:25:00;1,608;1,60815;1,60776;1,60781
13/08/2026 06:30:00;1,60781;1,608;1,60775;1,60789
13/08/2026 06:35:00;1,60789;1,60802;1,60783;1,60785
13/08/2026 06:40:00;1,60785;1,60792;1,60778;1,60784
13/08/2026 06:45:00;1,60784;1,6079;1,60728;1,6074
13/08/2026 06:50:00;1,6074;1,60747;1,60721;1,60738
13/08/2026 06:55:00;1,60738;1,60757;1,60724;1,60753
13/08/2026 07:00:00;1,60753;1,60775;1,60744;1,60773
13/08/2026 07:05:00;1,60773;1,6078;1,60743;1,60744
13/08/2026 07:10:00;1,60744;1,60774;1,6074;1,60765
13/08/2026 07:15:00;1,60765;1,60765;1,60742;1,60758
13/08/2026 07:20:00;1,60758;1,60798;1,60756;1,60784
13/08/2026 07:25:00;1,60783;1,6079;1,60767;1,60787
13/08/2026 07:30:00;1,60787;1,60805;1,60787;1,60792
13/08/2026 07:35:00;1,60792;1,60792;1,60762;1,60773
13/08/2026 07:40:00;1,60773;1,608;1,6077;1,60796
13/08/2026 07:45:00;1,60796;1,60801;1,60778;1,60801
13/08/2026 07:50:00;1,60801;1,60807;1,60792;1,60795
13/08/2026 07:55:00;1,60795;1,60799;1,60776;1,60789
13/08/2026 08:00:00;1,60789;1,60802;1,60769;1,60802
13/08/2026 08:05:00;1,60802;1,60816;1,60799;1,60811
13/08/2026 08:10:00;1,60811;1,60829;1,6081;1,60811
13/08/2026 08:15:00;1,60811;1,60811;1,60791;1,60801
13/08/2026 08:20:00;1,60801;1,60825;1,608;1,6081
13/08/2026 08:25:00;1,6081;1,60818;1,60795;1,60806
13/08/2026 08:30:00;1,60806;1,60808;1,60778;1,60787
13/08/2026 08:35:00;1,60787;1,60797;1,60777;1,60794
13/08/2026 08:40:00;1,60794;1,60802;1,60787;1,60794
13/08/2026 08:45:00;1,60794;1,60802;1,60787;1,60801
13/08/2026 08:50:00;1,60801;1,60812;1,60784;1,60808
13/08/2026 08:55:00;1,60808;1,60821;1,60794;1,6082
13/08/2026 09:00:00;1,6082;1,60832;1,60806;1,60822
13/08/2026 09:05:00;1,60822;1,60863;1,60822;1,60854
13/08/2026 09:10:00;1,60854;1,60863;1,60829;1,60834
13/08/2026 09:15:00;1,60834;1,60834;1,6077;1,6077
13/08/2026 09:20:00;1,6077;1,60802;1,6077;1,60798
13/08/2026 09:25:00;1,60798;1,60816;1,60702;1,60702
13/08/2026 09:30:00;1,60702;1,60827;1,60645;1,60786
13/08/2026 09:35:00;1,60786;1,60793;1,60767;1,6078
13/08/2026 09:40:00;1,6078;1,6078;1,6072;1,60737
13/08/2026 09:45:00;1,60737;1,60811;1,60735;1,60761
13/08/2026 09:50:00;1,60761;1,60792;1,60745;1,60759
13/08/2026 09:55:00;1,60759;1,60803;1,60755;1,60796
13/08/2026 10:00:00;1,60796;1,60826;1,60787;1,60796
13/08/2026 10:05:00;1,60796;1,60798;1,60739;1,6075
13/08/2026 10:10:00;1,6075;1,60755;1,60719;1,60732
13/08/2026 10:15:00;1,60732;1,6076;1,60732;1,6074
13/08/2026 10:20:00;1,6074;1,6077;1,60718;1,60721
13/08/2026 10:25:00;1,60721;1,60739;1,60717;1,60733
13/08/2026 10:30:00;1,60733;1,60765;1,60732;1,60759
13/08/2026 10:35:00;1,60759;1,60759;1,60726;1,6074
13/08/2026 10:40:00;1,6074;1,60776;1,60736;1,60752
13/08/2026 10:45:00;1,60754;1,60812;1,60753;1,60808
13/08/2026 10:50:00;1,60808;1,60869;1,60806;1,60869
13/08/2026 10:55:00;1,60869;1,6091;1,60861;1,60906
13/08/2026 11:00:00;1,60906;1,60941;1,60866;1,60884
13/08/2026 11:05:00;1,60884;1,60895;1,60864;1,60887
13/08/2026 11:10:00;1,60887;1,60948;1,60885;1,60929
13/08/2026 11:15:00;1,60929;1,60931;1,60898;1,60903
13/08/2026 11:20:00;1,60903;1,60911;1,60855;1,60867
13/08/2026 11:25:00;1,60867;1,60877;1,60838;1,60848
13/08/2026 11:30:00;1,60848;1,60899;1,60847;1,60853
13/08/2026 11:35:00;1,60853;1,60931;1,60853;1,60925
13/08/2026 11:40:00;1,60925;1,60925;1,60889;1,6089
13/08/2026 11:45:00;1,6089;1,60918;1,6089;1,6091
13/08/2026 11:50:00;1,6091;1,60917;1,60864;1,60867
13/08/2026 11:55:00;1,60867;1,60942;1,60865;1,6094
13/08/2026 12:00:00;1,6094;1,6094;1,60881;1,60886
13/08/2026 12:05:00;1,60886;1,60895;1,60869;1,60869
13/08/2026 12:10:00;1,60869;1,60878;1,60806;1,60818
13/08/2026 12:15:00;1,60818;1,60826;1,60801;1,60823
13/08/2026 12:20:00;1,60823;1,60832;1,60786;1,60796
13/08/2026 12:25:00;1,60796;1,60801;1,60755;1,60768
13/08/2026 12:30:00;1,60768;1,60788;1,60756;1,60767
13/08/2026 12:35:00;1,60767;1,60781;1,60753;1,60769
13/08/2026 12:40:00;1,60769;1,60773;1,60709;1,60709
13/08/2026 12:45:00;1,60709;1,60737;1,60705;1,60725
13/08/2026 12:50:00;1,60725;1,60728;1,60697;1,607
13/08/2026 12:55:00;1,607;1,6071;1,60673;1,60678
13/08/2026 13:00:00;1,60678;1,607;1,60664;1,60687
13/08/2026 13:05:00;1,60675;1,60693;1,6067;1,60672
13/08/2026 13:10:00;1,60672;1,60681;1,60661;1,60664
13/08/2026 13:15:00;1,60663;1,60666;1,60629;1,60629
13/08/2026 13:20:00;1,60629;1,60637;1,60603;1,60608
13/08/2026 13:25:00;1,60608;1,60617;1,60573;1,60573
13/08/2026 13:30:00;1,60573;1,60587;1,60557;1,60586
13/08/2026 13:35:00;1,60586;1,60586;1,60572;1,60573
13/08/2026 13:40:00;1,60573;1,60591;1,60573;1,60588
13/08/2026 13:45:00;1,60588;1,60608;1,60584;1,6059
13/08/2026 13:50:00;1,6059;1,60602;1,60587;1,60596
13/08/2026 13:55:00;1,60596;1,60606;1,60591;1,60596
13/08/2026 14:00:00;1,60596;1,60621;1,60595;1,60608
13/08/2026 14:05:00;1,60608;1,60609;1,60585;1,60587
13/08/2026 14:10:00;1,60587;1,60588;1,60567;1,60574
13/08/2026 14:15:00;1,60574;1,60588;1,60568;1,6058
13/08/2026 14:20:00;1,6058;1,60599;1,6058;1,6059
13/08/2026 14:25:00;1,6059;1,60619;1,60582;1,60616
13/08/2026 14:30:00;1,60616;1,60623;1,60607;1,60609
13/08/2026 14:35:00;1,60609;1,60627;1,60602;1,60624
13/08/2026 14:40:00;1,60624;1,60624;1,60594;1,60597
13/08/2026 14:45:00;1,60597;1,606;1,60581;1,60588
13/08/2026 14:50:00;1,60588;1,60611;1,60584;1,60608
13/08/2026 14:55:00;1,60608;1,60639;1,60606;1,60628
13/08/2026 15:00:00;1,60628;1,60653;1,60628;1,60644
13/08/2026 15:05:00;1,60644;1,60651;1,60638;1,60649
13/08/2026 15:10:00;1,60649;1,6068;1,60649;1,60671
13/08/2026 15:15:00;1,60671;1,60679;1,60663;1,60677
13/08/2026 15:20:00;1,60677;1,60677;1,60633;1,60634
13/08/2026 15:25:00;1,60634;1,60642;1,60623;1,60636
13/08/2026 15:30:00;1,60636;1,60656;1,60634;1,60638
13/08/2026 15:35:00;1,60638;1,60661;1,60635;1,60658
13/08/2026 15:40:00;1,60658;1,60661;1,60653;1,60661
13/08/2026 15:45:00;1,60661;1,60663;1,6064;1,60652
13/08/2026 15:50:00;1,60652;1,60655;1,60635;1,60643
13/08/2026 15:55:00;1,60643;1,60658;1,60629;1,60635
13/08/2026 16:00:00;1,60635;1,60636;1,6062;1,6063
13/08/2026 16:05:00;1,6063;1,60644;1,60627;1,60639
13/08/2026 16:10:00;1,60639;1,60639;1,6062;1,60628
13/08/2026 16:15:00;1,60628;1,60632;1,60619;1,60625
13/08/2026 16:20:00;1,60625;1,60626;1,60616;1,60621
13/08/2026 16:25:00;1,60621;1,60625;1,6061;1,60625
13/08/2026 16:30:00;1,60625;1,60626;1,60603;1,60611
13/08/2026 16:35:00;1,60611;1,60629;1,60604;1,60604
13/08/2026 16:40:00;1,60604;1,6062;1,60597;1,60612
13/08/2026 16:45:00;1,60612;1,60614;1,60604;1,60613
13/08/2026 16:50:00;1,60613;1,60614;1,60601;1,60604
13/08/2026 16:55:00;1,60604;1,60604;1,60544;1,60551
13/08/2026 17:00:00;1,60551;1,6057;1,60541;1,60568
13/08/2026 17:05:00;1,60568;1,60571;1,60562;1,60562
13/08/2026 17:10:00;1,60562;1,60569;1,60552;1,60558
13/08/2026 17:15:00;1,60555;1,60561;1,60545;1,60545
13/08/2026 17:20:00;1,60546;1,60548;1,60537;1,60542
13/08/2026 17:25:00;1,60542;1,60577;1,60542;1,6057
13/08/2026 17:30:00;1,6057;1,60588;1,60557;1,60585
13/08/2026 17:35:00;1,60585;1,60585;1,6058;1,6058
13/08/2026 17:40:00;1,6058;1,60603;1,6058;1,60597
13/08/2026 17:45:00;1,60597;1,60611;1,60579;1,60598
13/08/2026 17:50:00;1,60598;1,60598;1,60585;1,60585
13/08/2026 17:55:00;1,60585;1,60595;1,60575;1,60575
13/08/2026 18:00:00;1,60575;1,60575;1,60575;1,60575
13/08/2026 18:05:00;1,60575;1,60575;1,60521;1,60521
13/08/2026 19:10:00;1,60608;1,60608;1,60605;1,60606
13/08/2026 19:15:00;1,60606;1,60614;1,60605;1,60614
13/08/2026 19:20:00;1,60614;1,60622;1,60614;1,60617
13/08/2026 19:25:00;1,60617;1,60618;1,60614;1,60616
13/08/2026 19:30:00;1,60616;1,60619;1,60613;1,60613
13/08/2026 19:35:00;1,60613;1,60618;1,60612;1,60618
13/08/2026 19:40:00;1,60618;1,60626;1,60618;1,60624
13/08/2026 19:45:00;1,60625;1,6063;1,60616;1,60619
13/08/2026 19:50:00;1,60619;1,60628;1,60619;1,60627
13/08/2026 19:55:00;1,60627;1,60627;1,60611;1,60616
13/08/2026 20:00:00;1,60616;1,60628;1,60616;1,60622
13/08/2026 20:05:00;1,60622;1,60622;1,60608;1,60615
13/08/2026 20:10:00;1,60614;1,60614;1,60612;1,60613
13/08/2026 20:15:00;1,60613;1,60614;1,60609;1,60612
13/08/2026 20:20:00;1,60611;1,6062;1,60609;1,60619
13/08/2026 20:25:00;1,60619;1,60645;1,60615;1,60629
13/08/2026 20:30:00;1,60629;1,6064;1,60629;1,60636
13/08/2026 20:35:00;1,60636;1,60638;1,60622;1,60623
13/08/2026 20:40:00;1,60623;1,60627;1,60622;1,60625
13/08/2026 20:45:00;1,60625;1,60627;1,60618;1,6062
13/08/2026 20:50:00;1,6062;1,60628;1,60617;1,60621
13/08/2026 20:55:00;1,60621;1,60625;1,60621;1,60624
13/08/2026 21:00:00;1,60624;1,60627;1,60595;1,60607
13/08/2026 21:05:00;1,60607;1,60613;1,606;1,60602
13/08/2026 21:10:00;1,60602;1,60606;1,60595;1,60599
13/08/2026 21:15:00;1,60599;1,60614;1,60597;1,60604
13/08/2026 21:20:00;1,60604;1,6062;1,606;1,60614
13/08/2026 21:25:00;1,60614;1,60615;1,60602;1,60611
13/08/2026 21:30:00;1,60611;1,60618;1,60608;1,60616
13/08/2026 21:35:00;1,60616;1,60622;1,60612;1,60613
13/08/2026 21:40:00;1,60613;1,60615;1,60609;1,60612
13/08/2026 21:45:00;1,60612;1,60619;1,60608;1,60608
13/08/2026 21:50:00;1,60608;1,60627;1,60606;1,60623
13/08/2026 21:55:00;1,60623;1,6063;1,60602;1,60616
13/08/2026 22:00:00;1,60616;1,60635;1,60608;1,60628
13/08/2026 22:05:00;1,60628;1,60637;1,60615;1,60632
13/08/2026 22:10:00;1,60632;1,60636;1,60622;1,60628
13/08/2026 22:15:00;1,60628;1,6066;1,60626;1,60642
13/08/2026 22:20:00;1,60642;1,60646;1,6063;1,60635
13/08/2026 22:25:00;1,60635;1,60644;1,6063;1,60642
13/08/2026 22:30:00;1,60642;1,6066;1,60639;1,60658
13/08/2026 22:35:00;1,60658;1,60668;1,60657;1,60664
13/08/2026 22:40:00;1,60664;1,60667;1,60658;1,60663
13/08/2026 22:45:00;1,60663;1,60665;1,60648;1,60649
13/08/2026 22:50:00;1,60649;1,60662;1,60649;1,60661
13/08/2026 22:55:00;1,60661;1,60661;1,6064;1,60644
13/08/2026 23:00:00;1,60644;1,60666;1,60644;1,60664
13/08/2026 23:05:00;1,60664;1,60666;1,60651;1,60653
13/08/2026 23:10:00;1,60653;1,60654;1,60643;1,60648
13/08/2026 23:15:00;1,60648;1,60649;1,60634;1,60635
13/08/2026 23:20:00;1,60635;1,60639;1,60624;1,60627
13/08/2026 23:25:00;1,60627;1,60639;1,60627;1,60636
13/08/2026 23:30:00;1,60636;1,60641;1,60632;1,60634
13/08/2026 23:35:00;1,60634;1,60634;1,60618;1,60624
13/08/2026 23:40:00;1,60624;1,60625;1,60609;1,60616
13/08/2026 23:45:00;1,60616;1,60616;1,60604;1,60607
13/08/2026 23:50:00;1,60607;1,60615;1,60598;1,606
13/08/2026 23:55:00;1,606;1,60605;1,60592;1,60596
14/08/2026 00:00:00;1,60596;1,60606;1,60587;1,60604
14/08/2026 00:05:00;1,60604;1,60613;1,60599;1,60612
14/08/2026 00:10:00;1,60612;1,60612;1,60603;1,60609
14/08/2026 00:15:00;1,60609;1,60613;1,606;1,60608
14/08/2026 00:20:00;1,60608;1,60632;1,60603;1,60618
14/08/2026 00:25:00;1,60618;1,6062;1,60609;1,60614
14/08/2026 00:30:00;1,60614;1,60614;1,60604;1,60605
14/08/2026 00:35:00;1,60605;1,60624;1,60604;1,60622
14/08/2026 00:40:00;1,60622;1,60624;1,6061;1,60613
14/08/2026 00:45:00;1,60613;1,60613;1,60601;1,60609
14/08/2026 00:50:00;1,60609;1,60609;1,60597;1,60601
14/08/2026 00:55:00;1,60601;1,60605;1,60588;1,60591
14/08/2026 01:00:00;1,60591;1,60608;1,60587;1,60608
14/08/2026 01:05:00;1,60608;1,6061;1,606;1,60608
14/08/2026 01:10:00;1,60608;1,60615;1,60605;1,60609
14/08/2026 01:15:00;1,60609;1,60618;1,60609;1,60612
14/08/2026 01:20:00;1,60612;1,60612;1,60601;1,60611
14/08/2026 01:25:00;1,60611;1,60614;1,60597;1,60599
14/08/2026 01:30:00;1,60599;1,60603;1,60593;1,60596
14/08/2026 01:35:00;1,60596;1,60604;1,60591;1,60602
14/08/2026 01:40:00;1,60602;1,60606;1,60596;1,60599
14/08/2026 01:45:00;1,60599;1,60599;1,6059;1,6059
14/08/2026 01:50:00;1,6059;1,60607;1,60589;1,60604
14/08/2026 01:55:00;1,60604;1,60604;1,60592;1,60594
14/08/2026 02:00:00;1,60594;1,60598;1,6058;1,60581
14/08/2026 02:05:00;1,6058;1,60588;1,60574;1,60587
14/08/2026 02:10:00;1,60587;1,60591;1,60585;1,60588
14/08/2026 02:15:00;1,60588;1,6059;1,60578;1,60582
14/08/2026 02:20:00;1,60582;1,60587;1,60576;1,6058
14/08/2026 02:25:00;1,6058;1,60593;1,60579;1,6059
14/08/2026 02:30:00;1,6059;1,6059;1,60566;1,60572
14/08/2026 02:35:00;1,60572;1,60575;1,60553;1,60561
14/08/2026 02:40:00;1,60561;1,6057;1,60553;1,60562
14/08/2026 02:45:00;1,60562;1,60569;1,60555;1,6056
14/08/2026 02:50:00;1,6056;1,60568;1,6055;1,60563
14/08/2026 02:55:00;1,60563;1,60563;1,60541;1,60553
14/08/2026 03:00:00;1,60553;1,60567;1,60549;1,60557
14/08/2026 03:05:00;1,60557;1,60565;1,60536;1,60537
14/08/2026 03:10:00;1,60537;1,60549;1,60535;1,6054
14/08/2026 03:15:00;1,6054;1,60543;1,6051;1,60527
14/08/2026 03:20:00;1,60527;1,60538;1,60504;1,60505
14/08/2026 03:25:00;1,60505;1,60513;1,60497;1,60506
14/08/2026 03:30:00;1,60506;1,60517;1,60481;1,6049
14/08/2026 03:35:00;1,6049;1,60502;1,60479;1,60486
14/08/2026 03:40:00;1,60486;1,60498;1,60475;1,60494
14/08/2026 03:45:00;1,60494;1,60509;1,60481;1,60492
14/08/2026 03:50:00;1,60492;1,60495;1,60459;1,60471
14/08/2026 03:55:00;1,60471;1,60493;1,60465;1,60487
14/08/2026 04:00:00;1,60487;1,605;1,60428;1,6044
14/08/2026 04:05:00;1,6044;1,60442;1,60401;1,60416
14/08/2026 04:10:00;1,60416;1,6044;1,60403;1,60411
14/08/2026 04:15:00;1,60411;1,60429;1,60406;1,6042
14/08/2026 04:20:00;1,6042;1,6043;1,60413;1,60424
14/08/2026 04:25:00;1,60424;1,60446;1,60415;1,60435
14/08/2026 04:30:00;1,60435;1,60447;1,60397;1,60399
14/08/2026 04:35:00;1,60399;1,6042;1,60386;1,6042
14/08/2026 04:40:00;1,6042;1,60437;1,60411;1,60422
14/08/2026 04:45:00;1,60422;1,60434;1,60417;1,60426
14/08/2026 04:50:00;1,60426;1,60433;1,6041;1,6041
14/08/2026 04:55:00;1,6041;1,60425;1,60407;1,6042
14/08/2026 05:00:00;1,6042;1,60451;1,60418;1,60434
14/08/2026 05:05:00;1,60434;1,6046;1,60434;1,60444
14/08/2026 05:10:00;1,60444;1,60464;1,60439;1,60462
14/08/2026 05:15:00;1,60462;1,60478;1,60446;1,60457
14/08/2026 05:20:00;1,60457;1,60466;1,60448;1,60466
14/08/2026 05:25:00;1,60466;1,60485;1,60466;1,60485
14/08/2026 05:30:00;1,60485;1,60486;1,60455;1,60466
14/08/2026 05:35:00;1,60466;1,60531;1,60464;1,60527
14/08/2026 05:40:00;1,60527;1,60532;1,6049;1,60492
14/08/2026 05:45:00;1,60492;1,60499;1,6048;1,60484
14/08/2026 05:50:00;1,60484;1,605;1,60474;1,60491
14/08/2026 05:55:00;1,60491;1,60522;1,60489;1,60517
14/08/2026 06:00:00;1,60517;1,60519;1,60498;1,60501
14/08/2026 06:05:00;1,60501;1,60508;1,60485;1,60494
14/08/2026 06:10:00;1,60494;1,605;1,60485;1,60496
14/08/2026 06:15:00;1,60496;1,60502;1,60481;1,60485
14/08/2026 06:20:00;1,60485;1,60496;1,6048;1,60488
14/08/2026 06:25:00;1,60488;1,60498;1,60476;1,60476
14/08/2026 06:30:00;1,60476;1,60493;1,6046;1,6046
14/08/2026 06:35:00;1,6046;1,60472;1,60448;1,60458
14/08/2026 06:40:00;1,60458;1,60463;1,60445;1,60451
14/08/2026 06:45:00;1,60451;1,60458;1,60445;1,6045
14/08/2026 06:50:00;1,6045;1,60469;1,60435;1,60467
14/08/2026 06:55:00;1,60467;1,60481;1,6045;1,60471
14/08/2026 07:00:00;1,60471;1,60473;1,60436;1,60438
14/08/2026 07:05:00;1,60438;1,60456;1,60437;1,60451
14/08/2026 07:10:00;1,60451;1,60468;1,6045;1,60466
14/08/2026 07:15:00;1,60466;1,6047;1,6046;1,60461
14/08/2026 07:20:00;1,60461;1,6047;1,60454;1,60462
14/08/2026 07:25:00;1,60462;1,60464;1,60424;1,60429
14/08/2026 07:30:00;1,60429;1,60456;1,60429;1,60456
14/08/2026 07:35:00;1,60456;1,60459;1,6045;1,60456
14/08/2026 07:40:00;1,60456;1,60473;1,60448;1,60473
14/08/2026 07:45:00;1,60473;1,6048;1,60465;1,6047
14/08/2026 07:50:00;1,6047;1,60482;1,6046;1,6046
14/08/2026 07:55:00;1,6046;1,60475;1,60459;1,60475
14/08/2026 08:00:00;1,60475;1,60479;1,60437;1,60453
14/08/2026 08:05:00;1,60453;1,60459;1,60429;1,60458
14/08/2026 08:10:00;1,60458;1,60491;1,60458;1,60473
14/08/2026 08:15:00;1,60473;1,60499;1,60457;1,60496
14/08/2026 08:20:00;1,60496;1,60563;1,60496;1,6053
14/08/2026 08:25:00;1,6053;1,60537;1,60512;1,6052
14/08/2026 08:30:00;1,6052;1,60553;1,60504;1,60548
14/08/2026 08:35:00;1,60548;1,60615;1,60542;1,60613
14/08/2026 08:40:00;1,60613;1,60613;1,60584;1,60594
14/08/2026 08:45:00;1,60594;1,60616;1,60577;1,6061
14/08/2026 08:50:00;1,6061;1,60618;1,60559;1,60559
14/08/2026 08:55:00;1,60559;1,6057;1,60536;1,6054
14/08/2026 09:00:00;1,6054;1,60554;1,60515;1,60516
14/08/2026 09:05:00;1,60516;1,60518;1,60458;1,60465
14/08/2026 09:10:00;1,60465;1,60477;1,60438;1,60466
14/08/2026 09:15:00;1,60466;1,60496;1,60466;1,60487
14/08/2026 09:20:00;1,60487;1,60516;1,60485;1,60491
14/08/2026 09:25:00;1,60491;1,60501;1,604;1,60484
14/08/2026 09:30:00;1,60484;1,60581;1,60484;1,60581
14/08/2026 09:35:00;1,60581;1,60582;1,60534;1,60561
14/08/2026 09:40:00;1,60561;1,60561;1,60527;1,60544
14/08/2026 09:45:00;1,60544;1,60563;1,60529;1,60539
14/08/2026 09:50:00;1,60539;1,60552;1,60537;1,60542
14/08/2026 09:55:00;1,60542;1,60556;1,60518;1,60536
14/08/2026 10:00:00;1,60536;1,60538;1,60497;1,60513
14/08/2026 10:05:00;1,60513;1,60513;1,60488;1,60504
14/08/2026 10:10:00;1,60504;1,60513;1,60474;1,6048
14/08/2026 10:15:00;1,6048;1,60492;1,60463;1,60476
14/08/2026 10:20:00;1,60476;1,60535;1,60473;1,60531
14/08/2026 10:25:00;1,60531;1,60553;1,60524;1,60527
14/08/2026 10:30:00;1,60527;1,60563;1,60522;1,60534
14/08/2026 10:35:00;1,60534;1,60609;1,60525;1,606
14/08/2026 10:40:00;1,606;1,6063;1,60584;1,60617
14/08/2026 10:45:00;1,60617;1,60643;1,60605;1,60617
14/08/2026 10:50:00;1,60617;1,60625;1,60575;1,60578
14/08/2026 10:55:00;1,60578;1,60589;1,60549;1,60588
14/08/2026 11:00:00;1,60588;1,60613;1,60552;1,6059
14/08/2026 11:05:00;1,6059;1,6059;1,6056;1,60564
14/08/2026 11:10:00;1,60564;1,60651;1,60564;1,60649
14/08/2026 11:15:00;1,60649;1,60673;1,60624;1,60635
14/08/2026 11:20:00;1,60635;1,60651;1,60611;1,60627
14/08/2026 11:25:00;1,60627;1,60654;1,60617;1,60638
14/08/2026 11:30:00;1,60638;1,60646;1,6062;1,60624
14/08/2026 11:35:00;1,60624;1,60658;1,60624;1,60655
14/08/2026 11:40:00;1,60655;1,60683;1,60645;1,60678
14/08/2026 11:45:00;1,60678;1,60689;1,60651;1,60686
14/08/2026 11:50:00;1,60686;1,60704;1,60674;1,60683
14/08/2026 11:55:00;1,60683;1,60719;1,60657;1,60715
14/08/2026 12:00:00;1,60715;1,6074;1,60692;1,60698
14/08/2026 12:05:00;1,60698;1,60709;1,60679;1,6069
14/08/2026 12:10:00;1,6069;1,60706;1,60681;1,60692
14/08/2026 12:15:00;1,60692;1,60722;1,60676;1,60688
14/08/2026 12:20:00;1,60688;1,60692;1,60675;1,60679
14/08/2026 12:25:00;1,60679;1,607;1,60654;1,60697
14/08/2026 12:30:00;1,60697;1,60723;1,60667;1,60668
14/08/2026 12:35:00;1,60668;1,60702;1,60668;1,60671
14/08/2026 12:40:00;1,60671;1,60675;1,60648;1,60651
14/08/2026 12:45:00;1,60651;1,60655;1,60624;1,60635
14/08/2026 12:50:00;1,60635;1,60637;1,60603;1,60628
14/08/2026 12:55:00;1,60628;1,60665;1,60627;1,60642
14/08/2026 13:00:00;1,60642;1,6066;1,6062;1,60631
14/08/2026 13:05:00;1,60631;1,60643;1,60611;1,60613
14/08/2026 13:10:00;1,60613;1,60628;1,60608;1,60625
14/08/2026 13:15:00;1,60625;1,60632;1,60607;1,60608
14/08/2026 13:20:00;1,60608;1,6062;1,60597;1,60608
14/08/2026 13:25:00;1,60608;1,60609;1,60572;1,60573
14/08/2026 13:30:00;1,60573;1,6059;1,60566;1,60574
14/08/2026 13:35:00;1,60574;1,60583;1,60547;1,60549
14/08/2026 13:40:00;1,60549;1,60567;1,60537;1,60559
14/08/2026 13:45:00;1,60559;1,60562;1,60531;1,6054
14/08/2026 13:50:00;1,6054;1,6054;1,60521;1,60524
14/08/2026 13:55:00;1,60524;1,60525;1,60497;1,60508
14/08/2026 14:00:00;1,60508;1,60521;1,60492;1,60496
14/08/2026 14:05:00;1,60496;1,60523;1,60492;1,60518
14/08/2026 14:10:00;1,60518;1,60523;1,60505;1,60517
14/08/2026 14:15:00;1,60517;1,60518;1,60483;1,60492
14/08/2026 14:20:00;1,60492;1,605;1,60468;1,60471
14/08/2026 14:25:00;1,60471;1,60476;1,60457;1,60461
14/08/2026 14:30:00;1,60461;1,60461;1,60446;1,60458
14/08/2026 14:35:00;1,60458;1,6048;1,60456;1,60476
14/08/2026 14:40:00;1,60476;1,60493;1,60471;1,60483
14/08/2026 14:45:00;1,60483;1,60492;1,60478;1,60483
14/08/2026 14:50:00;1,60483;1,60489;1,60474;1,60481
14/08/2026 14:55:00;1,60481;1,60487;1,60468;1,60481
14/08/2026 15:00:00;1,60481;1,60487;1,60465;1,60469
14/08/2026 15:05:00;1,60469;1,6048;1,60467;1,60477
14/08/2026 15:10:00;1,60477;1,60482;1,60466;1,60466
14/08/2026 15:15:00;1,60466;1,60468;1,60456;1,60462
14/08/2026 15:20:00;1,60462;1,60468;1,60452;1,60456
14/08/2026 15:25:00;1,60456;1,60472;1,60453;1,60468
14/08/2026 15:30:00;1,60468;1,60472;1,60456;1,60461
14/08/2026 15:35:00;1,60461;1,60464;1,60442;1,60443
14/08/2026 15:40:00;1,60443;1,60458;1,60441;1,60453
14/08/2026 15:45:00;1,60453;1,60462;1,60449;1,60458
14/08/2026 15:50:00;1,60458;1,60465;1,60451;1,60464
14/08/2026 15:55:00;1,60464;1,60476;1,60459;1,60473
14/08/2026 16:00:00;1,60473;1,60504;1,60473;1,60489
14/08/2026 16:05:00;1,60489;1,60489;1,60464;1,60478
14/08/2026 16:10:00;1,60478;1,60494;1,60461;1,6048
14/08/2026 16:15:00;1,6048;1,60485;1,6047;1,60485
14/08/2026 16:20:00;1,60485;1,60487;1,60466;1,6048
14/08/2026 16:25:00;1,6048;1,60492;1,60478;1,6048
14/08/2026 16:30:00;1,6048;1,60488;1,60477;1,60487
14/08/2026 16:35:00;1,60487;1,60508;1,60476;1,60487
14/08/2026 16:40:00;1,60487;1,60495;1,60479;1,60482
14/08/2026 16:45:00;1,60482;1,60482;1,60471;1,60478
14/08/2026 16:50:00;1,60478;1,60493;1,60477;1,60493
14/08/2026 16:55:00;1,60493;1,6052;1,60488;1,60513
14/08/2026 17:00:00;1,60513;1,60524;1,60504;1,60516
14/08/2026 17:05:00;1,60506;1,60506;1,60485;1,60487
14/08/2026 17:10:00;1,60487;1,60506;1,60487;1,60506
14/08/2026 17:15:00;1,60506;1,60526;1,60496;1,60501
14/08/2026 17:20:00;1,60501;1,60503;1,60495;1,60503
14/08/2026 17:25:00;1,60503;1,60503;1,60476;1,60496
14/08/2026 17:30:00;1,60496;1,60506;1,60496;1,60496
14/08/2026 17:35:00;1,60496;1,60506;1,60495;1,60506
14/08/2026 17:40:00;1,60506;1,60506;1,60455;1,60455
14/08/2026 17:45:00;1,60455;1,60475;1,60455;1,60465
14/08/2026 17:50:00;1,60465;1,60485;1,60465;1,60475
14/08/2026 17:55:00;1,60475;1,60525;1,60319;1,60495
14/08/2026 18:00:00;1,60495;1,60495;1,60495;1,60495
14/08/2026 18:05:00;1,60495;1,60495;1,60495;1,60495
17/08/2026 10:50:00;1,60607;1,60623;1,606;1,60616
17/08/2026 10:55:00;1,60616;1,60629;1,6059;1,60596
17/08/2026 11:00:00;1,60596;1,60618;1,60571;1,60609
17/08/2026 11:05:00;1,60609;1,60609;1,60536;1,6056
17/08/2026 11:10:00;1,6056;1,60599;1,6056;1,6057
17/08/2026 11:15:00;1,6057;1,60596;1,60555;1,60567
17/08/2026 11:20:00;1,60567;1,60603;1,60557;1,60602
17/08/2026 11:25:00;1,60602;1,60602;1,60539;1,60566
17/08/2026 11:30:00;1,60566;1,60572;1,60536;1,60537
17/08/2026 11:35:00;1,60537;1,60541;1,60507;1,60517
17/08/2026 11:40:00;1,60517;1,60556;1,60511;1,60528
17/08/2026 11:45:00;1,60528;1,6058;1,60528;1,60569
17/08/2026 11:50:00;1,60569;1,60626;1,60567;1,60614
17/08/2026 11:55:00;1,60614;1,60675;1,60606;1,60669
17/08/2026 12:00:00;1,60669;1,6067;1,60636;1,60658
17/08/2026 12:05:00;1,60658;1,60673;1,60627;1,60657
17/08/2026 12:10:00;1,60657;1,60692;1,60657;1,6067
17/08/2026 12:15:00;1,6067;1,60675;1,60641;1,60674
17/08/2026 12:20:00;1,60674;1,60682;1,6066;1,6068
17/08/2026 12:25:00;1,6068;1,60706;1,60661;1,60672
17/08/2026 12:30:00;1,60672;1,60682;1,60621;1,60623
17/08/2026 12:35:00;1,60623;1,60635;1,60601;1,60617
17/08/2026 12:40:00;1,60617;1,60667;1,60615;1,60662
17/08/2026 12:45:00;1,60662;1,60672;1,60644;1,60671
17/08/2026 12:50:00;1,60671;1,60705;1,6066;1,60704
17/08/2026 12:55:00;1,60704;1,60721;1,60695;1,6072
17/08/2026 13:00:00;1,6072;1,60722;1,60684;1,60693
17/08/2026 13:05:00;1,60693;1,60704;1,60679;1,60699
17/08/2026 13:10:00;1,60699;1,60725;1,60685;1,60724
17/08/2026 13:15:00;1,60724;1,60741;1,60718;1,60721
17/08/2026 13:20:00;1,60721;1,60727;1,60708;1,60714
17/08/2026 13:25:00;1,60714;1,60721;1,60701;1,60701
17/08/2026 13:30:00;1,60701;1,60719;1,60695;1,60711
17/08/2026 13:35:00;1,60711;1,60742;1,60709;1,60739
17/08/2026 13:40:00;1,60739;1,60762;1,60737;1,60753
17/08/2026 13:45:00;1,60753;1,60753;1,60711;1,60721
17/08/2026 13:50:00;1,60721;1,60724;1,60698;1,60704
17/08/2026 13:55:00;1,60704;1,60713;1,60698;1,60707
17/08/2026 14:00:00;1,60707;1,6074;1,60704;1,60736
17/08/2026 14:05:00;1,60736;1,60736;1,60701;1,60716
17/08/2026 14:10:00;1,60716;1,60719;1,60687;1,60688
17/08/2026 14:15:00;1,60688;1,60692;1,60655;1,60655
17/08/2026 14:20:00;1,60655;1,60655;1,60635;1,60636
17/08/2026 14:25:00;1,60636;1,60638;1,60612;1,60624
17/08/2026 14:30:00;1,60624;1,60635;1,60611;1,60621
17/08/2026 14:35:00;1,60621;1,6064;1,60599;1,60599
17/08/2026 14:40:00;1,60599;1,60607;1,60586;1,60603
17/08/2026 14:45:00;1,60603;1,6061;1,60594;1,60602
17/08/2026 14:50:00;1,60601;1,60607;1,60579;1,60579
17/08/2026 14:55:00;1,60579;1,60583;1,60566;1,60567
17/08/2026 15:00:00;1,60567;1,6057;1,6055;1,60556
17/08/2026 15:05:00;1,60556;1,60566;1,60538;1,60541
17/08/2026 15:10:00;1,60541;1,60565;1,60541;1,60564
17/08/2026 15:15:00;1,60564;1,60572;1,60557;1,60559
17/08/2026 15:20:00;1,60559;1,60567;1,60546;1,6056
17/08/2026 15:25:00;1,6056;1,6056;1,60546;1,60555
17/08/2026 15:30:00;1,60555;1,60557;1,60536;1,60546
17/08/2026 15:35:00;1,60546;1,60564;1,60546;1,60562
17/08/2026 15:40:00;1,60562;1,60565;1,60548;1,6055
17/08/2026 15:45:00;1,6055;1,60566;1,60547;1,60553
17/08/2026 15:50:00;1,60553;1,6056;1,60544;1,60551
17/08/2026 15:55:00;1,60551;1,60568;1,60543;1,60567
17/08/2026 16:00:00;1,60567;1,60592;1,60567;1,60589
17/08/2026 16:05:00;1,60589;1,60589;1,60574;1,60577
17/08/2026 16:10:00;1,60577;1,60605;1,60577;1,60603
17/08/2026 16:15:00;1,60603;1,60618;1,60603;1,60617
17/08/2026 16:20:00;1,60617;1,6062;1,60608;1,6061
17/08/2026 16:25:00;1,60612;1,60615;1,60605;1,60613
17/08/2026 16:30:00;1,60613;1,60614;1,60603;1,60612
17/08/2026 16:35:00;1,60612;1,60627;1,60607;1,60625
17/08/2026 16:40:00;1,60625;1,60627;1,60617;1,60623
17/08/2026 16:45:00;1,60623;1,60626;1,60617;1,6062
17/08/2026 16:50:00;1,6062;1,60625;1,6061;1,60612
17/08/2026 16:55:00;1,60612;1,60628;1,60596;1,60625
17/08/2026 17:00:00;1,60625;1,60642;1,60625;1,60637
17/08/2026 17:05:00;1,60638;1,60641;1,60591;1,60598
17/08/2026 17:10:00;1,60598;1,60631;1,60597;1,60626
17/08/2026 17:15:00;1,60626;1,60646;1,60626;1,60639
17/08/2026 17:20:00;1,60639;1,60643;1,60615;1,60632
17/08/2026 17:25:00;1,60632;1,60632;1,60607;1,60613
17/08/2026 17:30:00;1,60613;1,60621;1,60604;1,60621
17/08/2026 17:35:00;1,60621;1,6064;1,60621;1,60639
17/08/2026 17:40:00;1,60639;1,60647;1,6063;1,60647
17/08/2026 17:45:00;1,60647;1,60647;1,60637;1,60645
17/08/2026 17:50:00;1,60645;1,60645;1,60635;1,60645
17/08/2026 17:55:00;1,60645;1,60655;1,60635;1,60635
17/08/2026 18:00:00;1,60635;1,60635;1,60635;1,60635
17/08/2026 18:05:00;1,60635;1,60635;1,60635;1,60635
17/08/2026 19:10:00;1,6063;1,60634;1,60625;1,60628
17/08/2026 19:15:00;1,60628;1,60635;1,60621;1,60624
17/08/2026 19:20:00;1,60624;1,60627;1,60619;1,60624
17/08/2026 19:25:00;1,60624;1,60634;1,60624;1,60629
17/08/2026 19:30:00;1,60629;1,60631;1,60617;1,60619
17/08/2026 19:35:00;1,60619;1,60621;1,60614;1,60615
17/08/2026 19:40:00;1,60615;1,60615;1,60609;1,6061
17/08/2026 19:45:00;1,6061;1,60614;1,6061;1,60614
17/08/2026 19:50:00;1,60614;1,60617;1,60614;1,60617
17/08/2026 19:55:00;1,60617;1,60617;1,60609;1,60609
17/08/2026 20:00:00;1,60609;1,60611;1,60604;1,60611
17/08/2026 20:05:00;1,60611;1,60616;1,60609;1,60615
17/08/2026 20:10:00;1,60615;1,60617;1,60612;1,60615
17/08/2026 20:15:00;1,60615;1,60622;1,60615;1,60619
17/08/2026 20:20:00;1,60618;1,60623;1,60618;1,60622
17/08/2026 20:25:00;1,60622;1,60631;1,60622;1,60631
17/08/2026 20:30:00;1,60631;1,60644;1,60631;1,60639
17/08/2026 20:35:00;1,60638;1,60643;1,60635;1,60643
17/08/2026 20:40:00;1,60643;1,60652;1,60641;1,60649
17/08/2026 20:45:00;1,60652;1,60654;1,60642;1,60649
17/08/2026 20:50:00;1,60649;1,60649;1,6064;1,6064
17/08/2026 20:55:00;1,6064;1,60646;1,60635;1,60643
17/08/2026 21:00:00;1,60643;1,60646;1,60619;1,60622
17/08/2026 21:05:00;1,60622;1,60633;1,60617;1,60622
17/08/2026 21:10:00;1,60622;1,6063;1,60618;1,60625
17/08/2026 21:15:00;1,60625;1,60646;1,60617;1,60644
17/08/2026 21:20:00;1,60644;1,60647;1,60634;1,60642
17/08/2026 21:25:00;1,60642;1,60642;1,60628;1,60631
17/08/2026 21:30:00;1,60631;1,60634;1,60621;1,60633
17/08/2026 21:35:00;1,60633;1,60642;1,60621;1,60626
17/08/2026 21:40:00;1,60626;1,60632;1,60622;1,60629
17/08/2026 21:45:00;1,60629;1,60629;1,60614;1,60619
17/08/2026 21:50:00;1,60619;1,60629;1,60619;1,6062
17/08/2026 21:55:00;1,6062;1,60639;1,60616;1,60634
17/08/2026 22:00:00;1,60634;1,60643;1,60624;1,60639
17/08/2026 22:05:00;1,60639;1,60663;1,60635;1,60652
17/08/2026 22:10:00;1,60652;1,60661;1,60646;1,60653
17/08/2026 22:15:00;1,60653;1,60683;1,60652;1,60652
17/08/2026 22:20:00;1,60652;1,60653;1,6063;1,6064
17/08/2026 22:25:00;1,6064;1,6065;1,60635;1,60645
17/08/2026 22:30:00;1,60645;1,60645;1,60633;1,60637
17/08/2026 22:35:00;1,60637;1,60642;1,60626;1,60626
17/08/2026 22:40:00;1,60626;1,60627;1,60616;1,60624
17/08/2026 22:45:00;1,60624;1,60635;1,60611;1,60619
17/08/2026 22:50:00;1,60619;1,6063;1,60611;1,60623
17/08/2026 22:55:00;1,60623;1,60628;1,60592;1,60606
17/08/2026 23:00:00;1,60606;1,60614;1,60587;1,60591
17/08/2026 23:05:00;1,60591;1,60595;1,60575;1,6058
17/08/2026 23:10:00;1,6058;1,60582;1,60565;1,6057
17/08/2026 23:15:00;1,6057;1,60578;1,60564;1,60569
17/08/2026 23:20:00;1,60569;1,60571;1,60555;1,60562
17/08/2026 23:25:00;1,60562;1,60573;1,60555;1,60563
17/08/2026 23:30:00;1,60563;1,60564;1,60544;1,60551
17/08/2026 23:35:00;1,60551;1,60554;1,60536;1,60538
17/08/2026 23:40:00;1,60538;1,60542;1,60534;1,60536
17/08/2026 23:45:00;1,60536;1,60548;1,60528;1,60547
18/08/2026 07:00:00;1,6055;1,60572;1,60545;1,60558
18/08/2026 07:05:00;1,60558;1,60558;1,60538;1,60547
18/08/2026 07:10:00;1,60547;1,60552;1,60527;1,60529
18/08/2026 07:15:00;1,60529;1,60544;1,6052;1,60539
18/08/2026 07:20:00;1,60539;1,6054;1,60522;1,60527
18/08/2026 07:25:00;1,60527;1,60533;1,60516;1,60528
18/08/2026 07:30:00;1,60528;1,60534;1,60519;1,60527
18/08/2026 07:35:00;1,60527;1,60538;1,60516;1,60534
18/08/2026 07:40:00;1,60534;1,60548;1,6053;1,60543
18/08/2026 07:45:00;1,60543;1,60565;1,60542;1,60564
18/08/2026 07:50:00;1,60564;1,60566;1,60544;1,60563
18/08/2026 07:55:00;1,60563;1,60578;1,60558;1,60574
18/08/2026 08:00:00;1,60574;1,60592;1,60567;1,60588
18/08/2026 08:05:00;1,60588;1,60602;1,60584;1,60587
18/08/2026 08:10:00;1,60587;1,60588;1,60577;1,60577
18/08/2026 08:15:00;1,60577;1,60592;1,60576;1,60587
18/08/2026 08:20:00;1,60587;1,60605;1,60585;1,60596
18/08/2026 08:25:00;1,60596;1,60596;1,60556;1,6056
18/08/2026 08:30:00;1,6056;1,60577;1,60557;1,60559
18/08/2026 08:35:00;1,60559;1,60597;1,60559;1,60582
18/08/2026 08:40:00;1,60582;1,60615;1,60574;1,60599
18/08/2026 08:45:00;1,60599;1,60602;1,60588;1,60595
18/08/2026 08:50:00;1,60595;1,60598;1,60578;1,6059
18/08/2026 08:55:00;1,6059;1,60609;1,60582;1,60606
18/08/2026 09:00:00;1,60606;1,60629;1,60594;1,60614
18/08/2026 09:05:00;1,60614;1,60622;1,6058;1,60587
18/08/2026 09:10:00;1,60587;1,60622;1,60583;1,60617
18/08/2026 09:15:00;1,60617;1,60617;1,60595;1,60616
18/08/2026 09:20:00;1,60616;1,60626;1,6059;1,60595
18/08/2026 09:25:00;1,60595;1,60605;1,60556;1,60559
18/08/2026 09:30:00;1,60559;1,60565;1,60535;1,60553
18/08/2026 09:35:00;1,60553;1,60559;1,60542;1,60551
18/08/2026 09:40:00;1,60551;1,60559;1,60541;1,60554
18/08/2026 09:45:00;1,60554;1,60554;1,60523;1,60534
18/08/2026 09:50:00;1,60534;1,6057;1,60527;1,60566
18/08/2026 09:55:00;1,60566;1,60592;1,60554;1,6057
18/08/2026 10:00:00;1,6057;1,60588;1,60561;1,60579
18/08/2026 10:05:00;1,60579;1,60579;1,60543;1,60547
18/08/2026 10:10:00;1,60547;1,60569;1,60536;1,60562
18/08/2026 10:15:00;1,60562;1,60576;1,6055;1,60552
18/08/2026 10:20:00;1,60552;1,60555;1,60528;1,60537
18/08/2026 10:25:00;1,60537;1,60546;1,60523;1,60531
18/08/2026 10:30:00;1,60531;1,60583;1,60493;1,60577
18/08/2026 10:35:00;1,60577;1,60648;1,60572;1,60647
18/08/2026 10:40:00;1,60647;1,60671;1,60639;1,60646
18/08/2026 10:45:00;1,60646;1,60724;1,60627;1,6072
18/08/2026 10:50:00;1,6072;1,60735;1,60677;1,6068
18/08/2026 10:55:00;1,6068;1,60694;1,60658;1,6066
18/08/2026 11:00:00;1,6066;1,60697;1,60653;1,60673
18/08/2026 11:05:00;1,60673;1,60687;1,60657;1,60687
18/08/2026 11:10:00;1,60687;1,60707;1,60656;1,60656
18/08/2026 11:15:00;1,60656;1,60715;1,60646;1,60705
18/08/2026 11:20:00;1,60705;1,60721;1,60685;1,60706
18/08/2026 11:25:00;1,60706;1,60718;1,60684;1,607
18/08/2026 11:30:00;1,607;1,6073;1,60682;1,60718
18/08/2026 11:35:00;1,60718;1,60736;1,60694;1,6073
18/08/2026 11:40:00;1,60717;1,60746;1,60702;1,6074
18/08/2026 11:45:00;1,6074;1,60772;1,60729;1,60762
18/08/2026 11:50:00;1,60762;1,60772;1,60708;1,60736
18/08/2026 11:55:00;1,60736;1,60851;1,60734;1,60801
18/08/2026 12:00:00;1,60801;1,60825;1,60784;1,60817
18/08/2026 12:05:00;1,60817;1,60827;1,60773;1,60776
18/08/2026 12:10:00;1,60776;1,60813;1,60769;1,60803
18/08/2026 12:15:00;1,60803;1,60824;1,60801;1,60821
18/08/2026 12:20:00;1,60821;1,60863;1,60807;1,60835
18/08/2026 12:25:00;1,60835;1,60848;1,60815;1,6082
18/08/2026 12:30:00;1,6082;1,6082;1,60784;1,60786
18/08/2026 12:35:00;1,60786;1,60809;1,60778;1,60801
18/08/2026 12:40:00;1,60801;1,60831;1,60801;1,60818
18/08/2026 12:45:00;1,60818;1,60836;1,60814;1,60835
18/08/2026 12:50:00;1,60835;1,60836;1,60822;1,6083
18/08/2026 12:55:00;1,6083;1,60843;1,60816;1,60826
18/08/2026 13:00:00;1,60826;1,60854;1,60826;1,60853
18/08/2026 13:05:00;1,60853;1,60889;1,60847;1,60889
18/08/2026 13:10:00;1,60889;1,60901;1,60884;1,60892
18/08/2026 13:15:00;1,60892;1,60919;1,6089;1,60911
18/08/2026 13:20:00;1,60911;1,60932;1,60909;1,60925
18/08/2026 13:25:00;1,60925;1,60929;1,60913;1,6092
18/08/2026 13:30:00;1,6092;1,60936;1,60898;1,609
18/08/2026 13:35:00;1,609;1,60908;1,60896;1,60904
18/08/2026 13:40:00;1,60904;1,60926;1,60904;1,60922
18/08/2026 13:45:00;1,60922;1,60929;1,60905;1,6091
18/08/2026 13:50:00;1,6091;1,60917;1,60897;1,60914
18/08/2026 13:55:00;1,60914;1,60916;1,60904;1,60908
18/08/2026 14:00:00;1,60908;1,60913;1,60873;1,60875
18/08/2026 14:05:00;1,60875;1,60886;1,60866;1,60881
18/08/2026 14:10:00;1,60881;1,60905;1,60881;1,60892
18/08/2026 14:15:00;1,60892;1,60913;1,60888;1,60907
18/08/2026 14:20:00;1,60907;1,60908;1,60896;1,60906
18/08/2026 14:25:00;1,60906;1,60924;1,60897;1,60922
18/08/2026 14:30:00;1,60922;1,60932;1,60915;1,60925
18/08/2026 14:35:00;1,60925;1,60928;1,60916;1,60928
18/08/2026 14:40:00;1,60928;1,60938;1,60917;1,6092
18/08/2026 14:45:00;1,60919;1,60928;1,60916;1,60918
18/08/2026 14:50:00;1,60918;1,60931;1,60918;1,60927
18/08/2026 14:55:00;1,60927;1,60942;1,60926;1,6094
18/08/2026 15:00:00;1,6094;1,60943;1,6093;1,60938
18/08/2026 15:05:00;1,60938;1,6095;1,60935;1,60949
18/08/2026 15:10:00;1,60949;1,60964;1,60948;1,60962
18/08/2026 15:15:00;1,60962;1,60985;1,6096;1,60985
18/08/2026 15:20:00;1,60985;1,60988;1,60969;1,60975
18/08/2026 15:25:00;1,60975;1,60982;1,60973;1,60975
18/08/2026 15:30:00;1,60975;1,60981;1,60973;1,60978
18/08/2026 15:35:00;1,60978;1,60993;1,60967;1,60993
18/08/2026 15:40:00;1,60993;1,60997;1,60977;1,60984
18/08/2026 15:45:00;1,60984;1,60984;1,60965;1,60966
18/08/2026 15:50:00;1,60966;1,60976;1,60961;1,60968
18/08/2026 15:55:00;1,60968;1,60972;1,60947;1,60954
18/08/2026 16:00:00;1,60954;1,60967;1,60947;1,60948
18/08/2026 16:05:00;1,60948;1,60957;1,6094;1,60944
18/08/2026 16:10:00;1,60944;1,60945;1,60839;1,60874
18/08/2026 16:15:00;1,60874;1,60883;1,60851;1,60857
18/08/2026 16:20:00;1,60857;1,60866;1,60839;1,60854
18/08/2026 16:25:00;1,60854;1,60875;1,60853;1,60868
18/08/2026 16:30:00;1,60868;1,60887;1,6086;1,60879
18/08/2026 16:35:00;1,60879;1,60893;1,60866;1,60887
18/08/2026 16:40:00;1,60887;1,6089;1,60874;1,60882
18/08/2026 16:45:00;1,60882;1,60892;1,6088;1,60889
18/08/2026 16:50:00;1,60889;1,60891;1,6087;1,60874
18/08/2026 16:55:00;1,60874;1,60884;1,60837;1,60862
18/08/2026 17:00:00;1,60862;1,60865;1,60832;1,60839
18/08/2026 17:05:00;1,60839;1,60849;1,60831;1,60838
18/08/2026 17:10:00;1,60838;1,60846;1,6083;1,60844
18/08/2026 17:15:00;1,60844;1,60871;1,60844;1,60859
18/08/2026 17:20:00;1,60859;1,60867;1,60848;1,60858
18/08/2026 17:25:00;1,60858;1,60858;1,60837;1,60841
18/08/2026 17:30:00;1,60841;1,60845;1,60829;1,60836
18/08/2026 17:35:00;1,60836;1,60843;1,60834;1,60843
18/08/2026 17:40:00;1,60843;1,60849;1,60838;1,60838
18/08/2026 17:45:00;1,60838;1,6084;1,60826;1,60829
18/08/2026 17:50:00;1,60829;1,60845;1,60825;1,60836
18/08/2026 17:55:00;1,60836;1,60855;1,60825;1,60835
18/08/2026 18:00:00;1,60835;1,60835;1,60835;1,60835
18/08/2026 18:05:00;1,60835;1,60835;1,60714;1,60714
18/08/2026 19:10:00;1,60842;1,60845;1,60821;1,60824
18/08/2026 19:15:00;1,60824;1,60849;1,60818;1,60849
18/08/2026 19:20:00;1,60849;1,60864;1,60843;1,60861
18/08/2026 19:25:00;1,60861;1,60864;1,6086;1,60863
18/08/2026 19:30:00;1,60863;1,60869;1,60854;1,60855
18/08/2026 19:35:00;1,60855;1,60855;1,6085;1,60851
18/08/2026 19:40:00;1,60851;1,60859;1,60851;1,60853
18/08/2026 19:45:00;1,60853;1,60869;1,60853;1,60869
18/08/2026 19:50:00;1,60869;1,60878;1,60867;1,60877
18/08/2026 19:55:00;1,60877;1,60878;1,60875;1,60876
18/08/2026 20:00:00;1,60876;1,60888;1,60873;1,60887
18/08/2026 20:05:00;1,60887;1,60889;1,6088;1,60884
18/08/2026 20:10:00;1,60884;1,60886;1,60879;1,60879
18/08/2026 20:15:00;1,60879;1,60883;1,60877;1,60879
18/08/2026 20:20:00;1,60879;1,60883;1,60878;1,60881
18/08/2026 20:25:00;1,60881;1,6089;1,60877;1,6089
18/08/2026 20:30:00;1,60887;1,608935;1,60867;1,60867
18/08/2026 20:35:00;1,60867;1,60872;1,60864;1,60867
18/08/2026 20:40:00;1,60867;1,60885;1,60867;1,60881
18/08/2026 20:45:00;1,60881;1,60889;1,60872;1,60876
18/08/2026 20:50:00;1,60876;1,60878;1,60864;1,60869
18/08/2026 20:55:00;1,60869;1,60886;1,60863;1,60883
18/08/2026 21:00:00;1,60883;1,60929;1,6088;1,60912
18/08/2026 21:05:00;1,60912;1,60916;1,60892;1,60893
18/08/2026 21:10:00;1,60893;1,60909;1,60892;1,60897
18/08/2026 21:15:00;1,60897;1,60899;1,60884;1,60886
18/08/2026 21:20:00;1,60886;1,609;1,60886;1,60892
18/08/2026 21:25:00;1,60892;1,60894;1,60883;1,60887
18/08/2026 21:30:00;1,60887;1,60901;1,60878;1,60879
18/08/2026 21:35:00;1,60879;1,6089;1,60875;1,60887
18/08/2026 21:40:00;1,60887;1,60888;1,60873;1,60877
18/08/2026 21:45:00;1,60877;1,60877;1,60869;1,60874
18/08/2026 21:50:00;1,60874;1,60899;1,60874;1,60894
18/08/2026 21:55:00;1,60894;1,60906;1,60875;1,60893
18/08/2026 22:00:00;1,60893;1,60906;1,60877;1,60905
18/08/2026 22:05:00;1,60905;1,60919;1,609;1,60917
18/08/2026 22:10:00;1,60917;1,60919;1,60904;1,60911
18/08/2026 22:15:00;1,60917;1,60919;1,608968;1,60917
18/08/2026 22:20:00;1,60916;1,6092;1,60906;1,6091
18/08/2026 22:25:00;1,6091;1,60929;1,60909;1,60929
18/08/2026 22:30:00;1,60929;1,60937;1,60912;1,60912
18/08/2026 22:35:00;1,60912;1,60923;1,60906;1,60909
18/08/2026 22:40:00;1,60909;1,6091;1,60897;1,60898
18/08/2026 22:45:00;1,60895;1,609;1,60891;1,60898
18/08/2026 22:50:00;1,60898;1,60898;1,60884;1,6089
18/08/2026 22:55:00;1,6089;1,60901;1,60889;1,60893
18/08/2026 23:00:00;1,60886;1,60904;1,60877;1,60893
18/08/2026 23:05:00;1,60893;1,60898;1,60887;1,60897
18/08/2026 23:10:00;1,60897;1,60897;1,60878;1,60881
18/08/2026 23:15:00;1,60881;1,60881;1,60685;1,60797
18/08/2026 23:20:00;1,60797;1,60822;1,6077;1,60771
18/08/2026 23:25:00;1,60771;1,60785;1,60752;1,60766
18/08/2026 23:30:00;1,60766;1,60781;1,60757;1,60762
18/08/2026 23:35:00;1,60762;1,60766;1,60741;1,60741
18/08/2026 23:40:00;1,60741;1,60758;1,60734;1,60748
18/08/2026 23:45:00;1,60748;1,60758;1,60738;1,60753
18/08/2026 23:50:00;1,60753;1,60757;1,60721;1,60724
18/08/2026 23:55:00;1,60724;1,60732;1,60708;1,60726
19/08/2026 00:00:00;1,60726;1,60734;1,60717;1,6072
19/08/2026 00:05:00;1,6072;1,60728;1,60712;1,60723
19/08/2026 00:10:00;1,60723;1,6073;1,60718;1,60728
19/08/2026 00:15:00;1,60728;1,60734;1,60724;1,60724
19/08/2026 00:20:00;1,60724;1,60731;1,60719;1,60729
19/08/2026 00:25:00;1,60729;1,60745;1,60729;1,60744
19/08/2026 00:30:00;1,60744;1,6075;1,60737;1,60739
19/08/2026 00:35:00;1,60739;1,60761;1,60739;1,60758
19/08/2026 00:40:00;1,60758;1,6076;1,60751;1,60759
19/08/2026 00:45:00;1,60759;1,60762;1,60749;1,6076
19/08/2026 00:50:00;1,6076;1,60762;1,60755;1,60758
19/08/2026 00:55:00;1,60758;1,60772;1,60751;1,60769
19/08/2026 01:00:00;1,60769;1,60769;1,60755;1,60766
19/08/2026 01:05:00;1,60766;1,60768;1,60753;1,60755
19/08/2026 01:10:00;1,60755;1,60757;1,60733;1,60757
19/08/2026 01:15:00;1,60757;1,60768;1,60746;1,60751
19/08/2026 01:20:00;1,60751;1,60765;1,60751;1,60761
19/08/2026 01:25:00;1,60761;1,60777;1,60757;1,60777
19/08/2026 01:30:00;1,60777;1,60791;1,60766;1,60787
19/08/2026 01:35:00;1,60787;1,60801;1,60786;1,60786
19/08/2026 01:40:00;1,60786;1,6079;1,60768;1,60775
19/08/2026 01:45:00;1,60775;1,6078;1,6077;1,60778
19/08/2026 01:50:00;1,60778;1,60797;1,60778;1,60792
19/08/2026 01:55:00;1,60792;1,60818;1,6079;1,60805
19/08/2026 02:00:00;1,60805;1,60807;1,60786;1,60802
19/08/2026 02:05:00;1,60802;1,6081;1,60795;1,6081
19/08/2026 02:10:00;1,6081;1,60819;1,60801;1,60818
19/08/2026 02:15:00;1,60818;1,60826;1,6081;1,60819
19/08/2026 02:20:00;1,60819;1,6083;1,60816;1,60825
19/08/2026 02:25:00;1,60825;1,60828;1,60805;1,60808
19/08/2026 02:30:00;1,60808;1,60812;1,60792;1,60804
19/08/2026 02:35:00;1,60804;1,6082;1,60795;1,60818
19/08/2026 02:40:00;1,60818;1,6082;1,60809;1,60818
19/08/2026 02:45:00;1,60818;1,6083;1,6081;1,60824
19/08/2026 02:50:00;1,60824;1,60841;1,60823;1,60838
19/08/2026 02:55:00;1,60838;1,60863;1,60835;1,60839
19/08/2026 03:00:00;1,60839;1,60854;1,60829;1,60845
19/08/2026 03:05:00;1,60845;1,60857;1,60833;1,60852
19/08/2026 03:10:00;1,60852;1,60855;1,60835;1,60845
19/08/2026 03:15:00;1,60845;1,6089;1,60843;1,60887
19/08/2026 03:20:00;1,60887;1,60923;1,60881;1,60923
19/08/2026 03:25:00;1,60923;1,60928;1,60903;1,60918
19/08/2026 03:30:00;1,60918;1,60923;1,60897;1,60908
19/08/2026 03:35:00;1,60908;1,60909;1,60884;1,60887
19/08/2026 03:40:00;1,60887;1,60922;1,60886;1,60912
19/08/2026 03:45:00;1,60912;1,60946;1,60911;1,60945
19/08/2026 03:50:00;1,60945;1,60945;1,60914;1,60914
19/08/2026 03:55:00;1,60914;1,60922;1,60902;1,60906
19/08/2026 04:00:00;1,60906;1,60908;1,60842;1,60854
19/08/2026 04:05:00;1,60854;1,60867;1,60833;1,60841
19/08/2026 04:10:00;1,60841;1,60874;1,60835;1,60869
19/08/2026 04:15:00;1,60869;1,60879;1,60849;1,60865
19/08/2026 04:20:00;1,60865;1,60904;1,60863;1,60889
19/08/2026 04:25:00;1,60889;1,60893;1,60874;1,60891
19/08/2026 04:30:00;1,60891;1,60915;1,60891;1,60895
19/08/2026 04:35:00;1,60895;1,60904;1,60881;1,60888
19/08/2026 04:40:00;1,60888;1,60891;1,60856;1,6087
19/08/2026 04:45:00;1,6087;1,60882;1,60864;1,60869
19/08/2026 04:50:00;1,60869;1,60882;1,60857;1,60878
19/08/2026 04:55:00;1,60878;1,60896;1,60875;1,60888
19/08/2026 05:00:00;1,60888;1,60913;1,60882;1,60895
19/08/2026 05:05:00;1,60895;1,60922;1,60886;1,60905
19/08/2026 05:10:00;1,60905;1,60964;1,60905;1,60962
19/08/2026 05:15:00;1,60962;1,60972;1,60954;1,60962
19/08/2026 05:20:00;1,60962;1,60975;1,60945;1,6097
19/08/2026 05:25:00;1,6097;1,60973;1,60955;1,6097
19/08/2026 05:30:00;1,6097;1,61005;1,60969;1,60991
19/08/2026 05:35:00;1,60991;1,61002;1,60987;1,60995
19/08/2026 05:40:00;1,60995;1,61033;1,60995;1,6102
19/08/2026 05:45:00;1,6102;1,6103;1,61013;1,61017
19/08/2026 05:50:00;1,61017;1,61022;1,60989;1,6099
19/08/2026 05:55:00;1,6099;1,60994;1,60935;1,60935
19/08/2026 06:00:00;1,60935;1,60962;1,60921;1,60952
19/08/2026 06:05:00;1,60952;1,60952;1,60894;1,60901
19/08/2026 06:10:00;1,60901;1,6091;1,60889;1,60903
19/08/2026 06:15:00;1,60903;1,60927;1,60895;1,60922
19/08/2026 06:20:00;1,60922;1,60964;1,60916;1,60959
19/08/2026 06:25:00;1,60959;1,60972;1,60953;1,60971
19/08/2026 06:30:00;1,60971;1,60989;1,60967;1,60982
19/08/2026 06:35:00;1,60982;1,60985;1,60962;1,60972
19/08/2026 06:40:00;1,60972;1,60974;1,60957;1,60961
19/08/2026 06:45:00;1,60961;1,60972;1,60951;1,60968
19/08/2026 06:50:00;1,60968;1,60991;1,60968;1,60986
19/08/2026 06:55:00;1,60986;1,60991;1,60975;1,60985
19/08/2026 07:00:00;1,60985;1,60985;1,60968;1,6097
19/08/2026 07:05:00;1,6097;1,60993;1,60956;1,60991
19/08/2026 07:10:00;1,60991;1,60997;1,60969;1,60977
19/08/2026 07:15:00;1,60977;1,60992;1,60961;1,60987
19/08/2026 07:20:00;1,60987;1,60999;1,60976;1,60984
19/08/2026 07:25:00;1,60984;1,6099;1,60965;1,60989
19/08/2026 07:30:00;1,60989;1,60998;1,60966;1,60971
19/08/2026 07:35:00;1,60971;1,60972;1,60947;1,60957
19/08/2026 07:40:00;1,60957;1,60978;1,60957;1,60977
19/08/2026 07:45:00;1,60977;1,60998;1,60975;1,60985
19/08/2026 07:50:00;1,60985;1,60993;1,60954;1,60962
19/08/2026 07:55:00;1,60962;1,60977;1,60949;1,60969
19/08/2026 08:00:00;1,60969;1,60981;1,60957;1,60969
19/08/2026 08:05:00;1,60969;1,60971;1,60942;1,60961
19/08/2026 08:10:00;1,60961;1,60973;1,60944;1,60968
19/08/2026 08:15:00;1,60968;1,61013;1,60968;1,61009
19/08/2026 08:20:00;1,61009;1,61029;1,60993;1,61018
19/08/2026 08:25:00;1,61018;1,61028;1,61003;1,61005
19/08/2026 08:30:00;1,61005;1,61014;1,60981;1,61011
19/08/2026 08:35:00;1,61011;1,61017;1,60959;1,60971
19/08/2026 08:40:00;1,60971;1,60974;1,60944;1,60959
19/08/2026 08:45:00;1,60959;1,60998;1,60957;1,60995
19/08/2026 08:50:00;1,60995;1,61;1,60975;1,60989
19/08/2026 08:55:00;1,60989;1,60992;1,60959;1,6096
19/08/2026 09:00:00;1,6096;1,60985;1,60955;1,60971
19/08/2026 09:05:00;1,60971;1,60986;1,60968;1,60977
19/08/2026 09:10:00;1,60977;1,60984;1,60942;1,60955
19/08/2026 09:15:00;1,60959;1,60989;1,60959;1,60985
19/08/2026 09:20:00;1,60985;1,60999;1,60964;1,60991
19/08/2026 09:25:00;1,60991;1,61002;1,60969;1,60978
19/08/2026 09:30:00;1,6098;1,61096;1,60965;1,61085
19/08/2026 09:35:00;1,61085;1,61222;1,61059;1,61194
19/08/2026 09:40:00;1,61194;1,61208;1,61135;1,61198
19/08/2026 09:45:00;1,61198;1,61272;1,61156;1,61269
19/08/2026 09:50:00;1,61269;1,61305;1,61221;1,61305
19/08/2026 09:55:00;1,61305;1,61352;1,6126;1,61261
19/08/2026 10:00:00;1,61261;1,61293;1,61194;1,61201
19/08/2026 10:05:00;1,61201;1,61223;1,61164;1,61186
19/08/2026 10:10:00;1,61186;1,61223;1,6117;1,61195
19/08/2026 10:15:00;1,61195;1,61211;1,61152;1,61182
19/08/2026 10:20:00;1,61182;1,61191;1,61159;1,61171
19/08/2026 10:25:00;1,61171;1,61201;1,61145;1,612
19/08/2026 10:30:00;1,612;1,61265;1,612;1,61231
19/08/2026 10:35:00;1,61231;1,6124;1,61176;1,61205
19/08/2026 10:40:00;1,61205;1,61213;1,61117;1,61118
19/08/2026 10:45:00;1,61118;1,61142;1,61095;1,61123
19/08/2026 10:50:00;1,61123;1,61167;1,61098;1,61165
19/08/2026 10:55:00;1,61165;1,61177;1,61102;1,61105
19/08/2026 11:00:00;1,61105;1,61155;1,61073;1,61078
19/08/2026 11:05:00;1,61078;1,61092;1,61022;1,61038
19/08/2026 11:10:00;1,61038;1,61093;1,61033;1,61053
19/08/2026 11:15:00;1,61053;1,61108;1,61041;1,61105
19/08/2026 11:20:00;1,61105;1,61171;1,61096;1,61134
19/08/2026 11:25:00;1,61134;1,61162;1,61092;1,61149
19/08/2026 11:30:00;1,61149;1,61206;1,6114;1,61169
19/08/2026 11:35:00;1,61169;1,61199;1,61154;1,61188
19/08/2026 11:40:00;1,61188;1,61212;1,61152;1,6121
19/08/2026 11:45:00;1,6121;1,61244;1,61196;1,61211
19/08/2026 11:50:00;1,61211;1,61225;1,61077;1,6108
19/08/2026 11:55:00;1,6108;1,61144;1,61071;1,611
19/08/2026 12:00:00;1,611;1,61149;1,61098;1,61146
20/08/2026 13:15:00;1,60915;1,60927;1,60904;1,60926
20/08/2026 13:20:00;1,60926;1,60938;1,60909;1,60921
20/08/2026 13:25:00;1,60921;1,6094;1,60921;1,60926
20/08/2026 13:30:00;1,60926;1,60941;1,60911;1,60938
20/08/2026 13:35:00;1,60938;1,60946;1,60914;1,60931
20/08/2026 13:40:00;1,60931;1,60953;1,60931;1,60947
20/08/2026 13:45:00;1,60947;1,6097;1,60935;1,60966
20/08/2026 13:50:00;1,60966;1,6097;1,60952;1,60954
20/08/2026 13:55:00;1,60954;1,60968;1,60954;1,60961
20/08/2026 14:00:00;1,60961;1,60985;1,60957;1,6098
20/08/2026 14:05:00;1,6098;1,60984;1,60962;1,60977
20/08/2026 14:10:00;1,60977;1,60977;1,60943;1,60945
20/08/2026 14:15:00;1,60945;1,60947;1,60919;1,60923
20/08/2026 14:20:00;1,60923;1,60925;1,60907;1,60921
20/08/2026 14:25:00;1,60921;1,60934;1,60911;1,60931
20/08/2026 14:30:00;1,60931;1,60932;1,60909;1,6091
20/08/2026 14:35:00;1,6091;1,60928;1,60906;1,60918
20/08/2026 14:40:00;1,60918;1,60924;1,60904;1,60922
20/08/2026 14:45:00;1,60922;1,60932;1,60912;1,60916
20/08/2026 14:50:00;1,60916;1,60935;1,6091;1,60935
20/08/2026 14:55:00;1,60935;1,6094;1,60924;1,60936
20/08/2026 15:00:00;1,60936;1,60946;1,60927;1,60943
20/08/2026 15:05:00;1,60943;1,60947;1,60933;1,60943
20/08/2026 15:10:00;1,60943;1,60963;1,60943;1,6095
20/08/2026 15:15:00;1,6095;1,60966;1,60945;1,60955
20/08/2026 15:20:00;1,60955;1,60957;1,60942;1,60948
20/08/2026 15:25:00;1,60948;1,6095;1,60923;1,60929
20/08/2026 15:30:00;1,60929;1,60956;1,60924;1,60956
20/08/2026 15:35:00;1,60956;1,60962;1,60947;1,60953
20/08/2026 15:40:00;1,60953;1,60964;1,60952;1,60957
20/08/2026 15:45:00;1,60957;1,60973;1,60955;1,60973
20/08/2026 15:50:00;1,60973;1,60981;1,60958;1,60979
20/08/2026 15:55:00;1,60979;1,60983;1,60969;1,60983
20/08/2026 16:00:00;1,60983;1,60992;1,60954;1,60982
20/08/2026 16:05:00;1,60982;1,61008;1,60982;1,61001
20/08/2026 16:10:00;1,61001;1,61016;1,60996;1,61007
20/08/2026 16:15:00;1,61007;1,6101;1,60983;1,61003
20/08/2026 16:20:00;1,61003;1,6102;1,61002;1,61017
20/08/2026 16:25:00;1,61017;1,61017;1,60986;1,60993
20/08/2026 16:30:00;1,60993;1,61027;1,60993;1,61012
20/08/2026 16:35:00;1,61012;1,61021;1,61009;1,61017
20/08/2026 16:40:00;1,61017;1,61022;1,61006;1,61019
20/08/2026 16:45:00;1,61019;1,61021;1,60981;1,610148
20/08/2026 16:50:00;1,610148;1,61025;1,60995;1,61023
20/08/2026 16:55:00;1,61023;1,61063;1,61005;1,61062
20/08/2026 17:00:00;1,61062;1,61062;1,61038;1,61052
20/08/2026 17:05:00;1,61053;1,61069;1,61;1,61
20/08/2026 17:10:00;1,61;1,61015;1,61;1,61013
20/08/2026 17:15:00;1,61013;1,61022;1,6101;1,61015
20/08/2026 17:20:00;1,61015;1,6102;1,61011;1,6102
20/08/2026 17:25:00;1,6102;1,61024;1,61004;1,61004
20/08/2026 17:30:00;1,61004;1,61018;1,61004;1,61011
20/08/2026 17:35:00;1,61011;1,6102;1,61011;1,61017
20/08/2026 17:40:00;1,61017;1,61017;1,60992;1,61002
20/08/2026 17:45:00;1,61002;1,61012;1,60983;1,60994
20/08/2026 17:50:00;1,60994;1,61005;1,60994;1,60995
20/08/2026 17:55:00;1,60995;1,61025;1,60995;1,61005
20/08/2026 18:00:00;1,61005;1,61005;1,61005;1,61005
20/08/2026 18:05:00;1,61005;1,61005;1,60878;1,60878
20/08/2026 18:10:00;1,60878;1,60878;1,60858;1,60858
20/08/2026 19:10:00;1,61006;1,61018;1,61006;1,61016
20/08/2026 19:15:00;1,61016;1,61025;1,61016;1,61023
20/08/2026 19:20:00;1,61023;1,61024;1,61021;1,61024
20/08/2026 19:25:00;1,61024;1,61046;1,61023;1,61035
20/08/2026 19:30:00;1,61035;1,61035;1,61024;1,61026
20/08/2026 19:35:00;1,61026;1,61035;1,61026;1,61026
20/08/2026 19:40:00;1,61026;1,61027;1,61024;1,61025
20/08/2026 19:45:00;1,61025;1,61027;1,61022;1,61025
20/08/2026 19:50:00;1,61025;1,61037;1,61025;1,61029
20/08/2026 19:55:00;1,61029;1,61029;1,61022;1,61028
20/08/2026 20:00:00;1,61028;1,61044;1,61028;1,61044
20/08/2026 20:05:00;1,61044;1,61044;1,61013;1,61016
20/08/2026 20:10:00;1,61016;1,61033;1,61016;1,61026
20/08/2026 20:15:00;1,61026;1,61041;1,61023;1,6104
20/08/2026 20:20:00;1,6104;1,6104;1,61031;1,61034
20/08/2026 20:25:00;1,61034;1,61045;1,61029;1,61036
20/08/2026 20:30:00;1,61036;1,61057;1,61036;1,61039
20/08/2026 20:35:00;1,61039;1,61045;1,61038;1,6104
20/08/2026 20:40:00;1,6104;1,6105;1,6104;1,61045
20/08/2026 20:45:00;1,61045;1,61055;1,6104;1,61054
20/08/2026 20:50:00;1,61054;1,61055;1,61046;1,61049
20/08/2026 20:55:00;1,61049;1,61063;1,61049;1,6106
20/08/2026 21:00:00;1,6106;1,6106;1,61025;1,61034
20/08/2026 21:05:00;1,61034;1,61036;1,61018;1,61027
20/08/2026 21:10:00;1,61027;1,61034;1,61019;1,61033
20/08/2026 21:15:00;1,61033;1,6104;1,61024;1,61029
20/08/2026 21:20:00;1,61029;1,61031;1,61017;1,6102
20/08/2026 21:25:00;1,6102;1,61031;1,61016;1,61026
20/08/2026 21:30:00;1,61026;1,61026;1,6099;1,60998
20/08/2026 21:35:00;1,60998;1,61014;1,60988;1,60995
20/08/2026 21:40:00;1,60995;1,60995;1,60981;1,60985
20/08/2026 21:45:00;1,60985;1,60988;1,60974;1,60982
20/08/2026 21:50:00;1,60982;1,60993;1,60966;1,6097
20/08/2026 21:55:00;1,6097;1,60972;1,60952;1,60953
20/08/2026 22:00:00;1,60953;1,6099;1,60952;1,6098
20/08/2026 22:05:00;1,6098;1,60997;1,60973;1,60995
20/08/2026 22:10:00;1,60995;1,61018;1,60987;1,61008
20/08/2026 22:15:00;1,61008;1,61028;1,60995;1,61021
20/08/2026 22:20:00;1,61022;1,61039;1,61021;1,61028
20/08/2026 22:25:00;1,61028;1,61028;1,61007;1,61016
20/08/2026 22:30:00;1,61016;1,61025;1,61011;1,61011
20/08/2026 22:35:00;1,61011;1,61016;1,60989;1,60989
20/08/2026 22:40:00;1,60989;1,61003;1,60986;1,60992
20/08/2026 22:45:00;1,60992;1,60998;1,60988;1,60997
20/08/2026 22:50:00;1,60997;1,61007;1,60982;1,60987
20/08/2026 22:55:00;1,60987;1,60993;1,60981;1,60985
20/08/2026 23:00:00;1,60985;1,60994;1,60985;1,60988
20/08/2026 23:05:00;1,60988;1,60996;1,60977;1,60995
20/08/2026 23:10:00;1,60995;1,6101;1,60988;1,6101
20/08/2026 23:15:00;1,6101;1,61013;1,60998;1,61002
20/08/2026 23:20:00;1,61002;1,61028;1,60991;1,61026
20/08/2026 23:25:00;1,61026;1,61028;1,60992;1,60996
20/08/2026 23:30:00;1,60996;1,61001;1,60989;1,60997
20/08/2026 23:35:00;1,60997;1,60997;1,60967;1,60969
20/08/2026 23:40:00;1,60971;1,60991;1,60969;1,6099
20/08/2026 23:45:00;1,6099;1,60993;1,60972;1,60989
20/08/2026 23:50:00;1,60989;1,61002;1,60974;1,60984
20/08/2026 23:55:00;1,60984;1,60984;1,60966;1,6097
21/08/2026 00:00:00;1,6097;1,60973;1,60957;1,60957
21/08/2026 00:05:00;1,60957;1,60963;1,60947;1,60959
21/08/2026 00:10:00;1,60959;1,60977;1,60959;1,60973
21/08/2026 00:15:00;1,60973;1,60974;1,60962;1,60963
21/08/2026 00:20:00;1,60963;1,60965;1,60954;1,60954
21/08/2026 00:25:00;1,60954;1,60964;1,609442;1,60958
21/08/2026 00:30:00;1,60958;1,60963;1,60952;1,60957
21/08/2026 00:35:00;1,60957;1,60958;1,60933;1,60938
21/08/2026 00:40:00;1,60938;1,6094;1,60929;1,60935
21/08/2026 00:45:00;1,60935;1,60939;1,60927;1,60929
21/08/2026 00:50:00;1,60929;1,60944;1,60925;1,60941
21/08/2026 00:55:00;1,60941;1,60961;1,6094;1,60956
21/08/2026 01:00:00;1,60956;1,60958;1,60942;1,60947
21/08/2026 01:05:00;1,60947;1,60952;1,60941;1,60945
21/08/2026 01:10:00;1,60945;1,60947;1,60936;1,6094
21/08/2026 01:15:00;1,6094;1,60951;1,60938;1,6095
21/08/2026 01:20:00;1,6095;1,6095;1,60937;1,6094
21/08/2026 01:25:00;1,6094;1,60943;1,60931;1,60937
21/08/2026 01:30:00;1,60937;1,6094;1,60932;1,60939
21/08/2026 01:35:00;1,60939;1,60942;1,60931;1,60935
21/08/2026 01:40:00;1,60935;1,60936;1,60919;1,60926
21/08/2026 01:45:00;1,60926;1,60928;1,60921;1,60925
21/08/2026 01:50:00;1,60925;1,60934;1,6092;1,60934
21/08/2026 01:55:00;1,60934;1,60957;1,60933;1,60951
21/08/2026 02:00:00;1,60951;1,60958;1,60947;1,60957
21/08/2026 02:05:00;1,60957;1,60959;1,60952;1,60956
21/08/2026 02:10:00;1,60956;1,60961;1,60953;1,60955
21/08/2026 02:15:00;1,60955;1,60957;1,60942;1,60942
21/08/2026 02:20:00;1,60942;1,60943;1,60933;1,60935
21/08/2026 02:25:00;1,60935;1,60938;1,60919;1,60922
21/08/2026 02:30:00;1,60922;1,60926;1,60913;1,60924
21/08/2026 02:35:00;1,60924;1,60947;1,60922;1,60946
21/08/2026 02:40:00;1,60946;1,60946;1,60918;1,60934
21/08/2026 02:45:00;1,60934;1,60946;1,60924;1,60942
21/08/2026 02:50:00;1,60942;1,60962;1,60935;1,6095
21/08/2026 02:55:00;1,6095;1,60961;1,60937;1,60948
21/08/2026 03:00:00;1,60948;1,60948;1,60921;1,60936
21/08/2026 03:05:00;1,60936;1,60941;1,60926;1,60926
21/08/2026 03:10:00;1,60926;1,60927;1,60913;1,60914
21/08/2026 03:15:00;1,60914;1,60942;1,60912;1,6094
21/08/2026 03:20:00;1,6094;1,60941;1,60918;1,60921
21/08/2026 03:25:00;1,60921;1,60951;1,6092;1,60929
21/08/2026 03:30:00;1,60929;1,60953;1,60923;1,60939
21/08/2026 03:35:00;1,60939;1,60942;1,60914;1,60928
21/08/2026 03:40:00;1,60928;1,60937;1,60917;1,6092
21/08/2026 03:45:00;1,6092;1,60939;1,60903;1,60931
21/08/2026 03:50:00;1,60931;1,60954;1,6093;1,60939
21/08/2026 03:55:00;1,60939;1,60962;1,60931;1,60953
21/08/2026 04:00:00;1,60953;1,6096;1,60911;1,60951
21/08/2026 04:05:00;1,60951;1,60956;1,60922;1,60954
21/08/2026 04:10:00;1,60954;1,6099;1,60952;1,60971
21/08/2026 04:15:00;1,60971;1,61005;1,60971;1,60996
21/08/2026 04:20:00;1,60996;1,61002;1,60957;1,60962
21/08/2026 04:25:00;1,60962;1,60962;1,60908;1,60908
21/08/2026 04:30:00;1,60908;1,60945;1,60886;1,60941
21/08/2026 04:35:00;1,60941;1,60942;1,60875;1,60875
21/08/2026 04:40:00;1,60875;1,60898;1,60864;1,60868
21/08/2026 04:45:00;1,60868;1,60868;1,60825;1,60846
21/08/2026 04:50:00;1,60846;1,60872;1,60834;1,60846
21/08/2026 04:55:00;1,60846;1,6085;1,60818;1,60822
21/08/2026 05:00:00;1,60822;1,60855;1,60817;1,60837
21/08/2026 05:05:00;1,60837;1,6084;1,60813;1,60818
21/08/2026 05:10:00;1,60818;1,6085;1,60805;1,60834
21/08/2026 05:15:00;1,60834;1,60852;1,60821;1,60834
21/08/2026 05:20:00;1,60834;1,60835;1,60813;1,60822
21/08/2026 05:25:00;1,60822;1,60845;1,60816;1,60843
21/08/2026 05:30:00;1,60843;1,60875;1,6084;1,60859
21/08/2026 05:35:00;1,60859;1,60877;1,60848;1,60851
21/08/2026 05:40:00;1,60851;1,60914;1,6084;1,60905
21/08/2026 05:45:00;1,60905;1,60917;1,6087;1,60875
21/08/2026 05:50:00;1,60875;1,60921;1,60873;1,60913
21/08/2026 05:55:00;1,60913;1,60919;1,60875;1,60893
21/08/2026 06:00:00;1,60893;1,60912;1,60881;1,60897
21/08/2026 06:05:00;1,60897;1,60936;1,60895;1,60934
21/08/2026 06:10:00;1,60934;1,60947;1,6091;1,60946
21/08/2026 06:15:00;1,60946;1,60955;1,6092;1,6095
21/08/2026 06:20:00;1,6095;1,60952;1,60926;1,60936
21/08/2026 06:25:00;1,60936;1,60936;1,6091;1,60927
21/08/2026 06:30:00;1,60927;1,60954;1,60918;1,60944
21/08/2026 06:35:00;1,60944;1,60945;1,60921;1,60935
21/08/2026 06:40:00;1,60935;1,60939;1,60911;1,60917
21/08/2026 06:45:00;1,60917;1,60917;1,60885;1,60889
21/08/2026 06:50:00;1,60889;1,60902;1,60867;1,60867
21/08/2026 06:55:00;1,60867;1,60881;1,60852;1,60857
21/08/2026 07:00:00;1,60857;1,60857;1,60828;1,60842
21/08/2026 07:05:00;1,60842;1,60849;1,60815;1,60831
21/08/2026 07:10:00;1,60831;1,60836;1,60799;1,60799
21/08/2026 07:15:00;1,60799;1,60851;1,60799;1,60835
21/08/2026 07:20:00;1,60835;1,60844;1,60827;1,60842
21/08/2026 07:25:00;1,60842;1,60863;1,60836;1,60848
21/08/2026 07:30:00;1,60848;1,60849;1,60796;1,60807
21/08/2026 07:35:00;1,60807;1,60853;1,60801;1,60816
21/08/2026 07:40:00;1,60816;1,60817;1,60795;1,60796
21/08/2026 07:45:00;1,60796;1,60805;1,60783;1,60793
21/08/2026 07:50:00;1,60793;1,60804;1,60777;1,60801
21/08/2026 07:55:00;1,60796;1,60812;1,6077;1,60787
21/08/2026 08:00:00;1,60787;1,60798;1,60777;1,60793
21/08/2026 08:05:00;1,60793;1,60806;1,6077;1,60785
21/08/2026 08:10:00;1,60785;1,60804;1,60782;1,60788
21/08/2026 08:15:00;1,60788;1,60806;1,60785;1,60789
21/08/2026 08:20:00;1,60789;1,60858;1,60787;1,60853
21/08/2026 08:25:00;1,60853;1,60869;1,60823;1,60852
21/08/2026 08:30:00;1,60852;1,60857;1,60739;1,60756
21/08/2026 08:35:00;1,60756;1,60767;1,60718;1,6072
21/08/2026 08:40:00;1,6072;1,60726;1,60693;1,60715
21/08/2026 08:45:00;1,60715;1,60719;1,60695;1,60704
21/08/2026 08:50:00;1,60704;1,60716;1,60675;1,6071
21/08/2026 08:55:00;1,6071;1,60729;1,607;1,60729
21/08/2026 09:00:00;1,60729;1,60729;1,60682;1,60706
21/08/2026 09:05:00;1,60706;1,60737;1,60699;1,6072
21/08/2026 09:10:00;1,6072;1,60735;1,60719;1,60723
21/08/2026 09:15:00;1,60722;1,60726;1,60669;1,60675
21/08/2026 09:20:00;1,60675;1,60675;1,60638;1,60655
21/08/2026 09:25:00;1,60655;1,60684;1,60651;1,60669
21/08/2026 09:30:00;1,60669;1,60669;1,60615;1,60658
21/08/2026 09:35:00;1,60658;1,6067;1,60637;1,60638
21/08/2026 09:40:00;1,60638;1,60684;1,60633;1,60669
21/08/2026 09:45:00;1,60669;1,60669;1,60639;1,6065
21/08/2026 09:50:00;1,6065;1,60667;1,60647;1,60652
21/08/2026 09:55:00;1,60652;1,60685;1,60649;1,6068
21/08/2026 10:00:00;1,6068;1,6068;1,60646;1,60652
21/08/2026 10:05:00;1,60652;1,6067;1,60636;1,60666
21/08/2026 10:10:00;1,60666;1,60691;1,6065;1,60681
21/08/2026 10:15:00;1,60681;1,60689;1,60642;1,60649
21/08/2026 10:20:00;1,60649;1,60665;1,60583;1,60589
21/08/2026 10:25:00;1,60589;1,6062;1,60569;1,60613
21/08/2026 10:30:00;1,60613;1,60618;1,60534;1,6055
21/08/2026 10:35:00;1,6055;1,60579;1,60544;1,60562
21/08/2026 10:40:00;1,60562;1,60615;1,6056;1,60603
21/08/2026 10:45:00;1,60603;1,60643;1,60581;1,60613
21/08/2026 10:50:00;1,60613;1,60634;1,60601;1,60618
21/08/2026 10:55:00;1,60618;1,60635;1,60591;1,60627
21/08/2026 11:00:00;1,60627;1,60644;1,60611;1,60622
21/08/2026 11:05:00;1,60622;1,60648;1,60604;1,60638
21/08/2026 11:10:00;1,60638;1,60643;1,60615;1,60641
21/08/2026 11:15:00;1,60641;1,60659;1,60633;1,60644
21/08/2026 11:20:00;1,60644;1,60647;1,60621;1,60637
21/08/2026 11:25:00;1,60637;1,6065;1,60626;1,60626
21/08/2026 11:30:00;1,60626;1,60663;1,60624;1,60658
21/08/2026 11:35:00;1,60658;1,60713;1,60654;1,60712
21/08/2026 11:40:00;1,60712;1,60782;1,6071;1,6078
21/08/2026 11:45:00;1,6078;1,6081;1,60771;1,60797
21/08/2026 11:50:00;1,60797;1,60803;1,60767;1,6078
21/08/2026 11:55:00;1,6078;1,60782;1,60726;1,60754
21/08/2026 12:00:00;1,60754;1,6078;1,60741;1,60772
21/08/2026 12:05:00;1,60772;1,60778;1,60729;1,60762
21/08/2026 12:10:00;1,60762;1,60774;1,60728;1,60752
21/08/2026 12:15:00;1,60752;1,60767;1,60739;1,60762
21/08/2026 12:20:00;1,60762;1,60764;1,60736;1,60746
21/08/2026 12:25:00;1,60746;1,60766;1,60735;1,60763
21/08/2026 12:30:00;1,60763;1,60785;1,60752;1,60783
21/08/2026 12:35:00;1,60783;1,60802;1,60765;1,60798
21/08/2026 12:40:00;1,60798;1,60802;1,60774;1,60789
21/08/2026 12:45:00;1,60789;1,60812;1,60788;1,6081
21/08/2026 12:50:00;1,6081;1,60856;1,6081;1,60849
21/08/2026 12:55:00;1,60849;1,60859;1,60812;1,60816
21/08/2026 13:00:00;1,60816;1,60832;1,60787;1,60788
21/08/2026 13:05:00;1,60788;1,60816;1,60784;1,60808
21/08/2026 13:10:00;1,60808;1,60822;1,60803;1,60815
21/08/2026 13:15:00;1,60814;1,60818;1,60803;1,60806
21/08/2026 13:20:00;1,60806;1,60853;1,60804;1,60847
21/08/2026 13:25:00;1,60847;1,60859;1,60839;1,60848
21/08/2026 13:30:00;1,60848;1,60854;1,60802;1,60803
21/08/2026 13:35:00;1,60803;1,60817;1,60795;1,60807
21/08/2026 13:40:00;1,60807;1,60815;1,60791;1,60807
21/08/2026 13:45:00;1,60807;1,60814;1,60794;1,608
21/08/2026 13:50:00;1,608;1,60817;1,608;1,60813
21/08/2026 13:55:00;1,60813;1,60816;1,60787;1,60789
21/08/2026 14:00:00;1,60789;1,6079;1,60761;1,6077
21/08/2026 14:05:00;1,6077;1,60778;1,60752;1,60764
21/08/2026 14:10:00;1,60764;1,60764;1,60734;1,60749
21/08/2026 14:15:00;1,60749;1,60753;1,60712;1,60731
21/08/2026 14:20:00;1,60731;1,60733;1,60715;1,60718
21/08/2026 14:25:00;1,60718;1,60722;1,60712;1,60717
21/08/2026 14:30:00;1,60717;1,60717;1,60693;1,60701
21/08/2026 14:35:00;1,60701;1,60703;1,60681;1,60693
21/08/2026 14:40:00;1,60693;1,607;1,60682;1,607
21/08/2026 14:45:00;1,607;1,60718;1,60698;1,60712
21/08/2026 14:50:00;1,60712;1,60733;1,60707;1,6073
21/08/2026 14:55:00;1,6073;1,60741;1,60722;1,60729
21/08/2026 15:00:00;1,60729;1,60747;1,60729;1,60745
21/08/2026 15:05:00;1,60745;1,6075;1,60737;1,60747
21/08/2026 15:10:00;1,60747;1,60752;1,60743;1,60744
21/08/2026 15:15:00;1,60744;1,60754;1,60739;1,60747
21/08/2026 15:20:00;1,60747;1,60759;1,60735;1,60743
21/08/2026 15:25:00;1,60743;1,6075;1,60734;1,6075
21/08/2026 15:30:00;1,6075;1,6075;1,60719;1,60732
21/08/2026 15:35:00;1,60732;1,60781;1,60732;1,60775
21/08/2026 15:40:00;1,60775;1,60789;1,60774;1,60777
21/08/2026 15:45:00;1,60777;1,60783;1,60761;1,6077
21/08/2026 15:50:00;1,6077;1,60774;1,60751;1,60762
21/08/2026 15:55:00;1,60762;1,6077;1,60751;1,60756
21/08/2026 16:00:00;1,60756;1,60758;1,6074;1,60753
21/08/2026 16:05:00;1,60753;1,60753;1,60729;1,60743
21/08/2026 16:10:00;1,60743;1,60758;1,60742;1,60754
21/08/2026 16:15:00;1,60754;1,60762;1,60749;1,60758
21/08/2026 16:20:00;1,60758;1,60763;1,60755;1,60761
21/08/2026 16:25:00;1,60761;1,60775;1,60748;1,60771
21/08/2026 16:30:00;1,60771;1,60777;1,60754;1,60754
21/08/2026 16:35:00;1,60754;1,60758;1,60747;1,60757
21/08/2026 16:40:00;1,60757;1,60767;1,60755;1,60761
21/08/2026 16:45:00;1,60761;1,60764;1,60752;1,60764
21/08/2026 16:50:00;1,60764;1,60766;1,60741;1,60757
21/08/2026 16:55:00;1,60757;1,60795;1,6075;1,60792
21/08/2026 17:00:00;1,60792;1,60796;1,60756;1,60766
21/08/2026 17:05:00;1,60766;1,60775;1,60755;1,60767
21/08/2026 17:10:00;1,60767;1,60767;1,60752;1,60755
21/08/2026 17:15:00;1,60755;1,60763;1,60735;1,60742
21/08/2026 17:20:00;1,60742;1,60744;1,60714;1,60718
21/08/2026 17:25:00;1,60718;1,60722;1,60712;1,60716
21/08/2026 17:30:00;1,60712;1,60712;1,60692;1,60702
21/08/2026 17:35:00;1,60702;1,60722;1,60692;1,60712
21/08/2026 17:40:00;1,60712;1,60712;1,60692;1,60696
21/08/2026 17:45:00;1,60696;1,60753;1,60692;1,60733
21/08/2026 17:50:00;1,60733;1,60744;1,60499;1,60744
21/08/2026 17:55:00;1,60744;1,60754;1,6055;1,60725
21/08/2026 18:00:00;1,60725;1,60725;1,60725;1,60725
21/08/2026 18:05:00;1,60725;1,60725;1,60725;1,60725
23/08/2026 21:30:00;1,61042;1,61048;1,61034;1,61043
23/08/2026 21:35:00;1,61043;1,61071;1,61043;1,61068
23/08/2026 21:40:00;1,61068;1,61072;1,61061;1,61065
23/08/2026 21:45:00;1,61071;1,61078;1,61069;1,61074
23/08/2026 21:50:00;1,61074;1,61084;1,61062;1,61074
23/08/2026 21:55:00;1,61074;1,61098;1,61065;1,61093
23/08/2026 22:00:00;1,61093;1,6114;1,61088;1,61129
23/08/2026 22:05:00;1,61129;1,61142;1,61115;1,6114
23/08/2026 22:10:00;1,6114;1,61147;1,61132;1,61141
23/08/2026 22:15:00;1,61141;1,61147;1,61127;1,61145
23/08/2026 22:20:00;1,61145;1,61145;1,61107;1,61118
23/08/2026 22:25:00;1,61118;1,61118;1,61085;1,61086
23/08/2026 22:30:00;1,61086;1,61094;1,61086;1,61094
23/08/2026 22:35:00;1,61094;1,61109;1,61094;1,61107
23/08/2026 22:40:00;1,61107;1,61121;1,61104;1,61108
23/08/2026 22:45:00;1,61108;1,61129;1,61108;1,61129
23/08/2026 22:50:00;1,61129;1,61134;1,61106;1,61112
23/08/2026 22:55:00;1,61112;1,61125;1,61109;1,61118
23/08/2026 23:00:00;1,61118;1,6115;1,61116;1,6113
23/08/2026 23:05:00;1,6113;1,6113;1,61111;1,61119
23/08/2026 23:10:00;1,61119;1,61129;1,61114;1,61122
23/08/2026 23:15:00;1,61122;1,61127;1,61108;1,61112
23/08/2026 23:20:00;1,61112;1,61113;1,61099;1,611
23/08/2026 23:25:00;1,611;1,61103;1,61089;1,61093
23/08/2026 23:30:00;1,61093;1,61095;1,61081;1,61095
23/08/2026 23:35:00;1,61095;1,61105;1,61091;1,61097
23/08/2026 23:40:00;1,61097;1,61104;1,61086;1,61098
23/08/2026 23:45:00;1,61098;1,611;1,6109;1,61097
23/08/2026 23:50:00;1,61097;1,61108;1,61091;1,61103
23/08/2026 23:55:00;1,61103;1,61118;1,61102;1,61109
24/08/2026 00:00:00;1,61109;1,61114;1,61092;1,61114
24/08/2026 00:05:00;1,61114;1,61114;1,61095;1,61103
24/08/2026 00:10:00;1,61103;1,61103;1,61087;1,61091
24/08/2026 00:15:00;1,61091;1,61093;1,61085;1,61092
24/08/2026 00:20:00;1,61092;1,61094;1,61078;1,61091
24/08/2026 00:25:00;1,61091;1,61093;1,61078;1,61091
24/08/2026 00:30:00;1,61091;1,61093;1,61079;1,61086
24/08/2026 00:35:00;1,61086;1,61089;1,61078;1,6108
24/08/2026 00:40:00;1,6108;1,6108;1,61066;1,61068
24/08/2026 00:45:00;1,61068;1,61073;1,61057;1,61062
24/08/2026 00:50:00;1,61062;1,61067;1,6105;1,61055
24/08/2026 00:55:00;1,61055;1,61069;1,61053;1,61068
24/08/2026 01:00:00;1,61068;1,61073;1,61061;1,6107
24/08/2026 01:05:00;1,6107;1,61077;1,6106;1,61076
24/08/2026 01:10:00;1,61076;1,61105;1,61073;1,61097
24/08/2026 01:15:00;1,61097;1,61104;1,61095;1,611
24/08/2026 01:20:00;1,611;1,61112;1,61099;1,6111
24/08/2026 01:25:00;1,6111;1,61116;1,61103;1,61104
24/08/2026 01:30:00;1,61104;1,61111;1,61098;1,61105
24/08/2026 01:35:00;1,61105;1,6111;1,611;1,61105
24/08/2026 01:40:00;1,61105;1,6111;1,61097;1,61103
24/08/2026 01:45:00;1,61103;1,61115;1,61096;1,61115
24/08/2026 01:50:00;1,61115;1,61136;1,61109;1,61134
24/08/2026 01:55:00;1,61134;1,61148;1,61128;1,61146
24/08/2026 02:00:00;1,61146;1,61154;1,61138;1,61141
24/08/2026 02:05:00;1,61141;1,61144;1,61117;1,6112
24/08/2026 02:10:00;1,6112;1,61131;1,61119;1,61121
24/08/2026 02:15:00;1,61121;1,61128;1,61116;1,61117
24/08/2026 02:20:00;1,61117;1,61132;1,61109;1,6113
24/08/2026 02:25:00;1,6113;1,61138;1,61126;1,61132
24/08/2026 02:30:00;1,61132;1,61146;1,61126;1,6113
24/08/2026 02:35:00;1,6113;1,61135;1,61118;1,61122
24/08/2026 02:40:00;1,61122;1,6113;1,61113;1,61114
24/08/2026 02:45:00;1,61114;1,61119;1,61107;1,61114
24/08/2026 02:50:00;1,61114;1,61124;1,61111;1,6112
24/08/2026 02:55:00;1,6112;1,61153;1,6112;1,6115
24/08/2026 03:00:00;1,6115;1,61248;1,61146;1,61246
24/08/2026 03:05:00;1,61251;1,61271;1,61219;1,61244
24/08/2026 03:10:00;1,61244;1,6132;1,61243;1,6131
24/08/2026 03:15:00;1,6131;1,61318;1,61293;1,61317
24/08/2026 03:20:00;1,61317;1,61324;1,61305;1,61313
24/08/2026 03:25:00;1,61313;1,61323;1,61296;1,613
24/08/2026 03:30:00;1,613;1,61328;1,61289;1,61318
24/08/2026 03:35:00;1,61318;1,61355;1,61318;1,61344
24/08/2026 03:40:00;1,61344;1,61367;1,61334;1,61352
24/08/2026 03:45:00;1,61352;1,61371;1,61345;1,61368
24/08/2026 03:50:00;1,61368;1,61379;1,61349;1,61374
24/08/2026 03:55:00;1,61374;1,61402;1,61366;1,61373
24/08/2026 04:00:00;1,61373;1,61386;1,61359;1,61374
24/08/2026 04:05:00;1,61374;1,61438;1,61374;1,61438
24/08/2026 04:10:00;1,61438;1,61447;1,61399;1,61399
24/08/2026 04:15:00;1,61399;1,61432;1,61392;1,61431
24/08/2026 04:20:00;1,61431;1,61434;1,61377;1,61415
24/08/2026 04:25:00;1,61415;1,61439;1,61399;1,6142
24/08/2026 04:30:00;1,6142;1,61428;1,61395;1,61414
24/08/2026 04:35:00;1,61414;1,61417;1,6137;1,61378
24/08/2026 04:40:00;1,61378;1,61385;1,61358;1,61364
24/08/2026 04:45:00;1,61364;1,61391;1,61357;1,61364
24/08/2026 04:50:00;1,61364;1,614254;1,61364;1,614254
24/08/2026 04:55:00;1,614254;1,61456;1,61416;1,6142
24/08/2026 05:00:00;1,6142;1,61449;1,61406;1,61429
24/08/2026 05:05:00;1,61429;1,6144;1,61409;1,61415
24/08/2026 05:10:00;1,61415;1,61418;1,61384;1,61387
24/08/2026 05:15:00;1,61387;1,61428;1,61367;1,61428
24/08/2026 05:20:00;1,61428;1,61433;1,61411;1,61418
24/08/2026 05:25:00;1,61418;1,61419;1,61382;1,61393
24/08/2026 05:30:00;1,61393;1,61434;1,61387;1,61401
24/08/2026 05:35:00;1,61401;1,61442;1,61401;1,61441
24/08/2026 05:40:00;1,61441;1,61474;1,6143;1,61461
24/08/2026 05:45:00;1,61461;1,61463;1,6143;1,61463
24/08/2026 05:50:00;1,61463;1,6147;1,6145;1,61465
24/08/2026 05:55:00;1,61465;1,61465;1,61422;1,61433
24/08/2026 06:00:00;1,61433;1,61454;1,61419;1,61434
24/08/2026 06:05:00;1,61434;1,61437;1,61405;1,61416
24/08/2026 06:10:00;1,61416;1,61416;1,61388;1,61398
24/08/2026 06:15:00;1,61398;1,61408;1,61342;1,61343
24/08/2026 06:20:00;1,61343;1,61381;1,61335;1,61337
24/08/2026 06:25:00;1,61337;1,61366;1,61333;1,61363
24/08/2026 06:30:00;1,61363;1,61368;1,61337;1,61337
24/08/2026 06:35:00;1,61337;1,61371;1,61335;1,61367
24/08/2026 06:40:00;1,61367;1,61367;1,61331;1,61349
24/08/2026 06:45:00;1,61349;1,61362;1,6134;1,61355
24/08/2026 06:50:00;1,61355;1,61355;1,61325;1,61327
24/08/2026 06:55:00;1,61327;1,61339;1,61309;1,61339
24/08/2026 07:00:00;1,61339;1,61359;1,61335;1,61352
24/08/2026 07:05:00;1,61352;1,61352;1,61336;1,61352
24/08/2026 07:10:00;1,61352;1,61354;1,61322;1,61325
24/08/2026 07:15:00;1,61325;1,61346;1,61323;1,61339
24/08/2026 07:20:00;1,61339;1,61339;1,61325;1,61331
24/08/2026 07:25:00;1,61331;1,61341;1,61309;1,61333
24/08/2026 07:30:00;1,61333;1,61353;1,61327;1,6135
24/08/2026 07:35:00;1,6135;1,61359;1,61331;1,61338
24/08/2026 07:40:00;1,61338;1,61382;1,61333;1,61374
24/08/2026 07:45:00;1,61374;1,61403;1,6137;1,61388
24/08/2026 07:50:00;1,61388;1,61408;1,61374;1,61402
24/08/2026 07:55:00;1,61402;1,6143;1,61402;1,61419
24/08/2026 08:00:00;1,61419;1,61448;1,614;1,61433
24/08/2026 08:05:00;1,61433;1,61481;1,61433;1,61473
24/08/2026 08:10:00;1,61473;1,61491;1,61458;1,61473
24/08/2026 08:15:00;1,61473;1,61486;1,61462;1,61465
24/08/2026 08:20:00;1,61465;1,6148;1,61453;1,61453
24/08/2026 08:25:00;1,61453;1,61479;1,6145;1,61476
24/08/2026 08:30:00;1,61476;1,61501;1,61471;1,61491
24/08/2026 08:35:00;1,61491;1,61536;1,61475;1,6149
24/08/2026 08:40:00;1,6149;1,61498;1,6147;1,61495
24/08/2026 08:45:00;1,61495;1,6152;1,61492;1,6152
24/08/2026 08:50:00;1,6152;1,61527;1,61487;1,61527
24/08/2026 08:55:00;1,61527;1,61529;1,61505;1,61521
24/08/2026 09:00:00;1,61521;1,61542;1,61507;1,61536
24/08/2026 09:05:00;1,61536;1,61544;1,61492;1,61524
24/08/2026 09:10:00;1,61524;1,61558;1,61515;1,61538
24/08/2026 09:15:00;1,61538;1,61564;1,61525;1,6153
24/08/2026 09:20:00;1,6153;1,61533;1,61479;1,61531
24/08/2026 09:25:00;1,61531;1,61535;1,61499;1,61521
24/08/2026 09:30:00;1,61521;1,61542;1,61465;1,61486
24/08/2026 09:35:00;1,61486;1,61486;1,6144;1,61446
24/08/2026 09:40:00;1,61446;1,61454;1,6142;1,61428
24/08/2026 09:45:00;1,61428;1,61456;1,61421;1,61452
24/08/2026 09:50:00;1,61452;1,6148;1,61448;1,61457
24/08/2026 09:55:00;1,61457;1,61459;1,61417;1,61436
24/08/2026 10:00:00;1,61436;1,6144;1,61418;1,61419
24/08/2026 10:05:00;1,61419;1,61429;1,61382;1,61403
24/08/2026 10:10:00;1,61403;1,61422;1,61391;1,61393
24/08/2026 10:15:00;1,61393;1,61408;1,61374;1,61385
24/08/2026 10:20:00;1,61385;1,61411;1,61364;1,61407
24/08/2026 10:25:00;1,61407;1,61415;1,61368;1,61372
24/08/2026 10:30:00;1,61372;1,61383;1,61313;1,61325
24/08/2026 10:35:00;1,61325;1,61417;1,61297;1,61334
24/08/2026 10:40:00;1,61334;1,61408;1,61317;1,61398
24/08/2026 10:45:00;1,61398;1,61398;1,61311;1,61333
24/08/2026 10:50:00;1,61333;1,6136;1,61304;1,61329
24/08/2026 10:55:00;1,61329;1,61345;1,61279;1,61283
24/08/2026 11:00:00;1,61283;1,61354;1,61283;1,61318
24/08/2026 11:05:00;1,61318;1,61352;1,61312;1,61316
24/08/2026 11:10:00;1,61316;1,61377;1,61301;1,61344
24/08/2026 11:15:00;1,61344;1,61392;1,61334;1,61365
24/08/2026 11:20:00;1,61365;1,61367;1,61341;1,61349
24/08/2026 11:25:00;1,61349;1,61352;1,61309;1,61351
24/08/2026 11:30:00;1,61351;1,61376;1,61339;1,61351
24/08/2026 11:35:00;1,61351;1,61355;1,61311;1,61353
24/08/2026 11:40:00;1,61353;1,61371;1,61344;1,61361
24/08/2026 11:45:00;1,61361;1,61443;1,61361;1,61436
24/08/2026 11:50:00;1,61436;1,61446;1,61391;1,61437
24/08/2026 11:55:00;1,61437;1,61472;1,61415;1,61433
24/08/2026 12:00:00;1,61433;1,61438;1,61395;1,61407
24/08/2026 12:05:00;1,61407;1,61418;1,61392;1,61412
24/08/2026 12:10:00;1,61412;1,61424;1,61395;1,614
24/08/2026 12:15:00;1,614;1,61425;1,6139;1,61421
24/08/2026 12:20:00;1,61421;1,61437;1,61393;1,6143
24/08/2026 12:25:00;1,6143;1,61432;1,61403;1,61418
24/08/2026 12:30:00;1,61418;1,61442;1,61395;1,6144
24/08/2026 12:35:00;1,6144;1,6144;1,61398;1,614
24/08/2026 12:40:00;1,614;1,61436;1,61381;1,61436
24/08/2026 12:45:00;1,61436;1,61477;1,61425;1,61474
24/08/2026 12:50:00;1,61474;1,61485;1,61435;1,61445
24/08/2026 12:55:00;1,61445;1,61464;1,61431;1,61436
24/08/2026 13:00:00;1,61436;1,61481;1,61428;1,61469
24/08/2026 13:05:00;1,61469;1,61478;1,61445;1,61448
24/08/2026 13:10:00;1,61448;1,61482;1,61448;1,61462
24/08/2026 13:15:00;1,61462;1,61475;1,61457;1,61458
24/08/2026 13:20:00;1,61458;1,61477;1,61456;1,61468
24/08/2026 13:25:00;1,61468;1,61485;1,61465;1,61484
24/08/2026 13:30:00;1,61484;1,6149;1,61474;1,61477
24/08/2026 13:35:00;1,61477;1,61495;1,61475;1,61478
24/08/2026 13:40:00;1,61478;1,6148;1,61446;1,61462
24/08/2026 13:45:00;1,61462;1,61484;1,61454;1,61484
24/08/2026 13:50:00;1,61484;1,6151;1,61474;1,61495
24/08/2026 13:55:00;1,61495;1,61523;1,61486;1,61521
24/08/2026 14:00:00;1,61521;1,61553;1,61519;1,61525
24/08/2026 14:05:00;1,61525;1,61549;1,61507;1,6152
24/08/2026 14:10:00;1,6152;1,61545;1,61509;1,61537
24/08/2026 14:15:00;1,61537;1,61547;1,61521;1,6154
24/08/2026 14:20:00;1,6154;1,61557;1,61535;1,61543
24/08/2026 14:25:00;1,61543;1,6156;1,61533;1,61559
24/08/2026 14:30:00;1,61559;1,61559;1,61533;1,61538
24/08/2026 14:35:00;1,61538;1,61541;1,61517;1,61519
24/08/2026 14:40:00;1,61519;1,61531;1,61511;1,61528
24/08/2026 14:45:00;1,6153;1,61535;1,61508;1,61522
24/08/2026 14:50:00;1,61522;1,61551;1,61519;1,6155
24/08/2026 14:55:00;1,6155;1,61561;1,61544;1,6155
24/08/2026 15:00:00;1,6155;1,61561;1,61538;1,6154
24/08/2026 15:05:00;1,6154;1,61551;1,61525;1,61532
24/08/2026 15:10:00;1,61532;1,61557;1,61526;1,61555
24/08/2026 15:15:00;1,61555;1,61558;1,61534;1,61543
24/08/2026 15:20:00;1,61543;1,61546;1,61532;1,61542
24/08/2026 15:25:00;1,61542;1,6156;1,61542;1,61552
24/08/2026 15:30:00;1,61552;1,61568;1,61543;1,61564
24/08/2026 15:35:00;1,61564;1,61575;1,6155;1,61554
24/08/2026 15:40:00;1,61554;1,61569;1,61528;1,61532
24/08/2026 15:45:00;1,61532;1,61541;1,6152;1,61533
24/08/2026 15:50:00;1,61533;1,61533;1,61509;1,61522
24/08/2026 15:55:00;1,61522;1,61542;1,61511;1,61531
24/08/2026 16:00:00;1,61531;1,61531;1,61497;1,61504
24/08/2026 16:05:00;1,61504;1,61512;1,61492;1,61498
24/08/2026 16:10:00;1,61499;1,61509;1,6149;1,61492
24/08/2026 16:15:00;1,61492;1,61492;1,61458;1,61458
24/08/2026 16:20:00;1,61458;1,61479;1,61452;1,61478
24/08/2026 16:25:00;1,61478;1,61478;1,61467;1,61472
24/08/2026 16:30:00;1,61472;1,61481;1,61467;1,61474
24/08/2026 16:35:00;1,61474;1,61477;1,6146;1,61467
24/08/2026 16:40:00;1,61467;1,61471;1,61455;1,61457
24/08/2026 16:45:00;1,61457;1,61466;1,61447;1,61451
24/08/2026 16:50:00;1,61451;1,61456;1,61444;1,61449
24/08/2026 16:55:00;1,61449;1,61461;1,61437;1,61443
24/08/2026 17:00:00;1,61443;1,61468;1,61432;1,61464
24/08/2026 17:05:00;1,61464;1,61498;1,61464;1,61476
24/08/2026 17:10:00;1,61476;1,61482;1,61459;1,61468
24/08/2026 17:15:00;1,61468;1,61468;1,61451;1,61456
24/08/2026 17:20:00;1,61456;1,61474;1,61453;1,61474
24/08/2026 17:25:00;1,61474;1,61491;1,61471;1,61477
24/08/2026 17:30:00;1,61477;1,61498;1,61474;1,61498
24/08/2026 17:35:00;1,61498;1,61504;1,61484;1,61484
24/08/2026 17:40:00;1,61484;1,61484;1,61472;1,61473
24/08/2026 17:45:00;1,61473;1,61488;1,61466;1,61486
24/08/2026 17:50:00;1,61486;1,61495;1,61416;1,61465
24/08/2026 17:55:00;1,61465;1,61475;1,61408;1,61465
24/08/2026 18:00:00;1,61455;1,61455;1,61455;1,61455
24/08/2026 18:05:00;1,61455;1,61455;1,61455;1,61455
24/08/2026 19:10:00;1,61485;1,61494;1,61465;1,61475
24/08/2026 19:15:00;1,61475;1,61475;1,61436;1,61436
24/08/2026 19:20:00;1,61436;1,61444;1,6143;1,61444
24/08/2026 19:25:00;1,61449;1,61451;1,61446;1,61451
24/08/2026 19:30:00;1,61451;1,61461;1,61451;1,61459
24/08/2026 19:35:00;1,61459;1,61461;1,61458;1,61459
24/08/2026 19:40:00;1,61458;1,6146;1,61458;1,61459
24/08/2026 19:45:00;1,61459;1,61464;1,61459;1,61459
24/08/2026 19:50:00;1,61459;1,61461;1,61459;1,61461
24/08/2026 19:55:00;1,61461;1,61464;1,61461;1,61462
24/08/2026 20:00:00;1,61462;1,61462;1,61447;1,61459
24/08/2026 20:05:00;1,61459;1,61466;1,61457;1,61464
24/08/2026 20:10:00;1,61464;1,61466;1,61458;1,6146
24/08/2026 20:15:00;1,6146;1,61466;1,61458;1,61466
24/08/2026 20:20:00;1,61466;1,61484;1,61464;1,61483
24/08/2026 20:25:00;1,61481;1,61481;1,61475;1,61477
24/08/2026 20:30:00;1,61477;1,61479;1,61469;1,61472
24/08/2026 20:35:00;1,61472;1,61478;1,61472;1,61475
24/08/2026 20:40:00;1,61475;1,61475;1,61456;1,61462
24/08/2026 20:45:00;1,61462;1,61474;1,61459;1,61472
24/08/2026 20:50:00;1,61472;1,61493;1,61471;1,61488
24/08/2026 20:55:00;1,61488;1,61488;1,61477;1,61482
24/08/2026 21:00:00;1,61482;1,61525;1,61482;1,61516
24/08/2026 21:05:00;1,61516;1,61547;1,61515;1,61547
24/08/2026 21:10:00;1,61547;1,61559;1,61541;1,61545
24/08/2026 21:15:00;1,61545;1,61545;1,61522;1,61525
24/08/2026 21:20:00;1,61525;1,61547;1,61517;1,61546
24/08/2026 21:25:00;1,61546;1,61547;1,61534;1,61534
24/08/2026 21:30:00;1,61534;1,61541;1,61519;1,61532
24/08/2026 21:35:00;1,61532;1,61536;1,61519;1,61525
24/08/2026 21:40:00;1,61525;1,61546;1,61523;1,61535
24/08/2026 21:45:00;1,61535;1,61548;1,61526;1,61548
24/08/2026 21:50:00;1,61548;1,6155;1,6152;1,61525
24/08/2026 21:55:00;1,61525;1,61549;1,61524;1,61545
24/08/2026 22:00:00;1,61545;1,61547;1,61525;1,61543
24/08/2026 22:05:00;1,61543;1,61551;1,6152;1,61524
24/08/2026 22:10:00;1,61525;1,61529;1,61512;1,61529
24/08/2026 22:15:00;1,61529;1,61542;1,61521;1,61539
24/08/2026 22:20:00;1,61539;1,61539;1,61524;1,61527
24/08/2026 22:25:00;1,61527;1,61556;1,61524;1,61544
24/08/2026 22:30:00;1,61551;1,61559;1,61545;1,61553
24/08/2026 22:35:00;1,61553;1,61554;1,6154;1,61547
24/08/2026 22:40:00;1,61547;1,61563;1,61547;1,61558
24/08/2026 22:45:00;1,61558;1,61558;1,61539;1,61541
24/08/2026 22:50:00;1,61541;1,61551;1,6153;1,61549
24/08/2026 22:55:00;1,61549;1,61558;1,61541;1,61552
24/08/2026 23:00:00;1,61552;1,61558;1,6154;1,61546
24/08/2026 23:05:00;1,61542;1,61549;1,61534;1,61544
24/08/2026 23:10:00;1,61544;1,61549;1,6154;1,61546
24/08/2026 23:15:00;1,61546;1,61554;1,61545;1,61548
24/08/2026 23:20:00;1,61548;1,61557;1,61543;1,61546
24/08/2026 23:25:00;1,61546;1,61547;1,61536;1,61546
24/08/2026 23:30:00;1,61546;1,61546;1,61534;1,61541
24/08/2026 23:35:00;1,61541;1,61542;1,6153;1,61535
24/08/2026 23:40:00;1,61535;1,61535;1,61516;1,61518
24/08/2026 23:45:00;1,61518;1,61521;1,61504;1,61514
24/08/2026 23:50:00;1,61513;1,61521;1,61505;1,61507
24/08/2026 23:55:00;1,61507;1,61508;1,61493;1,615
25/08/2026 00:00:00;1,615;1,61511;1,61499;1,61508
25/08/2026 00:05:00;1,61508;1,61512;1,61502;1,61508
25/08/2026 00:10:00;1,61508;1,61515;1,61503;1,61506
25/08/2026 00:15:00;1,61506;1,61513;1,61504;1,61512
25/08/2026 00:20:00;1,61512;1,61514;1,61503;1,61508
25/08/2026 00:25:00;1,61508;1,61514;1,61491;1,61501
25/08/2026 00:30:00;1,61501;1,61508;1,61499;1,61503
25/08/2026 00:35:00;1,61503;1,6151;1,61499;1,61507
25/08/2026 00:40:00;1,61507;1,61512;1,61501;1,6151
25/08/2026 00:45:00;1,61512;1,61522;1,6151;1,61521
25/08/2026 00:50:00;1,61521;1,61524;1,61508;1,61524
25/08/2026 00:55:00;1,61524;1,61526;1,61515;1,61522
25/08/2026 01:00:00;1,61522;1,61528;1,61521;1,61523
25/08/2026 01:05:00;1,61523;1,615322;1,61508;1,61508
25/08/2026 01:10:00;1,61508;1,61513;1,61498;1,61508
25/08/2026 01:15:00;1,61508;1,61515;1,61506;1,61513
25/08/2026 01:20:00;1,61513;1,61529;1,61504;1,61528
25/08/2026 01:25:00;1,61528;1,61539;1,61517;1,61529
25/08/2026 01:30:00;1,61529;1,61534;1,61526;1,6153
25/08/2026 01:35:00;1,6153;1,6153;1,61521;1,61526
25/08/2026 01:40:00;1,61526;1,61532;1,6152;1,61523
25/08/2026 01:45:00;1,61523;1,61533;1,61522;1,61528
25/08/2026 01:50:00;1,61528;1,61528;1,61519;1,61523
25/08/2026 01:55:00;1,61523;1,6153;1,61513;1,61528
25/08/2026 02:00:00;1,61528;1,61528;1,61516;1,61518
25/08/2026 02:05:00;1,61518;1,61523;1,61512;1,6152
25/08/2026 02:10:00;1,6152;1,61528;1,61515;1,61521
25/08/2026 02:15:00;1,61521;1,61531;1,61517;1,61522
25/08/2026 02:20:00;1,61522;1,6153;1,61521;1,61527
25/08/2026 02:25:00;1,61527;1,61544;1,61525;1,61539
25/08/2026 02:30:00;1,61539;1,61539;1,61516;1,61518
25/08/2026 02:35:00;1,61518;1,61518;1,61507;1,61517
25/08/2026 02:40:00;1,61517;1,61521;1,61507;1,61511
25/08/2026 02:45:00;1,61512;1,61521;1,61508;1,61518
25/08/2026 02:50:00;1,61518;1,61531;1,61513;1,6153
25/08/2026 02:55:00;1,6153;1,61536;1,61504;1,61504
25/08/2026 03:00:00;1,61504;1,61544;1,61497;1,61539
25/08/2026 03:05:00;1,61539;1,61549;1,61528;1,61533
25/08/2026 03:10:00;1,61533;1,6155;1,6153;1,61536
25/08/2026 03:15:00;1,61536;1,61548;1,61531;1,61544
25/08/2026 03:20:00;1,61544;1,61549;1,61532;1,61545
25/08/2026 03:25:00;1,61545;1,61547;1,61524;1,61534
25/08/2026 03:30:00;1,61534;1,61541;1,61522;1,61539
25/08/2026 03:35:00;1,61539;1,6154;1,61508;1,61508
25/08/2026 03:40:00;1,61508;1,6153;1,615;1,61504
25/08/2026 03:45:00;1,61504;1,61526;1,61504;1,61518
25/08/2026 03:50:00;1,61518;1,61544;1,6151;1,61544
25/08/2026 03:55:00;1,61544;1,61561;1,61532;1,61552
25/08/2026 04:00:00;1,61552;1,61564;1,61532;1,61545
25/08/2026 04:05:00;1,61545;1,61574;1,61538;1,61564
25/08/2026 04:10:00;1,61564;1,61575;1,61557;1,61567
25/08/2026 04:15:00;1,61567;1,61603;1,61566;1,61598
25/08/2026 04:20:00;1,61598;1,61623;1,61594;1,61608
25/08/2026 04:25:00;1,61608;1,61618;1,61589;1,61594
25/08/2026 04:30:00;1,61594;1,61632;1,61594;1,61627
25/08/2026 04:35:00;1,61627;1,61645;1,61618;1,6162
25/08/2026 04:40:00;1,6162;1,61633;1,61617;1,61623
25/08/2026 04:45:00;1,61623;1,61626;1,61599;1,61601
25/08/2026 04:50:00;1,61601;1,61632;1,61601;1,61621
25/08/2026 04:55:00;1,61621;1,61623;1,61557;1,61557
25/08/2026 05:00:00;1,61557;1,6161;1,61557;1,61598
25/08/2026 05:05:00;1,61598;1,61614;1,61591;1,616
25/08/2026 05:10:00;1,616;1,61615;1,61568;1,61571
25/08/2026 05:15:00;1,61571;1,61606;1,61569;1,61593
25/08/2026 05:20:00;1,61593;1,61631;1,61579;1,61631
25/08/2026 05:25:00;1,61631;1,61653;1,61618;1,61621
25/08/2026 05:30:00;1,61621;1,61652;1,61619;1,61651
25/08/2026 05:35:00;1,61651;1,61664;1,61636;1,61646
25/08/2026 05:40:00;1,61646;1,6168;1,61639;1,6168
25/08/2026 05:45:00;1,6168;1,617;1,61671;1,61681
25/08/2026 05:50:00;1,61681;1,61691;1,6165;1,61653
25/08/2026 05:55:00;1,61653;1,61706;1,61643;1,61702
25/08/2026 06:00:00;1,61702;1,6171;1,61686;1,61704
25/08/2026 06:05:00;1,61704;1,61737;1,61699;1,61737
25/08/2026 06:10:00;1,61737;1,617517;1,61696;1,617517
25/08/2026 06:15:00;1,617517;1,617837;1,61688;1,617837
25/08/2026 06:20:00;1,617837;1,617982;1,616753;1,6169
25/08/2026 06:25:00;1,6169;1,6169;1,61661;1,61666
25/08/2026 06:30:00;1,61666;1,61711;1,6166;1,61705
25/08/2026 06:35:00;1,61705;1,61708;1,61647;1,61651
25/08/2026 06:40:00;1,61651;1,61669;1,61639;1,61641
25/08/2026 06:45:00;1,61641;1,61681;1,61639;1,61672
25/08/2026 06:50:00;1,61672;1,61698;1,61653;1,6166
25/08/2026 06:55:00;1,6166;1,61667;1,61632;1,6164
25/08/2026 07:00:00;1,6164;1,61657;1,61632;1,61637
25/08/2026 07:05:00;1,61637;1,61661;1,61637;1,61661
25/08/2026 07:10:00;1,61661;1,6167;1,6165;1,61659
25/08/2026 07:15:00;1,61659;1,61664;1,61629;1,61631
25/08/2026 07:20:00;1,61631;1,61651;1,61631;1,61649
25/08/2026 07:25:00;1,61649;1,61657;1,61629;1,61632
25/08/2026 07:30:00;1,61632;1,61645;1,61609;1,61609
25/08/2026 07:35:00;1,61609;1,61627;1,61606;1,61614
25/08/2026 07:40:00;1,61614;1,61618;1,61585;1,61587
25/08/2026 07:45:00;1,61587;1,61616;1,61577;1,61591
25/08/2026 07:50:00;1,61591;1,61608;1,61579;1,61608
25/08/2026 07:55:00;1,61608;1,61634;1,61602;1,61633
25/08/2026 08:00:00;1,61633;1,61633;1,61583;1,61586
25/08/2026 08:05:00;1,61586;1,61599;1,61566;1,61596
25/08/2026 08:10:00;1,61596;1,61604;1,61575;1,61581
25/08/2026 08:15:00;1,61581;1,61581;1,6153;1,61553
25/08/2026 08:20:00;1,61553;1,61574;1,61527;1,61547
25/08/2026 08:25:00;1,61547;1,61578;1,6154;1,61576
25/08/2026 08:30:00;1,61576;1,61581;1,61559;1,61567
25/08/2026 08:35:00;1,61567;1,61573;1,6155;1,61558
25/08/2026 08:40:00;1,61558;1,61572;1,61528;1,61531
25/08/2026 08:45:00;1,61531;1,61589;1,61527;1,61573
25/08/2026 08:50:00;1,61573;1,61598;1,61572;1,61591
25/08/2026 08:55:00;1,61591;1,61603;1,61579;1,61595
25/08/2026 09:00:00;1,61595;1,61638;1,61595;1,61634
25/08/2026 09:05:00;1,61634;1,61645;1,616048;1,616368
25/08/2026 09:10:00;1,616368;1,616373;1,61557;1,61591
25/08/2026 09:15:00;1,61591;1,61628;1,61587;1,61623
25/08/2026 09:20:00;1,61623;1,61657;1,61599;1,616
25/08/2026 09:25:00;1,616;1,6167;1,61594;1,61669
25/08/2026 09:30:00;1,61669;1,61671;1,61631;1,6165
25/08/2026 09:35:00;1,6165;1,6165;1,6162;1,61627
25/08/2026 09:40:00;1,61627;1,61628;1,61598;1,61602
25/08/2026 09:45:00;1,61602;1,61611;1,61593;1,6161
25/08/2026 09:50:00;1,6161;1,61618;1,61587;1,61612
25/08/2026 09:55:00;1,61612;1,61617;1,61578;1,61579
25/08/2026 10:00:00;1,61579;1,6162;1,61579;1,61613
25/08/2026 10:05:00;1,61613;1,61628;1,61595;1,61596
25/08/2026 10:10:00;1,61596;1,61619;1,61575;1,61606
25/08/2026 10:15:00;1,61606;1,61619;1,61559;1,61577
25/08/2026 10:20:00;1,61577;1,61591;1,61566;1,61582
25/08/2026 10:25:00;1,61582;1,61603;1,61562;1,61599
25/08/2026 10:30:00;1,61599;1,61601;1,61519;1,61529
25/08/2026 10:35:00;1,61529;1,61586;1,61529;1,61586
25/08/2026 10:40:00;1,61586;1,61615;1,61571;1,61575
25/08/2026 10:45:00;1,61575;1,61576;1,6152;1,61544
25/08/2026 10:50:00;1,61544;1,61552;1,61509;1,6151
25/08/2026 10:55:00;1,6151;1,61534;1,61483;1,61483
25/08/2026 11:00:00;1,61483;1,61487;1,61403;1,61438
25/08/2026 11:05:00;1,61438;1,61481;1,61426;1,61469
25/08/2026 11:10:00;1,61469;1,61473;1,61417;1,61447
25/08/2026 11:15:00;1,61447;1,61457;1,61433;1,61438
25/08/2026 11:20:00;1,61438;1,6145;1,61414;1,6144
25/08/2026 11:25:00;1,6144;1,61459;1,61432;1,61454
25/08/2026 11:30:00;1,61454;1,61456;1,6142;1,61425
25/08/2026 11:35:00;1,61425;1,61441;1,61397;1,61399
25/08/2026 11:40:00;1,61399;1,61407;1,61359;1,61393
25/08/2026 11:45:00;1,61393;1,61415;1,61376;1,61401
25/08/2026 11:50:00;1,61401;1,61458;1,61376;1,61433
25/08/2026 11:55:00;1,61433;1,61456;1,61412;1,61431
25/08/2026 12:00:00;1,61431;1,61468;1,61422;1,61468
25/08/2026 12:05:00;1,61468;1,61522;1,61465;1,61522
25/08/2026 12:10:00;1,61522;1,61528;1,61503;1,61525
25/08/2026 12:15:00;1,61525;1,61559;1,61512;1,61539
25/08/2026 12:20:00;1,61539;1,61549;1,61518;1,61522
25/08/2026 12:25:00;1,61522;1,61529;1,61507;1,61508
25/08/2026 12:30:00;1,61508;1,61525;1,61491;1,61494
25/08/2026 12:35:00;1,61494;1,6152;1,61482;1,61492
25/08/2026 12:40:00;1,61492;1,61513;1,61492;1,61511
25/08/2026 12:45:00;1,61511;1,61525;1,61499;1,615
25/08/2026 12:50:00;1,615;1,61522;1,61482;1,61499
25/08/2026 12:55:00;1,61499;1,61499;1,61458;1,61476
25/08/2026 13:00:00;1,61476;1,61483;1,61442;1,61451
25/08/2026 13:05:00;1,61451;1,61464;1,61433;1,61452
25/08/2026 13:10:00;1,61452;1,61458;1,61441;1,61446
25/08/2026 13:15:00;1,61446;1,6147;1,61442;1,61445
25/08/2026 13:20:00;1,61445;1,61467;1,61442;1,6145
25/08/2026 13:25:00;1,61449;1,6149;1,61447;1,61485
25/08/2026 13:30:00;1,61485;1,61506;1,61485;1,61488
25/08/2026 13:35:00;1,61488;1,61515;1,61487;1,61509
25/08/2026 13:40:00;1,61509;1,61517;1,61504;1,61508
25/08/2026 13:45:00;1,61508;1,61512;1,61485;1,61488
25/08/2026 13:50:00;1,61488;1,61495;1,61473;1,61474
25/08/2026 13:55:00;1,61474;1,61511;1,61472;1,61505
25/08/2026 14:00:00;1,61505;1,61505;1,6148;1,61497
25/08/2026 14:05:00;1,61497;1,61508;1,6149;1,61498
25/08/2026 14:10:00;1,61498;1,61504;1,61472;1,61479
25/08/2026 14:15:00;1,61479;1,61479;1,6146;1,61465
25/08/2026 14:20:00;1,61465;1,61466;1,61445;1,61457
25/08/2026 14:25:00;1,61457;1,61472;1,61451;1,61456
25/08/2026 14:30:00;1,61456;1,61462;1,61438;1,6145
25/08/2026 14:35:00;1,6145;1,61459;1,61446;1,61455
25/08/2026 14:40:00;1,61455;1,61465;1,61448;1,61456
25/08/2026 14:45:00;1,61456;1,61469;1,61456;1,61463
25/08/2026 14:50:00;1,61463;1,61469;1,61456;1,61465
25/08/2026 14:55:00;1,61465;1,61494;1,61464;1,61484
25/08/2026 15:00:00;1,61484;1,61484;1,61437;1,61443
25/08/2026 15:05:00;1,61443;1,61456;1,61443;1,6145
25/08/2026 15:10:00;1,61454;1,61466;1,61445;1,61465
25/08/2026 15:15:00;1,61465;1,61472;1,61459;1,61464
25/08/2026 15:20:00;1,61464;1,61464;1,61443;1,61448
25/08/2026 15:25:00;1,61448;1,61454;1,61429;1,61446
25/08/2026 15:30:00;1,61446;1,61463;1,61446;1,61461
25/08/2026 15:35:00;1,61461;1,61462;1,6145;1,61457
25/08/2026 15:40:00;1,61457;1,61457;1,61442;1,61457
25/08/2026 15:45:00;1,61457;1,61457;1,61444;1,61451
25/08/2026 15:50:00;1,61451;1,61457;1,61435;1,61436
25/08/2026 15:55:00;1,61436;1,61454;1,61422;1,61432
25/08/2026 16:00:00;1,61422;1,61437;1,61414;1,61428
25/08/2026 16:05:00;1,61428;1,61444;1,61422;1,61432
25/08/2026 16:10:00;1,61432;1,61446;1,6143;1,61436
25/08/2026 16:15:00;1,61436;1,61456;1,61435;1,61447
25/08/2026 16:20:00;1,61447;1,61449;1,61427;1,61429
25/08/2026 16:25:00;1,61429;1,6143;1,6141;1,61412
25/08/2026 16:30:00;1,61412;1,61414;1,61375;1,61379
25/08/2026 16:35:00;1,61379;1,61384;1,6136;1,61371
25/08/2026 16:40:00;1,61371;1,61388;1,61367;1,61385
25/08/2026 16:45:00;1,61385;1,61411;1,61382;1,61408
25/08/2026 16:50:00;1,61408;1,61448;1,61406;1,61441
25/08/2026 16:55:00;1,61441;1,61476;1,61402;1,61466
25/08/2026 17:00:00;1,61466;1,61481;1,61453;1,61476
25/08/2026 17:05:00;1,61476;1,61518;1,61475;1,61507
25/08/2026 17:10:00;1,61507;1,61519;1,61498;1,61514
25/08/2026 17:15:00;1,61514;1,61527;1,61497;1,61504
25/08/2026 17:20:00;1,61504;1,61523;1,61501;1,61521
25/08/2026 17:25:00;1,61521;1,61528;1,61504;1,61515
25/08/2026 17:30:00;1,61515;1,61529;1,61512;1,61529
25/08/2026 17:35:00;1,61529;1,61543;1,61521;1,61535
25/08/2026 17:40:00;1,61535;1,61541;1,61508;1,61532
25/08/2026 17:45:00;1,61532;1,61543;1,61526;1,61531
25/08/2026 17:50:00;1,61531;1,61535;1,61516;1,61535
25/08/2026 17:55:00;1,61535;1,61645;1,61494;1,61545
25/08/2026 18:00:00;1,61545;1,61545;1,61545;1,61545
25/08/2026 18:05:00;1,61545;1,61545;1,61375;1,61375
25/08/2026 18:10:00;1,61375;1,61375;1,61375;1,61375
25/08/2026 19:10:00;1,61525;1,61536;1,61525;1,61535
25/08/2026 19:15:00;1,61535;1,61553;1,61535;1,61553
25/08/2026 19:20:00;1,61553;1,61555;1,61537;1,6154
25/08/2026 19:25:00;1,6154;1,61546;1,61532;1,61544
25/08/2026 19:30:00;1,61544;1,61549;1,61541;1,61543
25/08/2026 19:35:00;1,61543;1,61545;1,61538;1,61539
25/08/2026 19:40:00;1,61539;1,61541;1,61518;1,61525
25/08/2026 19:45:00;1,61528;1,61529;1,61519;1,61519
25/08/2026 19:50:00;1,61519;1,61523;1,61517;1,61522
25/08/2026 19:55:00;1,61522;1,61534;1,61518;1,61524
25/08/2026 20:00:00;1,61524;1,6153;1,61519;1,61519
25/08/2026 20:05:00;1,61519;1,61519;1,6151;1,61512
25/08/2026 20:10:00;1,61512;1,6153;1,61512;1,61521
25/08/2026 20:15:00;1,61521;1,61527;1,61518;1,61527
25/08/2026 20:20:00;1,61527;1,61527;1,61521;1,61526
25/08/2026 20:25:00;1,61527;1,61531;1,61521;1,6153
25/08/2026 20:30:00;1,6153;1,61533;1,61526;1,61529
25/08/2026 20:35:00;1,61529;1,6153;1,61527;1,61528
25/08/2026 20:40:00;1,61528;1,61528;1,61518;1,6152
25/08/2026 20:45:00;1,6152;1,61521;1,61508;1,61511
25/08/2026 20:50:00;1,61511;1,61521;1,61508;1,61519
25/08/2026 20:55:00;1,61519;1,61527;1,61508;1,61526
25/08/2026 21:00:00;1,61526;1,61526;1,61509;1,61516
25/08/2026 21:05:00;1,61516;1,61548;1,61515;1,61547
25/08/2026 21:10:00;1,61547;1,6155;1,61536;1,61546
25/08/2026 21:15:00;1,61546;1,61549;1,61534;1,61537
25/08/2026 21:20:00;1,61537;1,61549;1,61537;1,61542
25/08/2026 21:25:00;1,61542;1,61549;1,61541;1,61543
25/08/2026 21:30:00;1,61543;1,61547;1,61538;1,61546
25/08/2026 21:35:00;1,61546;1,61548;1,61535;1,6154
25/08/2026 21:40:00;1,6154;1,61564;1,6154;1,61553
25/08/2026 21:45:00;1,61553;1,6158;1,61553;1,61578
25/08/2026 21:50:00;1,61578;1,61592;1,61576;1,61584
25/08/2026 21:55:00;1,61584;1,61584;1,61559;1,61561
25/08/2026 22:00:00;1,61561;1,61604;1,61559;1,616
25/08/2026 22:05:00;1,616;1,61614;1,61589;1,61609
25/08/2026 22:10:00;1,61609;1,6162;1,61605;1,61612
25/08/2026 22:15:00;1,61612;1,61619;1,61596;1,61599
25/08/2026 22:20:00;1,61599;1,61605;1,61586;1,61587
25/08/2026 22:25:00;1,61587;1,61591;1,61584;1,61589
25/08/2026 22:30:00;1,61589;1,61589;1,61549;1,61573
25/08/2026 22:35:00;1,61573;1,61575;1,61562;1,61575
25/08/2026 22:40:00;1,61575;1,61577;1,61557;1,61577
25/08/2026 22:45:00;1,61577;1,61578;1,61553;1,6156
25/08/2026 22:50:00;1,6156;1,6156;1,61547;1,61547
25/08/2026 22:55:00;1,61547;1,61562;1,6154;1,61562
25/08/2026 23:00:00;1,61562;1,61585;1,61561;1,61576
25/08/2026 23:05:00;1,61576;1,61592;1,61576;1,61587
25/08/2026 23:10:00;1,61587;1,61624;1,61582;1,61615
25/08/2026 23:15:00;1,61615;1,61628;1,61605;1,61622
25/08/2026 23:20:00;1,61622;1,61645;1,61619;1,61642
25/08/2026 23:25:00;1,61642;1,61654;1,61639;1,61642
25/08/2026 23:30:00;1,61642;1,61642;1,6162;1,61631
25/08/2026 23:35:00;1,61631;1,61631;1,61608;1,61613
25/08/2026 23:40:00;1,61613;1,61643;1,61613;1,61643
25/08/2026 23:45:00;1,61643;1,61649;1,61639;1,61648
25/08/2026 23:50:00;1,61648;1,61658;1,6164;1,61645
25/08/2026 23:55:00;1,61645;1,61655;1,61634;1,61639
26/08/2026 00:00:00;1,61639;1,61661;1,61637;1,6166
26/08/2026 00:05:00;1,6166;1,6166;1,61645;1,61652
26/08/2026 00:10:00;1,61652;1,61661;1,61652;1,61659
26/08/2026 00:15:00;1,61659;1,61669;1,61659;1,61663
26/08/2026 00:20:00;1,61663;1,61679;1,61663;1,61672
26/08/2026 00:25:00;1,61672;1,61686;1,61665;1,61668
26/08/2026 00:30:00;1,61668;1,61668;1,61637;1,61642
26/08/2026 00:35:00;1,61642;1,61662;1,6164;1,6166
26/08/2026 00:40:00;1,6166;1,6166;1,61636;1,61641
26/08/2026 00:45:00;1,61641;1,61641;1,61627;1,61634
26/08/2026 00:50:00;1,61636;1,61641;1,61631;1,616365
26/08/2026 00:55:00;1,616365;1,61649;1,61633;1,61648
26/08/2026 01:00:00;1,61648;1,61649;1,61635;1,61642
26/08/2026 01:05:00;1,61642;1,61657;1,61642;1,61648
26/08/2026 01:10:00;1,61648;1,61658;1,61648;1,61656
26/08/2026 01:15:00;1,61657;1,61657;1,61638;1,616409
26/08/2026 01:20:00;1,616409;1,61659;1,616393;1,61657
26/08/2026 01:25:00;1,61657;1,6167;1,61655;1,61669
26/08/2026 01:30:00;1,61669;1,61671;1,61664;1,61664
26/08/2026 01:35:00;1,61664;1,61664;1,61649;1,6166
26/08/2026 01:40:00;1,6166;1,61666;1,61656;1,61662
26/08/2026 01:45:00;1,61662;1,61672;1,61659;1,61667
26/08/2026 01:50:00;1,61667;1,61673;1,61658;1,61659
26/08/2026 01:55:00;1,61659;1,61678;1,61659;1,61678
26/08/2026 02:00:00;1,61678;1,61681;1,6167;1,6168
26/08/2026 02:05:00;1,6168;1,61681;1,61673;1,6168
26/08/2026 02:10:00;1,6168;1,61682;1,61672;1,61679
26/08/2026 02:15:00;1,61679;1,617;1,61676;1,61681
26/08/2026 02:20:00;1,61681;1,6169;1,61675;1,61684
26/08/2026 02:25:00;1,61684;1,61688;1,61674;1,61683
26/08/2026 02:30:00;1,61683;1,61696;1,61672;1,61695
26/08/2026 02:35:00;1,61695;1,61703;1,6168;1,61691
26/08/2026 02:40:00;1,61691;1,61695;1,61679;1,6168
26/08/2026 02:45:00;1,6168;1,6169;1,61677;1,61686
26/08/2026 02:50:00;1,61686;1,61687;1,61665;1,61671
26/08/2026 02:55:00;1,61671;1,61683;1,61667;1,61669
26/08/2026 03:00:00;1,61669;1,6169;1,61649;1,61649
26/08/2026 03:05:00;1,61649;1,61651;1,61631;1,61646
26/08/2026 03:10:00;1,61646;1,6166;1,61641;1,61645
26/08/2026 03:15:00;1,61645;1,6165;1,61622;1,61637
26/08/2026 03:20:00;1,61637;1,61637;1,61588;1,61589
26/08/2026 03:25:00;1,61589;1,61616;1,61589;1,61615
26/08/2026 03:30:00;1,61615;1,61652;1,61615;1,61651
26/08/2026 03:35:00;1,61651;1,61662;1,6164;1,61659
26/08/2026 03:40:00;1,61659;1,61686;1,61653;1,61686
26/08/2026 03:45:00;1,61686;1,61707;1,61685;1,61702
26/08/2026 03:50:00;1,61702;1,61722;1,61702;1,61712
26/08/2026 03:55:00;1,61712;1,6172;1,61693;1,61719
26/08/2026 04:00:00;1,61719;1,61743;1,61711;1,61736
26/08/2026 04:05:00;1,61736;1,61751;1,61736;1,61748
26/08/2026 04:10:00;1,61748;1,6178;1,6174;1,61745
26/08/2026 04:15:00;1,61745;1,61773;1,6174;1,61765
26/08/2026 04:20:00;1,61765;1,61769;1,61756;1,61756
26/08/2026 04:25:00;1,61756;1,61766;1,61729;1,61744
26/08/2026 04:30:00;1,61744;1,61756;1,61734;1,61737
26/08/2026 04:35:00;1,61737;1,61756;1,61735;1,61745
26/08/2026 04:40:00;1,61745;1,61753;1,61725;1,61731
26/08/2026 04:45:00;1,61731;1,61748;1,61723;1,6173
26/08/2026 04:50:00;1,6173;1,61744;1,61724;1,61736
26/08/2026 04:55:00;1,61736;1,61786;1,61729;1,61781
26/08/2026 05:00:00;1,61781;1,61781;1,61766;1,61769
26/08/2026 05:05:00;1,61769;1,61787;1,61762;1,61786
26/08/2026 05:10:00;1,61786;1,61791;1,61769;1,61783
26/08/2026 05:15:00;1,61783;1,61808;1,61774;1,61805
26/08/2026 05:20:00;1,61805;1,61819;1,61786;1,61818
26/08/2026 05:25:00;1,61818;1,61853;1,61804;1,61842
26/08/2026 05:30:00;1,61842;1,61843;1,61819;1,61824
26/08/2026 05:35:00;1,61824;1,61837;1,6182;1,61827
26/08/2026 05:40:00;1,61827;1,61832;1,61812;1,61822
26/08/2026 05:45:00;1,61822;1,6184;1,61819;1,61836
26/08/2026 05:50:00;1,61836;1,61854;1,6181;1,61817
26/08/2026 05:55:00;1,61817;1,61826;1,61807;1,61817
26/08/2026 06:00:00;1,61817;1,61818;1,61785;1,61805
26/08/2026 06:05:00;1,61805;1,6181;1,61785;1,61787
26/08/2026 06:10:00;1,61787;1,61803;1,61786;1,61793
26/08/2026 06:15:00;1,61793;1,61799;1,61784;1,61786
26/08/2026 06:20:00;1,61786;1,61791;1,61754;1,61754
26/08/2026 06:25:00;1,61754;1,61755;1,6173;1,61745
26/08/2026 06:30:00;1,61745;1,6179;1,61743;1,61784
26/08/2026 06:35:00;1,61784;1,61801;1,61779;1,6178
26/08/2026 06:40:00;1,6178;1,61787;1,61769;1,61782
26/08/2026 06:45:00;1,61782;1,61788;1,61763;1,61769
26/08/2026 06:50:00;1,61769;1,61786;1,61765;1,61774
26/08/2026 06:55:00;1,61774;1,61776;1,61755;1,61756
26/08/2026 07:00:00;1,61756;1,61756;1,61732;1,61743
26/08/2026 07:05:00;1,61743;1,61756;1,6174;1,61745
26/08/2026 07:10:00;1,61745;1,61753;1,61743;1,61744
26/08/2026 07:15:00;1,61744;1,61767;1,61743;1,61765
26/08/2026 07:20:00;1,61765;1,61773;1,61757;1,61761
26/08/2026 07:25:00;1,61761;1,61762;1,61729;1,61735
26/08/2026 07:30:00;1,61735;1,61745;1,61718;1,61741
26/08/2026 07:35:00;1,61741;1,61762;1,61737;1,61759
26/08/2026 07:40:00;1,61759;1,61765;1,61751;1,61757
26/08/2026 07:45:00;1,61757;1,61759;1,6174;1,61745
26/08/2026 07:50:00;1,61745;1,61746;1,61722;1,61724
26/08/2026 07:55:00;1,61724;1,61728;1,6171;1,61722
26/08/2026 08:00:00;1,61722;1,61772;1,61722;1,61761
26/08/2026 08:05:00;1,61761;1,61811;1,61757;1,61803
26/08/2026 08:10:00;1,61803;1,61813;1,61771;1,61779
26/08/2026 08:15:00;1,61779;1,61786;1,61762;1,61765
26/08/2026 08:20:00;1,61765;1,61767;1,61729;1,61731
26/08/2026 08:25:00;1,61731;1,61763;1,6172;1,61757
26/08/2026 08:30:00;1,61757;1,61768;1,61738;1,61752
26/08/2026 08:35:00;1,61752;1,61765;1,61745;1,61757
26/08/2026 08:40:00;1,61757;1,61763;1,61726;1,61732
26/08/2026 08:45:00;1,61732;1,61743;1,61723;1,61738
26/08/2026 08:50:00;1,61738;1,61747;1,61722;1,61747
26/08/2026 08:55:00;1,61747;1,61755;1,61734;1,61743
26/08/2026 09:00:00;1,61743;1,61751;1,61723;1,61744
26/08/2026 09:05:00;1,61744;1,61765;1,61739;1,61745
26/08/2026 09:10:00;1,61745;1,61796;1,61745;1,61785
26/08/2026 09:15:00;1,61785;1,61788;1,6176;1,61773
26/08/2026 09:20:00;1,61773;1,61783;1,61753;1,61759
26/08/2026 09:25:00;1,61759;1,61773;1,61653;1,61653
26/08/2026 09:30:00;1,61653;1,61758;1,61617;1,61708
26/08/2026 09:35:00;1,61708;1,61725;1,61694;1,61718
26/08/2026 09:40:00;1,61718;1,6175;1,6171;1,61721
26/08/2026 09:45:00;1,61721;1,61732;1,617;1,6173
26/08/2026 09:50:00;1,6173;1,61733;1,61656;1,61668
26/08/2026 09:55:00;1,61668;1,61701;1,61649;1,61677
26/08/2026 10:00:00;1,61677;1,61708;1,61669;1,61675
26/08/2026 10:05:00;1,61675;1,61701;1,61667;1,61687
26/08/2026 10:10:00;1,61687;1,61711;1,61647;1,61704
26/08/2026 10:15:00;1,61704;1,61728;1,61678;1,61723
26/08/2026 10:20:00;1,61723;1,61723;1,61687;1,6171
26/08/2026 10:25:00;1,6171;1,61714;1,61676;1,61692
26/08/2026 10:30:00;1,61692;1,61751;1,61688;1,61712
26/08/2026 10:35:00;1,61712;1,61735;1,61696;1,61723
26/08/2026 10:40:00;1,61723;1,61726;1,61519;1,61672
26/08/2026 10:45:00;1,61672;1,61679;1,61623;1,6163
26/08/2026 10:50:00;1,6163;1,6166;1,61619;1,6163
26/08/2026 10:55:00;1,6163;1,61651;1,6158;1,616
26/08/2026 11:00:00;1,616;1,61612;1,61575;1,61586
26/08/2026 11:05:00;1,61586;1,61608;1,61564;1,61607
26/08/2026 11:10:00;1,61607;1,61629;1,61585;1,61625
26/08/2026 11:15:00;1,61625;1,61648;1,61618;1,61634
26/08/2026 11:20:00;1,61634;1,61684;1,61623;1,61679
26/08/2026 11:25:00;1,61679;1,61684;1,61648;1,61668
26/08/2026 11:30:00;1,61668;1,61696;1,61659;1,61687
26/08/2026 11:35:00;1,61687;1,61726;1,61671;1,61725
26/08/2026 11:40:00;1,61725;1,61732;1,6169;1,61696
26/08/2026 11:45:00;1,61696;1,61737;1,61689;1,61732
26/08/2026 11:50:00;1,61732;1,61777;1,61726;1,61774
26/08/2026 11:55:00;1,61774;1,61778;1,61739;1,61751
26/08/2026 12:00:00;1,61751;1,61777;1,61748;1,61765
26/08/2026 12:05:00;1,61765;1,6177;1,61737;1,61738
26/08/2026 12:10:00;1,61738;1,61793;1,61738;1,61775
26/08/2026 12:15:00;1,61775;1,61803;1,61767;1,61782
26/08/2026 12:20:00;1,61782;1,61788;1,61754;1,6176
