horario;abertura;maxima;minima;fechamento
07/08/2026 06:20:00;0,57055;0,57056;0,57044;0,57056
07/08/2026 06:25:00;0,57056;0,57058;0,57051;0,57054
07/08/2026 06:30:00;0,57054;0,57057;0,57043;0,57054
07/08/2026 06:35:00;0,57054;0,57066;0,57054;0,57058
07/08/2026 06:40:00;0,57058;0,57059;0,57049;0,57055
07/08/2026 06:45:00;0,57055;0,57061;0,57049;0,57049
07/08/2026 06:50:00;0,57049;0,57056;0,57043;0,57047
07/08/2026 06:55:00;0,57047;0,57054;0,5704;0,57053
07/08/2026 07:00:00;0,57053;0,57061;0,57047;0,57056
07/08/2026 07:05:00;0,57056;0,57057;0,57038;0,57039
07/08/2026 07:10:00;0,57039;0,57047;0,57034;0,57045
07/08/2026 07:15:00;0,57045;0,57046;0,57036;0,57037
07/08/2026 07:20:00;0,57037;0,57039;0,57026;0,5703
07/08/2026 07:25:00;0,5703;0,5704;0,5703;0,57032
07/08/2026 07:30:00;0,57032;0,57033;0,57019;0,57027
07/08/2026 07:35:00;0,57027;0,57028;0,57015;0,57018
07/08/2026 07:40:00;0,57018;0,5702;0,57009;0,57014
07/08/2026 07:45:00;0,57014;0,57014;0,57005;0,57005
07/08/2026 07:50:00;0,57005;0,57011;0,56997;0,57009
07/08/2026 07:55:00;0,57009;0,57012;0,57003;0,57007
07/08/2026 08:00:00;0,57007;0,57017;0,57001;0,57004
07/08/2026 08:05:00;0,57004;0,57015;0,57001;0,57011
07/08/2026 08:10:00;0,57011;0,57015;0,57003;0,57015
07/08/2026 08:15:00;0,57015;0,57027;0,57015;0,57026
07/08/2026 08:20:00;0,57026;0,57029;0,57019;0,57028
07/08/2026 08:25:00;0,57028;0,57034;0,57024;0,5703
07/08/2026 08:30:00;0,5703;0,57042;0,57028;0,57035
07/08/2026 08:35:00;0,57035;0,57039;0,57029;0,57034
07/08/2026 08:40:00;0,57034;0,57037;0,57028;0,57032
07/08/2026 08:45:00;0,57032;0,57037;0,57027;0,57036
07/08/2026 08:50:00;0,57036;0,57045;0,57034;0,57044
07/08/2026 08:55:00;0,57044;0,57051;0,57038;0,57041
07/08/2026 09:00:00;0,57041;0,57044;0,57026;0,57028
07/08/2026 09:05:00;0,57028;0,57041;0,57025;0,5704
07/08/2026 09:10:00;0,5704;0,57054;0,57035;0,57053
07/08/2026 09:15:00;0,57053;0,57062;0,57052;0,57057
07/08/2026 09:20:00;0,57057;0,57065;0,57055;0,57061
07/08/2026 09:25:00;0,57061;0,57067;0,57003;0,57003
07/08/2026 09:30:00;0,57003;0,57088;0,56969;0,57053
07/08/2026 09:35:00;0,57053;0,57063;0,56964;0,57046
07/08/2026 09:40:00;0,57046;0,57054;0,57023;0,57031
07/08/2026 09:45:00;0,57031;0,57041;0,57014;0,57026
07/08/2026 09:50:00;0,57026;0,57049;0,57025;0,5703
07/08/2026 09:55:00;0,5703;0,57043;0,57024;0,57033
07/08/2026 10:00:00;0,57033;0,5704;0,57019;0,57023
07/08/2026 10:05:00;0,57023;0,57036;0,57009;0,57029
07/08/2026 10:10:00;0,57029;0,57045;0,57013;0,57019
07/08/2026 10:15:00;0,57019;0,57028;0,57013;0,57022
07/08/2026 10:20:00;0,57022;0,57049;0,57019;0,57039
07/08/2026 10:25:00;0,57039;0,57047;0,57025;0,5704
07/08/2026 10:30:00;0,5704;0,57058;0,57025;0,57058
07/08/2026 10:35:00;0,57058;0,57079;0,57057;0,57073
07/08/2026 10:40:00;0,57073;0,57073;0,57045;0,5705
07/08/2026 10:45:00;0,5705;0,57067;0,57046;0,57056
07/08/2026 10:50:00;0,57056;0,57067;0,5705;0,57059
07/08/2026 10:55:00;0,57059;0,5707;0,57026;0,57052
07/08/2026 11:00:00;0,57052;0,57078;0,57044;0,57058
07/08/2026 11:05:00;0,57058;0,57062;0,57036;0,57039
07/08/2026 11:10:00;0,57039;0,57042;0,57031;0,57038
07/08/2026 11:15:00;0,57038;0,57057;0,57036;0,57053
07/08/2026 11:20:00;0,57053;0,57057;0,57034;0,5704
07/08/2026 11:25:00;0,5704;0,57074;0,5704;0,57074
07/08/2026 11:30:00;0,57074;0,57074;0,57044;0,57051
07/08/2026 11:35:00;0,57051;0,57056;0,57043;0,57043
07/08/2026 11:40:00;0,57043;0,57049;0,57038;0,5704
07/08/2026 11:45:00;0,5704;0,57067;0,5704;0,5705
07/08/2026 11:50:00;0,5705;0,57055;0,5704;0,57046
07/08/2026 11:55:00;0,57046;0,57081;0,57044;0,57064
07/08/2026 12:00:00;0,57064;0,57064;0,57048;0,57053
07/08/2026 12:05:00;0,57053;0,57054;0,57038;0,57044
07/08/2026 12:10:00;0,57044;0,57051;0,57027;0,57032
07/08/2026 12:15:00;0,57032;0,57039;0,57022;0,57032
07/08/2026 12:20:00;0,57032;0,57034;0,57024;0,57032
07/08/2026 12:25:00;0,57032;0,57048;0,5703;0,57041
07/08/2026 12:30:00;0,57041;0,57049;0,5704;0,57046
07/08/2026 12:35:00;0,57046;0,57049;0,57024;0,5703
07/08/2026 12:40:00;0,5703;0,57031;0,57021;0,57031
07/08/2026 12:45:00;0,57031;0,57033;0,57015;0,57022
07/08/2026 12:50:00;0,57022;0,57036;0,57015;0,57035
07/08/2026 12:55:00;0,57035;0,57049;0,57035;0,57049
07/08/2026 13:00:00;0,57049;0,57056;0,5704;0,57054
07/08/2026 13:05:00;0,57054;0,57055;0,57047;0,57049
07/08/2026 13:10:00;0,57049;0,57052;0,57043;0,57049
07/08/2026 13:15:00;0,57049;0,57059;0,57048;0,57053
07/08/2026 13:20:00;0,57053;0,57056;0,56986;0,57044
07/08/2026 13:25:00;0,57044;0,5705;0,57034;0,57044
07/08/2026 13:30:00;0,57044;0,57059;0,57037;0,57056
07/08/2026 13:35:00;0,57056;0,57059;0,57044;0,57047
07/08/2026 13:40:00;0,57047;0,57051;0,57044;0,57046
07/08/2026 13:45:00;0,57046;0,57049;0,57039;0,57049
07/08/2026 13:50:00;0,57049;0,57054;0,57044;0,57052
07/08/2026 13:55:00;0,57052;0,57062;0,57052;0,57062
07/08/2026 14:00:00;0,57062;0,57065;0,57054;0,57063
07/08/2026 14:05:00;0,57063;0,57075;0,57062;0,57072
07/08/2026 14:10:00;0,57072;0,57076;0,57064;0,57064
07/08/2026 14:15:00;0,57064;0,57066;0,57058;0,5706
07/08/2026 14:20:00;0,5706;0,57061;0,57056;0,5706
07/08/2026 14:25:00;0,5706;0,57069;0,57059;0,57067
07/08/2026 14:30:00;0,57067;0,57076;0,57066;0,57071
07/08/2026 14:35:00;0,57071;0,57078;0,57068;0,57077
07/08/2026 14:40:00;0,57077;0,5708;0,5707;0,57074
07/08/2026 14:45:00;0,57074;0,5708;0,57074;0,57079
07/08/2026 14:50:00;0,57079;0,5708;0,57071;0,57076
07/08/2026 14:55:00;0,57076;0,57078;0,57071;0,57074
07/08/2026 15:00:00;0,57074;0,57081;0,57072;0,57079
07/08/2026 15:05:00;0,57079;0,57079;0,57067;0,57072
07/08/2026 15:10:00;0,57072;0,57073;0,57066;0,57067
07/08/2026 15:15:00;0,57067;0,57076;0,57064;0,57075
07/08/2026 15:20:00;0,57075;0,57077;0,57068;0,57071
07/08/2026 15:25:00;0,57071;0,57072;0,57066;0,57067
07/08/2026 15:30:00;0,57067;0,57069;0,57064;0,57065
07/08/2026 15:35:00;0,57065;0,57067;0,5706;0,57066
07/08/2026 15:40:00;0,57066;0,57071;0,57065;0,57068
07/08/2026 15:45:00;0,57068;0,57075;0,57066;0,57068
07/08/2026 15:50:00;0,57068;0,57068;0,5706;0,57064
07/08/2026 15:55:00;0,57064;0,57081;0,57064;0,57079
07/08/2026 16:00:00;0,57079;0,57086;0,57074;0,5708
07/08/2026 16:05:00;0,5708;0,57087;0,5708;0,57086
07/08/2026 16:10:00;0,57086;0,57093;0,57085;0,57091
07/08/2026 16:15:00;0,57091;0,57095;0,57088;0,57088
07/08/2026 16:20:00;0,57088;0,5709;0,5708;0,5708
07/08/2026 16:25:00;0,5708;0,57088;0,57079;0,57087
07/08/2026 16:30:00;0,57087;0,57087;0,57075;0,57083
07/08/2026 16:35:00;0,57083;0,5709;0,57082;0,57087
07/08/2026 16:40:00;0,57087;0,5709;0,5708;0,57083
07/08/2026 16:45:00;0,57083;0,57087;0,57082;0,57085
07/08/2026 16:50:00;0,57085;0,57094;0,57085;0,57092
07/08/2026 16:55:00;0,57092;0,57095;0,57086;0,57087
07/08/2026 17:00:00;0,57087;0,57092;0,5708;0,57082
07/08/2026 17:05:00;0,57082;0,57089;0,57081;0,57084
07/08/2026 17:10:00;0,57084;0,57091;0,57084;0,57091
07/08/2026 17:15:00;0,57091;0,57096;0,57089;0,57091
07/08/2026 17:20:00;0,57091;0,57096;0,57086;0,57096
07/08/2026 17:25:00;0,57096;0,57104;0,57092;0,57093
07/08/2026 17:30:00;0,57093;0,57093;0,57084;0,57086
07/08/2026 17:35:00;0,57086;0,57089;0,57079;0,57089
07/08/2026 17:40:00;0,57089;0,57089;0,57073;0,57079
07/08/2026 17:45:00;0,57079;0,57084;0,57079;0,57081
07/08/2026 17:50:00;0,57081;0,57084;0,57079;0,57084
07/08/2026 17:55:00;0,57084;0,57099;0,57008;0,57059
07/08/2026 18:00:00;0,57059;0,57059;0,57059;0,57059
07/08/2026 18:05:00;0,57059;0,57059;0,57059;0,57059
10/08/2026 00:15:00;0,57099;0,57101;0,57096;0,57096
10/08/2026 00:20:00;0,57096;0,57103;0,57093;0,57098
10/08/2026 00:25:00;0,57098;0,57105;0,57092;0,57103
10/08/2026 00:30:00;0,57103;0,57106;0,57098;0,57106
10/08/2026 00:35:00;0,57106;0,57119;0,57104;0,57119
10/08/2026 00:40:00;0,57119;0,57123;0,57117;0,57119
10/08/2026 00:45:00;0,57119;0,57124;0,57118;0,5712
10/08/2026 00:50:00;0,5712;0,57124;0,57118;0,57124
10/08/2026 00:55:00;0,57124;0,57125;0,57118;0,57119
10/08/2026 01:00:00;0,57119;0,57122;0,57108;0,57109
10/08/2026 01:05:00;0,57109;0,57114;0,57107;0,57112
10/08/2026 01:10:00;0,57112;0,57118;0,57107;0,57117
10/08/2026 01:15:00;0,57117;0,57117;0,57113;0,57117
10/08/2026 01:20:00;0,57117;0,57118;0,57108;0,57108
10/08/2026 01:25:00;0,57108;0,57118;0,57106;0,57118
10/08/2026 01:30:00;0,57118;0,57124;0,57117;0,57123
10/08/2026 01:35:00;0,57123;0,57126;0,5712;0,57122
10/08/2026 01:40:00;0,57122;0,57125;0,57116;0,57124
10/08/2026 01:45:00;0,57124;0,57131;0,57124;0,57125
10/08/2026 01:50:00;0,57125;0,57131;0,57121;0,57129
10/08/2026 01:55:00;0,57129;0,57133;0,57126;0,57129
10/08/2026 02:00:00;0,57129;0,57146;0,57123;0,57145
10/08/2026 02:05:00;0,57145;0,5715;0,5714;0,57147
10/08/2026 02:10:00;0,57147;0,57154;0,57147;0,57148
10/08/2026 02:15:00;0,57148;0,57154;0,57143;0,57154
10/08/2026 02:20:00;0,57154;0,5716;0,57152;0,57154
10/08/2026 02:25:00;0,57154;0,57154;0,57149;0,57151
10/08/2026 02:30:00;0,57151;0,57164;0,5715;0,57164
10/08/2026 02:35:00;0,57164;0,57177;0,57161;0,57173
10/08/2026 02:40:00;0,57173;0,57178;0,57169;0,57177
10/08/2026 02:45:00;0,57177;0,57178;0,57169;0,57172
10/08/2026 02:50:00;0,57172;0,57176;0,5717;0,57173
10/08/2026 02:55:00;0,57173;0,57177;0,57171;0,57174
10/08/2026 03:00:00;0,57174;0,57174;0,57159;0,57167
10/08/2026 03:05:00;0,57167;0,5718;0,57166;0,5717
10/08/2026 03:10:00;0,5717;0,57173;0,57074;0,57161
10/08/2026 03:15:00;0,57161;0,57184;0,57161;0,57167
10/08/2026 03:20:00;0,57167;0,57177;0,57159;0,5716
10/08/2026 03:25:00;0,5716;0,57163;0,57141;0,57148
10/08/2026 03:30:00;0,57148;0,57149;0,57134;0,5714
10/08/2026 03:35:00;0,5714;0,57141;0,5713;0,57136
10/08/2026 03:40:00;0,57136;0,57136;0,57124;0,57125
10/08/2026 03:45:00;0,57125;0,57135;0,57119;0,57125
10/08/2026 03:50:00;0,57125;0,57128;0,57121;0,57126
10/08/2026 03:55:00;0,57126;0,57128;0,57121;0,57122
10/08/2026 04:00:00;0,57122;0,5714;0,57118;0,5713
10/08/2026 04:05:00;0,5713;0,57134;0,57119;0,5712
10/08/2026 04:10:00;0,5712;0,57127;0,57118;0,57124
10/08/2026 04:15:00;0,57124;0,57126;0,57111;0,57125
10/08/2026 04:20:00;0,57125;0,57132;0,57114;0,57122
10/08/2026 04:25:00;0,57122;0,57122;0,57104;0,5711
10/08/2026 04:30:00;0,5711;0,57111;0,57092;0,57096
10/08/2026 04:35:00;0,57096;0,57098;0,57075;0,57081
10/08/2026 04:40:00;0,57081;0,57084;0,5706;0,57063
10/08/2026 04:45:00;0,57063;0,57071;0,57052;0,5706
10/08/2026 04:50:00;0,5706;0,57079;0,57056;0,57075
10/08/2026 04:55:00;0,57075;0,57077;0,57062;0,57067
10/08/2026 05:00:00;0,57067;0,57075;0,57064;0,57069
10/08/2026 05:05:00;0,57069;0,57091;0,57065;0,57089
10/08/2026 05:10:00;0,57089;0,57099;0,57084;0,57094
10/08/2026 05:15:00;0,57094;0,57101;0,5709;0,57096
10/08/2026 05:20:00;0,57096;0,57099;0,57091;0,57096
10/08/2026 05:25:00;0,57096;0,5712;0,57096;0,57116
10/08/2026 05:30:00;0,57116;0,57127;0,57115;0,5712
10/08/2026 05:35:00;0,5712;0,5713;0,57118;0,57121
10/08/2026 05:40:00;0,57121;0,5713;0,57121;0,57122
10/08/2026 05:45:00;0,57122;0,57129;0,57118;0,57119
10/08/2026 05:50:00;0,57119;0,5714;0,57117;0,57136
10/08/2026 05:55:00;0,57136;0,57137;0,57128;0,57128
10/08/2026 06:00:00;0,57128;0,57129;0,57118;0,57123
10/08/2026 06:05:00;0,57123;0,57123;0,57106;0,57106
10/08/2026 06:10:00;0,57106;0,57112;0,57104;0,5711
10/08/2026 06:15:00;0,5711;0,5711;0,57101;0,57104
10/08/2026 06:20:00;0,57104;0,57113;0,57101;0,57106
10/08/2026 06:25:00;0,57106;0,57117;0,57106;0,57116
10/08/2026 06:30:00;0,57116;0,57119;0,57105;0,57106
10/08/2026 06:35:00;0,57106;0,57107;0,57096;0,57101
10/08/2026 06:40:00;0,57101;0,57106;0,57098;0,57099
10/08/2026 06:45:00;0,57099;0,571;0,57092;0,57095
10/08/2026 06:50:00;0,57095;0,57096;0,57082;0,57084
10/08/2026 06:55:00;0,57084;0,57103;0,57084;0,57099
10/08/2026 07:00:00;0,57099;0,57105;0,57091;0,57104
10/08/2026 07:05:00;0,57104;0,57109;0,57099;0,571
10/08/2026 07:10:00;0,571;0,57104;0,57091;0,57091
10/08/2026 07:15:00;0,57091;0,57101;0,57085;0,57092
10/08/2026 07:20:00;0,57092;0,57095;0,57079;0,57093
10/08/2026 07:25:00;0,57093;0,571;0,57088;0,57089
10/08/2026 07:30:00;0,57089;0,57096;0,57087;0,57096
10/08/2026 07:35:00;0,57096;0,57114;0,57093;0,5711
10/08/2026 07:40:00;0,5711;0,57117;0,57106;0,57115
10/08/2026 07:45:00;0,57115;0,57129;0,57114;0,57129
10/08/2026 07:50:00;0,57129;0,57131;0,57117;0,57128
10/08/2026 07:55:00;0,57128;0,57139;0,57125;0,57136
10/08/2026 08:00:00;0,57136;0,57137;0,57121;0,57121
10/08/2026 08:05:00;0,57121;0,57124;0,57103;0,57105
10/08/2026 08:10:00;0,57105;0,57114;0,57104;0,57109
10/08/2026 08:15:00;0,57109;0,57128;0,57107;0,57126
10/08/2026 08:20:00;0,57126;0,57132;0,57121;0,57121
10/08/2026 08:25:00;0,57121;0,57128;0,57111;0,57113
10/08/2026 08:30:00;0,57113;0,57119;0,57102;0,57115
10/08/2026 08:35:00;0,57115;0,57119;0,57111;0,57112
10/08/2026 08:40:00;0,57112;0,57123;0,57111;0,57116
10/08/2026 08:45:00;0,57116;0,57119;0,57109;0,57116
10/08/2026 08:50:00;0,57116;0,57119;0,57112;0,57114
10/08/2026 08:55:00;0,57114;0,57118;0,57108;0,57109
10/08/2026 09:00:00;0,57109;0,57112;0,571;0,57101
10/08/2026 09:05:00;0,57101;0,57102;0,57074;0,5709
10/08/2026 09:10:00;0,5709;0,57103;0,5709;0,57095
10/08/2026 09:15:00;0,57095;0,57095;0,57075;0,57077
10/08/2026 09:20:00;0,57077;0,57082;0,57073;0,57076
10/08/2026 09:25:00;0,57076;0,57097;0,57075;0,57086
10/08/2026 09:30:00;0,57086;0,57096;0,57079;0,5709
10/08/2026 09:35:00;0,5709;0,57092;0,57081;0,57089
10/08/2026 09:40:00;0,57089;0,57113;0,57089;0,57111
10/08/2026 09:45:00;0,57111;0,57113;0,57099;0,57102
10/08/2026 09:50:00;0,57102;0,57112;0,571;0,57111
10/08/2026 09:55:00;0,57111;0,57117;0,57108;0,57116
10/08/2026 10:00:00;0,57116;0,57125;0,57113;0,57123
10/08/2026 10:05:00;0,57123;0,57133;0,57119;0,57129
10/08/2026 10:10:00;0,57129;0,57129;0,57105;0,57105
10/08/2026 10:15:00;0,57105;0,57109;0,57094;0,57096
10/08/2026 10:20:00;0,57096;0,57114;0,57096;0,57109
10/08/2026 10:25:00;0,57109;0,57117;0,57106;0,57113
10/08/2026 10:30:00;0,57113;0,57126;0,57109;0,57115
10/08/2026 10:35:00;0,57115;0,57125;0,57105;0,57115
10/08/2026 10:40:00;0,57115;0,57133;0,57105;0,57128
10/08/2026 10:45:00;0,57128;0,57131;0,57117;0,5713
10/08/2026 10:50:00;0,5713;0,57155;0,57127;0,5715
10/08/2026 10:55:00;0,5715;0,57152;0,5713;0,57152
10/08/2026 11:00:00;0,57152;0,57168;0,57147;0,5715
10/08/2026 11:05:00;0,5715;0,57159;0,57149;0,57153
10/08/2026 11:10:00;0,57153;0,57161;0,5715;0,57156
10/08/2026 11:15:00;0,57156;0,57161;0,57074;0,57131
10/08/2026 11:20:00;0,57131;0,57136;0,57122;0,57127
10/08/2026 11:25:00;0,57127;0,57132;0,57111;0,57126
10/08/2026 11:30:00;0,57126;0,57139;0,57111;0,57135
10/08/2026 11:35:00;0,57135;0,57151;0,57135;0,57144
10/08/2026 11:40:00;0,57144;0,57149;0,57138;0,57147
10/08/2026 11:45:00;0,57147;0,57148;0,57137;0,57147
10/08/2026 11:50:00;0,57147;0,57148;0,57124;0,57127
10/08/2026 11:55:00;0,57127;0,57147;0,57112;0,57112
10/08/2026 12:00:00;0,57112;0,57133;0,57106;0,57133
10/08/2026 12:05:00;0,57133;0,57148;0,57127;0,57138
10/08/2026 12:10:00;0,57138;0,57145;0,57135;0,57138
10/08/2026 12:15:00;0,57138;0,57152;0,57132;0,57148
10/08/2026 12:20:00;0,57148;0,57156;0,57137;0,57138
10/08/2026 12:25:00;0,57138;0,57159;0,57135;0,57156
10/08/2026 12:30:00;0,57156;0,57162;0,57146;0,57161
10/08/2026 12:35:00;0,57161;0,57169;0,57152;0,57167
10/08/2026 12:40:00;0,57167;0,57177;0,57164;0,57174
10/08/2026 12:45:00;0,57174;0,57177;0,57162;0,57165
10/08/2026 12:50:00;0,57165;0,57166;0,57147;0,5715
10/08/2026 12:55:00;0,5715;0,57154;0,57141;0,57148
10/08/2026 13:00:00;0,57148;0,57153;0,57145;0,5715
10/08/2026 13:05:00;0,5715;0,57158;0,57146;0,57153
10/08/2026 13:10:00;0,57153;0,57154;0,57148;0,57152
10/08/2026 13:15:00;0,57152;0,57157;0,57148;0,57149
10/08/2026 13:20:00;0,57149;0,57157;0,57147;0,57156
10/08/2026 13:25:00;0,57156;0,57161;0,5715;0,57151
10/08/2026 13:30:00;0,57151;0,57155;0,57074;0,57138
10/08/2026 13:35:00;0,57138;0,5715;0,57137;0,57147
10/08/2026 13:40:00;0,57147;0,57152;0,57143;0,57149
10/08/2026 13:45:00;0,57149;0,57158;0,57148;0,57156
10/08/2026 13:50:00;0,57156;0,57161;0,5715;0,57152
10/08/2026 13:55:00;0,57155;0,57163;0,57155;0,57162
10/08/2026 14:00:00;0,57162;0,5717;0,57158;0,57165
10/08/2026 14:05:00;0,57165;0,57167;0,57159;0,57166
10/08/2026 14:10:00;0,57166;0,57174;0,57164;0,57166
10/08/2026 14:15:00;0,57166;0,57175;0,57166;0,57171
10/08/2026 14:20:00;0,57171;0,57174;0,57159;0,57159
10/08/2026 14:25:00;0,57159;0,57163;0,57148;0,5715
10/08/2026 14:30:00;0,5715;0,57151;0,57145;0,57149
10/08/2026 14:35:00;0,57149;0,57151;0,57145;0,57148
10/08/2026 14:40:00;0,57148;0,5715;0,57144;0,57147
10/08/2026 14:45:00;0,57147;0,57152;0,57145;0,57147
10/08/2026 14:50:00;0,57147;0,57151;0,57144;0,57148
10/08/2026 14:55:00;0,57148;0,57152;0,57145;0,57147
10/08/2026 15:00:00;0,57147;0,5715;0,57144;0,57145
10/08/2026 15:05:00;0,57145;0,57148;0,57143;0,57148
10/08/2026 15:10:00;0,57148;0,5715;0,57143;0,57147
10/08/2026 15:15:00;0,57147;0,57162;0,57147;0,57158
10/08/2026 15:20:00;0,57158;0,57168;0,57158;0,57168
10/08/2026 15:25:00;0,57168;0,57171;0,57159;0,5716
10/08/2026 15:30:00;0,5716;0,57168;0,57155;0,57166
10/08/2026 15:35:00;0,57166;0,5717;0,57166;0,57166
10/08/2026 15:40:00;0,57166;0,57173;0,57165;0,5717
10/08/2026 15:45:00;0,5717;0,57172;0,57166;0,57167
10/08/2026 15:50:00;0,57167;0,57169;0,57163;0,57168
10/08/2026 15:55:00;0,57168;0,57169;0,57163;0,57166
10/08/2026 16:00:00;0,57166;0,57168;0,5716;0,57166
10/08/2026 16:05:00;0,57166;0,57175;0,57166;0,57173
10/08/2026 16:10:00;0,57173;0,57177;0,5717;0,57171
10/08/2026 16:15:00;0,57171;0,57172;0,57166;0,57168
10/08/2026 16:20:00;0,57168;0,57171;0,57165;0,57169
10/08/2026 16:25:00;0,57169;0,5717;0,57164;0,57167
10/08/2026 16:30:00;0,57167;0,57171;0,57165;0,5717
10/08/2026 16:35:00;0,5717;0,57171;0,57166;0,57171
10/08/2026 16:40:00;0,57171;0,57171;0,57165;0,57165
10/08/2026 16:45:00;0,57165;0,57169;0,57164;0,57167
10/08/2026 16:50:00;0,57167;0,57167;0,57156;0,57156
10/08/2026 16:55:00;0,57156;0,57159;0,57145;0,57146
10/08/2026 17:00:00;0,57146;0,57149;0,57141;0,57148
10/08/2026 17:05:00;0,57148;0,57149;0,57145;0,57146
10/08/2026 17:10:00;0,57146;0,57146;0,57143;0,57143
10/08/2026 17:15:00;0,57143;0,57145;0,57136;0,57136
10/08/2026 17:20:00;0,57136;0,57144;0,57136;0,57143
10/08/2026 17:25:00;0,57143;0,57149;0,57143;0,57149
10/08/2026 17:30:00;0,57149;0,57151;0,57147;0,57149
10/08/2026 17:35:00;0,57149;0,5715;0,57143;0,57147
10/08/2026 17:40:00;0,57147;0,57157;0,57144;0,57155
10/08/2026 17:45:00;0,57155;0,57158;0,57152;0,57153
10/08/2026 17:50:00;0,57153;0,57156;0,57153;0,57156
10/08/2026 17:55:00;0,57156;0,57156;0,57151;0,57156
10/08/2026 18:00:00;0,57156;0,57156;0,57156;0,57156
10/08/2026 18:05:00;0,57156;0,57156;0,5707;0,57097
10/08/2026 18:10:00;0,57097;0,57097;0,57097;0,57097
10/08/2026 19:10:00;0,57153;0,57156;0,5715;0,57155
10/08/2026 19:15:00;0,57155;0,57155;0,57152;0,57154
10/08/2026 19:20:00;0,57154;0,57155;0,57147;0,57149
10/08/2026 19:25:00;0,57149;0,57156;0,57149;0,57155
10/08/2026 19:30:00;0,57155;0,5716;0,57153;0,5716
10/08/2026 19:35:00;0,57159;0,57159;0,57152;0,57153
10/08/2026 19:40:00;0,57153;0,57156;0,57151;0,57151
10/08/2026 19:45:00;0,57152;0,5716;0,57149;0,5716
10/08/2026 19:50:00;0,5716;0,57161;0,57157;0,57158
10/08/2026 19:55:00;0,57158;0,57162;0,57158;0,57161
10/08/2026 20:00:00;0,57161;0,57169;0,57157;0,57159
10/08/2026 20:05:00;0,57159;0,57161;0,57156;0,5716
10/08/2026 20:10:00;0,5716;0,5716;0,57154;0,57156
10/08/2026 20:15:00;0,57156;0,57159;0,57154;0,57159
10/08/2026 20:20:00;0,57159;0,57162;0,57158;0,5716
10/08/2026 20:25:00;0,5716;0,57163;0,57157;0,57158
10/08/2026 20:30:00;0,57158;0,5716;0,5715;0,57154
10/08/2026 20:35:00;0,57154;0,57157;0,57152;0,57156
10/08/2026 20:40:00;0,57156;0,57156;0,57148;0,5715
10/08/2026 20:45:00;0,5715;0,57154;0,57146;0,57152
10/08/2026 20:50:00;0,57152;0,57152;0,57136;0,57139
10/08/2026 20:55:00;0,57139;0,57139;0,57122;0,57131
10/08/2026 21:00:00;0,57131;0,57136;0,57125;0,5713
10/08/2026 21:05:00;0,5713;0,57131;0,57124;0,57125
10/08/2026 21:10:00;0,57125;0,57139;0,57123;0,57136
10/08/2026 21:15:00;0,57136;0,57147;0,57133;0,57141
10/08/2026 21:20:00;0,57141;0,57145;0,57132;0,57144
10/08/2026 21:25:00;0,57144;0,57151;0,57144;0,57149
10/08/2026 21:30:00;0,57149;0,57151;0,57141;0,57147
10/08/2026 21:35:00;0,57147;0,57152;0,57135;0,57135
10/08/2026 21:40:00;0,57135;0,57139;0,57127;0,57133
10/08/2026 21:45:00;0,57133;0,57138;0,57127;0,57129
10/08/2026 21:50:00;0,57129;0,57136;0,57128;0,57129
10/08/2026 21:55:00;0,57129;0,57138;0,57124;0,57127
10/08/2026 22:00:00;0,57127;0,57127;0,5711;0,57111
10/08/2026 22:05:00;0,57111;0,57126;0,57111;0,57125
10/08/2026 22:10:00;0,57125;0,57146;0,57125;0,57146
10/08/2026 22:15:00;0,57146;0,57151;0,57138;0,57139
10/08/2026 22:20:00;0,57139;0,57154;0,57136;0,5715
10/08/2026 22:25:00;0,5715;0,57159;0,57146;0,57146
10/08/2026 22:30:00;0,57146;0,57165;0,57146;0,57165
10/08/2026 22:35:00;0,57165;0,57165;0,57153;0,57156
10/08/2026 22:40:00;0,57156;0,57159;0,57151;0,57155
10/08/2026 22:45:00;0,57155;0,57165;0,57153;0,57164
10/08/2026 22:50:00;0,57164;0,57165;0,57148;0,5715
10/08/2026 22:55:00;0,5715;0,57156;0,57144;0,57153
10/08/2026 23:00:00;0,57153;0,57161;0,57147;0,57161
10/08/2026 23:05:00;0,57161;0,57165;0,57159;0,57161
10/08/2026 23:10:00;0,57161;0,57175;0,5716;0,5717
10/08/2026 23:15:00;0,5717;0,57174;0,57164;0,5717
10/08/2026 23:20:00;0,5717;0,5717;0,57159;0,57165
10/08/2026 23:25:00;0,57165;0,57171;0,57163;0,57166
10/08/2026 23:30:00;0,57166;0,57176;0,57166;0,57173
10/08/2026 23:35:00;0,57173;0,57175;0,57166;0,57169
10/08/2026 23:40:00;0,57169;0,57178;0,57167;0,57174
10/08/2026 23:45:00;0,57174;0,57175;0,57165;0,57167
10/08/2026 23:50:00;0,57167;0,57169;0,57159;0,57166
10/08/2026 23:55:00;0,57166;0,57169;0,57157;0,57157
11/08/2026 00:00:00;0,57157;0,57169;0,57157;0,57169
11/08/2026 00:05:00;0,57169;0,5717;0,57164;0,57168
11/08/2026 00:10:00;0,57168;0,57173;0,57164;0,57167
11/08/2026 00:15:00;0,57167;0,57174;0,57164;0,57173
11/08/2026 00:20:00;0,57173;0,57174;0,57166;0,57171
11/08/2026 00:25:00;0,57171;0,57181;0,57171;0,57172
11/08/2026 00:30:00;0,57172;0,57174;0,5717;0,57171
11/08/2026 00:35:00;0,57171;0,57177;0,5717;0,57177
11/08/2026 00:40:00;0,57177;0,57181;0,57175;0,57177
11/08/2026 00:45:00;0,57177;0,5718;0,5717;0,57179
11/08/2026 00:50:00;0,57179;0,57179;0,57169;0,57172
11/08/2026 00:55:00;0,57172;0,57182;0,57172;0,57176
11/08/2026 01:00:00;0,57176;0,5718;0,57173;0,57178
11/08/2026 01:05:00;0,57178;0,57184;0,57172;0,57172
11/08/2026 01:10:00;0,57172;0,57186;0,57172;0,57184
11/08/2026 01:15:00;0,57184;0,57187;0,57182;0,57186
11/08/2026 01:20:00;0,57186;0,57191;0,57183;0,57189
11/08/2026 01:25:00;0,57189;0,57194;0,57139;0,57139
11/08/2026 01:30:00;0,57139;0,57181;0,5695;0,57122
11/08/2026 01:35:00;0,57122;0,57153;0,57111;0,57112
11/08/2026 01:40:00;0,57112;0,57124;0,57081;0,57085
11/08/2026 01:45:00;0,57085;0,57092;0,57067;0,57069
11/08/2026 01:50:00;0,57069;0,57098;0,57065;0,57097
11/08/2026 01:55:00;0,57097;0,57114;0,57097;0,57113
11/08/2026 02:00:00;0,57113;0,57113;0,571;0,57104
11/08/2026 02:05:00;0,57104;0,5711;0,57098;0,57107
11/08/2026 02:10:00;0,57107;0,57108;0,57076;0,5708
11/08/2026 02:15:00;0,5708;0,57081;0,57068;0,5707
11/08/2026 02:20:00;0,5707;0,57076;0,57065;0,57073
11/08/2026 02:25:00;0,57073;0,57076;0,57056;0,57061
11/08/2026 02:30:00;0,57061;0,5708;0,57051;0,57072
11/08/2026 02:35:00;0,57072;0,57116;0,57066;0,57106
11/08/2026 02:40:00;0,57106;0,57123;0,57103;0,5711
11/08/2026 02:45:00;0,5711;0,57139;0,57108;0,57137
11/08/2026 02:50:00;0,57137;0,57187;0,57132;0,57177
11/08/2026 02:55:00;0,57177;0,57191;0,57164;0,57165
11/08/2026 03:00:00;0,57165;0,57184;0,57159;0,57172
11/08/2026 03:05:00;0,57172;0,57194;0,57171;0,57177
11/08/2026 03:10:00;0,57177;0,5719;0,57174;0,57183
11/08/2026 03:15:00;0,57183;0,57198;0,57181;0,57195
11/08/2026 03:20:00;0,57195;0,57201;0,57173;0,57178
11/08/2026 03:25:00;0,57178;0,57193;0,57178;0,57187
11/08/2026 03:30:00;0,57187;0,57195;0,57183;0,57189
11/08/2026 03:35:00;0,57189;0,57199;0,57185;0,57192
11/08/2026 03:40:00;0,57192;0,57192;0,57178;0,57186
11/08/2026 03:45:00;0,57186;0,57189;0,57177;0,57185
11/08/2026 03:50:00;0,57185;0,57195;0,57174;0,57179
11/08/2026 03:55:00;0,57179;0,57183;0,57171;0,57174
11/08/2026 04:00:00;0,57174;0,57174;0,57163;0,57168
11/08/2026 04:05:00;0,57168;0,57169;0,57147;0,57147
11/08/2026 04:10:00;0,57147;0,57169;0,57146;0,57164
11/08/2026 04:15:00;0,57164;0,57168;0,57153;0,57153
11/08/2026 04:20:00;0,57153;0,57166;0,57153;0,57166
11/08/2026 04:25:00;0,57166;0,57178;0,57163;0,57176
11/08/2026 04:30:00;0,57176;0,57181;0,57172;0,57175
11/08/2026 04:35:00;0,57175;0,57185;0,57172;0,57177
11/08/2026 04:40:00;0,57177;0,57179;0,57165;0,57167
11/08/2026 04:45:00;0,57167;0,5717;0,57158;0,57159
11/08/2026 04:50:00;0,57159;0,57161;0,57151;0,57155
11/08/2026 04:55:00;0,57155;0,57165;0,57153;0,57161
11/08/2026 05:00:00;0,57161;0,57178;0,57155;0,57171
11/08/2026 05:05:00;0,57171;0,57182;0,57169;0,5718
11/08/2026 05:10:00;0,5718;0,57181;0,57168;0,57174
11/08/2026 05:15:00;0,57174;0,57195;0,57174;0,57185
11/08/2026 05:20:00;0,57185;0,57194;0,57179;0,57193
11/08/2026 05:25:00;0,57193;0,57202;0,57186;0,57188
11/08/2026 05:30:00;0,57188;0,57194;0,57118;0,5719
11/08/2026 05:35:00;0,5719;0,57192;0,57182;0,57189
11/08/2026 05:40:00;0,57189;0,57196;0,57187;0,57192
11/08/2026 05:45:00;0,57192;0,57201;0,5719;0,57197
11/08/2026 05:50:00;0,57197;0,57206;0,57191;0,57191
11/08/2026 05:55:00;0,57191;0,572;0,57191;0,57194
11/08/2026 06:00:00;0,57194;0,572;0,57186;0,572
11/08/2026 06:05:00;0,572;0,57207;0,57198;0,57199
11/08/2026 06:10:00;0,57199;0,57203;0,57196;0,57201
11/08/2026 06:15:00;0,57201;0,57212;0,57197;0,57211
11/08/2026 06:20:00;0,57211;0,57222;0,57208;0,5722
11/08/2026 06:25:00;0,5722;0,57222;0,57209;0,57216
11/08/2026 06:30:00;0,57216;0,5722;0,57209;0,57215
11/08/2026 06:35:00;0,57215;0,57226;0,57204;0,57221
11/08/2026 06:40:00;0,57221;0,57227;0,57219;0,5722
11/08/2026 06:45:00;0,5722;0,57229;0,57217;0,57223
11/08/2026 06:50:00;0,57223;0,57223;0,57216;0,5722
11/08/2026 06:55:00;0,5722;0,57229;0,57219;0,57225
11/08/2026 07:00:00;0,57225;0,57231;0,57219;0,57221
11/08/2026 07:05:00;0,57221;0,57223;0,5721;0,57212
11/08/2026 07:10:00;0,57212;0,57223;0,57207;0,5722
11/08/2026 07:15:00;0,5722;0,57222;0,57211;0,57211
11/08/2026 07:20:00;0,57211;0,5723;0,5721;0,57222
11/08/2026 07:25:00;0,57222;0,5724;0,57215;0,57235
11/08/2026 07:30:00;0,57235;0,57239;0,57214;0,57218
11/08/2026 07:35:00;0,57218;0,57228;0,57216;0,57227
11/08/2026 07:40:00;0,57227;0,57244;0,57218;0,57243
11/08/2026 07:45:00;0,57243;0,57245;0,57234;0,57244
11/08/2026 07:50:00;0,57244;0,57249;0,57238;0,57247
11/08/2026 07:55:00;0,57247;0,57261;0,57247;0,57256
11/08/2026 08:00:00;0,57256;0,57265;0,57183;0,57251
11/08/2026 08:05:00;0,57251;0,57254;0,57231;0,57234
11/08/2026 08:10:00;0,57234;0,57245;0,57227;0,57238
11/08/2026 08:15:00;0,57238;0,57248;0,57222;0,57229
11/08/2026 08:20:00;0,57229;0,5725;0,57229;0,57248
11/08/2026 08:25:00;0,57248;0,57251;0,57244;0,57246
11/08/2026 08:30:00;0,57246;0,5725;0,57241;0,57246
11/08/2026 08:35:00;0,57246;0,57249;0,57236;0,57237
11/08/2026 08:40:00;0,57237;0,57244;0,57233;0,57243
11/08/2026 08:45:00;0,57243;0,57245;0,57239;0,57244
11/08/2026 08:50:00;0,57244;0,5726;0,57244;0,5726
11/08/2026 08:55:00;0,5726;0,5726;0,57251;0,57257
11/08/2026 09:00:00;0,57257;0,57265;0,57242;0,57246
11/08/2026 09:05:00;0,57246;0,57251;0,57232;0,57235
11/08/2026 09:10:00;0,57235;0,5724;0,57183;0,57226
11/08/2026 09:15:00;0,57226;0,57247;0,57226;0,57238
11/08/2026 09:20:00;0,57238;0,5726;0,57162;0,57257
11/08/2026 09:25:00;0,57257;0,57264;0,57255;0,5726
11/08/2026 09:30:00;0,5726;0,57267;0,57255;0,57259
11/08/2026 09:35:00;0,5726;0,5726;0,57246;0,57252
11/08/2026 09:40:00;0,57252;0,57266;0,5725;0,57262
11/08/2026 09:45:00;0,57262;0,57262;0,57254;0,57254
11/08/2026 09:50:00;0,57253;0,5726;0,57248;0,57255
11/08/2026 09:55:00;0,57255;0,57265;0,57255;0,57261
11/08/2026 10:00:00;0,57261;0,57261;0,57243;0,57253
11/08/2026 10:05:00;0,57253;0,57254;0,57241;0,57246
11/08/2026 10:10:00;0,57246;0,57254;0,57246;0,57246
11/08/2026 10:15:00;0,57246;0,57251;0,5723;0,57236
11/08/2026 10:20:00;0,57236;0,57252;0,57235;0,57249
11/08/2026 10:25:00;0,57249;0,57264;0,57249;0,57263
11/08/2026 10:30:00;0,57263;0,57272;0,57259;0,57269
11/08/2026 10:35:00;0,57269;0,57272;0,57255;0,57268
11/08/2026 10:40:00;0,57268;0,572783;0,57268;0,572783
11/08/2026 10:45:00;0,572783;0,57279;0,57256;0,57279
11/08/2026 10:50:00;0,57279;0,57279;0,57253;0,57256
11/08/2026 10:55:00;0,57256;0,5727;0,57237;0,57237
11/08/2026 11:00:00;0,57237;0,57277;0,57237;0,57272
11/08/2026 11:05:00;0,57272;0,57274;0,57264;0,57266
11/08/2026 11:10:00;0,57266;0,57273;0,57263;0,5727
11/08/2026 11:15:00;0,5727;0,57284;0,57269;0,5728
11/08/2026 11:20:00;0,5728;0,57284;0,57268;0,57274
11/08/2026 11:25:00;0,57274;0,57302;0,57274;0,57298
11/08/2026 11:30:00;0,57298;0,57307;0,57294;0,57306
11/08/2026 11:35:00;0,57306;0,5731;0,57293;0,57297
11/08/2026 11:40:00;0,57297;0,57303;0,57293;0,57297
11/08/2026 11:45:00;0,57297;0,57301;0,57291;0,57295
11/08/2026 11:50:00;0,57295;0,57299;0,57275;0,57286
11/08/2026 11:55:00;0,57286;0,57288;0,5726;0,57261
11/08/2026 12:00:00;0,57261;0,57267;0,57256;0,57259
11/08/2026 12:05:00;0,57259;0,57262;0,57246;0,57247
11/08/2026 12:10:00;0,57247;0,57257;0,57242;0,57256
11/08/2026 12:15:00;0,57256;0,57264;0,57253;0,57259
11/08/2026 12:20:00;0,57259;0,5727;0,57256;0,57265
11/08/2026 12:25:00;0,57265;0,57272;0,57259;0,57268
11/08/2026 12:30:00;0,57268;0,5728;0,57263;0,57272
11/08/2026 12:35:00;0,57272;0,5728;0,57261;0,57263
11/08/2026 12:40:00;0,57263;0,57274;0,57261;0,57271
11/08/2026 12:45:00;0,57271;0,57271;0,57262;0,57266
11/08/2026 12:50:00;0,57266;0,57271;0,57258;0,57265
11/08/2026 12:55:00;0,57265;0,57266;0,57252;0,57256
11/08/2026 13:00:00;0,57256;0,57261;0,57253;0,57259
11/08/2026 13:05:00;0,57259;0,57265;0,57254;0,57259
11/08/2026 13:10:00;0,57259;0,57262;0,57253;0,57258
11/08/2026 13:15:00;0,57258;0,57265;0,57258;0,57264
11/08/2026 13:20:00;0,57264;0,57271;0,5726;0,5727
11/08/2026 13:25:00;0,5727;0,57273;0,57258;0,57261
11/08/2026 13:30:00;0,57261;0,57264;0,57257;0,5726
11/08/2026 13:35:00;0,5726;0,57267;0,57259;0,57266
11/08/2026 13:40:00;0,57266;0,57266;0,57259;0,57263
11/08/2026 13:45:00;0,57263;0,57269;0,57263;0,57268
11/08/2026 13:50:00;0,57268;0,57273;0,57265;0,5727
11/08/2026 13:55:00;0,5727;0,57286;0,57269;0,57284
11/08/2026 14:00:00;0,57284;0,57291;0,57284;0,57288
11/08/2026 14:05:00;0,57289;0,57308;0,57288;0,57303
11/08/2026 14:10:00;0,57304;0,57307;0,57299;0,57303
11/08/2026 14:15:00;0,57303;0,57305;0,57295;0,57303
11/08/2026 14:20:00;0,57303;0,57303;0,57295;0,57301
11/08/2026 14:25:00;0,57302;0,57307;0,57301;0,57304
11/08/2026 14:30:00;0,57304;0,57304;0,57301;0,57303
11/08/2026 14:35:00;0,57303;0,57306;0,573;0,57302
11/08/2026 14:40:00;0,57302;0,57306;0,573;0,57303
11/08/2026 14:45:00;0,57303;0,57309;0,57302;0,57304
11/08/2026 14:50:00;0,57304;0,57305;0,57301;0,57302
11/08/2026 14:55:00;0,57302;0,5731;0,57299;0,57299
11/08/2026 15:00:00;0,57302;0,57308;0,572995;0,57306
11/08/2026 15:05:00;0,57306;0,57309;0,57297;0,57298
11/08/2026 15:10:00;0,57298;0,57302;0,57296;0,57302
11/08/2026 15:15:00;0,57302;0,57305;0,57282;0,57282
11/08/2026 15:20:00;0,57282;0,57294;0,57272;0,57273
11/08/2026 15:25:00;0,57273;0,57276;0,57259;0,5726
11/08/2026 15:30:00;0,5726;0,57262;0,57211;0,57216
11/08/2026 15:35:00;0,57216;0,57223;0,57205;0,57218
11/08/2026 15:40:00;0,57218;0,57223;0,57209;0,57214
11/08/2026 15:45:00;0,57214;0,57231;0,57214;0,57231
11/08/2026 15:50:00;0,57231;0,57243;0,57229;0,57241
11/08/2026 15:55:00;0,57241;0,57257;0,57241;0,57251
11/08/2026 16:00:00;0,57251;0,57261;0,57251;0,57258
11/08/2026 16:05:00;0,57258;0,5726;0,57254;0,57256
11/08/2026 16:10:00;0,57256;0,57258;0,57246;0,57256
11/08/2026 16:15:00;0,57256;0,57275;0,57256;0,5727
11/08/2026 16:20:00;0,5727;0,57274;0,57267;0,57272
11/08/2026 16:25:00;0,57272;0,57277;0,57271;0,57273
11/08/2026 16:30:00;0,57273;0,5728;0,57271;0,57276
11/08/2026 16:35:00;0,57276;0,57278;0,57269;0,57273
11/08/2026 16:40:00;0,57273;0,57274;0,5727;0,5727
11/08/2026 16:45:00;0,5727;0,5727;0,57262;0,57262
11/08/2026 16:50:00;0,57262;0,57266;0,57259;0,57265
11/08/2026 16:55:00;0,57265;0,57265;0,57237;0,5724
11/08/2026 17:00:00;0,5724;0,57256;0,5724;0,57254
11/08/2026 17:05:00;0,57254;0,57258;0,5725;0,57257
11/08/2026 17:10:00;0,57257;0,57261;0,57256;0,57259
11/08/2026 17:15:00;0,57259;0,57263;0,57249;0,5725
11/08/2026 17:20:00;0,5725;0,57261;0,5725;0,57261
11/08/2026 17:25:00;0,57261;0,57263;0,57257;0,57257
11/08/2026 17:30:00;0,57257;0,57264;0,57257;0,57262
11/08/2026 17:35:00;0,57262;0,57263;0,57258;0,57263
11/08/2026 17:40:00;0,57263;0,57275;0,57261;0,57275
11/08/2026 17:45:00;0,57275;0,57275;0,57266;0,57269
11/08/2026 17:50:00;0,57269;0,57269;0,57184;0,57264
11/08/2026 17:55:00;0,57264;0,57264;0,57184;0,57251
11/08/2026 18:00:00;0,57251;0,57251;0,57251;0,57251
11/08/2026 18:05:00;0,57251;0,57251;0,57126;0,57126
11/08/2026 18:10:00;0,57126;0,57126;0,57126;0,57126
11/08/2026 19:10:00;0,57126;0,57256;0,57126;0,57256
11/08/2026 19:15:00;0,57256;0,57264;0,57256;0,57263
11/08/2026 19:20:00;0,57263;0,57267;0,57263;0,57266
11/08/2026 19:25:00;0,57266;0,57271;0,57265;0,57269
11/08/2026 19:30:00;0,57269;0,57276;0,57269;0,57276
11/08/2026 19:35:00;0,57276;0,57284;0,5726;0,57276
11/08/2026 19:40:00;0,57276;0,57279;0,57271;0,57276
11/08/2026 19:45:00;0,57276;0,57278;0,57274;0,57276
11/08/2026 19:50:00;0,57276;0,57279;0,57276;0,57279
11/08/2026 19:55:00;0,57279;0,57281;0,57276;0,57279
11/08/2026 20:00:00;0,57279;0,57279;0,57274;0,57277
11/08/2026 20:05:00;0,57277;0,57283;0,57275;0,5728
11/08/2026 20:10:00;0,5728;0,57289;0,5728;0,57289
11/08/2026 20:15:00;0,57289;0,5729;0,57289;0,5729
11/08/2026 20:20:00;0,5729;0,57294;0,57289;0,57289
11/08/2026 20:25:00;0,57289;0,57293;0,57288;0,57291
11/08/2026 20:30:00;0,57291;0,57295;0,57289;0,57294
11/08/2026 20:35:00;0,57294;0,57294;0,5729;0,5729
11/08/2026 20:40:00;0,5729;0,57292;0,57284;0,57285
11/08/2026 20:45:00;0,57285;0,57293;0,57285;0,57293
11/08/2026 20:50:00;0,57293;0,57294;0,57286;0,57287
11/08/2026 20:55:00;0,57287;0,57288;0,5728;0,57286
11/08/2026 21:00:00;0,57286;0,57303;0,57285;0,573
11/08/2026 21:05:00;0,573;0,57304;0,57297;0,57299
11/08/2026 21:10:00;0,57299;0,57302;0,57295;0,57301
11/08/2026 21:15:00;0,57301;0,57308;0,57297;0,57308
11/08/2026 21:20:00;0,57308;0,57321;0,57306;0,57319
11/08/2026 21:25:00;0,57319;0,57326;0,57317;0,57319
11/08/2026 21:30:00;0,57319;0,57335;0,57319;0,57333
11/08/2026 21:35:00;0,57333;0,57333;0,57325;0,57328
11/08/2026 21:40:00;0,57328;0,57331;0,57321;0,57322
11/08/2026 21:45:00;0,57322;0,57328;0,57317;0,57326
11/08/2026 21:50:00;0,57326;0,57331;0,57318;0,57323
11/08/2026 21:55:00;0,57323;0,57327;0,57317;0,57323
11/08/2026 22:00:00;0,57323;0,57326;0,57315;0,57323
11/08/2026 22:05:00;0,57323;0,57323;0,57313;0,57317
11/08/2026 22:10:00;0,57317;0,57325;0,57316;0,57317
11/08/2026 22:15:00;0,57317;0,57319;0,57308;0,57317
11/08/2026 22:20:00;0,57317;0,57321;0,57313;0,57314
11/08/2026 22:25:00;0,57314;0,57314;0,57305;0,57306
11/08/2026 22:30:00;0,57306;0,57313;0,57302;0,57309
11/08/2026 22:35:00;0,57309;0,57314;0,57304;0,57314
11/08/2026 22:40:00;0,57314;0,57314;0,57303;0,57305
11/08/2026 22:45:00;0,57305;0,57306;0,57284;0,57288
11/08/2026 22:50:00;0,57288;0,5729;0,57277;0,57277
11/08/2026 22:55:00;0,57277;0,57281;0,57268;0,57279
11/08/2026 23:00:00;0,57279;0,5728;0,57262;0,57266
11/08/2026 23:05:00;0,57266;0,57267;0,57255;0,57261
11/08/2026 23:10:00;0,57261;0,57267;0,57259;0,57266
11/08/2026 23:15:00;0,57266;0,57268;0,57259;0,57263
11/08/2026 23:20:00;0,57263;0,57278;0,57263;0,57267
11/08/2026 23:25:00;0,57267;0,57273;0,57266;0,57272
11/08/2026 23:30:00;0,57272;0,57275;0,57264;0,57264
11/08/2026 23:35:00;0,57264;0,57272;0,57261;0,57272
11/08/2026 23:40:00;0,57272;0,57282;0,57272;0,5728
11/08/2026 23:45:00;0,5728;0,5728;0,57269;0,57272
11/08/2026 23:50:00;0,57272;0,57283;0,57272;0,57279
11/08/2026 23:55:00;0,57279;0,57285;0,57274;0,57285
12/08/2026 00:00:00;0,57285;0,57292;0,5728;0,57287
12/08/2026 00:05:00;0,57287;0,57287;0,57281;0,57285
12/08/2026 00:10:00;0,57285;0,57294;0,57284;0,57294
12/08/2026 00:15:00;0,57294;0,57295;0,57287;0,5729
12/08/2026 00:20:00;0,5729;0,57294;0,57289;0,57293
12/08/2026 00:25:00;0,57293;0,57298;0,57289;0,57294
12/08/2026 00:30:00;0,57294;0,573;0,57292;0,57299
12/08/2026 00:35:00;0,57299;0,57301;0,57289;0,57301
12/08/2026 00:40:00;0,57301;0,57301;0,57291;0,57293
12/08/2026 00:45:00;0,57293;0,57299;0,57291;0,57299
12/08/2026 00:50:00;0,57299;0,573;0,57292;0,57295
12/08/2026 00:55:00;0,57295;0,57303;0,57293;0,57303
12/08/2026 01:00:00;0,57303;0,57307;0,57297;0,57306
12/08/2026 01:05:00;0,57306;0,57309;0,57304;0,57305
12/08/2026 01:10:00;0,57305;0,57317;0,57305;0,57314
12/08/2026 01:15:00;0,57314;0,57315;0,57308;0,57309
12/08/2026 01:20:00;0,57309;0,57316;0,57309;0,57314
12/08/2026 01:25:00;0,57314;0,57314;0,57308;0,57309
12/08/2026 01:30:00;0,57309;0,5731;0,57296;0,57308
12/08/2026 01:35:00;0,57308;0,57312;0,57303;0,57304
12/08/2026 01:40:00;0,57304;0,57305;0,57291;0,57297
12/08/2026 01:45:00;0,57297;0,57302;0,57297;0,57302
12/08/2026 01:50:00;0,57302;0,57305;0,57297;0,57302
12/08/2026 01:55:00;0,57302;0,57304;0,57298;0,573
12/08/2026 02:00:00;0,573;0,57307;0,573;0,57304
12/08/2026 02:05:00;0,57304;0,57305;0,57299;0,57301
12/08/2026 02:10:00;0,57301;0,57304;0,57299;0,57302
12/08/2026 02:15:00;0,57302;0,57305;0,57299;0,57304
12/08/2026 02:20:00;0,57304;0,57306;0,57299;0,57299
12/08/2026 02:25:00;0,57299;0,57303;0,57297;0,57302
12/08/2026 02:30:00;0,57302;0,57307;0,57298;0,57305
12/08/2026 02:35:00;0,57305;0,57313;0,57304;0,57309
12/08/2026 02:40:00;0,57309;0,57312;0,57307;0,57309
12/08/2026 02:45:00;0,57309;0,57313;0,57308;0,57312
12/08/2026 02:50:00;0,57312;0,57324;0,57312;0,57322
12/08/2026 02:55:00;0,57322;0,57332;0,57322;0,57329
12/08/2026 03:00:00;0,57329;0,57342;0,57328;0,57334
12/08/2026 03:05:00;0,57334;0,57336;0,57323;0,57326
12/08/2026 03:10:00;0,57326;0,57326;0,57315;0,57315
12/08/2026 03:15:00;0,57315;0,57317;0,57309;0,57313
12/08/2026 03:20:00;0,57313;0,57317;0,57305;0,57309
12/08/2026 03:25:00;0,57309;0,5731;0,573;0,57304
12/08/2026 03:30:00;0,57304;0,57308;0,57298;0,57299
12/08/2026 03:35:00;0,57299;0,573;0,57289;0,5729
12/08/2026 03:40:00;0,5729;0,57293;0,57286;0,57291
12/08/2026 03:45:00;0,57291;0,57291;0,57282;0,57287
12/08/2026 03:50:00;0,57287;0,57292;0,57285;0,57285
12/08/2026 03:55:00;0,57285;0,57296;0,57273;0,57294
12/08/2026 04:00:00;0,57294;0,57331;0,57294;0,57327
12/08/2026 04:05:00;0,57327;0,57328;0,57317;0,57321
12/08/2026 04:10:00;0,57321;0,57338;0,57321;0,57334
12/08/2026 04:15:00;0,57334;0,57341;0,57326;0,57332
12/08/2026 04:20:00;0,57332;0,57338;0,57327;0,57333
12/08/2026 04:25:00;0,57333;0,57342;0,57327;0,57342
12/08/2026 04:30:00;0,57342;0,57342;0,57327;0,5733
12/08/2026 04:35:00;0,5733;0,57332;0,57323;0,57327
12/08/2026 04:40:00;0,57327;0,57338;0,57322;0,5733
12/08/2026 04:45:00;0,5733;0,5733;0,57321;0,57326
12/08/2026 04:50:00;0,57326;0,57338;0,57324;0,57337
12/08/2026 04:55:00;0,57337;0,57345;0,5733;0,57332
12/08/2026 05:00:00;0,57332;0,57345;0,57331;0,57345
12/08/2026 05:05:00;0,57345;0,57345;0,57329;0,57334
12/08/2026 05:10:00;0,57334;0,57344;0,57334;0,5734
12/08/2026 05:15:00;0,5734;0,57342;0,57331;0,57333
12/08/2026 05:20:00;0,57333;0,57342;0,57329;0,57338
12/08/2026 05:25:00;0,57338;0,57347;0,57336;0,57345
12/08/2026 05:30:00;0,57345;0,57358;0,5734;0,57357
12/08/2026 05:35:00;0,57357;0,57358;0,57348;0,57349
12/08/2026 05:40:00;0,57349;0,57369;0,57349;0,57361
12/08/2026 05:45:00;0,57361;0,57376;0,57355;0,57374
12/08/2026 05:50:00;0,57374;0,57376;0,57364;0,5737
12/08/2026 05:55:00;0,5737;0,57373;0,57366;0,57373
12/08/2026 06:00:00;0,57373;0,57384;0,5737;0,57379
12/08/2026 06:05:00;0,57379;0,57382;0,57374;0,57377
12/08/2026 06:10:00;0,57377;0,5738;0,57374;0,57376
12/08/2026 06:15:00;0,57376;0,57384;0,57373;0,57383
12/08/2026 06:20:00;0,57383;0,57386;0,57356;0,57366
12/08/2026 06:25:00;0,57366;0,57376;0,57348;0,57351
12/08/2026 06:30:00;0,57351;0,57375;0,57339;0,57374
12/08/2026 06:35:00;0,57374;0,57374;0,57272;0,57351
12/08/2026 06:40:00;0,57351;0,57377;0,57344;0,57377
12/08/2026 06:45:00;0,57377;0,57395;0,57377;0,57389
12/08/2026 06:50:00;0,57389;0,574;0,57379;0,57398
12/08/2026 06:55:00;0,57398;0,57404;0,57392;0,57393
12/08/2026 07:00:00;0,57393;0,57404;0,57389;0,57396
12/08/2026 07:05:00;0,57396;0,57405;0,57394;0,57404
12/08/2026 07:10:00;0,57404;0,57416;0,574;0,57416
12/08/2026 07:15:00;0,57416;0,57426;0,5741;0,57412
12/08/2026 07:20:00;0,57412;0,57414;0,57406;0,57413
12/08/2026 07:25:00;0,57413;0,57416;0,5741;0,57414
12/08/2026 07:30:00;0,57414;0,57421;0,57411;0,57418
12/08/2026 07:35:00;0,57418;0,57424;0,57415;0,57419
12/08/2026 07:40:00;0,57419;0,57419;0,5741;0,57412
12/08/2026 07:45:00;0,57412;0,57414;0,57316;0,57404
12/08/2026 07:50:00;0,57404;0,57411;0,57396;0,57406
12/08/2026 07:55:00;0,57406;0,57408;0,57398;0,57402
12/08/2026 08:00:00;0,57402;0,57406;0,57387;0,57388
12/08/2026 08:05:00;0,57388;0,57393;0,57379;0,57387
12/08/2026 08:10:00;0,57387;0,57395;0,57384;0,57388
12/08/2026 08:15:00;0,57388;0,57388;0,57377;0,57377
12/08/2026 08:20:00;0,57377;0,57383;0,57377;0,57381
12/08/2026 08:25:00;0,57381;0,57387;0,57376;0,57377
12/08/2026 08:30:00;0,57377;0,57391;0,57368;0,57371
12/08/2026 08:35:00;0,57371;0,57383;0,57371;0,5738
12/08/2026 08:40:00;0,5738;0,57387;0,57377;0,57378
12/08/2026 08:45:00;0,57378;0,57384;0,57374;0,57379
12/08/2026 08:50:00;0,57379;0,5738;0,57352;0,57356
12/08/2026 08:55:00;0,57356;0,57366;0,57352;0,57365
12/08/2026 09:00:00;0,57365;0,57367;0,57355;0,57366
12/08/2026 09:05:00;0,57366;0,5737;0,57351;0,57357
12/08/2026 09:10:00;0,57357;0,57362;0,57354;0,5736
12/08/2026 09:15:00;0,5736;0,57379;0,5736;0,5737
12/08/2026 09:20:00;0,5737;0,57382;0,57362;0,57368
12/08/2026 09:25:00;0,57368;0,57377;0,57289;0,57289
12/08/2026 09:30:00;0,57289;0,57423;0,57214;0,57409
12/08/2026 09:35:00;0,57409;0,5743;0,57338;0,57423
12/08/2026 09:40:00;0,57423;0,57436;0,57415;0,57419
12/08/2026 09:45:00;0,57419;0,57426;0,57385;0,57385
12/08/2026 09:50:00;0,57385;0,57397;0,57294;0,57378
12/08/2026 09:55:00;0,57378;0,57399;0,57371;0,57388
12/08/2026 10:00:00;0,57388;0,5741;0,57374;0,5741
12/08/2026 10:05:00;0,5741;0,57421;0,57408;0,5741
12/08/2026 10:10:00;0,5741;0,57417;0,57399;0,57414
12/08/2026 10:15:00;0,57414;0,57427;0,57397;0,57404
12/08/2026 10:20:00;0,57404;0,57415;0,57395;0,574
12/08/2026 10:25:00;0,574;0,57409;0,57394;0,57397
12/08/2026 10:30:00;0,57397;0,57428;0,57391;0,57418
12/08/2026 10:35:00;0,57418;0,57422;0,57405;0,57412
12/08/2026 10:40:00;0,57412;0,57449;0,5741;0,57445
12/08/2026 10:45:00;0,57445;0,57472;0,5744;0,57471
12/08/2026 10:50:00;0,57471;0,57474;0,57449;0,57452
12/08/2026 10:55:00;0,57452;0,57457;0,57382;0,57452
12/08/2026 11:00:00;0,57452;0,57461;0,57442;0,57445
12/08/2026 11:05:00;0,57445;0,57459;0,57438;0,57456
12/08/2026 11:10:00;0,57456;0,57462;0,57447;0,57453
12/08/2026 11:15:00;0,57453;0,57465;0,57449;0,57454
12/08/2026 11:20:00;0,57454;0,57454;0,5742;0,57425
12/08/2026 11:25:00;0,57425;0,57432;0,57417;0,57424
12/08/2026 11:30:00;0,57424;0,57429;0,57338;0,57421
12/08/2026 11:35:00;0,57421;0,57426;0,57407;0,5741
12/08/2026 11:40:00;0,5741;0,5742;0,57393;0,5742
12/08/2026 11:45:00;0,5742;0,57433;0,57415;0,57419
12/08/2026 11:50:00;0,57419;0,57422;0,57385;0,57387
12/08/2026 11:55:00;0,57387;0,57396;0,57377;0,57383
12/08/2026 12:00:00;0,57383;0,57383;0,57365;0,57379
12/08/2026 12:05:00;0,57379;0,5739;0,57379;0,57386
12/08/2026 12:10:00;0,57386;0,57406;0,57377;0,57406
12/08/2026 12:15:00;0,57406;0,57421;0,57405;0,57421
12/08/2026 12:20:00;0,57421;0,57421;0,5741;0,57413
12/08/2026 12:25:00;0,57413;0,57415;0,57402;0,57407
12/08/2026 12:30:00;0,57407;0,57408;0,57398;0,57401
12/08/2026 12:35:00;0,57401;0,57406;0,57394;0,57397
12/08/2026 12:40:00;0,57397;0,57398;0,57316;0,57388
12/08/2026 12:45:00;0,57388;0,57396;0,57388;0,57389
12/08/2026 12:50:00;0,57389;0,5739;0,57379;0,57383
12/08/2026 12:55:00;0,57383;0,57385;0,57377;0,57378
12/08/2026 13:00:00;0,57378;0,57395;0,57374;0,57382
12/08/2026 13:05:00;0,57382;0,57396;0,57382;0,57395
12/08/2026 13:10:00;0,57395;0,57403;0,57393;0,57401
12/08/2026 13:15:00;0,57401;0,57403;0,57397;0,57403
12/08/2026 13:20:00;0,57403;0,57405;0,57397;0,57402
12/08/2026 13:25:00;0,57402;0,57406;0,57397;0,57398
12/08/2026 13:30:00;0,57398;0,57399;0,57389;0,57397
12/08/2026 13:35:00;0,57397;0,57415;0,57393;0,57411
12/08/2026 13:40:00;0,57411;0,57422;0,57407;0,57408
12/08/2026 13:45:00;0,57408;0,57418;0,57405;0,57408
12/08/2026 13:50:00;0,57408;0,57413;0,57406;0,57408
12/08/2026 13:55:00;0,57408;0,57414;0,57402;0,57407
12/08/2026 14:00:00;0,57407;0,57421;0,57403;0,57417
12/08/2026 14:05:00;0,57417;0,57428;0,57416;0,57427
12/08/2026 14:10:00;0,57427;0,57439;0,57425;0,57433
12/08/2026 14:15:00;0,57433;0,57436;0,57428;0,5743
12/08/2026 14:20:00;0,5743;0,57435;0,57426;0,57427
12/08/2026 14:25:00;0,57427;0,57432;0,57423;0,57431
12/08/2026 14:30:00;0,57431;0,57442;0,57428;0,57438
12/08/2026 14:35:00;0,57438;0,57448;0,57434;0,57448
12/08/2026 14:40:00;0,57448;0,57449;0,57439;0,57439
12/08/2026 14:45:00;0,57439;0,5745;0,57439;0,57442
12/08/2026 14:50:00;0,57442;0,57448;0,5744;0,57446
12/08/2026 14:55:00;0,57446;0,57451;0,57444;0,57451
12/08/2026 15:00:00;0,57451;0,57464;0,57448;0,5746
12/08/2026 15:05:00;0,5746;0,57463;0,57452;0,57452
12/08/2026 15:10:00;0,57452;0,57454;0,57448;0,57453
12/08/2026 15:15:00;0,57453;0,57454;0,57448;0,57448
12/08/2026 15:20:00;0,57448;0,5745;0,57445;0,57446
12/08/2026 15:25:00;0,57446;0,57451;0,57441;0,57451
12/08/2026 15:30:00;0,57451;0,57461;0,57447;0,57459
12/08/2026 15:35:00;0,57459;0,57461;0,57455;0,57457
12/08/2026 15:40:00;0,57457;0,57459;0,57453;0,57456
12/08/2026 15:45:00;0,57456;0,57463;0,57453;0,57463
12/08/2026 15:50:00;0,57463;0,57467;0,57461;0,57464
12/08/2026 15:55:00;0,57464;0,57469;0,57452;0,57457
12/08/2026 16:00:00;0,57457;0,5746;0,57453;0,57456
12/08/2026 16:05:00;0,57456;0,57463;0,57456;0,5746
12/08/2026 16:10:00;0,5746;0,57461;0,57455;0,57461
12/08/2026 16:15:00;0,57461;0,57461;0,5745;0,57451
12/08/2026 16:20:00;0,57451;0,5746;0,5745;0,57458
12/08/2026 16:25:00;0,57458;0,57462;0,57457;0,57461
12/08/2026 16:30:00;0,57461;0,57464;0,57459;0,5746
12/08/2026 16:35:00;0,5746;0,57464;0,57457;0,57459
12/08/2026 16:40:00;0,57459;0,57465;0,57458;0,5746
12/08/2026 16:45:00;0,5746;0,57464;0,57458;0,57462
12/08/2026 16:50:00;0,57462;0,57462;0,57456;0,57459
12/08/2026 16:55:00;0,57459;0,57474;0,57453;0,57473
12/08/2026 17:00:00;0,57473;0,57475;0,57463;0,57465
12/08/2026 17:05:00;0,57465;0,57469;0,57465;0,57465
12/08/2026 17:10:00;0,57465;0,57467;0,57461;0,57465
12/08/2026 17:15:00;0,57465;0,57465;0,57458;0,57459
12/08/2026 17:20:00;0,57459;0,57461;0,57457;0,5746
12/08/2026 17:25:00;0,5746;0,57469;0,5746;0,57466
12/08/2026 17:30:00;0,57466;0,57467;0,57462;0,57465
12/08/2026 17:35:00;0,57465;0,57467;0,5746;0,57461
12/08/2026 17:40:00;0,57461;0,57463;0,5746;0,5746
12/08/2026 17:45:00;0,5746;0,57463;0,57455;0,57459
12/08/2026 17:50:00;0,57459;0,57469;0,57382;0,57466
12/08/2026 17:55:00;0,57466;0,57469;0,57382;0,57456
12/08/2026 18:00:00;0,57456;0,57456;0,57456;0,57456
12/08/2026 18:05:00;0,57456;0,57456;0,57305;0,57349
12/08/2026 18:10:00;0,57349;0,57349;0,57349;0,57349
12/08/2026 19:10:00;0,57442;0,57445;0,5744;0,57442
12/08/2026 19:15:00;0,57442;0,57443;0,57437;0,57438
12/08/2026 19:20:00;0,57438;0,57441;0,57437;0,57441
12/08/2026 19:25:00;0,57441;0,57446;0,5744;0,57441
12/08/2026 19:30:00;0,57441;0,57446;0,57437;0,57444
12/08/2026 19:35:00;0,57444;0,57448;0,57444;0,57446
12/08/2026 19:40:00;0,57446;0,5745;0,57443;0,57443
12/08/2026 19:45:00;0,57443;0,57447;0,57442;0,57444
12/08/2026 19:50:00;0,57444;0,57446;0,5744;0,57445
12/08/2026 19:55:00;0,57445;0,57446;0,57442;0,57445
12/08/2026 20:00:00;0,57445;0,5745;0,57442;0,57449
12/08/2026 20:05:00;0,57449;0,57451;0,57447;0,57449
12/08/2026 20:10:00;0,57449;0,57449;0,57445;0,57445
12/08/2026 20:15:00;0,57445;0,57449;0,57445;0,57448
12/08/2026 20:20:00;0,57448;0,57448;0,57444;0,57445
12/08/2026 20:25:00;0,57445;0,57447;0,57443;0,57446
12/08/2026 20:30:00;0,57446;0,5745;0,57445;0,57448
12/08/2026 20:35:00;0,57448;0,57453;0,57448;0,57452
12/08/2026 20:40:00;0,57452;0,57453;0,57448;0,57452
12/08/2026 20:45:00;0,57452;0,57452;0,57443;0,57444
12/08/2026 20:50:00;0,57444;0,57448;0,57439;0,5744
12/08/2026 20:55:00;0,5744;0,5744;0,57431;0,57437
12/08/2026 21:00:00;0,57437;0,57445;0,57428;0,5744
12/08/2026 21:05:00;0,5744;0,57447;0,5744;0,57442
12/08/2026 21:10:00;0,57442;0,57443;0,57434;0,57436
12/08/2026 21:15:00;0,57436;0,57439;0,57431;0,57436
12/08/2026 21:20:00;0,57436;0,57437;0,57422;0,57423
12/08/2026 21:25:00;0,57423;0,57424;0,57407;0,5741
12/08/2026 21:30:00;0,5741;0,57411;0,57386;0,57393
12/08/2026 21:35:00;0,57393;0,57406;0,5739;0,57401
12/08/2026 21:40:00;0,57401;0,57403;0,57397;0,57398
12/08/2026 21:45:00;0,57398;0,57402;0,57393;0,574
12/08/2026 21:50:00;0,574;0,57406;0,57392;0,57396
12/08/2026 21:55:00;0,57396;0,57399;0,57385;0,57393
12/08/2026 22:00:00;0,57393;0,57393;0,57379;0,57384
12/08/2026 22:05:00;0,57384;0,57389;0,57383;0,57387
12/08/2026 22:10:00;0,57387;0,5739;0,57378;0,57385
12/08/2026 22:15:00;0,57385;0,57387;0,57368;0,5737
12/08/2026 22:20:00;0,5737;0,5738;0,57365;0,57377
12/08/2026 22:25:00;0,57377;0,57378;0,57369;0,57376
12/08/2026 22:30:00;0,57376;0,57393;0,57376;0,57393
12/08/2026 22:35:00;0,57393;0,574;0,57388;0,57398
12/08/2026 22:40:00;0,57398;0,574;0,57389;0,57399
12/08/2026 22:45:00;0,57399;0,5741;0,57392;0,57396
12/08/2026 22:50:00;0,57396;0,57411;0,57393;0,57411
12/08/2026 22:55:00;0,57411;0,5742;0,57407;0,57408
12/08/2026 23:00:00;0,57408;0,5741;0,57395;0,57395
12/08/2026 23:05:00;0,57395;0,57405;0,57395;0,57399
12/08/2026 23:10:00;0,57399;0,57401;0,57382;0,57386
12/08/2026 23:15:00;0,57386;0,57401;0,57385;0,57396
12/08/2026 23:20:00;0,57396;0,57403;0,57393;0,57396
12/08/2026 23:25:00;0,57396;0,57398;0,57395;0,57397
12/08/2026 23:30:00;0,57397;0,57401;0,57388;0,57394
12/08/2026 23:35:00;0,57394;0,57398;0,57381;0,57392
12/08/2026 23:40:00;0,57392;0,57398;0,57387;0,57397
12/08/2026 23:45:00;0,57397;0,57403;0,57393;0,57402
12/08/2026 23:50:00;0,57402;0,57406;0,57399;0,57403
12/08/2026 23:55:00;0,57403;0,57404;0,57329;0,57329
13/08/2026 00:00:00;0,57329;0,57402;0,57329;0,57385
13/08/2026 00:05:00;0,57385;0,57396;0,5738;0,57384
13/08/2026 00:10:00;0,57384;0,57387;0,57357;0,57366
13/08/2026 00:15:00;0,57366;0,57375;0,57365;0,57374
13/08/2026 00:20:00;0,57374;0,5738;0,57369;0,5738
13/08/2026 00:25:00;0,5738;0,57384;0,57374;0,57379
13/08/2026 00:30:00;0,57379;0,57389;0,57379;0,57385
13/08/2026 00:35:00;0,57385;0,57392;0,57384;0,57389
13/08/2026 00:40:00;0,57389;0,57389;0,57377;0,57379
13/08/2026 00:45:00;0,57379;0,57394;0,57379;0,57393
13/08/2026 00:50:00;0,57393;0,57397;0,57387;0,57388
13/08/2026 00:55:00;0,57388;0,57391;0,57382;0,57382
13/08/2026 01:00:00;0,57382;0,57391;0,57382;0,57388
13/08/2026 01:05:00;0,57388;0,57393;0,57385;0,57387
13/08/2026 01:10:00;0,57387;0,57388;0,57376;0,57377
13/08/2026 01:15:00;0,57377;0,57379;0,57365;0,57368
13/08/2026 01:20:00;0,57368;0,57372;0,57365;0,57372
13/08/2026 01:25:00;0,57372;0,57375;0,57368;0,57372
13/08/2026 01:30:00;0,57372;0,57373;0,57365;0,57371
13/08/2026 01:35:00;0,57371;0,57375;0,57368;0,57371
13/08/2026 01:40:00;0,57371;0,57373;0,57366;0,57368
13/08/2026 01:45:00;0,57368;0,57377;0,57361;0,57371
13/08/2026 01:50:00;0,57371;0,57375;0,57362;0,57368
13/08/2026 01:55:00;0,57368;0,57368;0,57354;0,57356
13/08/2026 02:00:00;0,57356;0,57362;0,57353;0,57362
13/08/2026 02:05:00;0,57362;0,57372;0,5736;0,57371
13/08/2026 02:10:00;0,57371;0,5738;0,5737;0,57379
13/08/2026 02:15:00;0,57379;0,57381;0,57366;0,57366
13/08/2026 02:20:00;0,57366;0,57376;0,57361;0,57361
13/08/2026 02:25:00;0,57361;0,57372;0,57353;0,57353
13/08/2026 02:30:00;0,57353;0,57358;0,57342;0,57343
13/08/2026 02:35:00;0,57343;0,57344;0,5734;0,57343
13/08/2026 02:40:00;0,57343;0,57346;0,57335;0,57338
13/08/2026 02:45:00;0,57338;0,57344;0,57335;0,57341
13/08/2026 02:50:00;0,57341;0,57351;0,57338;0,57347
13/08/2026 02:55:00;0,57347;0,57357;0,57344;0,57354
13/08/2026 03:00:00;0,57354;0,57369;0,57345;0,57367
13/08/2026 03:05:00;0,57367;0,57376;0,57363;0,57372
13/08/2026 03:10:00;0,57372;0,57376;0,57367;0,57374
13/08/2026 03:15:00;0,57374;0,57382;0,57364;0,57381
13/08/2026 03:20:00;0,57381;0,57381;0,57367;0,57375
13/08/2026 03:25:00;0,57375;0,57383;0,57369;0,57381
13/08/2026 03:30:00;0,57381;0,57384;0,57368;0,57371
13/08/2026 03:35:00;0,57371;0,57379;0,57363;0,57365
13/08/2026 03:40:00;0,57365;0,57365;0,57356;0,57359
13/08/2026 03:45:00;0,57359;0,57365;0,57354;0,57363
13/08/2026 03:50:00;0,57363;0,57375;0,5736;0,57361
13/08/2026 03:55:00;0,57361;0,57368;0,57357;0,57359
13/08/2026 04:00:00;0,57359;0,57374;0,57359;0,57364
13/08/2026 04:05:00;0,57364;0,57364;0,57348;0,57349
13/08/2026 04:10:00;0,57349;0,57365;0,57347;0,57364
13/08/2026 04:15:00;0,57364;0,57364;0,57349;0,57362
13/08/2026 04:20:00;0,57362;0,57373;0,5736;0,57367
13/08/2026 04:25:00;0,57367;0,57374;0,57359;0,57359
13/08/2026 04:30:00;0,57359;0,57359;0,57336;0,57336
13/08/2026 04:35:00;0,57336;0,57341;0,57331;0,57336
13/08/2026 04:40:00;0,57336;0,57342;0,5732;0,5732
13/08/2026 04:45:00;0,5732;0,57322;0,57302;0,57308
13/08/2026 04:50:00;0,57308;0,57311;0,57282;0,57289
13/08/2026 04:55:00;0,57289;0,57299;0,57287;0,57297
13/08/2026 05:00:00;0,57297;0,57303;0,57295;0,57298
13/08/2026 05:05:00;0,57298;0,57301;0,57272;0,57278
13/08/2026 05:10:00;0,57278;0,57286;0,57274;0,5728
13/08/2026 05:15:00;0,5728;0,57286;0,57272;0,57278
13/08/2026 05:20:00;0,57278;0,57291;0,57277;0,57291
13/08/2026 05:25:00;0,57291;0,57304;0,57286;0,57292
13/08/2026 05:30:00;0,57292;0,57295;0,57286;0,57288
13/08/2026 05:35:00;0,57288;0,57298;0,57287;0,57294
13/08/2026 05:40:00;0,57294;0,57295;0,57281;0,57282
13/08/2026 05:45:00;0,57282;0,57285;0,57275;0,57277
13/08/2026 05:50:00;0,57277;0,57281;0,5727;0,57276
13/08/2026 05:55:00;0,57276;0,5729;0,57276;0,57287
13/08/2026 06:00:00;0,57287;0,57292;0,5728;0,57281
13/08/2026 06:05:00;0,57281;0,57283;0,57275;0,57275
13/08/2026 06:10:00;0,57275;0,57284;0,57271;0,57273
13/08/2026 06:15:00;0,57273;0,57276;0,57259;0,57264
13/08/2026 06:20:00;0,57264;0,57269;0,57258;0,5726
13/08/2026 06:25:00;0,5726;0,57274;0,57259;0,5727
13/08/2026 06:30:00;0,5727;0,57274;0,57266;0,57272
13/08/2026 06:35:00;0,57272;0,5728;0,57272;0,57277
13/08/2026 06:40:00;0,57277;0,57289;0,57275;0,57289
13/08/2026 06:45:00;0,57289;0,57295;0,57283;0,5729
13/08/2026 06:50:00;0,5729;0,57322;0,57289;0,57317
13/08/2026 06:55:00;0,57317;0,57327;0,57307;0,57313
13/08/2026 07:00:00;0,57313;0,57323;0,57311;0,57323
13/08/2026 07:05:00;0,57323;0,57327;0,57316;0,57322
13/08/2026 07:10:00;0,57322;0,57326;0,57305;0,5731
13/08/2026 07:15:00;0,5731;0,57322;0,57309;0,57313
13/08/2026 07:20:00;0,57313;0,57315;0,57301;0,57301
13/08/2026 07:25:00;0,57301;0,57309;0,57287;0,57287
13/08/2026 07:30:00;0,57287;0,57287;0,57268;0,57269
13/08/2026 07:35:00;0,57269;0,57277;0,57269;0,57273
13/08/2026 07:40:00;0,57273;0,57273;0,57256;0,57257
13/08/2026 07:45:00;0,57257;0,57262;0,57255;0,57259
13/08/2026 07:50:00;0,57259;0,57261;0,57255;0,5726
13/08/2026 07:55:00;0,5726;0,57282;0,57259;0,57281
13/08/2026 08:00:00;0,57281;0,57281;0,57266;0,57266
13/08/2026 08:05:00;0,57266;0,57272;0,57263;0,5727
13/08/2026 08:10:00;0,5727;0,57286;0,57268;0,57285
13/08/2026 08:15:00;0,57285;0,57291;0,57283;0,5729
13/08/2026 08:20:00;0,5729;0,57297;0,57287;0,57295
13/08/2026 08:25:00;0,57295;0,57299;0,57286;0,57286
13/08/2026 08:30:00;0,57286;0,57294;0,57285;0,57289
13/08/2026 08:35:00;0,57289;0,57303;0,57284;0,57292
13/08/2026 08:40:00;0,57292;0,57294;0,57285;0,57288
13/08/2026 08:45:00;0,57288;0,5729;0,57285;0,57287
13/08/2026 08:50:00;0,57287;0,57302;0,57287;0,57299
13/08/2026 08:55:00;0,57299;0,57306;0,57297;0,573
13/08/2026 09:00:00;0,573;0,57309;0,57297;0,57305
13/08/2026 09:05:00;0,57305;0,57308;0,57292;0,57301
13/08/2026 09:10:00;0,57301;0,57317;0,57301;0,57311
13/08/2026 09:15:00;0,57311;0,57314;0,57306;0,57308
13/08/2026 09:20:00;0,57308;0,57323;0,57308;0,5732
13/08/2026 09:25:00;0,5732;0,5732;0,5727;0,57271
13/08/2026 09:30:00;0,57271;0,57327;0,57255;0,57312
13/08/2026 09:35:00;0,57312;0,57349;0,57312;0,57343
13/08/2026 09:40:00;0,57343;0,5736;0,57338;0,5734
13/08/2026 09:45:00;0,5734;0,57343;0,5731;0,57317
13/08/2026 09:50:00;0,57317;0,57337;0,57311;0,57329
13/08/2026 09:55:00;0,57329;0,57332;0,57319;0,57332
13/08/2026 10:00:00;0,57332;0,57332;0,57318;0,57323
13/08/2026 10:05:00;0,57323;0,57349;0,57323;0,57341
13/08/2026 10:10:00;0,57341;0,57359;0,57338;0,57352
13/08/2026 10:15:00;0,57352;0,57353;0,57341;0,57353
13/08/2026 10:20:00;0,57353;0,57353;0,57329;0,57336
13/08/2026 10:25:00;0,57336;0,57352;0,57333;0,57334
13/08/2026 10:30:00;0,57334;0,57347;0,5732;0,5733
13/08/2026 10:35:00;0,5733;0,57354;0,57329;0,57349
13/08/2026 10:40:00;0,57349;0,57353;0,57338;0,57345
13/08/2026 10:45:00;0,57345;0,57359;0,57341;0,57358
13/08/2026 10:50:00;0,57358;0,57358;0,57344;0,57344
13/08/2026 10:55:00;0,57344;0,57352;0,57334;0,57334
13/08/2026 11:00:00;0,57334;0,5736;0,57331;0,57359
13/08/2026 11:05:00;0,57359;0,57373;0,57322;0,57322
13/08/2026 11:10:00;0,57322;0,57327;0,57308;0,57326
13/08/2026 11:15:00;0,57326;0,57333;0,57319;0,57319
13/08/2026 11:20:00;0,57319;0,57327;0,57308;0,57318
13/08/2026 11:25:00;0,57318;0,57336;0,57312;0,57333
13/08/2026 11:30:00;0,57333;0,57341;0,57317;0,5734
13/08/2026 11:35:00;0,5734;0,57353;0,57333;0,57337
13/08/2026 11:40:00;0,57337;0,57357;0,57334;0,57349
13/08/2026 11:45:00;0,57349;0,57354;0,57344;0,57352
13/08/2026 11:50:00;0,57352;0,57359;0,57346;0,57356
13/08/2026 11:55:00;0,57356;0,57363;0,57342;0,57342
13/08/2026 12:00:00;0,57342;0,57358;0,57336;0,57338
13/08/2026 12:05:00;0,57338;0,57342;0,57324;0,57325
13/08/2026 12:10:00;0,57325;0,5734;0,57323;0,57339
13/08/2026 12:15:00;0,57339;0,5734;0,57323;0,57325
13/08/2026 12:20:00;0,57325;0,57333;0,5732;0,57327
13/08/2026 12:25:00;0,57327;0,57346;0,57324;0,57339
13/08/2026 12:30:00;0,57339;0,57344;0,57334;0,5734
13/08/2026 12:35:00;0,5734;0,57344;0,57332;0,5734
13/08/2026 12:40:00;0,5734;0,57356;0,57338;0,57353
13/08/2026 12:45:00;0,57353;0,57356;0,57347;0,57351
13/08/2026 12:50:00;0,57351;0,57368;0,57351;0,57367
13/08/2026 12:55:00;0,57367;0,57373;0,57364;0,57367
13/08/2026 13:00:00;0,57367;0,57374;0,57365;0,57368
13/08/2026 13:05:00;0,57368;0,57381;0,57368;0,57377
13/08/2026 13:10:00;0,57377;0,57383;0,57373;0,57378
13/08/2026 13:15:00;0,57378;0,57386;0,57373;0,57383
13/08/2026 13:20:00;0,57383;0,57392;0,57382;0,57383
13/08/2026 13:25:00;0,57383;0,5739;0,57378;0,57382
13/08/2026 13:30:00;0,57382;0,57393;0,57382;0,5739
13/08/2026 13:35:00;0,5739;0,57397;0,57388;0,57395
13/08/2026 13:40:00;0,57395;0,57399;0,57389;0,57394
13/08/2026 13:45:00;0,57394;0,57395;0,57389;0,57393
13/08/2026 13:50:00;0,57393;0,57405;0,57392;0,57402
13/08/2026 13:55:00;0,57402;0,57403;0,57394;0,57398
13/08/2026 14:00:00;0,57398;0,57412;0,57396;0,57409
13/08/2026 14:05:00;0,57409;0,57414;0,57404;0,57407
13/08/2026 14:10:00;0,57407;0,57408;0,57403;0,57405
13/08/2026 14:15:00;0,57405;0,57407;0,57401;0,57405
13/08/2026 14:20:00;0,57405;0,57408;0,57399;0,574
13/08/2026 14:25:00;0,574;0,57404;0,57395;0,57395
13/08/2026 14:30:00;0,57395;0,57404;0,57394;0,57403
13/08/2026 14:35:00;0,57403;0,57403;0,57396;0,57396
13/08/2026 14:40:00;0,57396;0,57404;0,57396;0,57402
13/08/2026 14:45:00;0,57402;0,5741;0,57401;0,57408
13/08/2026 14:50:00;0,57408;0,5741;0,57404;0,57407
13/08/2026 14:55:00;0,57407;0,57409;0,57398;0,57399
13/08/2026 15:00:00;0,57399;0,57399;0,57392;0,57394
13/08/2026 15:05:00;0,57394;0,57396;0,57388;0,57389
13/08/2026 15:10:00;0,57389;0,57392;0,57387;0,57392
13/08/2026 15:15:00;0,57392;0,57397;0,57392;0,57393
13/08/2026 15:20:00;0,57393;0,57404;0,57393;0,57399
13/08/2026 15:25:00;0,57399;0,57405;0,57398;0,57402
13/08/2026 15:30:00;0,57402;0,57412;0,574;0,57411
13/08/2026 15:35:00;0,57411;0,57412;0,57404;0,57408
13/08/2026 15:40:00;0,57408;0,57418;0,57408;0,57414
13/08/2026 15:45:00;0,57414;0,57424;0,57413;0,57423
13/08/2026 15:50:00;0,57423;0,57431;0,57421;0,57431
13/08/2026 15:55:00;0,57431;0,57437;0,57429;0,57434
13/08/2026 16:00:00;0,57434;0,57439;0,5743;0,57438
13/08/2026 16:05:00;0,57438;0,57456;0,57436;0,57455
13/08/2026 16:10:00;0,57455;0,57455;0,57443;0,57448
13/08/2026 16:15:00;0,57448;0,57452;0,57446;0,5745
13/08/2026 16:20:00;0,5745;0,57459;0,5745;0,57456
13/08/2026 16:25:00;0,57456;0,57461;0,57455;0,57461
13/08/2026 16:30:00;0,57461;0,57478;0,57459;0,5747
13/08/2026 16:35:00;0,5747;0,57483;0,57468;0,57482
13/08/2026 16:40:00;0,57482;0,5749;0,57475;0,57482
13/08/2026 16:45:00;0,57482;0,57495;0,5748;0,57492
13/08/2026 16:50:00;0,57492;0,57501;0,57489;0,57493
13/08/2026 16:55:00;0,57493;0,57499;0,57489;0,57498
13/08/2026 17:00:00;0,57498;0,57513;0,57498;0,57504
13/08/2026 17:05:00;0,57504;0,57509;0,57503;0,57506
13/08/2026 17:10:00;0,57506;0,57506;0,57498;0,57506
13/08/2026 17:15:00;0,57506;0,57506;0,57486;0,57486
13/08/2026 17:20:00;0,57486;0,57493;0,57483;0,5749
13/08/2026 17:25:00;0,5749;0,57491;0,57487;0,57491
13/08/2026 17:30:00;0,57491;0,57497;0,57483;0,57484
13/08/2026 17:35:00;0,57484;0,57487;0,57483;0,57487
13/08/2026 17:40:00;0,57487;0,57489;0,57485;0,57487
13/08/2026 17:45:00;0,57488;0,57488;0,57473;0,57476
13/08/2026 17:50:00;0,57476;0,57484;0,5744;0,57469
13/08/2026 17:55:00;0,57469;0,57474;0,57469;0,57474
13/08/2026 18:00:00;0,57474;0,57474;0,57474;0,57474
13/08/2026 18:05:00;0,57474;0,57474;0,57474;0,57474
13/08/2026 19:10:00;0,5747;0,57471;0,57468;0,57468
13/08/2026 19:15:00;0,57468;0,57472;0,57466;0,5747
13/08/2026 19:20:00;0,5747;0,57472;0,57467;0,57471
13/08/2026 19:25:00;0,57472;0,57479;0,57465;0,57467
13/08/2026 19:30:00;0,57467;0,57479;0,57467;0,57478
13/08/2026 19:35:00;0,57478;0,57482;0,57477;0,57481
13/08/2026 19:40:00;0,57482;0,57483;0,57481;0,57481
13/08/2026 19:45:00;0,57481;0,57486;0,57481;0,57485
13/08/2026 19:50:00;0,57485;0,57485;0,57484;0,57484
13/08/2026 19:55:00;0,57484;0,57488;0,57482;0,57483
13/08/2026 20:00:00;0,57483;0,57489;0,57483;0,57489
13/08/2026 20:05:00;0,57489;0,57493;0,57482;0,5749
13/08/2026 20:10:00;0,5749;0,5749;0,57485;0,57486
13/08/2026 20:15:00;0,57486;0,5749;0,57485;0,57486
13/08/2026 20:20:00;0,57486;0,5749;0,57485;0,57488
13/08/2026 20:25:00;0,57488;0,5749;0,57486;0,57489
13/08/2026 20:30:00;0,57489;0,57495;0,57489;0,57495
13/08/2026 20:35:00;0,57494;0,57494;0,57486;0,57487
13/08/2026 20:40:00;0,57487;0,57491;0,57484;0,57486
13/08/2026 20:45:00;0,57486;0,57502;0,57486;0,57499
13/08/2026 20:50:00;0,57499;0,57505;0,57498;0,57502
13/08/2026 20:55:00;0,57502;0,57506;0,57501;0,57505
13/08/2026 21:00:00;0,57505;0,57514;0,57499;0,57514
13/08/2026 21:05:00;0,57514;0,57515;0,57502;0,5751
13/08/2026 21:10:00;0,5751;0,57512;0,57498;0,57498
13/08/2026 21:15:00;0,57498;0,57499;0,57487;0,57489
13/08/2026 21:20:00;0,57489;0,57503;0,57489;0,575
13/08/2026 21:25:00;0,575;0,57507;0,57498;0,57498
13/08/2026 21:30:00;0,57498;0,57498;0,57477;0,57479
13/08/2026 21:35:00;0,57479;0,57479;0,57471;0,57475
13/08/2026 21:40:00;0,57475;0,57479;0,57472;0,57472
13/08/2026 21:45:00;0,57473;0,57474;0,57462;0,57464
13/08/2026 21:50:00;0,57464;0,57466;0,5746;0,57463
13/08/2026 21:55:00;0,57463;0,57468;0,57454;0,57456
13/08/2026 22:00:00;0,57456;0,57461;0,57448;0,57455
13/08/2026 22:05:00;0,57455;0,57456;0,57443;0,57444
13/08/2026 22:10:00;0,57444;0,57455;0,57441;0,57455
13/08/2026 22:15:00;0,57455;0,57483;0,57455;0,57482
13/08/2026 22:20:00;0,57482;0,57489;0,57475;0,57485
13/08/2026 22:25:00;0,57485;0,57492;0,57478;0,57479
13/08/2026 22:30:00;0,57479;0,57482;0,57447;0,57448
13/08/2026 22:35:00;0,57448;0,57451;0,57443;0,57448
13/08/2026 22:40:00;0,57448;0,5745;0,57444;0,57449
13/08/2026 22:45:00;0,57449;0,57462;0,57448;0,57461
13/08/2026 22:50:00;0,57461;0,57461;0,5745;0,57451
13/08/2026 22:55:00;0,57451;0,57455;0,57447;0,57448
13/08/2026 23:00:00;0,57448;0,57458;0,57441;0,57442
13/08/2026 23:05:00;0,57442;0,57449;0,57437;0,57441
13/08/2026 23:10:00;0,57441;0,5745;0,5744;0,57442
13/08/2026 23:15:00;0,57442;0,57443;0,57437;0,57439
13/08/2026 23:20:00;0,57439;0,5744;0,57432;0,57435
13/08/2026 23:25:00;0,57435;0,57437;0,57425;0,57428
13/08/2026 23:30:00;0,57428;0,57438;0,57428;0,57437
13/08/2026 23:35:00;0,57437;0,57442;0,57435;0,5744
13/08/2026 23:40:00;0,5744;0,57448;0,57438;0,57446
13/08/2026 23:45:00;0,57446;0,5745;0,57436;0,57437
13/08/2026 23:50:00;0,57437;0,57444;0,57436;0,57443
13/08/2026 23:55:00;0,57443;0,57443;0,57435;0,57438
14/08/2026 00:00:00;0,57438;0,5744;0,57429;0,57429
14/08/2026 00:05:00;0,57429;0,57441;0,57427;0,57441
14/08/2026 00:10:00;0,57441;0,57447;0,5744;0,57443
14/08/2026 00:15:00;0,57443;0,57444;0,57437;0,57439
14/08/2026 00:20:00;0,57439;0,57444;0,57434;0,57442
14/08/2026 00:25:00;0,57442;0,57453;0,57439;0,57453
14/08/2026 00:30:00;0,57453;0,57457;0,57448;0,57449
14/08/2026 00:35:00;0,57449;0,57454;0,57447;0,57449
14/08/2026 00:40:00;0,57449;0,57457;0,57445;0,57457
14/08/2026 00:45:00;0,57457;0,5746;0,57454;0,57455
14/08/2026 00:50:00;0,57455;0,57459;0,57453;0,57453
14/08/2026 00:55:00;0,57453;0,57461;0,57449;0,57456
14/08/2026 01:00:00;0,57456;0,5746;0,57452;0,57456
14/08/2026 01:05:00;0,57456;0,57458;0,57454;0,57455
14/08/2026 01:10:00;0,57455;0,57458;0,57447;0,57448
14/08/2026 01:15:00;0,57448;0,57457;0,57447;0,57455
14/08/2026 01:20:00;0,57455;0,5746;0,57452;0,57459
14/08/2026 01:25:00;0,57459;0,57463;0,57457;0,57463
14/08/2026 01:30:00;0,57463;0,57465;0,57457;0,57457
14/08/2026 01:35:00;0,57457;0,57457;0,57452;0,57454
14/08/2026 01:40:00;0,57454;0,57455;0,57451;0,57454
14/08/2026 01:45:00;0,57454;0,57458;0,57453;0,57458
14/08/2026 01:50:00;0,57458;0,57458;0,57447;0,5745
14/08/2026 01:55:00;0,5745;0,57453;0,57449;0,57452
14/08/2026 02:00:00;0,57452;0,57458;0,57442;0,57442
14/08/2026 02:05:00;0,57442;0,57446;0,57437;0,57442
14/08/2026 02:10:00;0,57442;0,57444;0,57437;0,57442
14/08/2026 02:15:00;0,57442;0,57443;0,57434;0,57436
14/08/2026 02:20:00;0,57436;0,57446;0,57436;0,57441
14/08/2026 02:25:00;0,57441;0,57446;0,5744;0,57444
14/08/2026 02:30:00;0,57444;0,57458;0,57444;0,57455
14/08/2026 02:35:00;0,57455;0,57465;0,57455;0,57458
14/08/2026 02:40:00;0,57458;0,57466;0,57453;0,57466
14/08/2026 02:45:00;0,57466;0,57471;0,57462;0,57471
14/08/2026 02:50:00;0,57471;0,57475;0,57466;0,57468
14/08/2026 02:55:00;0,57468;0,57485;0,57468;0,57482
14/08/2026 03:00:00;0,57482;0,57484;0,57466;0,57472
14/08/2026 03:05:00;0,57472;0,57486;0,57472;0,57484
14/08/2026 03:10:00;0,57484;0,57487;0,57475;0,57481
14/08/2026 03:15:00;0,57481;0,57492;0,57478;0,57483
14/08/2026 03:20:00;0,57483;0,57488;0,57476;0,57482
14/08/2026 03:25:00;0,57482;0,57497;0,57482;0,57495
14/08/2026 03:30:00;0,57495;0,575;0,57486;0,57496
14/08/2026 03:35:00;0,57496;0,57497;0,57487;0,57488
14/08/2026 03:40:00;0,57488;0,57497;0,57488;0,57489
14/08/2026 03:45:00;0,57489;0,57504;0,57488;0,57498
14/08/2026 03:50:00;0,57498;0,57512;0,57497;0,5751
14/08/2026 03:55:00;0,5751;0,57512;0,57497;0,57498
14/08/2026 04:00:00;0,57498;0,575;0,57489;0,57493
14/08/2026 04:05:00;0,57493;0,57506;0,57492;0,575
14/08/2026 04:10:00;0,575;0,57514;0,5749;0,57509
14/08/2026 04:15:00;0,57509;0,57517;0,57509;0,57516
14/08/2026 04:20:00;0,57516;0,57531;0,57515;0,5752
14/08/2026 04:25:00;0,5752;0,5752;0,57503;0,5751
14/08/2026 04:30:00;0,5751;0,5752;0,57509;0,57519
14/08/2026 04:35:00;0,57519;0,57524;0,57516;0,57521
14/08/2026 04:40:00;0,57521;0,57532;0,57519;0,57524
14/08/2026 04:45:00;0,57524;0,57531;0,57518;0,5753
14/08/2026 04:50:00;0,5753;0,57545;0,57525;0,57542
14/08/2026 04:55:00;0,57542;0,57542;0,57526;0,57528
14/08/2026 05:00:00;0,57528;0,57536;0,5752;0,57534
14/08/2026 05:05:00;0,57534;0,57535;0,57521;0,57531
14/08/2026 05:10:00;0,57531;0,57539;0,57529;0,57531
14/08/2026 05:15:00;0,57531;0,57535;0,5752;0,57522
14/08/2026 05:20:00;0,57522;0,57527;0,57517;0,57522
14/08/2026 05:25:00;0,57522;0,5753;0,57513;0,57514
14/08/2026 05:30:00;0,57514;0,57539;0,57513;0,57537
14/08/2026 05:35:00;0,57537;0,57545;0,57534;0,57538
14/08/2026 05:40:00;0,57538;0,57563;0,57538;0,57561
14/08/2026 05:45:00;0,57561;0,57568;0,57551;0,57568
14/08/2026 05:50:00;0,57568;0,57579;0,57544;0,57579
14/08/2026 05:55:00;0,57579;0,57589;0,57539;0,57589
14/08/2026 06:00:00;0,57589;0,57604;0,57513;0,57604
14/08/2026 06:05:00;0,57604;0,57604;0,57502;0,57508
14/08/2026 06:10:00;0,57508;0,57519;0,57508;0,57516
14/08/2026 06:15:00;0,57516;0,57528;0,57516;0,57523
14/08/2026 06:20:00;0,57523;0,57525;0,57511;0,57516
14/08/2026 06:25:00;0,57516;0,57522;0,57513;0,57521
14/08/2026 06:30:00;0,57521;0,57528;0,57511;0,57527
14/08/2026 06:35:00;0,57527;0,57531;0,57513;0,57513
14/08/2026 06:40:00;0,57513;0,57523;0,57513;0,5752
14/08/2026 06:45:00;0,5752;0,57525;0,57516;0,57523
14/08/2026 06:50:00;0,57523;0,57525;0,57506;0,57508
14/08/2026 06:55:00;0,57508;0,57525;0,57502;0,57517
14/08/2026 07:00:00;0,57517;0,57529;0,57512;0,57516
14/08/2026 07:05:00;0,57516;0,57524;0,57515;0,57519
14/08/2026 07:10:00;0,57519;0,57536;0,57516;0,57532
14/08/2026 07:15:00;0,57532;0,57532;0,57521;0,57523
14/08/2026 07:20:00;0,57523;0,57531;0,57523;0,5753
14/08/2026 07:25:00;0,5753;0,57548;0,5753;0,57545
14/08/2026 07:30:00;0,57545;0,57556;0,57537;0,5755
14/08/2026 07:35:00;0,5755;0,57552;0,57543;0,57544
14/08/2026 07:40:00;0,57544;0,5755;0,57533;0,57533
14/08/2026 07:45:00;0,57533;0,57535;0,57525;0,57535
14/08/2026 07:50:00;0,57535;0,57535;0,57526;0,57529
14/08/2026 07:55:00;0,57529;0,5753;0,57515;0,5752
14/08/2026 08:00:00;0,5752;0,57522;0,57507;0,57513
14/08/2026 08:05:00;0,57513;0,5752;0,57508;0,57509
14/08/2026 08:10:00;0,57508;0,57513;0,57501;0,57506
14/08/2026 08:15:00;0,57508;0,57509;0,57498;0,57502
14/08/2026 08:20:00;0,57502;0,57515;0,575;0,5751
14/08/2026 08:25:00;0,5751;0,57519;0,57508;0,57517
14/08/2026 08:30:00;0,57517;0,57519;0,57504;0,57506
14/08/2026 08:35:00;0,57506;0,57513;0,57491;0,57495
14/08/2026 08:40:00;0,57495;0,57497;0,57486;0,57487
14/08/2026 08:45:00;0,57487;0,57495;0,57478;0,5748
14/08/2026 08:50:00;0,5748;0,57487;0,57472;0,57485
14/08/2026 08:55:00;0,57485;0,57491;0,57479;0,57486
14/08/2026 09:00:00;0,57486;0,57486;0,57459;0,57468
14/08/2026 09:05:00;0,57468;0,57484;0,57468;0,57481
14/08/2026 09:10:00;0,57481;0,57487;0,57382;0,57466
14/08/2026 09:15:00;0,57466;0,57472;0,57459;0,57462
14/08/2026 09:20:00;0,57462;0,57472;0,57455;0,57471
14/08/2026 09:25:00;0,57471;0,57477;0,57399;0,57399
14/08/2026 09:30:00;0,57399;0,57469;0,57387;0,57453
14/08/2026 09:35:00;0,57453;0,57463;0,5745;0,57453
14/08/2026 09:40:00;0,57453;0,5746;0,57449;0,57454
14/08/2026 09:45:00;0,57454;0,5747;0,57454;0,57468
14/08/2026 09:50:00;0,57468;0,57472;0,57458;0,57471
14/08/2026 09:55:00;0,57471;0,57479;0,57463;0,57471
14/08/2026 10:00:00;0,57471;0,57489;0,57469;0,57487
14/08/2026 10:05:00;0,57487;0,57497;0,5748;0,57481
14/08/2026 10:10:00;0,57481;0,57496;0,57477;0,57494
14/08/2026 10:15:00;0,57494;0,57508;0,57491;0,57505
14/08/2026 10:20:00;0,57505;0,57518;0,57489;0,57501
14/08/2026 10:25:00;0,57501;0,57509;0,57498;0,57505
14/08/2026 10:30:00;0,57505;0,5751;0,57426;0,57501
14/08/2026 10:35:00;0,57501;0,57508;0,57498;0,57501
14/08/2026 10:40:00;0,57501;0,57515;0,57489;0,57496
14/08/2026 10:45:00;0,57496;0,57498;0,57477;0,57485
14/08/2026 10:50:00;0,57485;0,57502;0,57478;0,57495
14/08/2026 10:55:00;0,57495;0,5751;0,57488;0,57503
14/08/2026 11:00:00;0,57503;0,57516;0,57488;0,57514
14/08/2026 11:05:00;0,57514;0,57526;0,57507;0,57512
14/08/2026 11:10:00;0,57512;0,57523;0,57508;0,57519
14/08/2026 11:15:00;0,5752;0,57523;0,57501;0,57513
14/08/2026 11:20:00;0,57513;0,57515;0,57499;0,57504
14/08/2026 11:25:00;0,57504;0,57515;0,57503;0,57509
14/08/2026 11:30:00;0,57509;0,57533;0,57509;0,57529
14/08/2026 11:35:00;0,57529;0,57529;0,57513;0,57518
14/08/2026 11:40:00;0,57518;0,57523;0,57511;0,5752
14/08/2026 11:45:00;0,5752;0,57525;0,57426;0,57516
14/08/2026 11:50:00;0,57516;0,57526;0,57511;0,57521
14/08/2026 11:55:00;0,57521;0,57545;0,57515;0,57535
14/08/2026 12:00:00;0,57535;0,57546;0,57526;0,57545
14/08/2026 12:05:00;0,57545;0,57562;0,57544;0,57556
14/08/2026 12:10:00;0,57556;0,57562;0,57545;0,57557
14/08/2026 12:15:00;0,57557;0,57564;0,57545;0,57548
14/08/2026 12:20:00;0,57548;0,57551;0,57542;0,57548
14/08/2026 12:25:00;0,57548;0,57553;0,57541;0,57547
14/08/2026 12:30:00;0,57547;0,57547;0,57527;0,5753
14/08/2026 12:35:00;0,5753;0,57535;0,57524;0,57526
14/08/2026 12:40:00;0,57526;0,5753;0,57523;0,57526
14/08/2026 12:45:00;0,57528;0,57545;0,57528;0,57533
14/08/2026 12:50:00;0,57532;0,57544;0,57531;0,5754
14/08/2026 12:55:00;0,5754;0,57543;0,57535;0,5754
14/08/2026 13:00:00;0,5754;0,57553;0,57538;0,57549
14/08/2026 13:05:00;0,57549;0,57553;0,57544;0,57546
14/08/2026 13:10:00;0,57546;0,57557;0,57546;0,57551
14/08/2026 13:15:00;0,57551;0,57555;0,57545;0,57547
14/08/2026 13:20:00;0,57547;0,57551;0,57541;0,57543
14/08/2026 13:25:00;0,57543;0,57555;0,57543;0,57553
14/08/2026 13:30:00;0,57553;0,5756;0,57541;0,57542
14/08/2026 13:35:00;0,57543;0,57556;0,57541;0,57554
14/08/2026 13:40:00;0,57554;0,57557;0,57548;0,5755
14/08/2026 13:45:00;0,5755;0,57555;0,57546;0,57553
14/08/2026 13:50:00;0,57553;0,57558;0,5755;0,57555
14/08/2026 13:55:00;0,57555;0,57562;0,57555;0,5756
14/08/2026 14:00:00;0,5756;0,57579;0,57555;0,57577
14/08/2026 14:05:00;0,57577;0,57583;0,57573;0,5758
14/08/2026 14:10:00;0,5758;0,57587;0,57577;0,57581
14/08/2026 14:15:00;0,57581;0,57594;0,5758;0,57593
14/08/2026 14:20:00;0,57593;0,57601;0,57589;0,57595
14/08/2026 14:25:00;0,57595;0,57595;0,57584;0,57584
14/08/2026 14:30:00;0,57584;0,5759;0,57581;0,57584
14/08/2026 14:35:00;0,57584;0,57585;0,57576;0,57577
14/08/2026 14:40:00;0,57577;0,57579;0,5757;0,5757
14/08/2026 14:45:00;0,5757;0,57571;0,57566;0,57571
14/08/2026 14:50:00;0,57571;0,57577;0,57568;0,57577
14/08/2026 14:55:00;0,57578;0,5758;0,57575;0,57576
14/08/2026 15:00:00;0,57576;0,57576;0,57564;0,57565
14/08/2026 15:05:00;0,57565;0,57567;0,57559;0,5756
14/08/2026 15:10:00;0,5756;0,57571;0,5756;0,57569
14/08/2026 15:15:00;0,57569;0,57571;0,57564;0,57565
14/08/2026 15:20:00;0,57565;0,57568;0,5756;0,57564
14/08/2026 15:25:00;0,57564;0,57566;0,57559;0,57564
14/08/2026 15:30:00;0,57564;0,57568;0,57561;0,57567
14/08/2026 15:35:00;0,57567;0,57571;0,57565;0,57571
14/08/2026 15:40:00;0,57571;0,57575;0,57565;0,57566
14/08/2026 15:45:00;0,57566;0,5757;0,57561;0,57569
14/08/2026 15:50:00;0,57569;0,57577;0,57568;0,57576
14/08/2026 15:55:00;0,57576;0,57579;0,57572;0,57575
14/08/2026 16:00:00;0,57575;0,57583;0,57575;0,57579
14/08/2026 16:05:00;0,57579;0,57586;0,57575;0,57585
14/08/2026 16:10:00;0,57585;0,57595;0,57585;0,57587
14/08/2026 16:15:00;0,57587;0,57594;0,57587;0,57589
14/08/2026 16:20:00;0,57589;0,57593;0,57584;0,57589
14/08/2026 16:25:00;0,57589;0,57594;0,57586;0,57593
14/08/2026 16:30:00;0,57593;0,57604;0,57593;0,576
14/08/2026 16:35:00;0,576;0,57606;0,57596;0,57601
14/08/2026 16:40:00;0,57601;0,57611;0,576;0,5761
14/08/2026 16:45:00;0,5761;0,57619;0,5761;0,57619
14/08/2026 16:50:00;0,57619;0,57621;0,57607;0,57612
14/08/2026 16:55:00;0,57612;0,57614;0,57602;0,57605
14/08/2026 17:00:00;0,57605;0,57607;0,57595;0,57599
14/08/2026 17:05:00;0,57599;0,57604;0,57594;0,576
14/08/2026 17:10:00;0,57601;0,57619;0,57601;0,57614
14/08/2026 17:15:00;0,57614;0,57614;0,57609;0,57611
14/08/2026 17:20:00;0,57611;0,57616;0,57611;0,57614
14/08/2026 17:25:00;0,57614;0,57614;0,57609;0,57609
14/08/2026 17:30:00;0,57609;0,57609;0,57601;0,57604
14/08/2026 17:35:00;0,57604;0,57609;0,576;0,57604
14/08/2026 17:40:00;0,57601;0,57609;0,57599;0,57609
14/08/2026 17:45:00;0,57609;0,57611;0,57604;0,57611
14/08/2026 17:50:00;0,57611;0,57621;0,57611;0,57611
14/08/2026 17:55:00;0,57611;0,57621;0,57579;0,57611
14/08/2026 18:00:00;0,57611;0,57611;0,57611;0,57611
14/08/2026 18:05:00;0,57611;0,57611;0,57611;0,57611
17/08/2026 10:50:00;0,57549;0,57558;0,57546;0,57547
17/08/2026 10:55:00;0,57547;0,57555;0,57528;0,57553
17/08/2026 11:00:00;0,57553;0,57566;0,5754;0,5755
17/08/2026 11:05:00;0,5755;0,57579;0,5755;0,57578
17/08/2026 11:10:00;0,57578;0,5761;0,57578;0,57604
17/08/2026 11:15:00;0,57604;0,57609;0,57579;0,57609
17/08/2026 11:20:00;0,57609;0,57613;0,57571;0,57577
17/08/2026 11:25:00;0,57577;0,57604;0,57577;0,57597
17/08/2026 11:30:00;0,57597;0,57619;0,57587;0,57603
17/08/2026 11:35:00;0,57603;0,57605;0,57585;0,57586
17/08/2026 11:40:00;0,57586;0,57591;0,57564;0,57575
17/08/2026 11:45:00;0,57575;0,57607;0,57574;0,57603
17/08/2026 11:50:00;0,57603;0,57605;0,57565;0,57576
17/08/2026 11:55:00;0,57576;0,57586;0,57553;0,57565
17/08/2026 12:00:00;0,57565;0,57577;0,57561;0,57571
17/08/2026 12:05:00;0,57571;0,57578;0,57558;0,57572
17/08/2026 12:10:00;0,57572;0,57576;0,57562;0,57563
17/08/2026 12:15:00;0,57563;0,57586;0,57562;0,57577
17/08/2026 12:20:00;0,57577;0,57589;0,57577;0,57584
17/08/2026 12:25:00;0,57584;0,57599;0,57578;0,57594
17/08/2026 12:30:00;0,57594;0,57597;0,57582;0,57586
17/08/2026 12:35:00;0,57586;0,57594;0,57578;0,57578
17/08/2026 12:40:00;0,57578;0,57588;0,57571;0,57585
17/08/2026 12:45:00;0,57585;0,57593;0,57577;0,57577
17/08/2026 12:50:00;0,57577;0,57581;0,5757;0,5757
17/08/2026 12:55:00;0,5757;0,57579;0,57568;0,57575
17/08/2026 13:00:00;0,57575;0,57582;0,57572;0,5758
17/08/2026 13:05:00;0,5758;0,57588;0,57578;0,57588
17/08/2026 13:10:00;0,57588;0,57609;0,57588;0,57592
17/08/2026 13:15:00;0,57592;0,57594;0,57588;0,5759
17/08/2026 13:20:00;0,5759;0,5759;0,57581;0,57586
17/08/2026 13:25:00;0,57586;0,57604;0,57586;0,57602
17/08/2026 13:30:00;0,57602;0,57605;0,57599;0,57602
17/08/2026 13:35:00;0,57602;0,57603;0,57593;0,576
17/08/2026 13:40:00;0,576;0,57604;0,57599;0,57601
17/08/2026 13:45:00;0,57601;0,57609;0,57599;0,57606
17/08/2026 13:50:00;0,57606;0,57608;0,57598;0,57602
17/08/2026 13:55:00;0,57602;0,57613;0,57602;0,57605
17/08/2026 14:00:00;0,57605;0,57611;0,57605;0,57606
17/08/2026 14:05:00;0,57606;0,57618;0,57606;0,57611
17/08/2026 14:10:00;0,57611;0,57617;0,57609;0,57615
17/08/2026 14:15:00;0,57615;0,57625;0,57614;0,57625
17/08/2026 14:20:00;0,57625;0,57625;0,57609;0,57612
17/08/2026 14:25:00;0,57612;0,5762;0,57611;0,57617
17/08/2026 14:30:00;0,57617;0,57631;0,57616;0,57628
17/08/2026 14:35:00;0,57628;0,5764;0,57627;0,57638
17/08/2026 14:40:00;0,57638;0,57643;0,57627;0,5763
17/08/2026 14:45:00;0,5763;0,57632;0,57625;0,5763
17/08/2026 14:50:00;0,5763;0,5764;0,5763;0,57632
17/08/2026 14:55:00;0,57632;0,5764;0,5763;0,57638
17/08/2026 15:00:00;0,57638;0,57645;0,57636;0,57644
17/08/2026 15:05:00;0,57644;0,57644;0,57631;0,57635
17/08/2026 15:10:00;0,57635;0,57642;0,57634;0,5764
17/08/2026 15:15:00;0,5764;0,57641;0,57635;0,57636
17/08/2026 15:20:00;0,57636;0,57641;0,57635;0,57638
17/08/2026 15:25:00;0,57638;0,5765;0,5758;0,57633
17/08/2026 15:30:00;0,57633;0,57635;0,57629;0,57631
17/08/2026 15:35:00;0,57631;0,57635;0,57629;0,57629
17/08/2026 15:40:00;0,57629;0,57634;0,57627;0,57629
17/08/2026 15:45:00;0,57629;0,57636;0,57628;0,57636
17/08/2026 15:50:00;0,57636;0,57639;0,57634;0,57634
17/08/2026 15:55:00;0,57634;0,57638;0,57626;0,57627
17/08/2026 16:00:00;0,57627;0,57632;0,5758;0,57628
17/08/2026 16:05:00;0,57628;0,57633;0,57627;0,57632
17/08/2026 16:10:00;0,57632;0,57633;0,57605;0,57613
17/08/2026 16:15:00;0,57613;0,57619;0,57605;0,57616
17/08/2026 16:20:00;0,57616;0,57621;0,57612;0,57614
17/08/2026 16:25:00;0,57614;0,57618;0,57608;0,5761
17/08/2026 16:30:00;0,5761;0,57611;0,57602;0,57605
17/08/2026 16:35:00;0,57603;0,57606;0,576;0,57605
17/08/2026 16:40:00;0,57605;0,57606;0,576;0,57606
17/08/2026 16:45:00;0,57606;0,57607;0,57595;0,57604
17/08/2026 16:50:00;0,57604;0,57607;0,57595;0,57605
17/08/2026 16:55:00;0,57605;0,57611;0,5758;0,57602
17/08/2026 17:00:00;0,57602;0,57607;0,57599;0,57599
17/08/2026 17:05:00;0,57599;0,57611;0,57599;0,57609
17/08/2026 17:10:00;0,57609;0,57611;0,57606;0,57606
17/08/2026 17:15:00;0,57606;0,57609;0,57605;0,57606
17/08/2026 17:20:00;0,57606;0,57609;0,57604;0,57608
17/08/2026 17:25:00;0,57608;0,5761;0,57607;0,57608
17/08/2026 17:30:00;0,57608;0,57609;0,57604;0,57605
17/08/2026 17:35:00;0,57605;0,57608;0,57604;0,57605
17/08/2026 17:40:00;0,57605;0,57614;0,57604;0,5761
17/08/2026 17:45:00;0,5761;0,57611;0,57602;0,57603
17/08/2026 17:50:00;0,57603;0,57604;0,5758;0,57601
17/08/2026 17:55:00;0,57601;0,57601;0,5758;0,57601
17/08/2026 18:00:00;0,57601;0,57601;0,57601;0,57601
17/08/2026 18:05:00;0,57601;0,57601;0,57601;0,57601
17/08/2026 19:10:00;0,57614;0,57618;0,57613;0,57616
17/08/2026 19:15:00;0,57616;0,57618;0,57615;0,57617
17/08/2026 19:20:00;0,57617;0,57617;0,57613;0,57614
17/08/2026 19:25:00;0,57614;0,57618;0,57612;0,57614
17/08/2026 19:30:00;0,57614;0,57618;0,57614;0,57618
17/08/2026 19:35:00;0,57618;0,57622;0,57618;0,5762
17/08/2026 19:40:00;0,57621;0,57622;0,57619;0,57621
17/08/2026 19:45:00;0,57621;0,57623;0,57618;0,5762
17/08/2026 19:50:00;0,5762;0,57622;0,57617;0,5762
17/08/2026 19:55:00;0,5762;0,57623;0,5762;0,57622
17/08/2026 20:00:00;0,57622;0,57625;0,57617;0,57621
17/08/2026 20:05:00;0,57621;0,57627;0,5762;0,57626
17/08/2026 20:10:00;0,57627;0,57628;0,57623;0,57625
17/08/2026 20:15:00;0,57625;0,57626;0,57621;0,57625
17/08/2026 20:20:00;0,57625;0,57625;0,57618;0,57622
17/08/2026 20:25:00;0,57622;0,57623;0,5762;0,57622
17/08/2026 20:30:00;0,57622;0,57624;0,57619;0,5762
17/08/2026 20:35:00;0,5762;0,57621;0,57616;0,5762
17/08/2026 20:40:00;0,5762;0,5762;0,57611;0,57612
17/08/2026 20:45:00;0,57612;0,57613;0,57606;0,57608
17/08/2026 20:50:00;0,57608;0,57616;0,57605;0,57615
17/08/2026 20:55:00;0,57615;0,57621;0,57614;0,57619
17/08/2026 21:00:00;0,57619;0,57628;0,57613;0,57616
17/08/2026 21:05:00;0,57616;0,57631;0,57614;0,57631
17/08/2026 21:10:00;0,57631;0,57633;0,57625;0,57628
17/08/2026 21:15:00;0,57628;0,5764;0,57626;0,57637
17/08/2026 21:20:00;0,57637;0,57648;0,57637;0,57643
17/08/2026 21:25:00;0,57643;0,57649;0,57628;0,57628
17/08/2026 21:30:00;0,57628;0,57648;0,57628;0,57644
17/08/2026 21:35:00;0,57644;0,57649;0,57637;0,57641
17/08/2026 21:40:00;0,57641;0,57656;0,57641;0,57656
17/08/2026 21:45:00;0,57656;0,57656;0,57644;0,57647
17/08/2026 21:50:00;0,57647;0,5765;0,57637;0,57638
17/08/2026 21:55:00;0,57638;0,57644;0,57632;0,57633
17/08/2026 22:00:00;0,57633;0,57647;0,57628;0,57642
17/08/2026 22:05:00;0,57642;0,5765;0,57634;0,57637
17/08/2026 22:10:00;0,57637;0,57644;0,57631;0,57642
17/08/2026 22:15:00;0,57642;0,57649;0,57634;0,57641
17/08/2026 22:20:00;0,57641;0,57647;0,57635;0,57647
17/08/2026 22:25:00;0,57647;0,5765;0,57641;0,57647
17/08/2026 22:30:00;0,57647;0,57648;0,57641;0,57644
17/08/2026 22:35:00;0,57644;0,57648;0,57641;0,57648
17/08/2026 22:40:00;0,57648;0,57653;0,57643;0,57643
17/08/2026 22:45:00;0,57643;0,57646;0,57634;0,57644
17/08/2026 22:50:00;0,57644;0,57646;0,57634;0,57639
17/08/2026 22:55:00;0,57639;0,57642;0,57634;0,57636
17/08/2026 23:00:00;0,57636;0,57648;0,57634;0,57642
17/08/2026 23:05:00;0,57642;0,57647;0,57637;0,57643
17/08/2026 23:10:00;0,57643;0,57647;0,57633;0,57637
17/08/2026 23:15:00;0,57637;0,57643;0,57634;0,57641
17/08/2026 23:20:00;0,57641;0,57645;0,57634;0,57639
17/08/2026 23:25:00;0,57639;0,57643;0,57635;0,57641
17/08/2026 23:30:00;0,57641;0,57649;0,57636;0,57642
17/08/2026 23:35:00;0,57642;0,57655;0,57642;0,5765
17/08/2026 23:40:00;0,5765;0,5766;0,57649;0,57655
17/08/2026 23:45:00;0,57655;0,57666;0,57652;0,57665
18/08/2026 07:00:00;0,57696;0,57705;0,57692;0,57703
18/08/2026 07:05:00;0,57703;0,57709;0,57696;0,57706
18/08/2026 07:10:00;0,57706;0,57717;0,57704;0,57717
18/08/2026 07:15:00;0,57717;0,5772;0,57708;0,57713
18/08/2026 07:20:00;0,57713;0,57721;0,57711;0,57717
18/08/2026 07:25:00;0,57717;0,57728;0,57717;0,5772
18/08/2026 07:30:00;0,5772;0,57729;0,57717;0,57725
18/08/2026 07:35:00;0,57725;0,57727;0,57715;0,57718
18/08/2026 07:40:00;0,57718;0,57722;0,57715;0,57717
18/08/2026 07:45:00;0,57717;0,5772;0,57713;0,57717
18/08/2026 07:50:00;0,57717;0,57727;0,57714;0,57721
18/08/2026 07:55:00;0,57721;0,57722;0,5771;0,57711
18/08/2026 08:00:00;0,57711;0,57719;0,5771;0,57717
18/08/2026 08:05:00;0,57717;0,57728;0,57717;0,57727
18/08/2026 08:10:00;0,57727;0,57737;0,57725;0,57737
18/08/2026 08:15:00;0,57737;0,5774;0,57733;0,57736
18/08/2026 08:20:00;0,57736;0,57739;0,57733;0,57734
18/08/2026 08:25:00;0,57734;0,57741;0,5773;0,57735
18/08/2026 08:30:00;0,57735;0,57742;0,57731;0,57741
18/08/2026 08:35:00;0,57741;0,57747;0,57737;0,57741
18/08/2026 08:40:00;0,57741;0,5775;0,5774;0,5775
18/08/2026 08:45:00;0,5775;0,57759;0,57748;0,57755
18/08/2026 08:50:00;0,57755;0,57767;0,57754;0,57758
18/08/2026 08:55:00;0,57758;0,57761;0,57755;0,5776
18/08/2026 09:00:00;0,5776;0,57773;0,5776;0,57768
18/08/2026 09:05:00;0,57768;0,57774;0,57762;0,57773
18/08/2026 09:10:00;0,57773;0,57776;0,5769;0,57761
18/08/2026 09:15:00;0,57761;0,57772;0,57761;0,57767
18/08/2026 09:20:00;0,57767;0,57778;0,57765;0,5777
18/08/2026 09:25:00;0,5777;0,57777;0,5775;0,5775
18/08/2026 09:30:00;0,5775;0,57785;0,5775;0,5778
18/08/2026 09:35:00;0,5778;0,57785;0,57772;0,57772
18/08/2026 09:40:00;0,57772;0,57777;0,57766;0,57773
18/08/2026 09:45:00;0,57773;0,57776;0,57767;0,57772
18/08/2026 09:50:00;0,57772;0,57772;0,57756;0,57761
18/08/2026 09:55:00;0,57761;0,57767;0,57753;0,57757
18/08/2026 10:00:00;0,57757;0,57769;0,57751;0,57758
18/08/2026 10:05:00;0,57758;0,57779;0,57758;0,57775
18/08/2026 10:10:00;0,57775;0,5779;0,57762;0,57762
18/08/2026 10:15:00;0,57762;0,57799;0,57762;0,57797
18/08/2026 10:20:00;0,57797;0,57805;0,57794;0,57801
18/08/2026 10:25:00;0,57801;0,57806;0,57787;0,57788
18/08/2026 10:30:00;0,57788;0,57802;0,57712;0,57776
18/08/2026 10:35:00;0,57776;0,57786;0,57768;0,57777
18/08/2026 10:40:00;0,57777;0,57777;0,57758;0,57761
18/08/2026 10:45:00;0,57761;0,57761;0,57722;0,57723
18/08/2026 10:50:00;0,57723;0,57748;0,5772;0,57744
18/08/2026 10:55:00;0,57744;0,57749;0,57721;0,57721
18/08/2026 11:00:00;0,57721;0,57749;0,57721;0,57731
18/08/2026 11:05:00;0,57731;0,57738;0,57714;0,57715
18/08/2026 11:10:00;0,57715;0,57717;0,57692;0,57705
18/08/2026 11:15:00;0,57705;0,57712;0,5769;0,57694
18/08/2026 11:20:00;0,57694;0,57705;0,57683;0,57697
18/08/2026 11:25:00;0,57697;0,57707;0,57693;0,57699
18/08/2026 11:30:00;0,57699;0,57706;0,57694;0,57695
18/08/2026 11:35:00;0,57695;0,5771;0,5768;0,57684
18/08/2026 11:40:00;0,57684;0,5769;0,57662;0,57663
18/08/2026 11:45:00;0,57663;0,57671;0,57653;0,57656
18/08/2026 11:50:00;0,57656;0,57659;0,57612;0,57617
18/08/2026 11:55:00;0,57617;0,57644;0,57612;0,57628
18/08/2026 12:00:00;0,57628;0,5764;0,57619;0,5763
18/08/2026 12:05:00;0,5763;0,57646;0,57626;0,57637
18/08/2026 12:10:00;0,57637;0,57641;0,57627;0,57634
18/08/2026 12:15:00;0,57634;0,57654;0,57634;0,57644
18/08/2026 12:20:00;0,57644;0,57658;0,57635;0,57654
18/08/2026 12:25:00;0,57654;0,57664;0,57651;0,57657
18/08/2026 12:30:00;0,57657;0,57666;0,57646;0,57649
18/08/2026 12:35:00;0,57649;0,57654;0,57642;0,57646
18/08/2026 12:40:00;0,57646;0,57646;0,57632;0,57637
18/08/2026 12:45:00;0,57637;0,57642;0,5763;0,57634
18/08/2026 12:50:00;0,57634;0,57644;0,57627;0,57643
18/08/2026 12:55:00;0,57643;0,57648;0,57618;0,57621
18/08/2026 13:00:00;0,57621;0,57624;0,57608;0,57608
18/08/2026 13:05:00;0,57608;0,5761;0,57594;0,57597
18/08/2026 13:10:00;0,57597;0,57602;0,57574;0,57576
18/08/2026 13:15:00;0,57576;0,57581;0,57564;0,57564
18/08/2026 13:20:00;0,57564;0,57576;0,57562;0,5757
18/08/2026 13:25:00;0,5757;0,57572;0,57556;0,57565
18/08/2026 13:30:00;0,57565;0,57578;0,57492;0,57578
18/08/2026 13:35:00;0,57578;0,57578;0,57566;0,57569
18/08/2026 13:40:00;0,57569;0,57569;0,57554;0,57558
18/08/2026 13:45:00;0,57558;0,57569;0,57551;0,57567
18/08/2026 13:50:00;0,57567;0,5757;0,57564;0,57565
18/08/2026 13:55:00;0,57565;0,57578;0,57565;0,57578
18/08/2026 14:00:00;0,57578;0,57583;0,57571;0,57581
18/08/2026 14:05:00;0,57581;0,57581;0,57571;0,57574
18/08/2026 14:10:00;0,57574;0,57586;0,57572;0,57584
18/08/2026 14:15:00;0,57584;0,57585;0,57568;0,57569
18/08/2026 14:20:00;0,57569;0,57579;0,57566;0,57567
18/08/2026 14:25:00;0,57567;0,57576;0,57565;0,57567
18/08/2026 14:30:00;0,57567;0,57576;0,57566;0,57573
18/08/2026 14:35:00;0,57573;0,57575;0,57563;0,57571
18/08/2026 14:40:00;0,57571;0,57571;0,57563;0,57563
18/08/2026 14:45:00;0,57563;0,57565;0,57556;0,57565
18/08/2026 14:50:00;0,57565;0,57565;0,5756;0,57564
18/08/2026 14:55:00;0,57564;0,57564;0,57549;0,57551
18/08/2026 15:00:00;0,57551;0,57559;0,5755;0,57558
18/08/2026 15:05:00;0,57558;0,57558;0,57537;0,57539
18/08/2026 15:10:00;0,57539;0,57542;0,575305;0,57542
18/08/2026 15:15:00;0,57542;0,57548;0,57538;0,57544
18/08/2026 15:20:00;0,57544;0,57548;0,57538;0,57539
18/08/2026 15:25:00;0,57539;0,57541;0,57527;0,57539
18/08/2026 15:30:00;0,57539;0,57548;0,57539;0,57543
18/08/2026 15:35:00;0,57543;0,57547;0,57542;0,57542
18/08/2026 15:40:00;0,57542;0,5755;0,57539;0,57548
18/08/2026 15:45:00;0,57548;0,57552;0,57546;0,57547
18/08/2026 15:50:00;0,57547;0,57552;0,57545;0,57547
18/08/2026 15:55:00;0,57547;0,57555;0,57541;0,57551
18/08/2026 16:00:00;0,57551;0,57563;0,57549;0,57556
18/08/2026 16:05:00;0,57556;0,5756;0,57554;0,5756
18/08/2026 16:10:00;0,5756;0,57561;0,57553;0,57558
18/08/2026 16:15:00;0,57558;0,57558;0,57547;0,57548
18/08/2026 16:20:00;0,57548;0,57552;0,57547;0,57548
18/08/2026 16:25:00;0,57548;0,5756;0,57546;0,57556
18/08/2026 16:30:00;0,57556;0,57562;0,57556;0,57558
18/08/2026 16:35:00;0,57559;0,57559;0,57554;0,57559
18/08/2026 16:40:00;0,57559;0,57564;0,57557;0,5756
18/08/2026 16:45:00;0,5756;0,57561;0,57554;0,57557
18/08/2026 16:50:00;0,57557;0,57562;0,57557;0,57559
18/08/2026 16:55:00;0,57559;0,57565;0,57554;0,57555
18/08/2026 17:00:00;0,57555;0,57563;0,57554;0,57558
18/08/2026 17:05:00;0,57558;0,57561;0,57554;0,57559
18/08/2026 17:10:00;0,57559;0,57563;0,57556;0,57559
18/08/2026 17:15:00;0,57559;0,5756;0,57553;0,57555
18/08/2026 17:20:00;0,57555;0,57556;0,5755;0,57552
18/08/2026 17:25:00;0,57552;0,57558;0,57551;0,57555
18/08/2026 17:30:00;0,57555;0,57563;0,57555;0,57562
18/08/2026 17:35:00;0,57562;0,57563;0,57557;0,57561
18/08/2026 17:40:00;0,57561;0,57562;0,57554;0,5756
18/08/2026 17:45:00;0,5756;0,57564;0,57557;0,57559
18/08/2026 17:50:00;0,57559;0,57563;0,57491;0,57561
18/08/2026 17:55:00;0,57561;0,57566;0,57491;0,57561
18/08/2026 18:00:00;0,57561;0,57561;0,57561;0,57561
18/08/2026 18:05:00;0,57561;0,57561;0,57561;0,57561
18/08/2026 19:10:00;0,57546;0,57553;0,57546;0,57546
18/08/2026 19:15:00;0,57546;0,57556;0,57546;0,57554
18/08/2026 19:20:00;0,57554;0,57558;0,57553;0,57556
18/08/2026 19:25:00;0,57556;0,57556;0,57551;0,57554
18/08/2026 19:30:00;0,57554;0,57554;0,57537;0,57553
18/08/2026 19:35:00;0,57553;0,57555;0,57546;0,57547
18/08/2026 19:40:00;0,57547;0,57548;0,57536;0,57536
18/08/2026 19:45:00;0,57536;0,5755;0,57536;0,57545
18/08/2026 19:50:00;0,57545;0,5755;0,57543;0,57543
18/08/2026 19:55:00;0,57543;0,57544;0,57538;0,57542
18/08/2026 20:00:00;0,57542;0,57544;0,57529;0,57531
18/08/2026 20:05:00;0,57531;0,57537;0,57531;0,57534
18/08/2026 20:10:00;0,57534;0,57534;0,57524;0,57526
18/08/2026 20:15:00;0,57526;0,57527;0,57521;0,57522
18/08/2026 20:20:00;0,57522;0,57528;0,57522;0,57523
18/08/2026 20:25:00;0,57523;0,57531;0,57522;0,5753
18/08/2026 20:30:00;0,5753;0,57539;0,5753;0,57539
18/08/2026 20:35:00;0,57539;0,57544;0,57535;0,57543
18/08/2026 20:40:00;0,57543;0,57545;0,5753;0,57531
18/08/2026 20:45:00;0,57531;0,57537;0,57527;0,57531
18/08/2026 20:50:00;0,57531;0,57531;0,57516;0,57518
18/08/2026 20:55:00;0,57518;0,57519;0,57508;0,57512
18/08/2026 21:00:00;0,57512;0,57513;0,57482;0,57489
18/08/2026 21:05:00;0,57489;0,575;0,57482;0,575
18/08/2026 21:10:00;0,575;0,57508;0,57496;0,57496
18/08/2026 21:15:00;0,57496;0,57503;0,57489;0,57501
18/08/2026 21:20:00;0,57501;0,57519;0,57499;0,57517
18/08/2026 21:25:00;0,57517;0,57528;0,57511;0,57525
18/08/2026 21:30:00;0,57525;0,57528;0,57514;0,57516
18/08/2026 21:35:00;0,57516;0,5752;0,57509;0,57513
18/08/2026 21:40:00;0,57513;0,57513;0,57489;0,57501
18/08/2026 21:45:00;0,57501;0,57501;0,57482;0,57482
18/08/2026 21:50:00;0,57482;0,57483;0,5746;0,57462
18/08/2026 21:55:00;0,57462;0,57475;0,57454;0,57454
18/08/2026 22:00:00;0,57454;0,57483;0,57454;0,57481
18/08/2026 22:05:00;0,57481;0,57494;0,5748;0,57487
18/08/2026 22:10:00;0,57487;0,57492;0,57481;0,57488
18/08/2026 22:15:00;0,57488;0,57489;0,57433;0,57445
18/08/2026 22:20:00;0,57445;0,5748;0,57442;0,57478
18/08/2026 22:25:00;0,57478;0,57481;0,57461;0,57465
18/08/2026 22:30:00;0,57465;0,57481;0,57459;0,57459
18/08/2026 22:35:00;0,57459;0,57466;0,57446;0,57454
18/08/2026 22:40:00;0,57454;0,57464;0,57451;0,57453
18/08/2026 22:45:00;0,57453;0,57455;0,57437;0,57439
18/08/2026 22:50:00;0,57439;0,57449;0,57438;0,57446
18/08/2026 22:55:00;0,57446;0,57459;0,57445;0,57446
18/08/2026 23:00:00;0,57446;0,57457;0,57445;0,57451
18/08/2026 23:05:00;0,57451;0,57451;0,57434;0,57437
18/08/2026 23:10:00;0,57437;0,57439;0,57426;0,57435
18/08/2026 23:15:00;0,57435;0,57439;0,57417;0,57427
18/08/2026 23:20:00;0,57427;0,57432;0,574092;0,574092
18/08/2026 23:25:00;0,574092;0,57432;0,57398;0,57404
18/08/2026 23:30:00;0,57404;0,57426;0,57404;0,57413
18/08/2026 23:35:00;0,57413;0,5742;0,57406;0,57418
18/08/2026 23:40:00;0,57418;0,57437;0,57414;0,57436
18/08/2026 23:45:00;0,57436;0,57466;0,57436;0,57457
18/08/2026 23:50:00;0,57457;0,57458;0,57444;0,57452
18/08/2026 23:55:00;0,57452;0,57454;0,57441;0,57445
19/08/2026 00:00:00;0,57445;0,57445;0,57426;0,57428
19/08/2026 00:05:00;0,57428;0,57428;0,57419;0,57423
19/08/2026 00:10:00;0,57423;0,57426;0,5742;0,57425
19/08/2026 00:15:00;0,57425;0,57427;0,57419;0,57422
19/08/2026 00:20:00;0,57422;0,57425;0,57415;0,57415
19/08/2026 00:25:00;0,57415;0,57417;0,57409;0,5741
19/08/2026 00:30:00;0,5741;0,57414;0,57397;0,57406
19/08/2026 00:35:00;0,57406;0,57419;0,57405;0,57415
19/08/2026 00:40:00;0,57415;0,57416;0,57399;0,57402
19/08/2026 00:45:00;0,57402;0,57404;0,57396;0,57404
19/08/2026 00:50:00;0,57404;0,57406;0,57401;0,57401
19/08/2026 00:55:00;0,57401;0,57404;0,57398;0,57398
19/08/2026 01:00:00;0,57398;0,57402;0,57391;0,57395
19/08/2026 01:05:00;0,57395;0,57399;0,57387;0,57389
19/08/2026 01:10:00;0,57389;0,57395;0,57382;0,57388
19/08/2026 01:15:00;0,57388;0,57388;0,57379;0,57385
19/08/2026 01:20:00;0,57385;0,57385;0,57373;0,5738
19/08/2026 01:25:00;0,5738;0,57385;0,57378;0,5738
19/08/2026 01:30:00;0,5738;0,57384;0,57359;0,57361
19/08/2026 01:35:00;0,57361;0,57371;0,57361;0,57366
19/08/2026 01:40:00;0,57366;0,57367;0,57355;0,57356
19/08/2026 01:45:00;0,57356;0,57358;0,57336;0,57338
19/08/2026 01:50:00;0,57338;0,57338;0,57323;0,57326
19/08/2026 01:55:00;0,57326;0,57365;0,57325;0,57365
19/08/2026 02:00:00;0,57365;0,57371;0,57356;0,57365
19/08/2026 02:05:00;0,57365;0,57368;0,57348;0,5735
19/08/2026 02:10:00;0,5735;0,57352;0,57326;0,57328
19/08/2026 02:15:00;0,57328;0,57341;0,57317;0,57322
19/08/2026 02:20:00;0,57322;0,57331;0,57318;0,57329
19/08/2026 02:25:00;0,57329;0,57351;0,57328;0,57349
19/08/2026 02:30:00;0,57349;0,57357;0,57342;0,5735
19/08/2026 02:35:00;0,5735;0,5735;0,57331;0,57347
19/08/2026 02:40:00;0,57347;0,57347;0,57323;0,57328
19/08/2026 02:45:00;0,57328;0,57342;0,57328;0,57339
19/08/2026 02:50:00;0,57339;0,5734;0,57329;0,5733
19/08/2026 02:55:00;0,5733;0,57341;0,57329;0,57338
19/08/2026 03:00:00;0,57338;0,57346;0,5733;0,57335
19/08/2026 03:05:00;0,57335;0,57339;0,57306;0,57309
19/08/2026 03:10:00;0,57309;0,57319;0,57302;0,57309
19/08/2026 03:15:00;0,57309;0,57338;0,57307;0,57335
19/08/2026 03:20:00;0,57335;0,57344;0,57328;0,57342
19/08/2026 03:25:00;0,57342;0,57355;0,57329;0,57339
19/08/2026 03:30:00;0,57339;0,57344;0,57324;0,5733
19/08/2026 03:35:00;0,5733;0,57336;0,57323;0,57335
19/08/2026 03:40:00;0,57335;0,57335;0,57299;0,57308
19/08/2026 03:45:00;0,57304;0,57317;0,57228;0,57292
19/08/2026 03:50:00;0,57292;0,57331;0,57289;0,57331
19/08/2026 03:55:00;0,57331;0,57344;0,57325;0,5734
19/08/2026 04:00:00;0,5734;0,57372;0,5734;0,57356
19/08/2026 04:05:00;0,57356;0,57363;0,57336;0,57351
19/08/2026 04:10:00;0,57351;0,57359;0,57329;0,5733
19/08/2026 04:15:00;0,5733;0,57333;0,57311;0,57321
19/08/2026 04:20:00;0,57321;0,57325;0,57315;0,57317
19/08/2026 04:25:00;0,57317;0,57317;0,57295;0,573
19/08/2026 04:30:00;0,573;0,57304;0,57288;0,57301
19/08/2026 04:35:00;0,57301;0,57316;0,57301;0,57316
19/08/2026 04:40:00;0,57316;0,57328;0,57315;0,57324
19/08/2026 04:45:00;0,57324;0,57341;0,57324;0,5734
19/08/2026 04:50:00;0,5734;0,5734;0,57326;0,5733
19/08/2026 04:55:00;0,5733;0,57338;0,57323;0,57335
19/08/2026 05:00:00;0,57335;0,57354;0,5733;0,57352
19/08/2026 05:05:00;0,57352;0,57371;0,57351;0,5737
19/08/2026 05:10:00;0,5737;0,57376;0,57358;0,57366
19/08/2026 05:15:00;0,57366;0,57383;0,57365;0,57378
19/08/2026 05:20:00;0,57378;0,57397;0,57373;0,57395
19/08/2026 05:25:00;0,57395;0,57403;0,57386;0,57396
19/08/2026 05:30:00;0,57396;0,57398;0,57381;0,57384
19/08/2026 05:35:00;0,57384;0,57401;0,5738;0,57399
19/08/2026 05:40:00;0,57399;0,57402;0,57385;0,57387
19/08/2026 05:45:00;0,57387;0,57397;0,57385;0,5739
19/08/2026 05:50:00;0,5739;0,57391;0,57381;0,57387
19/08/2026 05:55:00;0,57387;0,57387;0,57374;0,57385
19/08/2026 06:00:00;0,57385;0,57389;0,57377;0,57389
19/08/2026 06:05:00;0,57389;0,57403;0,57389;0,57399
19/08/2026 06:10:00;0,57399;0,57412;0,57397;0,57403
19/08/2026 06:15:00;0,57403;0,57403;0,57387;0,57391
19/08/2026 06:20:00;0,57391;0,57393;0,57376;0,57377
19/08/2026 06:25:00;0,57377;0,57388;0,57373;0,57374
19/08/2026 06:30:00;0,57374;0,57374;0,57363;0,57369
19/08/2026 06:35:00;0,57369;0,57378;0,57369;0,57373
19/08/2026 06:40:00;0,57373;0,57374;0,57363;0,57363
19/08/2026 06:45:00;0,57363;0,57366;0,57359;0,5736
19/08/2026 06:50:00;0,5736;0,5736;0,57347;0,57354
19/08/2026 06:55:00;0,57354;0,57363;0,57351;0,57352
19/08/2026 07:00:00;0,57352;0,57356;0,5734;0,5734
19/08/2026 07:05:00;0,5734;0,57345;0,57329;0,57331
19/08/2026 07:10:00;0,57331;0,57344;0,57328;0,57339
19/08/2026 07:15:00;0,57339;0,57342;0,57331;0,57337
19/08/2026 07:20:00;0,57337;0,57338;0,57326;0,57334
19/08/2026 07:25:00;0,57334;0,57341;0,57323;0,57341
19/08/2026 07:30:00;0,57341;0,57344;0,57333;0,57341
19/08/2026 07:35:00;0,57341;0,57348;0,5734;0,57341
19/08/2026 07:40:00;0,57341;0,57341;0,57332;0,57336
19/08/2026 07:45:00;0,57336;0,57342;0,57331;0,57339
19/08/2026 07:50:00;0,57339;0,57342;0,57326;0,57339
19/08/2026 07:55:00;0,57339;0,57347;0,57335;0,57341
19/08/2026 08:00:00;0,57341;0,57344;0,57327;0,57335
19/08/2026 08:05:00;0,57335;0,57341;0,57327;0,57333
19/08/2026 08:10:00;0,57333;0,57348;0,57332;0,57341
19/08/2026 08:15:00;0,57341;0,57343;0,57326;0,57328
19/08/2026 08:20:00;0,57328;0,57334;0,57322;0,57326
19/08/2026 08:25:00;0,57326;0,57331;0,57303;0,57303
19/08/2026 08:30:00;0,57303;0,57312;0,57297;0,57306
19/08/2026 08:35:00;0,57306;0,57322;0,57304;0,57322
19/08/2026 08:40:00;0,57322;0,57329;0,57228;0,57306
19/08/2026 08:45:00;0,57306;0,57315;0,57298;0,57309
19/08/2026 08:50:00;0,57309;0,57309;0,57298;0,57306
19/08/2026 08:55:00;0,57306;0,57314;0,57305;0,57311
19/08/2026 09:00:00;0,57311;0,57311;0,57296;0,57308
19/08/2026 09:05:00;0,57308;0,57321;0,57303;0,57319
19/08/2026 09:10:00;0,57319;0,57333;0,57319;0,57333
19/08/2026 09:15:00;0,57333;0,57342;0,57328;0,57332
19/08/2026 09:20:00;0,57332;0,57337;0,57325;0,57329
19/08/2026 09:25:00;0,57329;0,57334;0,57322;0,57332
19/08/2026 09:30:00;0,57332;0,57335;0,57228;0,57309
19/08/2026 09:35:00;0,57309;0,57309;0,57206;0,57285
19/08/2026 09:40:00;0,57285;0,57288;0,57262;0,57268
19/08/2026 09:45:00;0,57268;0,57293;0,57251;0,57262
19/08/2026 09:50:00;0,57262;0,57278;0,57255;0,57261
19/08/2026 09:55:00;0,57261;0,57288;0,57257;0,57281
19/08/2026 10:00:00;0,57281;0,57322;0,57276;0,5732
19/08/2026 10:05:00;0,5732;0,57343;0,57319;0,57329
19/08/2026 10:10:00;0,57329;0,57344;0,57311;0,5732
19/08/2026 10:15:00;0,5732;0,5732;0,57269;0,57293
19/08/2026 10:20:00;0,57293;0,57329;0,57292;0,57308
19/08/2026 10:25:00;0,57308;0,57325;0,57282;0,57282
19/08/2026 10:30:00;0,57282;0,57306;0,57206;0,57286
19/08/2026 10:35:00;0,57286;0,57293;0,57242;0,57243
19/08/2026 10:40:00;0,57243;0,57249;0,57224;0,57228
19/08/2026 10:45:00;0,57228;0,5724;0,57201;0,57204
19/08/2026 10:50:00;0,57204;0,57207;0,57132;0,57133
19/08/2026 10:55:00;0,57133;0,57133;0,57103;0,57126
19/08/2026 11:00:00;0,57126;0,57144;0,57098;0,57112
19/08/2026 11:05:00;0,57112;0,57134;0,57103;0,57112
19/08/2026 11:10:00;0,57112;0,57122;0,57065;0,57066
19/08/2026 11:15:00;0,57066;0,57066;0,57029;0,57047
19/08/2026 11:20:00;0,57047;0,57076;0,57043;0,5707
19/08/2026 11:25:00;0,5707;0,5707;0,57039;0,5704
19/08/2026 11:30:00;0,5704;0,57046;0,56994;0,57001
19/08/2026 11:35:00;0,57001;0,57002;0,5691;0,56914
19/08/2026 11:40:00;0,56914;0,5698;0,56908;0,56969
19/08/2026 11:45:00;0,56969;0,57051;0,56969;0,5705
19/08/2026 11:50:00;0,5705;0,57079;0,57039;0,57045
19/08/2026 11:55:00;0,57045;0,57077;0,57036;0,57061
19/08/2026 12:00:00;0,57061;0,57078;0,56986;0,5706
20/08/2026 13:15:00;0,56937;0,5694;0,56917;0,56923
20/08/2026 13:20:00;0,56923;0,56935;0,56922;0,56931
20/08/2026 13:25:00;0,56931;0,56932;0,56919;0,5692
20/08/2026 13:30:00;0,5692;0,56935;0,56913;0,56931
20/08/2026 13:35:00;0,56931;0,56954;0,56917;0,56943
20/08/2026 13:40:00;0,56943;0,56951;0,5693;0,5695
20/08/2026 13:45:00;0,5695;0,56955;0,56942;0,56943
20/08/2026 13:50:00;0,56943;0,56946;0,56935;0,5694
20/08/2026 13:55:00;0,5694;0,56945;0,56922;0,56924
20/08/2026 14:00:00;0,56924;0,56934;0,56918;0,56929
20/08/2026 14:05:00;0,56929;0,56936;0,56923;0,56924
20/08/2026 14:10:00;0,56924;0,56935;0,56923;0,56929
20/08/2026 14:15:00;0,56929;0,56939;0,5692;0,56937
20/08/2026 14:20:00;0,56937;0,56942;0,56933;0,56936
20/08/2026 14:25:00;0,56936;0,5694;0,5693;0,56931
20/08/2026 14:30:00;0,56931;0,56951;0,56931;0,56948
20/08/2026 14:35:00;0,56948;0,56948;0,56939;0,56944
20/08/2026 14:40:00;0,56944;0,56947;0,56941;0,56943
20/08/2026 14:45:00;0,56943;0,56947;0,56938;0,5694
20/08/2026 14:50:00;0,5694;0,56942;0,56933;0,56933
20/08/2026 14:55:00;0,56933;0,56936;0,56926;0,56929
20/08/2026 15:00:00;0,56929;0,5693;0,56919;0,56919
20/08/2026 15:05:00;0,56919;0,56923;0,56911;0,56915
20/08/2026 15:10:00;0,56915;0,56919;0,56909;0,56913
20/08/2026 15:15:00;0,56913;0,56914;0,56905;0,5691
20/08/2026 15:20:00;0,5691;0,56914;0,56908;0,56911
20/08/2026 15:25:00;0,56911;0,56913;0,56904;0,56911
20/08/2026 15:30:00;0,56911;0,56917;0,56909;0,56909
20/08/2026 15:35:00;0,56909;0,56916;0,56907;0,56916
20/08/2026 15:40:00;0,56916;0,56927;0,56916;0,56926
20/08/2026 15:45:00;0,56926;0,56932;0,56924;0,56928
20/08/2026 15:50:00;0,56928;0,56937;0,56928;0,56931
20/08/2026 15:55:00;0,56931;0,56939;0,56925;0,56931
20/08/2026 16:00:00;0,56931;0,56941;0,56931;0,56939
20/08/2026 16:05:00;0,56939;0,56944;0,56936;0,56943
20/08/2026 16:10:00;0,56943;0,56943;0,56932;0,56935
20/08/2026 16:15:00;0,56935;0,56939;0,56927;0,56928
20/08/2026 16:20:00;0,56928;0,56932;0,56924;0,5693
20/08/2026 16:25:00;0,5693;0,56936;0,56928;0,56936
20/08/2026 16:30:00;0,56936;0,56938;0,56924;0,56925
20/08/2026 16:35:00;0,56925;0,56937;0,56924;0,56936
20/08/2026 16:40:00;0,56936;0,56941;0,56936;0,56936
20/08/2026 16:45:00;0,56936;0,56943;0,56936;0,56942
20/08/2026 16:50:00;0,56942;0,56944;0,56933;0,56936
20/08/2026 16:55:00;0,56936;0,56937;0,56924;0,56936
20/08/2026 17:00:00;0,56936;0,56945;0,56935;0,56938
20/08/2026 17:05:00;0,56938;0,56941;0,56936;0,56939
20/08/2026 17:10:00;0,56939;0,56942;0,56935;0,56937
20/08/2026 17:15:00;0,56937;0,56943;0,56936;0,56942
20/08/2026 17:20:00;0,56942;0,56945;0,56941;0,56944
20/08/2026 17:25:00;0,56944;0,56945;0,56935;0,56937
20/08/2026 17:30:00;0,56937;0,56937;0,5693;0,56936
20/08/2026 17:35:00;0,56936;0,56937;0,56932;0,56934
20/08/2026 17:40:00;0,56934;0,56938;0,56933;0,56936
20/08/2026 17:45:00;0,56936;0,56936;0,56926;0,56929
20/08/2026 17:50:00;0,56929;0,56936;0,56929;0,56934
20/08/2026 17:55:00;0,56934;0,56938;0,56931;0,56931
20/08/2026 18:00:00;0,56931;0,56931;0,56931;0,56931
20/08/2026 18:05:00;0,56931;0,56931;0,56837;0,56876
20/08/2026 18:10:00;0,56876;0,56876;0,56876;0,56876
20/08/2026 19:10:00;0,56919;0,56924;0,56916;0,56917
20/08/2026 19:15:00;0,56917;0,56927;0,56916;0,56925
20/08/2026 19:20:00;0,56925;0,56925;0,5692;0,56925
20/08/2026 19:25:00;0,56925;0,56929;0,56914;0,56916
20/08/2026 19:30:00;0,56916;0,56927;0,56916;0,56922
20/08/2026 19:35:00;0,56922;0,56924;0,56917;0,56918
20/08/2026 19:40:00;0,56918;0,56919;0,56907;0,56907
20/08/2026 19:45:00;0,56907;0,56923;0,56907;0,56921
20/08/2026 19:50:00;0,56921;0,56925;0,56915;0,56915
20/08/2026 19:55:00;0,56915;0,56919;0,56913;0,56914
20/08/2026 20:00:00;0,56914;0,56918;0,56904;0,56907
20/08/2026 20:05:00;0,56907;0,56912;0,56904;0,56911
20/08/2026 20:10:00;0,56911;0,56914;0,56903;0,56905
20/08/2026 20:15:00;0,56905;0,56909;0,56904;0,56909
20/08/2026 20:20:00;0,56909;0,56909;0,56904;0,56907
20/08/2026 20:25:00;0,56907;0,56918;0,56905;0,56918
20/08/2026 20:30:00;0,56918;0,5693;0,56915;0,56928
20/08/2026 20:35:00;0,56928;0,56929;0,56916;0,56916
20/08/2026 20:40:00;0,56916;0,56919;0,56912;0,56914
20/08/2026 20:45:00;0,56914;0,56918;0,56913;0,56918
20/08/2026 20:50:00;0,56918;0,56934;0,56918;0,56934
20/08/2026 20:55:00;0,56934;0,56934;0,56915;0,56918
20/08/2026 21:00:00;0,56918;0,5696;0,56917;0,56959
20/08/2026 21:05:00;0,56959;0,56977;0,56959;0,5697
20/08/2026 21:10:00;0,5697;0,56977;0,56965;0,56973
20/08/2026 21:15:00;0,56973;0,56975;0,56963;0,56968
20/08/2026 21:20:00;0,56968;0,56978;0,56965;0,56972
20/08/2026 21:25:00;0,56972;0,56974;0,56966;0,56969
20/08/2026 21:30:00;0,56969;0,56986;0,56962;0,56981
20/08/2026 21:35:00;0,56981;0,56983;0,56969;0,5698
20/08/2026 21:40:00;0,5698;0,56984;0,56978;0,56982
20/08/2026 21:45:00;0,56982;0,56991;0,5698;0,56986
20/08/2026 21:50:00;0,56986;0,56996;0,56986;0,569932
20/08/2026 21:55:00;0,569932;0,569932;0,56979;0,56982
20/08/2026 22:00:00;0,56982;0,56982;0,56967;0,5697
20/08/2026 22:05:00;0,5697;0,56973;0,56963;0,56963
20/08/2026 22:10:00;0,56963;0,56969;0,56958;0,569603
20/08/2026 22:15:00;0,569603;0,56982;0,569585;0,56981
20/08/2026 22:20:00;0,56981;0,56987;0,56972;0,5698
20/08/2026 22:25:00;0,5698;0,56996;0,56975;0,56986
20/08/2026 22:30:00;0,56986;0,56989;0,56975;0,56976
20/08/2026 22:35:00;0,56976;0,56984;0,56967;0,56972
20/08/2026 22:40:00;0,56972;0,56986;0,56971;0,56986
20/08/2026 22:45:00;0,56986;0,57018;0,56984;0,57015
20/08/2026 22:50:00;0,57015;0,57022;0,57011;0,57022
20/08/2026 22:55:00;0,57022;0,57027;0,57018;0,57023
20/08/2026 23:00:00;0,57023;0,57034;0,570187;0,57032
20/08/2026 23:05:00;0,57034;0,57046;0,57032;0,5704
20/08/2026 23:10:00;0,5704;0,57046;0,57035;0,57044
20/08/2026 23:15:00;0,57044;0,57052;0,57042;0,57044
20/08/2026 23:20:00;0,57044;0,57075;0,57039;0,57045
20/08/2026 23:25:00;0,57045;0,57055;0,57038;0,57053
20/08/2026 23:30:00;0,57054;0,57058;0,57036;0,5704
20/08/2026 23:35:00;0,5704;0,57047;0,5704;0,57044
20/08/2026 23:40:00;0,57044;0,57047;0,57035;0,57036
20/08/2026 23:45:00;0,57036;0,57042;0,57025;0,57041
20/08/2026 23:50:00;0,57041;0,5705;0,57037;0,57037
20/08/2026 23:55:00;0,57037;0,57045;0,57029;0,57039
21/08/2026 00:00:00;0,57039;0,57051;0,57037;0,5705
21/08/2026 00:05:00;0,5705;0,57052;0,57041;0,57046
21/08/2026 00:10:00;0,57046;0,57051;0,57044;0,57045
21/08/2026 00:15:00;0,57045;0,57066;0,57045;0,57065
21/08/2026 00:20:00;0,57065;0,57075;0,57065;0,57074
21/08/2026 00:25:00;0,57074;0,57077;0,57069;0,5707
21/08/2026 00:30:00;0,5707;0,57081;0,57065;0,5708
21/08/2026 00:35:00;0,5708;0,57095;0,5708;0,57093
21/08/2026 00:40:00;0,57093;0,57108;0,5709;0,57104
21/08/2026 00:45:00;0,57104;0,57114;0,57101;0,57111
21/08/2026 00:50:00;0,57111;0,57114;0,57095;0,571
21/08/2026 00:55:00;0,571;0,571;0,57093;0,57098
21/08/2026 01:00:00;0,57098;0,571;0,57095;0,57097
21/08/2026 01:05:00;0,57097;0,57102;0,57095;0,57101
21/08/2026 01:10:00;0,57101;0,57106;0,57099;0,57102
21/08/2026 01:15:00;0,57102;0,57107;0,57102;0,57104
21/08/2026 01:20:00;0,57104;0,57106;0,57102;0,57104
21/08/2026 01:25:00;0,57104;0,57106;0,57101;0,57101
21/08/2026 01:30:00;0,57101;0,57104;0,57094;0,57101
21/08/2026 01:35:00;0,57101;0,57101;0,57094;0,57094
21/08/2026 01:40:00;0,57094;0,57104;0,57094;0,57103
21/08/2026 01:45:00;0,57103;0,57114;0,57101;0,57112
21/08/2026 01:50:00;0,57112;0,57132;0,57109;0,57111
21/08/2026 01:55:00;0,57111;0,57111;0,57099;0,57108
21/08/2026 02:00:00;0,57108;0,57109;0,57097;0,57106
21/08/2026 02:05:00;0,57106;0,57111;0,57105;0,57106
21/08/2026 02:10:00;0,57106;0,57106;0,57098;0,57104
21/08/2026 02:15:00;0,57104;0,57111;0,57098;0,57099
21/08/2026 02:20:00;0,57099;0,57106;0,57097;0,57103
21/08/2026 02:25:00;0,57103;0,57112;0,57098;0,57107
21/08/2026 02:30:00;0,57107;0,57107;0,57098;0,57101
21/08/2026 02:35:00;0,57101;0,57102;0,57081;0,57081
21/08/2026 02:40:00;0,57081;0,57115;0,57067;0,57067
21/08/2026 02:45:00;0,57067;0,57103;0,56989;0,56989
21/08/2026 02:50:00;0,56989;0,57094;0,56989;0,569917
21/08/2026 02:55:00;0,569917;0,57106;0,569917;0,57106
21/08/2026 03:00:00;0,57106;0,57106;0,57083;0,57099
21/08/2026 03:05:00;0,57099;0,57114;0,57098;0,57106
21/08/2026 03:10:00;0,57106;0,57123;0,57105;0,57122
21/08/2026 03:15:00;0,57122;0,57127;0,57114;0,57125
21/08/2026 03:20:00;0,57125;0,57127;0,57108;0,5712
21/08/2026 03:25:00;0,5712;0,5714;0,57115;0,57136
21/08/2026 03:30:00;0,57136;0,57155;0,57136;0,57153
21/08/2026 03:35:00;0,57153;0,57159;0,57142;0,57156
21/08/2026 03:40:00;0,57156;0,57156;0,5714;0,57145
21/08/2026 03:45:00;0,57145;0,57149;0,57131;0,57139
21/08/2026 03:50:00;0,57139;0,57154;0,57133;0,57152
21/08/2026 03:55:00;0,57152;0,57155;0,57134;0,57138
21/08/2026 04:00:00;0,57138;0,57157;0,57134;0,57134
21/08/2026 04:05:00;0,57134;0,5717;0,57134;0,57165
21/08/2026 04:10:00;0,57165;0,57181;0,57163;0,57163
21/08/2026 04:15:00;0,57163;0,57166;0,57151;0,57152
21/08/2026 04:20:00;0,57152;0,57169;0,57146;0,57168
21/08/2026 04:25:00;0,57168;0,57176;0,5716;0,57165
21/08/2026 04:30:00;0,57165;0,5717;0,57156;0,57161
21/08/2026 04:35:00;0,57161;0,57186;0,5716;0,57176
21/08/2026 04:40:00;0,57176;0,57188;0,57119;0,57184
21/08/2026 04:45:00;0,57184;0,57214;0,57183;0,57214
21/08/2026 04:50:00;0,57214;0,57226;0,57208;0,57219
21/08/2026 04:55:00;0,57219;0,57228;0,57215;0,57221
21/08/2026 05:00:00;0,57221;0,57234;0,57213;0,57234
21/08/2026 05:05:00;0,57234;0,57244;0,57229;0,57237
21/08/2026 05:10:00;0,57237;0,57246;0,57229;0,57234
21/08/2026 05:15:00;0,57234;0,5728;0,57231;0,57278
21/08/2026 05:20:00;0,57278;0,57282;0,57263;0,57263
21/08/2026 05:25:00;0,57263;0,5728;0,57255;0,57274
21/08/2026 05:30:00;0,57274;0,57276;0,57253;0,57254
21/08/2026 05:35:00;0,57254;0,57261;0,57244;0,57252
21/08/2026 05:40:00;0,57252;0,57261;0,57243;0,57249
21/08/2026 05:45:00;0,57249;0,57254;0,57236;0,57237
21/08/2026 05:50:00;0,57237;0,57244;0,57227;0,57241
21/08/2026 05:55:00;0,57241;0,5726;0,57239;0,57242
21/08/2026 06:00:00;0,57242;0,57257;0,57239;0,57256
21/08/2026 06:05:00;0,57256;0,57268;0,57232;0,57234
21/08/2026 06:10:00;0,57234;0,5724;0,57222;0,57231
21/08/2026 06:15:00;0,57231;0,57232;0,57205;0,57206
21/08/2026 06:20:00;0,57206;0,57211;0,57181;0,57183
21/08/2026 06:25:00;0,57183;0,57197;0,57181;0,57188
21/08/2026 06:30:00;0,57188;0,57198;0,57177;0,57194
21/08/2026 06:35:00;0,57194;0,57203;0,57184;0,57203
21/08/2026 06:40:00;0,57203;0,57205;0,57196;0,57201
21/08/2026 06:45:00;0,57201;0,57219;0,57199;0,57215
21/08/2026 06:50:00;0,57215;0,57219;0,57207;0,57214
21/08/2026 06:55:00;0,57214;0,57221;0,57209;0,57214
21/08/2026 07:00:00;0,57214;0,57234;0,57214;0,57221
21/08/2026 07:05:00;0,57221;0,57225;0,57209;0,57217
21/08/2026 07:10:00;0,57217;0,57221;0,57211;0,57212
21/08/2026 07:15:00;0,57212;0,5722;0,57205;0,57207
21/08/2026 07:20:00;0,57207;0,57217;0,572;0,57209
21/08/2026 07:25:00;0,57209;0,57221;0,57204;0,57205
21/08/2026 07:30:00;0,57205;0,57215;0,57203;0,57205
21/08/2026 07:35:00;0,57205;0,57205;0,5719;0,57195
21/08/2026 07:40:00;0,57195;0,57199;0,57191;0,57195
21/08/2026 07:45:00;0,57195;0,57203;0,57189;0,57192
21/08/2026 07:50:00;0,57192;0,57198;0,57185;0,57196
21/08/2026 07:55:00;0,57196;0,57209;0,57195;0,57202
21/08/2026 08:00:00;0,57202;0,5721;0,57192;0,5721
21/08/2026 08:05:00;0,5721;0,57223;0,57207;0,57213
21/08/2026 08:10:00;0,57213;0,5722;0,57213;0,57219
21/08/2026 08:15:00;0,57219;0,57226;0,57209;0,57222
21/08/2026 08:20:00;0,57222;0,57231;0,57196;0,57198
21/08/2026 08:25:00;0,57198;0,57224;0,57197;0,57222
21/08/2026 08:30:00;0,57222;0,57247;0,57215;0,57238
21/08/2026 08:35:00;0,57238;0,5726;0,57234;0,57256
21/08/2026 08:40:00;0,57256;0,57279;0,57253;0,57274
21/08/2026 08:45:00;0,57274;0,57277;0,57264;0,57275
21/08/2026 08:50:00;0,57275;0,5728;0,57263;0,57266
21/08/2026 08:55:00;0,57266;0,57269;0,57252;0,57253
21/08/2026 09:00:00;0,57253;0,57285;0,57249;0,5728
21/08/2026 09:05:00;0,5728;0,57295;0,5727;0,57294
21/08/2026 09:10:00;0,57294;0,57296;0,57287;0,57295
21/08/2026 09:15:00;0,57295;0,57298;0,57284;0,57289
21/08/2026 09:20:00;0,57289;0,57295;0,57282;0,57292
21/08/2026 09:25:00;0,57292;0,57311;0,57292;0,57309
21/08/2026 09:30:00;0,57309;0,57315;0,57293;0,57297
21/08/2026 09:35:00;0,57297;0,57317;0,57295;0,57314
21/08/2026 09:40:00;0,57314;0,57323;0,57308;0,57319
21/08/2026 09:45:00;0,57319;0,57333;0,57311;0,57325
21/08/2026 09:50:00;0,57325;0,57336;0,57318;0,57322
21/08/2026 09:55:00;0,57322;0,57326;0,57313;0,57315
21/08/2026 10:00:00;0,57315;0,5733;0,57311;0,57328
21/08/2026 10:05:00;0,57328;0,57344;0,57326;0,57341
21/08/2026 10:10:00;0,57341;0,57344;0,57335;0,57341
21/08/2026 10:15:00;0,57341;0,57348;0,5733;0,5734
21/08/2026 10:20:00;0,5734;0,57346;0,57327;0,57346
21/08/2026 10:25:00;0,57346;0,57354;0,5734;0,57341
21/08/2026 10:30:00;0,57341;0,57351;0,57319;0,5732
21/08/2026 10:35:00;0,5732;0,57329;0,57311;0,57313
21/08/2026 10:40:00;0,57313;0,57321;0,57267;0,57267
21/08/2026 10:45:00;0,57267;0,57355;0,57261;0,57354
21/08/2026 10:50:00;0,57354;0,57361;0,57347;0,57355
21/08/2026 10:55:00;0,57355;0,57377;0,57349;0,57363
21/08/2026 11:00:00;0,57363;0,57372;0,57358;0,57363
21/08/2026 11:05:00;0,57363;0,57386;0,57355;0,57381
21/08/2026 11:10:00;0,57381;0,57393;0,5738;0,57387
21/08/2026 11:15:00;0,57387;0,5739;0,57364;0,57368
21/08/2026 11:20:00;0,57368;0,57385;0,57365;0,57377
21/08/2026 11:25:00;0,57377;0,57403;0,57375;0,57399
21/08/2026 11:30:00;0,57399;0,57406;0,57385;0,57399
21/08/2026 11:35:00;0,57399;0,57408;0,57388;0,57399
21/08/2026 11:40:00;0,57399;0,57403;0,57374;0,57379
21/08/2026 11:45:00;0,57379;0,57394;0,57377;0,57389
21/08/2026 11:50:00;0,57389;0,5739;0,57349;0,5737
21/08/2026 11:55:00;0,5737;0,57407;0,57369;0,57376
21/08/2026 12:00:00;0,57413;0,57426;0,573687;0,574071
21/08/2026 12:05:00;0,574071;0,5744;0,574071;0,574276
21/08/2026 12:10:00;0,574276;0,57447;0,574264;0,5744
21/08/2026 12:15:00;0,5744;0,57459;0,57436;0,57455
21/08/2026 12:20:00;0,57455;0,57472;0,57448;0,57471
21/08/2026 12:25:00;0,57471;0,5749;0,57382;0,57464
21/08/2026 12:30:00;0,57464;0,57468;0,57429;0,57455
21/08/2026 12:35:00;0,57455;0,57472;0,57443;0,57471
21/08/2026 12:40:00;0,57471;0,57475;0,5746;0,5746
21/08/2026 12:45:00;0,5746;0,57472;0,57459;0,57465
21/08/2026 12:50:00;0,57465;0,57468;0,57456;0,57459
21/08/2026 12:55:00;0,57459;0,57461;0,57449;0,57455
21/08/2026 13:00:00;0,57455;0,57474;0,57455;0,57468
21/08/2026 13:05:00;0,57468;0,57472;0,57462;0,57465
21/08/2026 13:10:00;0,57465;0,5747;0,57454;0,57458
21/08/2026 13:15:00;0,57458;0,5746;0,57419;0,57452
21/08/2026 13:20:00;0,57452;0,57456;0,5736;0,57441
21/08/2026 13:25:00;0,57441;0,57452;0,57438;0,57447
21/08/2026 13:30:00;0,57447;0,57449;0,57438;0,57448
21/08/2026 13:35:00;0,57448;0,57448;0,57435;0,57439
21/08/2026 13:40:00;0,57439;0,57448;0,57435;0,57441
21/08/2026 13:45:00;0,57441;0,57447;0,57436;0,57445
21/08/2026 13:50:00;0,57445;0,57449;0,57437;0,57441
21/08/2026 13:55:00;0,57441;0,5745;0,57435;0,5745
21/08/2026 14:00:00;0,5745;0,57473;0,57445;0,57472
21/08/2026 14:05:00;0,57472;0,5748;0,57467;0,57478
21/08/2026 14:10:00;0,57478;0,57487;0,57476;0,57479
21/08/2026 14:15:00;0,57479;0,57491;0,57478;0,57487
21/08/2026 14:20:00;0,57487;0,57489;0,57477;0,57477
21/08/2026 14:25:00;0,57477;0,57488;0,57476;0,5748
21/08/2026 14:30:00;0,5748;0,57482;0,57475;0,5748
21/08/2026 14:35:00;0,5748;0,57491;0,5748;0,57487
21/08/2026 14:40:00;0,57487;0,57493;0,57483;0,57487
21/08/2026 14:45:00;0,57487;0,57498;0,57485;0,57495
21/08/2026 14:50:00;0,57495;0,57497;0,57484;0,57486
21/08/2026 14:55:00;0,57486;0,57498;0,57482;0,57496
21/08/2026 15:00:00;0,57496;0,57497;0,57489;0,57493
21/08/2026 15:05:00;0,57493;0,57501;0,57493;0,57497
21/08/2026 15:10:00;0,57497;0,575;0,57491;0,57495
21/08/2026 15:15:00;0,57495;0,57496;0,57482;0,57482
21/08/2026 15:20:00;0,57482;0,57492;0,5748;0,57489
21/08/2026 15:25:00;0,57489;0,57489;0,57477;0,57478
21/08/2026 15:30:00;0,57478;0,5748;0,57474;0,57478
21/08/2026 15:35:00;0,57478;0,57483;0,57478;0,5748
21/08/2026 15:40:00;0,5748;0,57483;0,57477;0,57482
21/08/2026 15:45:00;0,57482;0,57489;0,57479;0,57487
21/08/2026 15:50:00;0,57487;0,57489;0,57482;0,57484
21/08/2026 15:55:00;0,57484;0,57486;0,57478;0,57478
21/08/2026 16:00:00;0,57478;0,57485;0,57476;0,57478
21/08/2026 16:05:00;0,57478;0,57479;0,5747;0,57472
21/08/2026 16:10:00;0,57472;0,57479;0,57472;0,57476
21/08/2026 16:15:00;0,57476;0,57477;0,57464;0,57469
21/08/2026 16:20:00;0,57469;0,57469;0,57463;0,57466
21/08/2026 16:25:00;0,57466;0,57471;0,57463;0,57471
21/08/2026 16:30:00;0,57471;0,57473;0,57419;0,57468
21/08/2026 16:35:00;0,57468;0,57471;0,57458;0,57461
21/08/2026 16:40:00;0,57461;0,57461;0,57453;0,5746
21/08/2026 16:45:00;0,5746;0,57462;0,57456;0,57462
21/08/2026 16:50:00;0,57462;0,57463;0,57452;0,57453
21/08/2026 16:55:00;0,57453;0,57457;0,57442;0,57445
21/08/2026 17:00:00;0,57445;0,57453;0,57439;0,57449
21/08/2026 17:05:00;0,57449;0,57449;0,57439;0,57443
21/08/2026 17:10:00;0,57443;0,57449;0,57441;0,57447
21/08/2026 17:15:00;0,57447;0,57447;0,57443;0,57446
21/08/2026 17:20:00;0,57446;0,57454;0,57446;0,57454
21/08/2026 17:25:00;0,57454;0,57459;0,57454;0,57457
21/08/2026 17:30:00;0,57459;0,57464;0,57454;0,57457
21/08/2026 17:35:00;0,57457;0,57466;0,57454;0,57466
21/08/2026 17:40:00;0,57466;0,57468;0,57459;0,57462
21/08/2026 17:45:00;0,57462;0,57465;0,57453;0,57455
21/08/2026 17:50:00;0,57455;0,57456;0,57419;0,57456
21/08/2026 17:55:00;0,57456;0,57461;0,5736;0,57441
21/08/2026 18:00:00;0,57441;0,57441;0,57441;0,57441
21/08/2026 18:05:00;0,57441;0,57441;0,57441;0,57441
23/08/2026 21:30:00;0,57385;0,57392;0,57384;0,57389
23/08/2026 21:35:00;0,57389;0,5739;0,5737;0,57373
23/08/2026 21:40:00;0,57373;0,57373;0,57365;0,57367
23/08/2026 21:45:00;0,57367;0,57394;0,57367;0,5739
23/08/2026 21:50:00;0,5739;0,57395;0,57377;0,57381
23/08/2026 21:55:00;0,57381;0,57388;0,57372;0,57387
23/08/2026 22:00:00;0,57387;0,57388;0,57373;0,57386
23/08/2026 22:05:00;0,57386;0,57411;0,57386;0,57405
23/08/2026 22:10:00;0,57405;0,57415;0,57396;0,57397
23/08/2026 22:15:00;0,57397;0,57405;0,5738;0,57381
23/08/2026 22:20:00;0,57381;0,57382;0,57364;0,57373
23/08/2026 22:25:00;0,57373;0,57387;0,57369;0,57387
23/08/2026 22:30:00;0,57387;0,57387;0,57367;0,57373
23/08/2026 22:35:00;0,57373;0,57376;0,57368;0,57371
23/08/2026 22:40:00;0,57371;0,5738;0,5736;0,5736
23/08/2026 22:45:00;0,5736;0,5736;0,57348;0,57353
23/08/2026 22:50:00;0,57353;0,57371;0,57346;0,57351
23/08/2026 22:55:00;0,57351;0,57355;0,57344;0,57348
23/08/2026 23:00:00;0,57348;0,57348;0,57326;0,57341
23/08/2026 23:05:00;0,57341;0,57359;0,57336;0,57359
23/08/2026 23:10:00;0,57359;0,57362;0,57352;0,57355
23/08/2026 23:15:00;0,57355;0,57362;0,57354;0,57356
23/08/2026 23:20:00;0,57356;0,57362;0,57355;0,57356
23/08/2026 23:25:00;0,57356;0,5736;0,57347;0,57353
23/08/2026 23:30:00;0,57353;0,57364;0,57352;0,5736
23/08/2026 23:35:00;0,5736;0,57365;0,57354;0,57354
23/08/2026 23:40:00;0,57354;0,57357;0,57349;0,57356
23/08/2026 23:45:00;0,57356;0,57356;0,57326;0,57327
23/08/2026 23:50:00;0,57327;0,57334;0,57326;0,57329
23/08/2026 23:55:00;0,57329;0,57337;0,57327;0,5733
24/08/2026 00:00:00;0,5733;0,57337;0,57326;0,57332
24/08/2026 00:05:00;0,57332;0,57334;0,57325;0,57326
24/08/2026 00:10:00;0,57326;0,57334;0,57324;0,57334
24/08/2026 00:15:00;0,57334;0,5734;0,57331;0,57337
24/08/2026 00:20:00;0,57337;0,57344;0,57336;0,57339
24/08/2026 00:25:00;0,57339;0,5734;0,57329;0,5733
24/08/2026 00:30:00;0,5733;0,57339;0,57328;0,57338
24/08/2026 00:35:00;0,57338;0,57343;0,57334;0,57339
24/08/2026 00:40:00;0,57339;0,57342;0,57333;0,5734
24/08/2026 00:45:00;0,5734;0,57342;0,57337;0,57337
24/08/2026 00:50:00;0,57337;0,57342;0,57327;0,57328
24/08/2026 00:55:00;0,57328;0,57335;0,57326;0,57331
24/08/2026 01:00:00;0,57331;0,57348;0,57331;0,57343
24/08/2026 01:05:00;0,57343;0,57349;0,57339;0,5734
24/08/2026 01:10:00;0,5734;0,57345;0,57332;0,57342
24/08/2026 01:15:00;0,57342;0,57343;0,57332;0,57335
24/08/2026 01:20:00;0,57335;0,57352;0,57329;0,57336
24/08/2026 01:25:00;0,57336;0,5734;0,57319;0,57338
24/08/2026 01:30:00;0,57338;0,57341;0,57331;0,57339
24/08/2026 01:35:00;0,57341;0,57349;0,57338;0,57341
24/08/2026 01:40:00;0,57341;0,57353;0,5734;0,57353
24/08/2026 01:45:00;0,57353;0,57358;0,5735;0,57357
24/08/2026 01:50:00;0,57357;0,57358;0,57345;0,57346
24/08/2026 01:55:00;0,57346;0,57353;0,57339;0,57343
24/08/2026 02:00:00;0,57343;0,57347;0,57339;0,57345
24/08/2026 02:05:00;0,57345;0,57363;0,57344;0,57359
24/08/2026 02:10:00;0,57359;0,57365;0,57354;0,57365
24/08/2026 02:15:00;0,57365;0,57372;0,5736;0,57372
24/08/2026 02:20:00;0,57372;0,57376;0,57367;0,57367
24/08/2026 02:25:00;0,57367;0,57375;0,57367;0,57372
24/08/2026 02:30:00;0,57372;0,57375;0,57363;0,57366
24/08/2026 02:35:00;0,57366;0,57378;0,57363;0,57373
24/08/2026 02:40:00;0,57373;0,57393;0,57372;0,5739
24/08/2026 02:45:00;0,5739;0,57393;0,57383;0,57385
24/08/2026 02:50:00;0,57385;0,57397;0,57382;0,57393
24/08/2026 02:55:00;0,57393;0,57396;0,57376;0,57378
24/08/2026 03:00:00;0,57378;0,57381;0,57361;0,57364
24/08/2026 03:05:00;0,57364;0,57369;0,57359;0,57364
24/08/2026 03:10:00;0,57366;0,57372;0,57357;0,57369
24/08/2026 03:15:00;0,57369;0,57373;0,57359;0,57363
24/08/2026 03:20:00;0,57363;0,57369;0,57356;0,57366
24/08/2026 03:25:00;0,57366;0,57368;0,5736;0,57363
24/08/2026 03:30:00;0,57363;0,57389;0,57363;0,57388
24/08/2026 03:35:00;0,57388;0,574;0,57384;0,57399
24/08/2026 03:40:00;0,574;0,57418;0,57397;0,57417
24/08/2026 03:45:00;0,57417;0,57436;0,57415;0,57436
24/08/2026 03:50:00;0,57436;0,57443;0,57434;0,57439
24/08/2026 03:55:00;0,57439;0,57441;0,57422;0,57422
24/08/2026 04:00:00;0,57422;0,57429;0,57412;0,57418
24/08/2026 04:05:00;0,57418;0,57429;0,57413;0,5742
24/08/2026 04:10:00;0,5742;0,57441;0,5742;0,5744
24/08/2026 04:15:00;0,5744;0,57444;0,57424;0,57433
24/08/2026 04:20:00;0,57433;0,57441;0,57418;0,57419
24/08/2026 04:25:00;0,57419;0,5743;0,57412;0,57413
24/08/2026 04:30:00;0,57413;0,57413;0,57401;0,57407
24/08/2026 04:35:00;0,57407;0,57431;0,57406;0,57426
24/08/2026 04:40:00;0,57426;0,57459;0,57425;0,57449
24/08/2026 04:45:00;0,57449;0,57458;0,57435;0,57451
24/08/2026 04:50:00;0,57451;0,57456;0,57436;0,57436
24/08/2026 04:55:00;0,57436;0,57448;0,57424;0,57445
24/08/2026 05:00:00;0,57445;0,57448;0,57432;0,57441
24/08/2026 05:05:00;0,57441;0,57455;0,5736;0,57453
24/08/2026 05:10:00;0,57453;0,57471;0,57453;0,57464
24/08/2026 05:15:00;0,57464;0,57464;0,5745;0,57452
24/08/2026 05:20:00;0,57452;0,57462;0,5745;0,57455
24/08/2026 05:25:00;0,57455;0,5747;0,57455;0,57469
24/08/2026 05:30:00;0,57469;0,57472;0,57458;0,57468
24/08/2026 05:35:00;0,57468;0,57477;0,57464;0,57468
24/08/2026 05:40:00;0,57468;0,57486;0,57458;0,57464
24/08/2026 05:45:00;0,57464;0,57466;0,57448;0,57456
24/08/2026 05:50:00;0,57456;0,57463;0,5745;0,57451
24/08/2026 05:55:00;0,57451;0,57455;0,57435;0,57437
24/08/2026 06:00:00;0,57437;0,57446;0,5743;0,57444
24/08/2026 06:05:00;0,57444;0,57453;0,5744;0,57443
24/08/2026 06:10:00;0,57443;0,57455;0,57443;0,57452
24/08/2026 06:15:00;0,57452;0,57465;0,57449;0,57459
24/08/2026 06:20:00;0,57459;0,5747;0,57458;0,57469
24/08/2026 06:25:00;0,57469;0,57472;0,57465;0,57467
24/08/2026 06:30:00;0,57467;0,57476;0,57463;0,57475
24/08/2026 06:35:00;0,57475;0,57478;0,57469;0,57478
24/08/2026 06:40:00;0,57478;0,57483;0,57475;0,57481
24/08/2026 06:45:00;0,57481;0,57485;0,57474;0,57483
24/08/2026 06:50:00;0,57483;0,57484;0,57466;0,57466
24/08/2026 06:55:00;0,57466;0,57473;0,57456;0,57472
24/08/2026 07:00:00;0,57472;0,57477;0,57462;0,57469
24/08/2026 07:05:00;0,57469;0,57474;0,57465;0,57473
24/08/2026 07:10:00;0,57473;0,57476;0,57468;0,57476
24/08/2026 07:15:00;0,57476;0,57483;0,57472;0,57475
24/08/2026 07:20:00;0,57475;0,57482;0,57471;0,57481
24/08/2026 07:25:00;0,57481;0,57485;0,57474;0,57478
24/08/2026 07:30:00;0,57478;0,57479;0,57463;0,57466
24/08/2026 07:35:00;0,57466;0,57476;0,57465;0,57473
24/08/2026 07:40:00;0,57473;0,57477;0,57458;0,57469
24/08/2026 07:45:00;0,57469;0,5747;0,57463;0,57463
24/08/2026 07:50:00;0,57463;0,57464;0,57448;0,57458
24/08/2026 07:55:00;0,57458;0,57468;0,57448;0,57467
24/08/2026 08:00:00;0,57467;0,57471;0,57446;0,57455
24/08/2026 08:05:00;0,57455;0,57455;0,57446;0,57449
24/08/2026 08:10:00;0,57449;0,57453;0,57443;0,57446
24/08/2026 08:15:00;0,57446;0,57458;0,57446;0,57457
24/08/2026 08:20:00;0,57457;0,57457;0,57445;0,57449
24/08/2026 08:25:00;0,57449;0,57456;0,57445;0,57449
24/08/2026 08:30:00;0,57449;0,57466;0,57399;0,57462
24/08/2026 08:35:00;0,57462;0,57469;0,57428;0,57448
24/08/2026 08:40:00;0,57448;0,57461;0,57447;0,5745
24/08/2026 08:45:00;0,5745;0,57461;0,57447;0,57458
24/08/2026 08:50:00;0,57458;0,57471;0,57458;0,57465
24/08/2026 08:55:00;0,57465;0,57471;0,57454;0,57463
24/08/2026 09:00:00;0,57463;0,57474;0,57455;0,5746
24/08/2026 09:05:00;0,5746;0,57478;0,57458;0,57474
24/08/2026 09:10:00;0,57474;0,57479;0,57455;0,57457
24/08/2026 09:15:00;0,57457;0,57462;0,57444;0,57458
24/08/2026 09:20:00;0,57458;0,57458;0,57434;0,57441
24/08/2026 09:25:00;0,57441;0,57445;0,57434;0,57441
24/08/2026 09:30:00;0,57441;0,5746;0,57399;0,57452
24/08/2026 09:35:00;0,57452;0,57461;0,57445;0,57457
24/08/2026 09:40:00;0,57457;0,5748;0,57399;0,57466
24/08/2026 09:45:00;0,57466;0,57485;0,57465;0,57481
24/08/2026 09:50:00;0,57481;0,57484;0,57469;0,57473
24/08/2026 09:55:00;0,57473;0,5748;0,57469;0,57478
24/08/2026 10:00:00;0,57478;0,57482;0,57472;0,57477
24/08/2026 10:05:00;0,57477;0,57492;0,57466;0,57466
24/08/2026 10:10:00;0,57466;0,57484;0,57465;0,57469
24/08/2026 10:15:00;0,57469;0,57478;0,57465;0,57478
24/08/2026 10:20:00;0,57478;0,57487;0,57472;0,57486
24/08/2026 10:25:00;0,57486;0,57494;0,57481;0,57483
24/08/2026 10:30:00;0,57483;0,57483;0,57462;0,57466
24/08/2026 10:35:00;0,57466;0,57472;0,57399;0,57456
24/08/2026 10:40:00;0,57456;0,57476;0,57451;0,57453
24/08/2026 10:45:00;0,57453;0,57466;0,5744;0,57442
24/08/2026 10:50:00;0,57442;0,57448;0,57426;0,57441
24/08/2026 10:55:00;0,57441;0,57461;0,57439;0,57458
24/08/2026 11:00:00;0,57458;0,5747;0,57447;0,57455
24/08/2026 11:05:00;0,57455;0,57457;0,57442;0,5745
24/08/2026 11:10:00;0,5745;0,57469;0,57447;0,57456
24/08/2026 11:15:00;0,57456;0,57462;0,57448;0,57452
24/08/2026 11:20:00;0,57452;0,57455;0,5743;0,57433
24/08/2026 11:25:00;0,57433;0,57434;0,57415;0,57418
24/08/2026 11:30:00;0,57418;0,57435;0,57413;0,57426
24/08/2026 11:35:00;0,57426;0,57433;0,57416;0,57425
24/08/2026 11:40:00;0,57425;0,57431;0,57399;0,57417
24/08/2026 11:45:00;0,57417;0,57435;0,57414;0,57424
24/08/2026 11:50:00;0,57424;0,57436;0,57404;0,57408
24/08/2026 11:55:00;0,57408;0,57418;0,57398;0,5741
24/08/2026 12:00:00;0,5741;0,57412;0,57392;0,57395
24/08/2026 12:05:00;0,57395;0,57402;0,57383;0,57383
24/08/2026 12:10:00;0,57383;0,57387;0,57373;0,57374
24/08/2026 12:15:00;0,57374;0,57381;0,57364;0,57368
24/08/2026 12:20:00;0,57368;0,57388;0,57368;0,57387
24/08/2026 12:25:00;0,57387;0,5739;0,57339;0,57366
24/08/2026 12:30:00;0,57366;0,57383;0,57294;0,57374
24/08/2026 12:35:00;0,57374;0,57377;0,57369;0,57376
24/08/2026 12:40:00;0,57376;0,57389;0,57373;0,57381
24/08/2026 12:45:00;0,57381;0,57389;0,5736;0,57362
24/08/2026 12:50:00;0,57362;0,57373;0,5736;0,57363
24/08/2026 12:55:00;0,57363;0,57373;0,57357;0,57371
24/08/2026 13:00:00;0,57371;0,5738;0,57294;0,57358
24/08/2026 13:05:00;0,57358;0,57367;0,57353;0,57365
24/08/2026 13:10:00;0,57365;0,57368;0,57356;0,57357
24/08/2026 13:15:00;0,57357;0,57361;0,5735;0,57351
24/08/2026 13:20:00;0,57351;0,5736;0,57345;0,5736
24/08/2026 13:25:00;0,5736;0,57366;0,57357;0,57359
24/08/2026 13:30:00;0,57359;0,57361;0,57353;0,57355
24/08/2026 13:35:00;0,57355;0,57357;0,57346;0,57347
24/08/2026 13:40:00;0,57347;0,57358;0,57347;0,57355
24/08/2026 13:45:00;0,57355;0,57365;0,57354;0,57364
24/08/2026 13:50:00;0,57359;0,57371;0,57359;0,5737
24/08/2026 13:55:00;0,5737;0,5737;0,57353;0,57355
24/08/2026 14:00:00;0,57355;0,57356;0,57348;0,57355
24/08/2026 14:05:00;0,57355;0,57364;0,57272;0,57355
24/08/2026 14:10:00;0,57355;0,5736;0,57348;0,57348
24/08/2026 14:15:00;0,57348;0,57352;0,57345;0,57348
24/08/2026 14:20:00;0,57348;0,57351;0,57338;0,5734
24/08/2026 14:25:00;0,5734;0,57346;0,57337;0,57345
24/08/2026 14:30:00;0,57345;0,57349;0,57338;0,57341
24/08/2026 14:35:00;0,57341;0,57346;0,57338;0,57341
24/08/2026 14:40:00;0,57341;0,57347;0,57338;0,57338
24/08/2026 14:45:00;0,57338;0,57344;0,57333;0,57338
24/08/2026 14:50:00;0,57338;0,5734;0,57329;0,57331
24/08/2026 14:55:00;0,57331;0,57332;0,5725;0,57327
24/08/2026 15:00:00;0,57327;0,57336;0,57325;0,57334
24/08/2026 15:05:00;0,57334;0,57342;0,57333;0,57341
24/08/2026 15:10:00;0,57341;0,5735;0,57338;0,57344
24/08/2026 15:15:00;0,57344;0,5736;0,57341;0,57358
24/08/2026 15:20:00;0,57358;0,57367;0,57357;0,57363
24/08/2026 15:25:00;0,57363;0,57364;0,57356;0,57361
24/08/2026 15:30:00;0,57361;0,57366;0,57356;0,57362
24/08/2026 15:35:00;0,57362;0,57365;0,57355;0,57356
24/08/2026 15:40:00;0,57356;0,57364;0,57355;0,57364
24/08/2026 15:45:00;0,57364;0,57364;0,57355;0,57361
24/08/2026 15:50:00;0,57361;0,57361;0,57353;0,57359
24/08/2026 15:55:00;0,57359;0,57363;0,5735;0,57355
24/08/2026 16:00:00;0,57355;0,57361;0,57355;0,57357
24/08/2026 16:05:00;0,57357;0,57365;0,57356;0,57359
24/08/2026 16:10:00;0,57359;0,57364;0,57359;0,57363
24/08/2026 16:15:00;0,57363;0,57368;0,57363;0,57367
24/08/2026 16:20:00;0,57367;0,57377;0,57367;0,57377
24/08/2026 16:25:00;0,57377;0,57379;0,57374;0,57377
24/08/2026 16:30:00;0,57377;0,57377;0,57371;0,57372
24/08/2026 16:35:00;0,57372;0,57374;0,5737;0,57372
24/08/2026 16:40:00;0,57372;0,57375;0,5737;0,57371
24/08/2026 16:45:00;0,57372;0,57373;0,57365;0,57369
24/08/2026 16:50:00;0,57369;0,57371;0,57363;0,57367
24/08/2026 16:55:00;0,57367;0,57372;0,57364;0,57369
24/08/2026 17:00:00;0,57369;0,57375;0,57369;0,57374
24/08/2026 17:05:00;0,57374;0,57375;0,57368;0,57369
24/08/2026 17:10:00;0,57369;0,57371;0,57368;0,57371
24/08/2026 17:15:00;0,57371;0,57373;0,57368;0,57368
24/08/2026 17:20:00;0,57368;0,57368;0,57365;0,57365
24/08/2026 17:25:00;0,57365;0,57372;0,57365;0,57369
24/08/2026 17:30:00;0,57369;0,57371;0,57364;0,57367
24/08/2026 17:35:00;0,57368;0,57372;0,57364;0,5737
24/08/2026 17:40:00;0,5737;0,57375;0,57368;0,57368
24/08/2026 17:45:00;0,57365;0,57369;0,57362;0,57363
24/08/2026 17:50:00;0,57363;0,57374;0,57363;0,57374
24/08/2026 17:55:00;0,57374;0,57379;0,57294;0,57371
24/08/2026 18:00:00;0,57371;0,57371;0,57371;0,57371
24/08/2026 18:05:00;0,57371;0,57371;0,57246;0,57246
24/08/2026 19:10:00;0,57355;0,57356;0,57353;0,57355
24/08/2026 19:15:00;0,57355;0,57363;0,57355;0,5736
24/08/2026 19:20:00;0,5736;0,57364;0,57359;0,57363
24/08/2026 19:25:00;0,57363;0,57368;0,57363;0,57365
24/08/2026 19:30:00;0,57366;0,57372;0,57364;0,57371
24/08/2026 19:35:00;0,57371;0,57372;0,57362;0,57372
24/08/2026 19:40:00;0,57372;0,57372;0,5736;0,57366
24/08/2026 19:45:00;0,57366;0,57366;0,5736;0,57362
24/08/2026 19:50:00;0,57362;0,57363;0,57361;0,57361
24/08/2026 19:55:00;0,57362;0,57363;0,5736;0,57362
24/08/2026 20:00:00;0,57362;0,57364;0,57351;0,57352
24/08/2026 20:05:00;0,57352;0,57356;0,57351;0,57352
24/08/2026 20:10:00;0,57352;0,57354;0,57351;0,57353
24/08/2026 20:15:00;0,57354;0,57358;0,57352;0,57353
24/08/2026 20:20:00;0,57353;0,57357;0,57352;0,57355
24/08/2026 20:25:00;0,57355;0,57356;0,57354;0,57356
24/08/2026 20:30:00;0,57356;0,57367;0,57354;0,57366
24/08/2026 20:35:00;0,57366;0,57368;0,57363;0,57366
24/08/2026 20:40:00;0,57366;0,57378;0,57366;0,57376
24/08/2026 20:45:00;0,57376;0,57386;0,57376;0,5738
24/08/2026 20:50:00;0,5738;0,57388;0,5738;0,57384
24/08/2026 20:55:00;0,57384;0,57394;0,57384;0,57389
24/08/2026 21:00:00;0,57389;0,57398;0,57385;0,57396
24/08/2026 21:05:00;0,57396;0,57405;0,5739;0,574
24/08/2026 21:10:00;0,574;0,57411;0,574;0,57404
24/08/2026 21:15:00;0,57404;0,57404;0,57396;0,57399
24/08/2026 21:20:00;0,57399;0,57415;0,57397;0,57408
24/08/2026 21:25:00;0,57408;0,57417;0,57406;0,57413
24/08/2026 21:30:00;0,57413;0,5742;0,57403;0,57415
24/08/2026 21:35:00;0,57415;0,57423;0,57413;0,57422
24/08/2026 21:40:00;0,57422;0,57422;0,57407;0,57416
24/08/2026 21:45:00;0,57415;0,57418;0,57408;0,5741
24/08/2026 21:50:00;0,5741;0,57413;0,57397;0,574
24/08/2026 21:55:00;0,574;0,57414;0,57393;0,57413
24/08/2026 22:00:00;0,57413;0,57425;0,57407;0,57423
24/08/2026 22:05:00;0,57423;0,57426;0,57409;0,57423
24/08/2026 22:10:00;0,57423;0,57436;0,5742;0,57433
24/08/2026 22:15:00;0,57433;0,57433;0,5742;0,57425
24/08/2026 22:20:00;0,57425;0,57427;0,57415;0,57419
24/08/2026 22:25:00;0,57419;0,57429;0,57412;0,57412
24/08/2026 22:30:00;0,57412;0,57423;0,5741;0,57412
24/08/2026 22:35:00;0,57412;0,57436;0,5741;0,57434
24/08/2026 22:40:00;0,57434;0,57441;0,57428;0,57432
24/08/2026 22:45:00;0,57432;0,5745;0,57431;0,57449
24/08/2026 22:50:00;0,57449;0,57454;0,57442;0,57442
24/08/2026 22:55:00;0,57442;0,57446;0,57433;0,57433
24/08/2026 23:00:00;0,57433;0,57459;0,57431;0,57452
24/08/2026 23:05:00;0,57452;0,57456;0,57444;0,57451
24/08/2026 23:10:00;0,57451;0,5746;0,5745;0,57458
24/08/2026 23:15:00;0,57458;0,57458;0,57445;0,5745
24/08/2026 23:20:00;0,5745;0,57456;0,5745;0,57454
24/08/2026 23:25:00;0,57454;0,57458;0,5745;0,57454
24/08/2026 23:30:00;0,57454;0,57471;0,57451;0,57453
24/08/2026 23:35:00;0,57453;0,5746;0,57448;0,57459
24/08/2026 23:40:00;0,57459;0,57477;0,57459;0,5747
24/08/2026 23:45:00;0,5747;0,57477;0,57466;0,57471
24/08/2026 23:50:00;0,57471;0,57479;0,57466;0,57478
24/08/2026 23:55:00;0,57478;0,57478;0,5746;0,57462
25/08/2026 00:00:00;0,57462;0,57471;0,57459;0,57464
25/08/2026 00:05:00;0,57464;0,57484;0,57461;0,57484
25/08/2026 00:10:00;0,57484;0,5749;0,57474;0,57475
25/08/2026 00:15:00;0,57475;0,57488;0,57471;0,57487
25/08/2026 00:20:00;0,57487;0,57487;0,57479;0,5748
25/08/2026 00:25:00;0,5748;0,57492;0,57477;0,57488
25/08/2026 00:30:00;0,57488;0,5749;0,57484;0,57489
25/08/2026 00:35:00;0,5749;0,57493;0,57467;0,57468
25/08/2026 00:40:00;0,57468;0,57477;0,57466;0,57472
25/08/2026 00:45:00;0,57472;0,57472;0,57462;0,57463
25/08/2026 00:50:00;0,57463;0,57467;0,57457;0,57462
25/08/2026 00:55:00;0,57462;0,57462;0,57454;0,57454
25/08/2026 01:00:00;0,57454;0,57456;0,57446;0,57448
25/08/2026 01:05:00;0,57448;0,57451;0,57442;0,57443
25/08/2026 01:10:00;0,57443;0,57456;0,57442;0,57455
25/08/2026 01:15:00;0,57455;0,57456;0,57446;0,57447
25/08/2026 01:20:00;0,57447;0,57451;0,57438;0,57439
25/08/2026 01:25:00;0,57439;0,57444;0,57431;0,5744
25/08/2026 01:30:00;0,5744;0,57443;0,57434;0,57442
25/08/2026 01:35:00;0,57442;0,57447;0,57438;0,57446
25/08/2026 01:40:00;0,57446;0,57448;0,57438;0,57439
25/08/2026 01:45:00;0,57439;0,57443;0,57436;0,5744
25/08/2026 01:50:00;0,5744;0,57458;0,57439;0,57454
25/08/2026 01:55:00;0,57454;0,57461;0,57454;0,57459
25/08/2026 02:00:00;0,57459;0,57472;0,57458;0,57467
25/08/2026 02:05:00;0,57467;0,57475;0,57466;0,5747
25/08/2026 02:10:00;0,5747;0,57475;0,57464;0,57464
25/08/2026 02:15:00;0,57465;0,57473;0,57465;0,57468
25/08/2026 02:20:00;0,57468;0,57475;0,57467;0,57475
25/08/2026 02:25:00;0,57475;0,5749;0,57475;0,57486
25/08/2026 02:30:00;0,57486;0,57489;0,5748;0,57488
25/08/2026 02:35:00;0,57488;0,57492;0,57484;0,57488
25/08/2026 02:40:00;0,57488;0,57496;0,57478;0,57478
25/08/2026 02:45:00;0,57478;0,57491;0,57477;0,5748
25/08/2026 02:50:00;0,5748;0,5748;0,57475;0,57478
25/08/2026 02:55:00;0,57478;0,5748;0,57462;0,57469
25/08/2026 03:00:00;0,57469;0,57491;0,57466;0,57466
25/08/2026 03:05:00;0,57463;0,57466;0,57444;0,57447
25/08/2026 03:10:00;0,57447;0,57452;0,57434;0,57444
25/08/2026 03:15:00;0,57444;0,5745;0,57441;0,57442
25/08/2026 03:20:00;0,57442;0,57444;0,57428;0,57429
25/08/2026 03:25:00;0,57429;0,57433;0,5742;0,57421
25/08/2026 03:30:00;0,57421;0,57436;0,57412;0,57412
25/08/2026 03:35:00;0,57412;0,5742;0,57408;0,57418
25/08/2026 03:40:00;0,57418;0,57424;0,57412;0,57423
25/08/2026 03:45:00;0,57423;0,57429;0,57417;0,57423
25/08/2026 03:50:00;0,57423;0,57428;0,57415;0,57421
25/08/2026 03:55:00;0,57421;0,57449;0,5742;0,57448
25/08/2026 04:00:00;0,57448;0,57451;0,57412;0,57417
25/08/2026 04:05:00;0,57417;0,57422;0,574;0,57415
25/08/2026 04:10:00;0,57415;0,5742;0,57408;0,57411
25/08/2026 04:15:00;0,57411;0,57412;0,57402;0,57404
25/08/2026 04:20:00;0,57404;0,57428;0,57402;0,57426
25/08/2026 04:25:00;0,57426;0,57447;0,57425;0,57444
25/08/2026 04:30:00;0,57444;0,57444;0,57421;0,57425
25/08/2026 04:35:00;0,57425;0,57433;0,57417;0,57431
25/08/2026 04:40:00;0,57431;0,57432;0,57422;0,57427
25/08/2026 04:45:00;0,57427;0,5743;0,57421;0,57428
25/08/2026 04:50:00;0,57428;0,57437;0,5742;0,57437
25/08/2026 04:55:00;0,57437;0,57448;0,57432;0,57432
25/08/2026 05:00:00;0,57432;0,57438;0,57406;0,57407
25/08/2026 05:05:00;0,57407;0,57414;0,57399;0,574
25/08/2026 05:10:00;0,574;0,57405;0,57382;0,57385
25/08/2026 05:15:00;0,57385;0,57413;0,57384;0,57412
25/08/2026 05:20:00;0,57412;0,57425;0,57316;0,57425
25/08/2026 05:25:00;0,57425;0,57432;0,57406;0,57425
25/08/2026 05:30:00;0,57425;0,57425;0,57407;0,57412
25/08/2026 05:35:00;0,57412;0,57416;0,57397;0,57399
25/08/2026 05:40:00;0,57399;0,57402;0,57388;0,5739
25/08/2026 05:45:00;0,57389;0,57402;0,57382;0,57386
25/08/2026 05:50:00;0,57386;0,57398;0,57386;0,57389
25/08/2026 05:55:00;0,57389;0,57391;0,57373;0,57376
25/08/2026 06:00:00;0,57376;0,57385;0,57374;0,57382
25/08/2026 06:05:00;0,57382;0,57383;0,57358;0,57364
25/08/2026 06:10:00;0,57364;0,57371;0,57352;0,57359
25/08/2026 06:15:00;0,57359;0,57389;0,57359;0,57389
25/08/2026 06:20:00;0,57389;0,57391;0,5738;0,57383
25/08/2026 06:25:00;0,57383;0,57391;0,5738;0,57384
25/08/2026 06:30:00;0,57383;0,57384;0,57294;0,57376
25/08/2026 06:35:00;0,57376;0,57392;0,57372;0,57386
25/08/2026 06:40:00;0,57386;0,57396;0,57378;0,57396
25/08/2026 06:45:00;0,57396;0,57416;0,57391;0,57414
25/08/2026 06:50:00;0,57414;0,57419;0,57409;0,57414
25/08/2026 06:55:00;0,57414;0,57414;0,57316;0,57406
25/08/2026 07:00:00;0,57406;0,57411;0,57388;0,57389
25/08/2026 07:05:00;0,57389;0,57399;0,5738;0,57382
25/08/2026 07:10:00;0,57382;0,574;0,5738;0,57396
25/08/2026 07:15:00;0,57396;0,57404;0,57394;0,57404
25/08/2026 07:20:00;0,57404;0,57408;0,57398;0,57399
25/08/2026 07:25:00;0,57399;0,57415;0,57398;0,57408
25/08/2026 07:30:00;0,57408;0,57419;0,57408;0,57415
25/08/2026 07:35:00;0,57415;0,57415;0,57405;0,57405
25/08/2026 07:40:00;0,57405;0,57414;0,57402;0,5741
25/08/2026 07:45:00;0,5741;0,57414;0,57405;0,57408
25/08/2026 07:50:00;0,57408;0,57417;0,57408;0,5741
25/08/2026 07:55:00;0,5741;0,57418;0,57409;0,57416
25/08/2026 08:00:00;0,57416;0,57419;0,5741;0,57419
25/08/2026 08:05:00;0,57419;0,57424;0,57338;0,57409
25/08/2026 08:10:00;0,57409;0,57417;0,57403;0,57416
25/08/2026 08:15:00;0,57416;0,5742;0,57408;0,57411
25/08/2026 08:20:00;0,57411;0,57425;0,57406;0,57417
25/08/2026 08:25:00;0,57417;0,57426;0,57416;0,57426
25/08/2026 08:30:00;0,57426;0,57427;0,57419;0,57419
25/08/2026 08:35:00;0,57419;0,57425;0,57418;0,57423
25/08/2026 08:40:00;0,57423;0,57434;0,57419;0,57434
25/08/2026 08:45:00;0,57434;0,57437;0,5742;0,57424
25/08/2026 08:50:00;0,57424;0,57426;0,57417;0,5742
25/08/2026 08:55:00;0,5742;0,57425;0,57413;0,57422
25/08/2026 09:00:00;0,57422;0,57426;0,57406;0,57416
25/08/2026 09:05:00;0,57416;0,57417;0,57404;0,57411
25/08/2026 09:10:00;0,57411;0,57415;0,57409;0,5741
25/08/2026 09:15:00;0,5741;0,5742;0,57405;0,57418
25/08/2026 09:20:00;0,57418;0,57419;0,57401;0,57407
25/08/2026 09:25:00;0,57407;0,57409;0,574;0,57401
25/08/2026 09:30:00;0,57401;0,57402;0,57393;0,57394
25/08/2026 09:35:00;0,57394;0,57401;0,57389;0,5739
25/08/2026 09:40:00;0,5739;0,57403;0,57389;0,57402
25/08/2026 09:45:00;0,57402;0,57409;0,57399;0,57405
25/08/2026 09:50:00;0,57405;0,5742;0,57404;0,57419
25/08/2026 09:55:00;0,57419;0,57427;0,57415;0,57415
25/08/2026 10:00:00;0,57415;0,57416;0,57405;0,57405
25/08/2026 10:05:00;0,57405;0,57417;0,57399;0,57415
25/08/2026 10:10:00;0,57415;0,57426;0,57338;0,57423
25/08/2026 10:15:00;0,57423;0,57444;0,57417;0,57443
25/08/2026 10:20:00;0,57443;0,5745;0,57439;0,57442
25/08/2026 10:25:00;0,57442;0,57448;0,57418;0,57419
25/08/2026 10:30:00;0,57417;0,57439;0,57407;0,57438
25/08/2026 10:35:00;0,57438;0,57439;0,57416;0,57419
25/08/2026 10:40:00;0,57419;0,57423;0,57405;0,57418
25/08/2026 10:45:00;0,57418;0,57436;0,57418;0,57429
25/08/2026 10:50:00;0,57429;0,57434;0,57423;0,57431
25/08/2026 10:55:00;0,57431;0,57431;0,57399;0,57399
25/08/2026 11:00:00;0,57399;0,57435;0,57399;0,57433
25/08/2026 11:05:00;0,57433;0,57433;0,57406;0,5741
25/08/2026 11:10:00;0,5741;0,57418;0,57409;0,57411
25/08/2026 11:15:00;0,57411;0,57436;0,57402;0,57424
25/08/2026 11:20:00;0,57424;0,57443;0,57424;0,57433
25/08/2026 11:25:00;0,57433;0,57446;0,57431;0,57446
25/08/2026 11:30:00;0,57446;0,5745;0,57359;0,5744
25/08/2026 11:35:00;0,5744;0,57466;0,57438;0,57464
25/08/2026 11:40:00;0,57466;0,57468;0,57447;0,57451
25/08/2026 11:45:00;0,57451;0,57471;0,57449;0,57461
25/08/2026 11:50:00;0,57461;0,57472;0,5744;0,57441
25/08/2026 11:55:00;0,57441;0,57455;0,57433;0,57446
25/08/2026 12:00:00;0,57446;0,57452;0,57426;0,5743
25/08/2026 12:05:00;0,5743;0,57444;0,57429;0,5743
25/08/2026 12:10:00;0,5743;0,57434;0,57423;0,57425
25/08/2026 12:15:00;0,57425;0,5743;0,57421;0,57428
25/08/2026 12:20:00;0,57428;0,57435;0,57426;0,57431
25/08/2026 12:25:00;0,57431;0,57443;0,57426;0,57442
25/08/2026 12:30:00;0,57442;0,57442;0,57424;0,57436
25/08/2026 12:35:00;0,57436;0,57453;0,57409;0,57444
25/08/2026 12:40:00;0,57444;0,57444;0,57428;0,57429
25/08/2026 12:45:00;0,57429;0,57431;0,57421;0,57426
25/08/2026 12:50:00;0,57426;0,57429;0,57417;0,57425
25/08/2026 12:55:00;0,57425;0,57443;0,57425;0,57441
25/08/2026 13:00:00;0,57441;0,57451;0,5744;0,57447
25/08/2026 13:05:00;0,57447;0,57452;0,57443;0,57446
25/08/2026 13:10:00;0,57446;0,57446;0,57433;0,57438
25/08/2026 13:15:00;0,57438;0,5744;0,57428;0,57435
25/08/2026 13:20:00;0,57435;0,57442;0,5743;0,57442
25/08/2026 13:25:00;0,57438;0,57443;0,57426;0,5743
25/08/2026 13:30:00;0,5743;0,57438;0,57425;0,57434
25/08/2026 13:35:00;0,57434;0,57435;0,57427;0,57433
25/08/2026 13:40:00;0,57433;0,57437;0,57431;0,57432
25/08/2026 13:45:00;0,57432;0,57435;0,5743;0,57432
25/08/2026 13:50:00;0,57432;0,57434;0,57424;0,57428
25/08/2026 13:55:00;0,57428;0,5743;0,57414;0,57417
25/08/2026 14:00:00;0,57417;0,57423;0,57411;0,57412
25/08/2026 14:05:00;0,57412;0,57419;0,5741;0,57417
25/08/2026 14:10:00;0,57417;0,57417;0,5741;0,57416
25/08/2026 14:15:00;0,57416;0,57421;0,57409;0,5741
25/08/2026 14:20:00;0,5741;0,57418;0,57409;0,57412
25/08/2026 14:25:00;0,57412;0,57416;0,5741;0,57411
25/08/2026 14:30:00;0,57411;0,57415;0,57409;0,57414
25/08/2026 14:35:00;0,57414;0,57416;0,57408;0,57409
25/08/2026 14:40:00;0,57409;0,57411;0,57405;0,5741
25/08/2026 14:45:00;0,57409;0,57409;0,57404;0,57407
25/08/2026 14:50:00;0,57407;0,5741;0,57398;0,57399
25/08/2026 14:55:00;0,57399;0,57402;0,57394;0,57398
25/08/2026 15:00:00;0,57398;0,57408;0,57398;0,57406
25/08/2026 15:05:00;0,57406;0,57408;0,57399;0,57401
25/08/2026 15:10:00;0,57401;0,57404;0,57397;0,57401
25/08/2026 15:15:00;0,57401;0,57407;0,57398;0,57404
25/08/2026 15:20:00;0,57404;0,57409;0,57403;0,57407
25/08/2026 15:25:00;0,57407;0,57409;0,57403;0,57405
25/08/2026 15:30:00;0,57405;0,57409;0,57403;0,57406
25/08/2026 15:35:00;0,57407;0,57412;0,57405;0,5741
25/08/2026 15:40:00;0,5741;0,57415;0,57398;0,57414
25/08/2026 15:45:00;0,57414;0,57419;0,57413;0,57415
25/08/2026 15:50:00;0,57415;0,57417;0,5741;0,57414
25/08/2026 15:55:00;0,57414;0,57415;0,57406;0,57413
25/08/2026 16:00:00;0,57413;0,57415;0,57406;0,57409
25/08/2026 16:05:00;0,57409;0,57416;0,57408;0,57415
25/08/2026 16:10:00;0,57415;0,57416;0,57408;0,5741
25/08/2026 16:15:00;0,5741;0,57411;0,57391;0,57393
25/08/2026 16:20:00;0,57393;0,57401;0,573871;0,574
25/08/2026 16:25:00;0,574;0,57407;0,57398;0,57406
25/08/2026 16:30:00;0,57406;0,57413;0,57405;0,57411
25/08/2026 16:35:00;0,57411;0,57414;0,57407;0,57413
25/08/2026 16:40:00;0,57413;0,57417;0,5741;0,57412
25/08/2026 16:45:00;0,57412;0,5742;0,57412;0,57417
25/08/2026 16:50:00;0,57417;0,57421;0,57409;0,57413
25/08/2026 16:55:00;0,57413;0,5742;0,57403;0,57406
25/08/2026 17:00:00;0,57406;0,57414;0,57406;0,57407
25/08/2026 17:05:00;0,57407;0,57408;0,57396;0,57399
25/08/2026 17:10:00;0,57399;0,57406;0,57391;0,57404
25/08/2026 17:15:00;0,57404;0,57412;0,57403;0,57409
25/08/2026 17:20:00;0,57409;0,57417;0,57408;0,57415
25/08/2026 17:25:00;0,57415;0,57418;0,57408;0,57409
25/08/2026 17:30:00;0,57409;0,57419;0,57409;0,57416
25/08/2026 17:35:00;0,57416;0,57416;0,57408;0,57413
25/08/2026 17:40:00;0,57413;0,57415;0,57409;0,57411
25/08/2026 17:45:00;0,57411;0,57413;0,57409;0,57412
25/08/2026 17:50:00;0,57412;0,57421;0,57379;0,57418
25/08/2026 17:55:00;0,57418;0,57421;0,57409;0,57411
25/08/2026 18:00:00;0,57411;0,57411;0,57411;0,57411
25/08/2026 18:05:00;0,57411;0,57411;0,57411;0,57411
25/08/2026 19:10:00;0,57389;0,57393;0,57389;0,57392
25/08/2026 19:15:00;0,57392;0,57395;0,57392;0,57392
25/08/2026 19:20:00;0,57392;0,57398;0,57389;0,5739
25/08/2026 19:25:00;0,5739;0,57398;0,5739;0,57394
25/08/2026 19:30:00;0,57394;0,57396;0,57392;0,57392
25/08/2026 19:35:00;0,57392;0,57395;0,5739;0,57394
25/08/2026 19:40:00;0,57394;0,57402;0,57394;0,574
25/08/2026 19:45:00;0,574;0,57406;0,574;0,57405
25/08/2026 19:50:00;0,57405;0,57409;0,57405;0,57406
25/08/2026 19:55:00;0,57406;0,5741;0,57405;0,57408
25/08/2026 20:00:00;0,57408;0,57411;0,57406;0,5741
25/08/2026 20:05:00;0,5741;0,57421;0,5741;0,5742
25/08/2026 20:10:00;0,5742;0,57422;0,57417;0,57421
25/08/2026 20:15:00;0,57421;0,57422;0,57418;0,57421
25/08/2026 20:20:00;0,57421;0,5743;0,57421;0,57429
25/08/2026 20:25:00;0,57429;0,57436;0,57426;0,57436
25/08/2026 20:30:00;0,57436;0,57444;0,57433;0,57439
25/08/2026 20:35:00;0,57439;0,57449;0,57436;0,57436
25/08/2026 20:40:00;0,57436;0,57449;0,57436;0,57446
25/08/2026 20:45:00;0,57446;0,57455;0,57422;0,57454
25/08/2026 20:50:00;0,57454;0,57455;0,57442;0,57443
25/08/2026 20:55:00;0,57443;0,57446;0,57437;0,57438
25/08/2026 21:00:00;0,57438;0,57454;0,57438;0,57445
25/08/2026 21:05:00;0,57445;0,57449;0,57435;0,57449
25/08/2026 21:10:00;0,57451;0,5755;0,5745;0,57461
25/08/2026 21:15:00;0,57461;0,5747;0,57457;0,57468
25/08/2026 21:20:00;0,57468;0,5747;0,5746;0,57461
25/08/2026 21:25:00;0,57461;0,57463;0,57447;0,57456
25/08/2026 21:30:00;0,57457;0,57457;0,57437;0,57437
25/08/2026 21:35:00;0,57437;0,57444;0,57435;0,57437
25/08/2026 21:40:00;0,57437;0,57442;0,57431;0,57434
25/08/2026 21:45:00;0,57434;0,57443;0,5743;0,57431
25/08/2026 21:50:00;0,57431;0,57435;0,57425;0,57427
25/08/2026 21:55:00;0,57427;0,57432;0,57419;0,57422
25/08/2026 22:00:00;0,57422;0,57431;0,57411;0,57424
25/08/2026 22:05:00;0,57424;0,57432;0,57418;0,57432
25/08/2026 22:10:00;0,57432;0,57434;0,57418;0,57418
25/08/2026 22:15:00;0,57418;0,57428;0,57414;0,57419
25/08/2026 22:20:00;0,57419;0,57423;0,57415;0,57417
25/08/2026 22:25:00;0,57417;0,57418;0,57369;0,57369
25/08/2026 22:30:00;0,57369;0,57546;0,57369;0,57533
25/08/2026 22:35:00;0,57533;0,57547;0,57511;0,57512
25/08/2026 22:40:00;0,57512;0,57528;0,57504;0,5752
25/08/2026 22:45:00;0,5752;0,57589;0,57519;0,5758
25/08/2026 22:50:00;0,5758;0,57595;0,57568;0,57573
25/08/2026 22:55:00;0,57573;0,57578;0,57491;0,57559
25/08/2026 23:00:00;0,57559;0,5756;0,57529;0,57551
25/08/2026 23:05:00;0,57551;0,57573;0,57541;0,57567
25/08/2026 23:10:00;0,57567;0,57574;0,57559;0,57561
25/08/2026 23:15:00;0,57561;0,5759;0,5756;0,57585
25/08/2026 23:20:00;0,57585;0,57595;0,5758;0,57587
25/08/2026 23:25:00;0,57588;0,57607;0,57582;0,57606
25/08/2026 23:30:00;0,57606;0,5764;0,57605;0,57639
25/08/2026 23:35:00;0,57639;0,57655;0,57637;0,57653
25/08/2026 23:40:00;0,57653;0,57653;0,57633;0,57637
25/08/2026 23:45:00;0,57637;0,5764;0,57622;0,57626
25/08/2026 23:50:00;0,57626;0,57633;0,57625;0,57629
25/08/2026 23:55:00;0,57629;0,57634;0,57618;0,57633
26/08/2026 00:00:00;0,57633;0,57637;0,57621;0,57628
26/08/2026 00:05:00;0,57628;0,57636;0,57624;0,57629
26/08/2026 00:10:00;0,57629;0,57639;0,57623;0,57638
26/08/2026 00:15:00;0,57638;0,57659;0,57635;0,57656
26/08/2026 00:20:00;0,57656;0,57667;0,57653;0,57667
26/08/2026 00:25:00;0,57667;0,57678;0,57663;0,57674
26/08/2026 00:30:00;0,57674;0,57699;0,5767;0,57696
26/08/2026 00:35:00;0,57696;0,577;0,57688;0,577
26/08/2026 00:40:00;0,577;0,57705;0,57694;0,57703
26/08/2026 00:45:00;0,57702;0,577093;0,577;0,577059
26/08/2026 00:50:00;0,577059;0,577086;0,57689;0,5769
26/08/2026 00:55:00;0,5769;0,5769;0,57602;0,57678
26/08/2026 01:00:00;0,57678;0,57684;0,57673;0,5768
26/08/2026 01:05:00;0,5768;0,57683;0,57669;0,57676
26/08/2026 01:10:00;0,57676;0,57676;0,57665;0,57673
26/08/2026 01:15:00;0,57673;0,57685;0,57673;0,57679
26/08/2026 01:20:00;0,5768;0,57683;0,57674;0,57675
26/08/2026 01:25:00;0,57675;0,57676;0,57664;0,57667
26/08/2026 01:30:00;0,57667;0,57667;0,57655;0,57658
26/08/2026 01:35:00;0,57658;0,57662;0,57649;0,5765
26/08/2026 01:40:00;0,5765;0,57655;0,5765;0,57653
26/08/2026 01:45:00;0,57653;0,57654;0,57641;0,57643
26/08/2026 01:50:00;0,57643;0,57661;0,57642;0,57658
26/08/2026 01:55:00;0,57658;0,57669;0,57655;0,57669
26/08/2026 02:00:00;0,57669;0,5768;0,57667;0,57676
26/08/2026 02:05:00;0,57676;0,57679;0,57666;0,5767
26/08/2026 02:10:00;0,5767;0,57677;0,5767;0,57673
26/08/2026 02:15:00;0,57673;0,57678;0,57669;0,57673
26/08/2026 02:20:00;0,57673;0,57675;0,57667;0,57672
26/08/2026 02:25:00;0,57672;0,57682;0,5767;0,57677
26/08/2026 02:30:00;0,57677;0,57683;0,57665;0,57675
26/08/2026 02:35:00;0,57675;0,57675;0,57657;0,57662
26/08/2026 02:40:00;0,57662;0,57686;0,57661;0,57686
26/08/2026 02:45:00;0,57686;0,57699;0,57684;0,57694
26/08/2026 02:50:00;0,57694;0,57708;0,5769;0,57696
26/08/2026 02:55:00;0,57696;0,57705;0,57693;0,57698
26/08/2026 03:00:00;0,57698;0,577;0,57682;0,57697
26/08/2026 03:05:00;0,57697;0,57707;0,5769;0,57707
26/08/2026 03:10:00;0,57707;0,57726;0,57706;0,57721
26/08/2026 03:15:00;0,57721;0,5773;0,57709;0,57709
26/08/2026 03:20:00;0,57709;0,57715;0,57688;0,57699
26/08/2026 03:25:00;0,57699;0,57706;0,57686;0,57686
26/08/2026 03:30:00;0,57686;0,57686;0,57656;0,57662
26/08/2026 03:35:00;0,57662;0,57675;0,57661;0,57673
26/08/2026 03:40:00;0,57673;0,57679;0,57663;0,57671
26/08/2026 03:45:00;0,57671;0,57684;0,57663;0,57684
26/08/2026 03:50:00;0,57684;0,57693;0,57679;0,5769
26/08/2026 03:55:00;0,5769;0,57691;0,5768;0,5768
26/08/2026 04:00:00;0,5768;0,5768;0,57666;0,57672
26/08/2026 04:05:00;0,57672;0,57677;0,57658;0,57662
26/08/2026 04:10:00;0,57662;0,57666;0,5765;0,57662
26/08/2026 04:15:00;0,57662;0,57668;0,57658;0,57665
26/08/2026 04:20:00;0,57665;0,57665;0,57653;0,57658
26/08/2026 04:25:00;0,57658;0,57666;0,57654;0,5766
26/08/2026 04:30:00;0,5766;0,57666;0,57653;0,57666
26/08/2026 04:35:00;0,57666;0,57668;0,57658;0,5766
26/08/2026 04:40:00;0,57658;0,57679;0,57658;0,57677
26/08/2026 04:45:00;0,57677;0,57688;0,57676;0,5768
26/08/2026 04:50:00;0,5768;0,57681;0,57664;0,57667
26/08/2026 04:55:00;0,57667;0,57676;0,5766;0,57661
26/08/2026 05:00:00;0,57661;0,57671;0,57651;0,57668
26/08/2026 05:05:00;0,57668;0,57682;0,57662;0,57679
26/08/2026 05:10:00;0,57679;0,57689;0,57675;0,57685
26/08/2026 05:15:00;0,57685;0,57696;0,5768;0,57682
26/08/2026 05:20:00;0,57682;0,57687;0,57668;0,57671
26/08/2026 05:25:00;0,57671;0,57677;0,5767;0,57672
26/08/2026 05:30:00;0,57672;0,57683;0,57669;0,57682
26/08/2026 05:35:00;0,57682;0,57688;0,57671;0,5768
26/08/2026 05:40:00;0,5768;0,57693;0,57677;0,57685
26/08/2026 05:45:00;0,57685;0,57698;0,57684;0,57697
26/08/2026 05:50:00;0,57697;0,57699;0,57687;0,57692
26/08/2026 05:55:00;0,57692;0,57705;0,57692;0,57702
26/08/2026 06:00:00;0,57702;0,57716;0,57679;0,57691
26/08/2026 06:05:00;0,57691;0,57709;0,57688;0,57709
26/08/2026 06:10:00;0,57709;0,57728;0,57704;0,57728
26/08/2026 06:15:00;0,57728;0,57735;0,57725;0,57732
26/08/2026 06:20:00;0,57732;0,57737;0,57707;0,57718
26/08/2026 06:25:00;0,57718;0,57723;0,57711;0,57717
26/08/2026 06:30:00;0,57717;0,57721;0,57704;0,57719
26/08/2026 06:35:00;0,57719;0,57726;0,57716;0,57724
26/08/2026 06:40:00;0,57724;0,5773;0,57711;0,57712
26/08/2026 06:45:00;0,57712;0,57714;0,57703;0,57705
26/08/2026 06:50:00;0,57705;0,57709;0,57696;0,57702
26/08/2026 06:55:00;0,57702;0,57727;0,57702;0,57727
26/08/2026 07:00:00;0,57727;0,57735;0,5772;0,5772
26/08/2026 07:05:00;0,5772;0,57734;0,5772;0,57731
26/08/2026 07:10:00;0,57731;0,57736;0,57729;0,57732
26/08/2026 07:15:00;0,57732;0,57734;0,57721;0,57721
26/08/2026 07:20:00;0,57721;0,57727;0,57717;0,57725
26/08/2026 07:25:00;0,57725;0,57741;0,57725;0,57729
26/08/2026 07:30:00;0,57729;0,57735;0,57728;0,57734
26/08/2026 07:35:00;0,57734;0,57739;0,57727;0,57737
26/08/2026 07:40:00;0,57737;0,57741;0,57729;0,57731
26/08/2026 07:45:00;0,57731;0,57737;0,57724;0,57726
26/08/2026 07:50:00;0,57726;0,57733;0,57724;0,57731
26/08/2026 07:55:00;0,57731;0,57745;0,57728;0,57745
26/08/2026 08:00:00;0,57745;0,57745;0,57726;0,57733
26/08/2026 08:05:00;0,57733;0,57736;0,57722;0,57727
26/08/2026 08:10:00;0,57727;0,57733;0,57721;0,57724
26/08/2026 08:15:00;0,57724;0,5773;0,5772;0,57727
26/08/2026 08:20:00;0,57727;0,57744;0,57724;0,57741
26/08/2026 08:25:00;0,57741;0,57762;0,57741;0,57751
26/08/2026 08:30:00;0,57751;0,57754;0,57738;0,57739
26/08/2026 08:35:00;0,57739;0,57754;0,57739;0,5775
26/08/2026 08:40:00;0,5775;0,57757;0,57748;0,5775
26/08/2026 08:45:00;0,5775;0,57756;0,57748;0,57749
26/08/2026 08:50:00;0,57749;0,57759;0,57747;0,57754
26/08/2026 08:55:00;0,57754;0,57765;0,5775;0,57753
26/08/2026 09:00:00;0,57753;0,57761;0,57744;0,57746
26/08/2026 09:05:00;0,57746;0,57751;0,57735;0,5775
26/08/2026 09:10:00;0,5775;0,57757;0,57746;0,57748
26/08/2026 09:15:00;0,57748;0,57754;0,57744;0,5775
26/08/2026 09:20:00;0,5775;0,5775;0,57739;0,57743
26/08/2026 09:25:00;0,57743;0,57761;0,57669;0,57669
26/08/2026 09:30:00;0,57669;0,57799;0,57669;0,57789
26/08/2026 09:35:00;0,57789;0,5779;0,57765;0,57774
26/08/2026 09:40:00;0,57774;0,5778;0,57756;0,57763
26/08/2026 09:45:00;0,57763;0,57766;0,57744;0,5775
26/08/2026 09:50:00;0,5775;0,57758;0,57742;0,57743
26/08/2026 09:55:00;0,57743;0,57769;0,5774;0,57768
26/08/2026 10:00:00;0,57768;0,57779;0,57758;0,57779
26/08/2026 10:05:00;0,57779;0,57783;0,57764;0,57771
26/08/2026 10:10:00;0,57771;0,57785;0,5769;0,5776
26/08/2026 10:15:00;0,5776;0,5777;0,5769;0,57757
26/08/2026 10:20:00;0,57757;0,57765;0,57752;0,57755
26/08/2026 10:25:00;0,57755;0,57759;0,5773;0,57736
26/08/2026 10:30:00;0,57736;0,57774;0,57736;0,57773
26/08/2026 10:35:00;0,57773;0,57773;0,57753;0,57766
26/08/2026 10:40:00;0,57766;0,57788;0,57759;0,57785
26/08/2026 10:45:00;0,57785;0,57804;0,57782;0,57799
26/08/2026 10:50:00;0,57799;0,57809;0,57794;0,57806
26/08/2026 10:55:00;0,57806;0,57816;0,57793;0,57795
26/08/2026 11:00:00;0,57795;0,57795;0,57764;0,57779
26/08/2026 11:05:00;0,57779;0,57792;0,57771;0,57778
26/08/2026 11:10:00;0,57778;0,5778;0,57758;0,57761
26/08/2026 11:15:00;0,57761;0,57776;0,57757;0,57774
26/08/2026 11:20:00;0,57774;0,57774;0,5774;0,57757
26/08/2026 11:25:00;0,57757;0,57772;0,57754;0,57771
26/08/2026 11:30:00;0,57771;0,57796;0,57771;0,57795
26/08/2026 11:35:00;0,57795;0,57809;0,57792;0,57805
26/08/2026 11:40:00;0,57805;0,57805;0,57781;0,57796
26/08/2026 11:45:00;0,57796;0,57802;0,57783;0,57783
26/08/2026 11:50:00;0,57783;0,57784;0,57754;0,57765
26/08/2026 11:55:00;0,57765;0,57771;0,57753;0,57761
26/08/2026 12:00:00;0,57761;0,5777;0,57753;0,57759
26/08/2026 12:05:00;0,57759;0,57764;0,57738;0,5774
26/08/2026 12:10:00;0,57737;0,5774;0,57727;0,57732
26/08/2026 12:15:00;0,57732;0,57732;0,57716;0,57716
26/08/2026 12:20:00;0,57716;0,5774;0,57713;0,57738
26/08/2026 12:25:00;0,57738;0,57742;0,57731;0,57732
26/08/2026 12:30:00;0,57732;0,57743;0,57724;0,57737
26/08/2026 12:35:00;0,57737;0,57738;0,57732;0,57735
26/08/2026 12:40:00;0,57735;0,57746;0,57733;0,57742
26/08/2026 12:45:00;0,57742;0,57743;0,57734;0,57737
26/08/2026 12:50:00;0,57737;0,57743;0,57646;0,57724
26/08/2026 12:55:00;0,57724;0,57734;0,57722;0,5773
26/08/2026 13:00:00;0,5773;0,57735;0,57724;0,57735
26/08/2026 13:05:00;0,57735;0,57752;0,57735;0,57748
26/08/2026 13:10:00;0,57748;0,57749;0,57741;0,57742
26/08/2026 13:15:00;0,57742;0,57747;0,57738;0,57743
26/08/2026 13:20:00;0,57743;0,57755;0,57742;0,57755
26/08/2026 13:25:00;0,57755;0,57759;0,57754;0,57758
26/08/2026 13:30:00;0,57758;0,57762;0,57755;0,57759
26/08/2026 13:35:00;0,57759;0,57759;0,57748;0,57752
26/08/2026 13:40:00;0,57752;0,57755;0,57746;0,57747
26/08/2026 13:45:00;0,57747;0,57748;0,57732;0,57733
26/08/2026 13:50:00;0,57733;0,57745;0,57733;0,57743
26/08/2026 13:55:00;0,57743;0,57749;0,5774;0,57746
26/08/2026 14:00:00;0,57746;0,57747;0,5774;0,57745
26/08/2026 14:05:00;0,57745;0,57747;0,57737;0,57737
26/08/2026 14:10:00;0,57737;0,57746;0,57736;0,57745
26/08/2026 14:15:00;0,57745;0,57755;0,57741;0,57754
26/08/2026 14:20:00;0,57754;0,57759;0,57753;0,57754
26/08/2026 14:25:00;0,57754;0,5776;0,57753;0,57756
26/08/2026 14:30:00;0,57756;0,57759;0,57749;0,57758
26/08/2026 14:35:00;0,57758;0,57761;0,57755;0,57756
26/08/2026 14:40:00;0,57756;0,57758;0,57751;0,57752
26/08/2026 14:45:00;0,57752;0,57761;0,57749;0,5776
26/08/2026 14:50:00;0,5776;0,57763;0,57759;0,57762
26/08/2026 14:55:00;0,57763;0,57765;0,57757;0,5776
26/08/2026 15:00:00;0,5776;0,57764;0,57757;0,57758
26/08/2026 15:05:00;0,57758;0,57765;0,57753;0,57754
26/08/2026 15:10:00;0,57754;0,5776;0,57751;0,57753
26/08/2026 15:15:00;0,57753;0,57754;0,57748;0,57752
26/08/2026 15:20:00;0,57752;0,57755;0,5775;0,57751
26/08/2026 15:25:00;0,57751;0,57753;0,57748;0,57751
26/08/2026 15:30:00;0,57751;0,57757;0,5775;0,57754
26/08/2026 15:35:00;0,57754;0,57759;0,57754;0,57757
26/08/2026 15:40:00;0,57757;0,57761;0,57754;0,57754
26/08/2026 15:45:00;0,57754;0,57757;0,5775;0,57754
26/08/2026 15:50:00;0,57754;0,57763;0,57753;0,57763
26/08/2026 15:55:00;0,57763;0,57763;0,57755;0,57757
26/08/2026 16:00:00;0,57757;0,57766;0,57757;0,57764
26/08/2026 16:05:00;0,57764;0,57768;0,57761;0,57761
26/08/2026 16:10:00;0,57761;0,57762;0,57754;0,57755
26/08/2026 16:15:00;0,57755;0,57758;0,57753;0,57756
26/08/2026 16:20:00;0,57756;0,57761;0,57754;0,57757
26/08/2026 16:25:00;0,57757;0,5776;0,57756;0,57759
26/08/2026 16:30:00;0,57759;0,57759;0,57754;0,57755
26/08/2026 16:35:00;0,57755;0,57755;0,57749;0,5775
26/08/2026 16:40:00;0,5775;0,57754;0,57749;0,57753
26/08/2026 16:45:00;0,57753;0,57762;0,57747;0,57762
26/08/2026 16:50:00;0,57762;0,57767;0,57757;0,57758
26/08/2026 16:55:00;0,57758;0,57774;0,57756;0,57768
26/08/2026 17:00:00;0,57768;0,57772;0,57766;0,57769
26/08/2026 17:05:00;0,57769;0,57776;0,57768;0,57773
26/08/2026 17:10:00;0,57773;0,57774;0,57771;0,57772
26/08/2026 17:15:00;0,57772;0,57773;0,57769;0,57773
26/08/2026 17:20:00;0,57773;0,57773;0,57766;0,5777
26/08/2026 17:25:00;0,5777;0,57771;0,57764;0,57768
26/08/2026 17:30:00;0,57768;0,5777;0,57765;0,57768
26/08/2026 17:35:00;0,57768;0,5777;0,57767;0,57768
26/08/2026 17:40:00;0,57768;0,57769;0,57729;0,57767
26/08/2026 17:45:00;0,57767;0,57772;0,57766;0,5777
26/08/2026 17:50:00;0,5777;0,57776;0,57769;0,57776
26/08/2026 17:55:00;0,57776;0,57776;0,5769;0,57759
26/08/2026 18:00:00;0,57759;0,57759;0,57759;0,57759
26/08/2026 18:05:00;0,57759;0,57759;0,57759;0,57759
26/08/2026 18:10:00;0,57759;0,57759;0,57701;0,57701
26/08/2026 19:10:00;0,57701;0,57776;0,57701;0,57776
26/08/2026 19:15:00;0,57776;0,57781;0,57772;0,57779
26/08/2026 19:20:00;0,5778;0,57783;0,57774;0,57775
26/08/2026 19:25:00;0,57775;0,57777;0,57769;0,57773
26/08/2026 19:30:00;0,57773;0,57777;0,5777;0,57773
26/08/2026 19:35:00;0,57773;0,57783;0,57773;0,57782
26/08/2026 19:40:00;0,57782;0,57788;0,57781;0,57785
26/08/2026 19:45:00;0,57785;0,57796;0,57785;0,57789
26/08/2026 19:50:00;0,57787;0,57793;0,57787;0,57789
26/08/2026 19:55:00;0,57789;0,57801;0,57789;0,578
26/08/2026 20:00:00;0,57799;0,57814;0,57798;0,57813
26/08/2026 20:05:00;0,57813;0,57821;0,57811;0,57816
26/08/2026 20:10:00;0,57816;0,57821;0,57811;0,57815
26/08/2026 20:15:00;0,57813;0,57814;0,57803;0,57809
26/08/2026 20:20:00;0,57809;0,57811;0,57797;0,57799
26/08/2026 20:25:00;0,57799;0,57801;0,57794;0,57798
26/08/2026 20:30:00;0,57798;0,57805;0,57798;0,57803
26/08/2026 20:35:00;0,57803;0,57809;0,57799;0,57801
26/08/2026 20:40:00;0,57801;0,57815;0,57801;0,57813
26/08/2026 20:45:00;0,57813;0,57831;0,57813;0,57827
26/08/2026 20:50:00;0,57827;0,57827;0,57803;0,57812
26/08/2026 20:55:00;0,57812;0,57815;0,57808;0,5781
26/08/2026 21:00:00;0,5781;0,57819;0,57789;0,5779
26/08/2026 21:05:00;0,5779;0,57799;0,57783;0,5779
26/08/2026 21:10:00;0,5779;0,5779;0,57766;0,57776
26/08/2026 21:15:00;0,57776;0,57792;0,57769;0,5779
26/08/2026 21:20:00;0,5779;0,57806;0,57786;0,57797
26/08/2026 21:25:00;0,57798;0,57798;0,57786;0,57791
26/08/2026 21:30:00;0,57791;0,57798;0,57787;0,57797
26/08/2026 21:35:00;0,57797;0,57799;0,57785;0,57787
26/08/2026 21:40:00;0,57787;0,57794;0,57782;0,57784
26/08/2026 21:45:00;0,57784;0,57802;0,57783;0,57798
26/08/2026 21:50:00;0,57798;0,57805;0,57785;0,57797
26/08/2026 21:55:00;0,57797;0,57819;0,5779;0,57814
26/08/2026 22:00:00;0,57814;0,57828;0,57812;0,5782
26/08/2026 22:05:00;0,5782;0,57844;0,5782;0,57831
26/08/2026 22:10:00;0,57831;0,57832;0,57811;0,57816
26/08/2026 22:15:00;0,57816;0,57817;0,57803;0,57813
26/08/2026 22:20:00;0,57813;0,57839;0,57813;0,57837
26/08/2026 22:25:00;0,57837;0,57847;0,5782;0,5782
26/08/2026 22:30:00;0,5782;0,57855;0,5782;0,57843
26/08/2026 22:35:00;0,57843;0,57844;0,57831;0,57832
26/08/2026 22:40:00;0,57832;0,578537;0,57821;0,578537
26/08/2026 22:45:00;0,578537;0,578537;0,57818;0,57836
26/08/2026 22:50:00;0,57836;0,5784;0,57825;0,57837
26/08/2026 22:55:00;0,57837;0,57842;0,57829;0,57841
26/08/2026 23:00:00;0,57841;0,57848;0,5783;0,57833
26/08/2026 23:05:00;0,57833;0,57849;0,57833;0,57846
26/08/2026 23:10:00;0,57846;0,57855;0,57843;0,57849
26/08/2026 23:15:00;0,57849;0,57859;0,57849;0,57857
26/08/2026 23:20:00;0,57857;0,5786;0,57853;0,57855
26/08/2026 23:25:00;0,57855;0,57865;0,57851;0,57859
26/08/2026 23:30:00;0,57859;0,57866;0,57854;0,57861
26/08/2026 23:35:00;0,57861;0,57867;0,578504;0,57856
26/08/2026 23:40:00;0,57856;0,57858;0,57845;0,57854
26/08/2026 23:45:00;0,57854;0,57862;0,5785;0,57857
26/08/2026 23:50:00;0,57857;0,57857;0,57837;0,57839
26/08/2026 23:55:00;0,57839;0,57844;0,57838;0,57841
27/08/2026 00:00:00;0,57841;0,57845;0,57835;0,57836
27/08/2026 00:05:00;0,57836;0,57841;0,57829;0,57834
27/08/2026 00:10:00;0,57834;0,5784;0,57834;0,5784
27/08/2026 00:15:00;0,5784;0,57848;0,57838;0,57844
27/08/2026 00:20:00;0,57844;0,57858;0,57843;0,57858
27/08/2026 00:25:00;0,57858;0,57863;0,57847;0,57847
27/08/2026 00:30:00;0,57847;0,5785;0,5784;0,57845
27/08/2026 00:35:00;0,57845;0,57847;0,57842;0,57847
27/08/2026 00:40:00;0,57846;0,57852;0,57845;0,57846
27/08/2026 00:45:00;0,57846;0,57851;0,5784;0,57841
27/08/2026 00:50:00;0,57841;0,57846;0,57841;0,57845
27/08/2026 00:55:00;0,57845;0,57853;0,57844;0,5785
27/08/2026 01:00:00;0,5785;0,5786;0,57848;0,57849
27/08/2026 01:05:00;0,57849;0,57858;0,57845;0,57856
27/08/2026 01:10:00;0,57857;0,57858;0,57836;0,57836
27/08/2026 01:15:00;0,57836;0,57863;0,57836;0,57863
27/08/2026 01:20:00;0,57863;0,57863;0,57858;0,57858
27/08/2026 01:25:00;0,57858;0,5786;0,57851;0,57851
27/08/2026 01:30:00;0,57851;0,57851;0,57835;0,57835
27/08/2026 01:35:00;0,57836;0,57839;0,57832;0,57839
27/08/2026 01:40:00;0,57839;0,57842;0,5783;0,5784
27/08/2026 01:45:00;0,5784;0,57858;0,5784;0,57858
27/08/2026 01:50:00;0,57858;0,5787;0,57853;0,57862
27/08/2026 01:55:00;0,57862;0,57876;0,5786;0,57873
27/08/2026 02:00:00;0,57873;0,57876;0,57861;0,57861
27/08/2026 02:05:00;0,57861;0,57868;0,57858;0,5786
27/08/2026 02:10:00;0,5786;0,57861;0,57846;0,57847
27/08/2026 02:15:00;0,57847;0,57848;0,57833;0,57833
27/08/2026 02:20:00;0,57834;0,57844;0,57829;0,57843
27/08/2026 02:25:00;0,57843;0,57844;0,57836;0,57838
27/08/2026 02:30:00;0,57838;0,57841;0,57826;0,57839
27/08/2026 02:35:00;0,57839;0,57846;0,57837;0,57843
27/08/2026 02:40:00;0,57843;0,57846;0,57836;0,57845
27/08/2026 02:45:00;0,57845;0,57864;0,57845;0,57858
27/08/2026 02:50:00;0,57858;0,57866;0,57851;0,57862
27/08/2026 02:55:00;0,57862;0,57867;0,57853;0,57858
27/08/2026 03:00:00;0,57858;0,57861;0,57849;0,5786
27/08/2026 03:05:00;0,5786;0,57869;0,57858;0,57869
27/08/2026 03:10:00;0,5787;0,57877;0,57862;0,57874
27/08/2026 03:15:00;0,57874;0,57883;0,57874;0,57882
27/08/2026 03:20:00;0,57882;0,57886;0,5788;0,57882
27/08/2026 03:25:00;0,57882;0,57894;0,57878;0,57888
27/08/2026 03:30:00;0,57888;0,57891;0,57867;0,57868
27/08/2026 03:35:00;0,57868;0,57873;0,57864;0,57866
27/08/2026 03:40:00;0,57866;0,5787;0,57858;0,57863
27/08/2026 03:45:00;0,57863;0,57879;0,57854;0,57856
27/08/2026 03:50:00;0,57856;0,57877;0,57851;0,57877
27/08/2026 03:55:00;0,57877;0,57881;0,57871;0,57879
27/08/2026 04:00:00;0,57879;0,57886;0,57869;0,57874
27/08/2026 04:05:00;0,57874;0,57882;0,57865;0,57871
27/08/2026 04:10:00;0,57871;0,57885;0,57871;0,57883
27/08/2026 04:15:00;0,57883;0,57883;0,57864;0,5788
27/08/2026 04:20:00;0,5788;0,5788;0,57861;0,57861
27/08/2026 04:25:00;0,57861;0,5787;0,57854;0,57856
27/08/2026 04:30:00;0,57856;0,57868;0,5785;0,57858
27/08/2026 04:35:00;0,57858;0,57878;0,57858;0,57878
27/08/2026 04:40:00;0,57878;0,57878;0,57866;0,57866
27/08/2026 04:45:00;0,57866;0,57873;0,57858;0,5786
27/08/2026 04:50:00;0,5786;0,57874;0,57852;0,57871
27/08/2026 04:55:00;0,57871;0,57874;0,57863;0,57868
27/08/2026 05:00:00;0,57868;0,57885;0,57868;0,5788
27/08/2026 05:05:00;0,5788;0,57892;0,57874;0,57887
27/08/2026 05:10:00;0,57887;0,5789;0,5787;0,57882
27/08/2026 05:15:00;0,57882;0,57893;0,57877;0,57883
27/08/2026 05:20:00;0,57882;0,57905;0,57882;0,57905
27/08/2026 05:25:00;0,57905;0,57918;0,57904;0,57915
27/08/2026 05:30:00;0,57915;0,57917;0,57886;0,5789
27/08/2026 05:35:00;0,5789;0,57899;0,57882;0,57893
27/08/2026 05:40:00;0,57893;0,57894;0,57873;0,57874
27/08/2026 05:45:00;0,57874;0,57879;0,5786;0,57867
27/08/2026 05:50:00;0,57867;0,57872;0,57862;0,5787
27/08/2026 05:55:00;0,5787;0,57877;0,57864;0,57875
27/08/2026 06:00:00;0,57875;0,5788;0,57852;0,57853
27/08/2026 06:05:00;0,57854;0,57863;0,57853;0,57855
27/08/2026 06:10:00;0,57855;0,57863;0,57854;0,57857
27/08/2026 06:15:00;0,57857;0,57859;0,57847;0,57847
27/08/2026 06:20:00;0,57847;0,57855;0,5784;0,57842
27/08/2026 06:25:00;0,57842;0,57854;0,57842;0,57848
27/08/2026 06:30:00;0,57848;0,57848;0,57838;0,57846
27/08/2026 06:35:00;0,57846;0,57847;0,57809;0,57833
27/08/2026 06:40:00;0,57833;0,57841;0,57828;0,57832
27/08/2026 06:45:00;0,57832;0,57834;0,57821;0,57822
27/08/2026 06:50:00;0,57822;0,57826;0,57815;0,5782
27/08/2026 06:55:00;0,5782;0,57829;0,57817;0,57826
27/08/2026 07:00:00;0,57826;0,57834;0,57824;0,57829
27/08/2026 07:05:00;0,57829;0,57836;0,57827;0,57833
27/08/2026 07:10:00;0,57833;0,57836;0,57825;0,57828
27/08/2026 07:15:00;0,57828;0,57836;0,57827;0,57834
27/08/2026 07:20:00;0,57834;0,57837;0,57823;0,57831
27/08/2026 07:25:00;0,57831;0,57837;0,57825;0,57832
27/08/2026 07:30:00;0,57832;0,57845;0,57832;0,57843
27/08/2026 07:35:00;0,57843;0,57862;0,57842;0,57853
27/08/2026 07:40:00;0,57853;0,57856;0,57844;0,57846
27/08/2026 07:45:00;0,57846;0,57863;0,57845;0,57852
27/08/2026 07:50:00;0,57852;0,57865;0,57851;0,57861
27/08/2026 07:55:00;0,57861;0,57866;0,57851;0,57855
27/08/2026 08:00:00;0,57855;0,57857;0,57849;0,57852
27/08/2026 08:05:00;0,57852;0,57857;0,5785;0,57855
27/08/2026 08:10:00;0,57855;0,57859;0,57849;0,57851
27/08/2026 08:15:00;0,57851;0,57853;0,57844;0,57849
27/08/2026 08:20:00;0,57849;0,57852;0,57841;0,57841
27/08/2026 08:25:00;0,57841;0,57854;0,5784;0,57849
27/08/2026 08:30:00;0,57849;0,57856;0,57809;0,57856
27/08/2026 08:35:00;0,57856;0,57868;0,57856;0,57859
27/08/2026 08:40:00;0,57859;0,57865;0,57852;0,57853
27/08/2026 08:45:00;0,57853;0,57853;0,57835;0,57838
27/08/2026 08:50:00;0,57838;0,5784;0,57827;0,5783
27/08/2026 08:55:00;0,5783;0,57866;0,5783;0,57866
27/08/2026 09:00:00;0,57866;0,57877;0,57862;0,57869
27/08/2026 09:05:00;0,57869;0,57885;0,57865;0,57884
27/08/2026 09:10:00;0,57884;0,57891;0,57868;0,5789
27/08/2026 09:15:00;0,5789;0,5789;0,57868;0,57868
27/08/2026 09:20:00;0,57868;0,57882;0,57865;0,57866
27/08/2026 09:25:00;0,57866;0,57871;0,57809;0,57809
27/08/2026 09:30:00;0,57809;0,57872;0,57809;0,57865
27/08/2026 09:35:00;0,57865;0,57869;0,57844;0,57845
27/08/2026 09:40:00;0,57845;0,57846;0,57835;0,57837
27/08/2026 09:45:00;0,57837;0,5784;0,57821;0,57823
27/08/2026 09:50:00;0,57823;0,57833;0,5782;0,57832
27/08/2026 09:55:00;0,57832;0,57843;0,57826;0,57841
27/08/2026 10:00:00;0,57841;0,57842;0,57807;0,57807
27/08/2026 10:05:00;0,57807;0,57815;0,5779;0,57814
27/08/2026 10:10:00;0,57814;0,57817;0,57795;0,57795
27/08/2026 10:15:00;0,57795;0,57808;0,57784;0,57785
27/08/2026 10:20:00;0,57785;0,57788;0,5776;0,57777
27/08/2026 10:25:00;0,57777;0,57795;0,57773;0,57787
27/08/2026 10:30:00;0,57787;0,57799;0,57778;0,57786
27/08/2026 10:35:00;0,57786;0,57802;0,57777;0,57799
27/08/2026 10:40:00;0,57799;0,57819;0,57797;0,57813
27/08/2026 10:45:00;0,57813;0,57818;0,57798;0,57806
27/08/2026 10:50:00;0,57806;0,57817;0,57794;0,57811
27/08/2026 10:55:00;0,57811;0,57821;0,57804;0,5782
27/08/2026 11:00:00;0,5782;0,57839;0,57819;0,57838
27/08/2026 11:05:00;0,57838;0,57844;0,57824;0,57829
27/08/2026 11:10:00;0,57829;0,57829;0,57814;0,57821
27/08/2026 11:15:00;0,57821;0,57827;0,57814;0,57815
27/08/2026 11:20:00;0,57815;0,57836;0,57807;0,57823
27/08/2026 11:25:00;0,57823;0,57829;0,57817;0,57826
27/08/2026 11:30:00;0,57826;0,57827;0,57813;0,57818
27/08/2026 11:35:00;0,57818;0,57838;0,57817;0,57825
27/08/2026 11:40:00;0,57825;0,57825;0,57812;0,57815
27/08/2026 11:45:00;0,57815;0,57832;0,57812;0,57829
27/08/2026 11:50:00;0,57829;0,5783;0,57794;0,57798
27/08/2026 11:55:00;0,57798;0,57808;0,57776;0,57808
27/08/2026 12:00:00;0,57808;0,57823;0,578;0,57818
27/08/2026 12:05:00;0,57818;0,57822;0,57809;0,57813
27/08/2026 12:10:00;0,57813;0,57816;0,57806;0,57806
27/08/2026 12:15:00;0,57806;0,57806;0,57793;0,578
27/08/2026 12:20:00;0,578;0,57813;0,578;0,57805
27/08/2026 12:25:00;0,57805;0,57816;0,57804;0,57807
27/08/2026 12:30:00;0,57807;0,57822;0,57804;0,57822
27/08/2026 12:35:00;0,57822;0,57827;0,57818;0,57821
27/08/2026 12:40:00;0,57821;0,57836;0,57819;0,57836
27/08/2026 12:45:00;0,57836;0,57842;0,57827;0,57829
27/08/2026 12:50:00;0,57829;0,57829;0,57816;0,57821
27/08/2026 12:55:00;0,57821;0,57832;0,57817;0,57829
27/08/2026 13:00:00;0,57829;0,57833;0,57825;0,57831
27/08/2026 13:05:00;0,57831;0,57839;0,5783;0,57833
27/08/2026 13:10:00;0,57833;0,5784;0,57824;0,57828
27/08/2026 13:15:00;0,57828;0,57831;0,57824;0,57825
27/08/2026 13:20:00;0,57825;0,57827;0,57809;0,57812
27/08/2026 13:25:00;0,57812;0,57818;0,57811;0,57811
27/08/2026 13:30:00;0,57811;0,57821;0,57806;0,57817
27/08/2026 13:35:00;0,57817;0,57826;0,57816;0,57826
27/08/2026 13:40:00;0,57826;0,57831;0,57823;0,57829
27/08/2026 13:45:00;0,57829;0,57844;0,57828;0,57844
27/08/2026 13:50:00;0,57844;0,57844;0,57833;0,57836
27/08/2026 13:55:00;0,57836;0,57851;0,57836;0,57849
27/08/2026 14:00:00;0,57849;0,57849;0,57836;0,57841
27/08/2026 14:05:00;0,57841;0,57851;0,57841;0,5785
27/08/2026 14:10:00;0,5785;0,57857;0,5785;0,57855
27/08/2026 14:15:00;0,57855;0,57858;0,57839;0,57842
27/08/2026 14:20:00;0,57842;0,57845;0,5784;0,57845
27/08/2026 14:25:00;0,57845;0,57849;0,57843;0,57845
27/08/2026 14:30:00;0,57845;0,57852;0,57845;0,5785
27/08/2026 14:35:00;0,5785;0,57855;0,5785;0,57852
27/08/2026 14:40:00;0,57852;0,57858;0,57849;0,57851
27/08/2026 14:45:00;0,57851;0,57866;0,57851;0,57864
27/08/2026 14:50:00;0,57864;0,57869;0,57862;0,57868
27/08/2026 14:55:00;0,57868;0,57881;0,57867;0,57876
27/08/2026 15:00:00;0,57876;0,57881;0,57872;0,57874
27/08/2026 15:05:00;0,57874;0,57881;0,57871;0,57878
27/08/2026 15:10:00;0,57878;0,5788;0,57868;0,57869
27/08/2026 15:15:00;0,57869;0,5787;0,57864;0,5787
27/08/2026 15:20:00;0,5787;0,57871;0,5786;0,57862
27/08/2026 15:25:00;0,57862;0,57864;0,57856;0,57858
27/08/2026 15:30:00;0,57858;0,5786;0,57856;0,57858
27/08/2026 15:35:00;0,57858;0,57865;0,57857;0,57865
27/08/2026 15:40:00;0,57865;0,57865;0,57858;0,57863
27/08/2026 15:45:00;0,57863;0,57868;0,57861;0,57865
27/08/2026 15:50:00;0,57865;0,57866;0,57863;0,57864
27/08/2026 15:55:00;0,57864;0,57867;0,57856;0,57865
27/08/2026 16:00:00;0,57865;0,57868;0,57857;0,57865
27/08/2026 16:05:00;0,57865;0,57868;0,57864;0,57866
27/08/2026 16:10:00;0,57866;0,57873;0,57866;0,5787
27/08/2026 16:15:00;0,5787;0,5787;0,57862;0,57867
27/08/2026 16:20:00;0,57867;0,57867;0,57861;0,57863
27/08/2026 16:25:00;0,57863;0,57868;0,57861;0,57861
27/08/2026 16:30:00;0,57861;0,57872;0,57861;0,5787
27/08/2026 16:35:00;0,5787;0,57871;0,57829;0,57865
27/08/2026 16:40:00;0,57865;0,57868;0,57865;0,57868
27/08/2026 16:45:00;0,57868;0,57872;0,57866;0,57869
27/08/2026 16:50:00;0,57869;0,57874;0,57867;0,57872
27/08/2026 16:55:00;0,57872;0,57876;0,57865;0,5787
27/08/2026 17:00:00;0,5787;0,57876;0,57865;0,57865
27/08/2026 17:05:00;0,57865;0,57869;0,57862;0,57868
27/08/2026 17:10:00;0,57868;0,57871;0,57864;0,57867
27/08/2026 17:15:00;0,57867;0,57868;0,57861;0,57862
27/08/2026 17:20:00;0,57862;0,57864;0,57861;0,57862
27/08/2026 17:25:00;0,57862;0,57867;0,57861;0,57862
27/08/2026 17:30:00;0,57862;0,57863;0,57855;0,57858
27/08/2026 17:35:00;0,57858;0,57858;0,57854;0,57855
27/08/2026 17:40:00;0,57855;0,57858;0,57854;0,57856
27/08/2026 17:45:00;0,57856;0,57864;0,57854;0,57863
27/08/2026 17:50:00;0,57863;0,57866;0,57859;0,57861
27/08/2026 17:55:00;0,57861;0,57864;0,57856;0,57856
27/08/2026 18:00:00;0,57856;0,57856;0,57856;0,57856
27/08/2026 18:05:00;0,57856;0,57856;0,57661;0,57661
27/08/2026 18:10:00;0,57661;0,57664;0,57651;0,57651
27/08/2026 19:10:00;0,57651;0,57852;0,57651;0,57845
27/08/2026 19:15:00;0,57845;0,57845;0,5784;0,57843
27/08/2026 19:20:00;0,57843;0,57849;0,57842;0,57848
27/08/2026 19:25:00;0,57848;0,57851;0,57847;0,57851
27/08/2026 19:30:00;0,57851;0,57853;0,57841;0,57842
27/08/2026 19:35:00;0,57842;0,57848;0,57842;0,57847
27/08/2026 19:40:00;0,57847;0,57851;0,57847;0,57849
27/08/2026 19:45:00;0,57849;0,5785;0,57842;0,57842
27/08/2026 19:50:00;0,57842;0,57843;0,57838;0,57841
27/08/2026 19:55:00;0,57841;0,57844;0,57839;0,57841
27/08/2026 20:00:00;0,57841;0,57841;0,57833;0,57834
27/08/2026 20:05:00;0,57834;0,57835;0,57831;0,57833
27/08/2026 20:10:00;0,57833;0,57833;0,57824;0,57825
27/08/2026 20:15:00;0,57825;0,57834;0,57823;0,57833
27/08/2026 20:20:00;0,57833;0,57835;0,5783;0,57835
27/08/2026 20:25:00;0,57835;0,57836;0,57831;0,57834
27/08/2026 20:30:00;0,57834;0,57838;0,57831;0,57831
27/08/2026 20:35:00;0,57831;0,57834;0,57829;0,57834
27/08/2026 20:40:00;0,57834;0,57835;0,5783;0,57834
27/08/2026 20:45:00;0,57834;0,57835;0,57823;0,57824
27/08/2026 20:50:00;0,57824;0,57833;0,57824;0,57831
27/08/2026 20:55:00;0,57831;0,57836;0,57828;0,57836
27/08/2026 21:00:00;0,57836;0,57847;0,57833;0,57845
27/08/2026 21:05:00;0,57845;0,57859;0,5784;0,57856
27/08/2026 21:10:00;0,57856;0,57863;0,57851;0,57862
27/08/2026 21:15:00;0,57862;0,57867;0,57859;0,57866
27/08/2026 21:20:00;0,57866;0,57869;0,57861;0,57867
27/08/2026 21:25:00;0,57867;0,57879;0,57863;0,57876
27/08/2026 21:30:00;0,57876;0,5788;0,57871;0,57877
27/08/2026 21:35:00;0,57877;0,57879;0,57868;0,57875
27/08/2026 21:40:00;0,57875;0,57877;0,57869;0,5787
27/08/2026 21:45:00;0,5787;0,57875;0,57867;0,5787
27/08/2026 21:50:00;0,5787;0,57874;0,57853;0,57855
27/08/2026 21:55:00;0,57855;0,57861;0,57852;0,57859
27/08/2026 22:00:00;0,57859;0,5787;0,5785;0,57869
27/08/2026 22:05:00;0,57869;0,57879;0,57863;0,57877
27/08/2026 22:10:00;0,57877;0,57879;0,57869;0,57873
27/08/2026 22:15:00;0,57873;0,57886;0,57873;0,57881
27/08/2026 22:20:00;0,57881;0,57885;0,57877;0,57882
27/08/2026 22:25:00;0,57882;0,57882;0,57862;0,57865
27/08/2026 22:30:00;0,57865;0,57877;0,57862;0,57875
27/08/2026 22:35:00;0,57875;0,57882;0,57873;0,57877
27/08/2026 22:40:00;0,57877;0,57881;0,5787;0,57881
27/08/2026 22:45:00;0,57881;0,5789;0,57879;0,57888
27/08/2026 22:50:00;0,57888;0,57892;0,5788;0,57881
27/08/2026 22:55:00;0,57881;0,57891;0,5788;0,57889
27/08/2026 23:00:00;0,57889;0,57901;0,57889;0,57895
27/08/2026 23:05:00;0,57898;0,57906;0,57893;0,57903
27/08/2026 23:10:00;0,57903;0,57909;0,579;0,57906
27/08/2026 23:15:00;0,57906;0,57913;0,57906;0,5791
27/08/2026 23:20:00;0,5791;0,57922;0,5791;0,5792
27/08/2026 23:25:00;0,5792;0,57937;0,57919;0,57922
27/08/2026 23:30:00;0,57922;0,57937;0,57922;0,57936
27/08/2026 23:35:00;0,57936;0,57936;0,57924;0,57925
27/08/2026 23:40:00;0,57925;0,57928;0,57916;0,57919
27/08/2026 23:45:00;0,57919;0,57928;0,57915;0,57928
27/08/2026 23:50:00;0,57928;0,5794;0,57926;0,57935
27/08/2026 23:55:00;0,57935;0,57944;0,57933;0,57936
28/08/2026 00:00:00;0,57936;0,57941;0,57931;0,57939
28/08/2026 00:05:00;0,57939;0,57942;0,57934;0,57937
28/08/2026 00:10:00;0,57937;0,57948;0,57934;0,57946
28/08/2026 00:15:00;0,57946;0,57946;0,5794;0,57946
28/08/2026 00:20:00;0,57946;0,5795;0,57945;0,5795
28/08/2026 00:25:00;0,5795;0,57954;0,57941;0,57941
28/08/2026 00:30:00;0,57941;0,57947;0,57936;0,57936
28/08/2026 00:35:00;0,57936;0,57947;0,57911;0,57911
28/08/2026 00:40:00;0,57911;0,57943;0,57904;0,57904
28/08/2026 00:45:00;0,57904;0,579309;0,57904;0,5793
28/08/2026 00:50:00;0,5793;0,57936;0,57928;0,57935
28/08/2026 00:55:00;0,57935;0,57944;0,57934;0,57944
28/08/2026 01:00:00;0,57944;0,57948;0,5794;0,57942
28/08/2026 01:05:00;0,57942;0,57952;0,57941;0,57952
28/08/2026 01:10:00;0,57952;0,57955;0,57946;0,57952
28/08/2026 01:15:00;0,57952;0,5796;0,57951;0,57957
28/08/2026 01:20:00;0,57957;0,57962;0,57955;0,57955
28/08/2026 01:25:00;0,57955;0,57956;0,57951;0,57953
28/08/2026 01:30:00;0,57953;0,57954;0,5795;0,5795
28/08/2026 01:35:00;0,5795;0,57952;0,57946;0,57949
28/08/2026 01:40:00;0,57949;0,57949;0,57945;0,57945
28/08/2026 01:45:00;0,57944;0,57951;0,57942;0,57943
28/08/2026 01:50:00;0,57943;0,57943;0,57937;0,5794
28/08/2026 01:55:00;0,5794;0,57941;0,57934;0,57938
28/08/2026 02:00:00;0,57938;0,57946;0,57935;0,57937
28/08/2026 02:05:00;0,57937;0,57937;0,57844;0,57924
28/08/2026 02:10:00;0,57924;0,57925;0,57903;0,57904
28/08/2026 02:15:00;0,57904;0,57908;0,57897;0,57908
28/08/2026 02:20:00;0,57908;0,57912;0,57905;0,5791
28/08/2026 02:25:00;0,5791;0,57911;0,57903;0,57908
28/08/2026 02:30:00;0,57908;0,57918;0,57905;0,57911
28/08/2026 02:35:00;0,57911;0,57915;0,57903;0,57907
28/08/2026 02:40:00;0,57907;0,57926;0,57906;0,57923
28/08/2026 02:45:00;0,57923;0,57932;0,57917;0,57928
28/08/2026 02:50:00;0,57928;0,57934;0,57926;0,57933
28/08/2026 02:55:00;0,57933;0,57942;0,57925;0,57926
28/08/2026 03:00:00;0,57926;0,57941;0,57915;0,57938
28/08/2026 03:05:00;0,57938;0,57941;0,57932;0,57936
28/08/2026 03:10:00;0,57936;0,5795;0,57936;0,57946
28/08/2026 03:15:00;0,57946;0,57955;0,57944;0,57954
28/08/2026 03:20:00;0,57954;0,57954;0,57936;0,57943
28/08/2026 03:25:00;0,57943;0,57953;0,57943;0,57944
28/08/2026 03:30:00;0,57944;0,57949;0,57937;0,57947
28/08/2026 03:35:00;0,57947;0,57949;0,5792;0,5792
28/08/2026 03:40:00;0,5792;0,57935;0,57916;0,57932
28/08/2026 03:45:00;0,57932;0,57949;0,5793;0,57947
28/08/2026 03:50:00;0,57947;0,57951;0,57939;0,5795
28/08/2026 03:55:00;0,5795;0,5796;0,57936;0,57937
28/08/2026 04:00:00;0,57937;0,57948;0,57928;0,57934
28/08/2026 04:05:00;0,57934;0,57936;0,5792;0,5792
28/08/2026 04:10:00;0,5792;0,57927;0,57911;0,57927
28/08/2026 04:15:00;0,57927;0,57927;0,57909;0,57915
28/08/2026 04:20:00;0,57915;0,57932;0,57914;0,57923
28/08/2026 04:25:00;0,57923;0,5793;0,57916;0,57926
28/08/2026 04:30:00;0,57926;0,57938;0,57924;0,57929
28/08/2026 04:35:00;0,57929;0,57935;0,57914;0,57914
28/08/2026 04:40:00;0,57914;0,57917;0,57906;0,57907
28/08/2026 04:45:00;0,57907;0,57909;0,57895;0,57898
28/08/2026 04:50:00;0,57898;0,57905;0,57892;0,57893
28/08/2026 04:55:00;0,57893;0,57897;0,57882;0,57891
28/08/2026 05:00:00;0,57891;0,57894;0,57883;0,5789
28/08/2026 05:05:00;0,5789;0,57891;0,5787;0,57871
28/08/2026 05:10:00;0,57871;0,57873;0,57864;0,5787
28/08/2026 05:15:00;0,5787;0,57889;0,5787;0,57888
28/08/2026 05:20:00;0,57888;0,5789;0,57822;0,57879
28/08/2026 05:25:00;0,57879;0,57879;0,57864;0,57869
28/08/2026 05:30:00;0,57869;0,57869;0,57845;0,57852
28/08/2026 05:35:00;0,57852;0,57861;0,5785;0,57854
28/08/2026 05:40:00;0,57854;0,57855;0,57843;0,57853
28/08/2026 05:45:00;0,57853;0,5786;0,57846;0,57846
28/08/2026 05:50:00;0,57846;0,57852;0,57843;0,57846
28/08/2026 05:55:00;0,57846;0,57851;0,57834;0,57834
28/08/2026 06:00:00;0,57834;0,57858;0,57834;0,57846
28/08/2026 06:05:00;0,57846;0,57853;0,5784;0,5785
28/08/2026 06:10:00;0,5785;0,57852;0,57838;0,57843
28/08/2026 06:15:00;0,57843;0,57849;0,57832;0,57835
28/08/2026 06:20:00;0,57835;0,57854;0,57835;0,57842
28/08/2026 06:25:00;0,57842;0,5786;0,57842;0,57852
28/08/2026 06:30:00;0,57852;0,57854;0,57832;0,57833
28/08/2026 06:35:00;0,57833;0,57836;0,57825;0,57829
28/08/2026 06:40:00;0,57829;0,57849;0,57828;0,57843
28/08/2026 06:45:00;0,57843;0,57846;0,57838;0,57845
28/08/2026 06:50:00;0,57845;0,57851;0,57837;0,57846
28/08/2026 06:55:00;0,57846;0,57867;0,57846;0,57865
28/08/2026 07:00:00;0,57865;0,57874;0,5785;0,57856
28/08/2026 07:05:00;0,57856;0,57856;0,57842;0,57847
28/08/2026 07:10:00;0,57847;0,57849;0,57839;0,57842
28/08/2026 07:15:00;0,57842;0,5785;0,57839;0,5784
28/08/2026 07:20:00;0,5784;0,57854;0,5784;0,57854
28/08/2026 07:25:00;0,57854;0,57858;0,5785;0,57852
28/08/2026 07:30:00;0,57852;0,57853;0,57839;0,5784
28/08/2026 07:35:00;0,5784;0,57841;0,57831;0,57837
28/08/2026 07:40:00;0,57837;0,57838;0,57825;0,5783
28/08/2026 07:45:00;0,5783;0,5784;0,57824;0,57824
28/08/2026 07:50:00;0,57824;0,57829;0,57816;0,57825
28/08/2026 07:55:00;0,57825;0,57834;0,57823;0,57832
28/08/2026 08:00:00;0,57832;0,57839;0,57823;0,57836
28/08/2026 08:05:00;0,57836;0,57837;0,57826;0,57831
28/08/2026 08:10:00;0,57831;0,57837;0,5783;0,57831
28/08/2026 08:15:00;0,57831;0,57842;0,57829;0,57841
28/08/2026 08:20:00;0,57841;0,57845;0,57833;0,57841
28/08/2026 08:25:00;0,57841;0,57849;0,57834;0,57838
28/08/2026 08:30:00;0,57838;0,57845;0,57832;0,57839
28/08/2026 08:35:00;0,57839;0,57843;0,5783;0,57834
28/08/2026 08:40:00;0,57834;0,57854;0,57833;0,57846
28/08/2026 08:45:00;0,57846;0,57846;0,57831;0,57832
28/08/2026 08:50:00;0,57832;0,57839;0,57827;0,57837
28/08/2026 08:55:00;0,57837;0,5784;0,57812;0,57814
28/08/2026 09:00:00;0,57814;0,5783;0,57812;0,57826
28/08/2026 09:05:00;0,57826;0,57858;0,57825;0,57857
28/08/2026 09:10:00;0,57857;0,57864;0,57844;0,57851
28/08/2026 09:15:00;0,57851;0,57859;0,57849;0,57856
28/08/2026 09:20:00;0,57856;0,57882;0,57853;0,57872
28/08/2026 09:25:00;0,57872;0,57883;0,57869;0,57876
28/08/2026 09:30:00;0,57876;0,57876;0,57829;0,57868
28/08/2026 09:35:00;0,57868;0,57876;0,57855;0,5787
28/08/2026 09:40:00;0,5787;0,57879;0,57864;0,57877
28/08/2026 09:45:00;0,57877;0,57877;0,5786;0,57871
28/08/2026 09:50:00;0,57871;0,57883;0,57867;0,57881
28/08/2026 09:55:00;0,57881;0,57885;0,57866;0,57881
28/08/2026 10:00:00;0,57881;0,57896;0,57877;0,57891
28/08/2026 10:05:00;0,57891;0,57911;0,5789;0,57905
28/08/2026 10:10:00;0,57905;0,57911;0,57901;0,57907
28/08/2026 10:15:00;0,57907;0,57909;0,57897;0,57904
28/08/2026 10:20:00;0,57904;0,57912;0,579;0,57908
28/08/2026 10:25:00;0,57908;0,57911;0,5787;0,57876
28/08/2026 10:30:00;0,57876;0,57897;0,5787;0,57883
28/08/2026 10:35:00;0,57883;0,57891;0,57875;0,57888
28/08/2026 10:40:00;0,57888;0,57896;0,57881;0,57886
28/08/2026 10:45:00;0,57886;0,57887;0,57876;0,57882
28/08/2026 10:50:00;0,57882;0,57892;0,57877;0,5789
28/08/2026 10:55:00;0,5789;0,5789;0,57864;0,57865
28/08/2026 11:00:00;0,57865;0,57904;0,57719;0,57892
28/08/2026 11:05:00;0,57892;0,57922;0,57874;0,57907
28/08/2026 11:10:00;0,57907;0,57928;0,57901;0,57914
28/08/2026 11:15:00;0,57914;0,57943;0,57908;0,57931
28/08/2026 11:20:00;0,57931;0,57945;0,57899;0,57914
28/08/2026 11:25:00;0,57914;0,57934;0,57909;0,57933
28/08/2026 11:30:00;0,57933;0,57955;0,57926;0,57942
28/08/2026 11:35:00;0,57942;0,57973;0,57938;0,57971
28/08/2026 11:40:00;0,57971;0,57971;0,5795;0,57958
28/08/2026 11:45:00;0,57958;0,57975;0,57944;0,57966
28/08/2026 11:50:00;0,57966;0,57978;0,57954;0,57974
28/08/2026 11:55:00;0,57974;0,57993;0,57959;0,57971
28/08/2026 12:00:00;0,57971;0,57983;0,57962;0,57972
28/08/2026 12:05:00;0,57972;0,57997;0,57956;0,57961
28/08/2026 12:10:00;0,57961;0,57965;0,57952;0,57952
28/08/2026 12:15:00;0,57952;0,57976;0,5795;0,57975
28/08/2026 12:20:00;0,57975;0,5798;0,57957;0,57957
28/08/2026 12:25:00;0,57957;0,5796;0,57943;0,5795
28/08/2026 12:30:00;0,5795;0,57954;0,57942;0,57943
28/08/2026 12:35:00;0,57943;0,57958;0,57936;0,57936
28/08/2026 12:40:00;0,57936;0,57947;0,57934;0,57941
28/08/2026 12:45:00;0,57941;0,57951;0,57936;0,57943
28/08/2026 12:50:00;0,57943;0,57957;0,57943;0,5795
28/08/2026 12:55:00;0,5795;0,57952;0,57915;0,57918
28/08/2026 13:00:00;0,57918;0,57927;0,57908;0,57924
28/08/2026 13:05:00;0,57924;0,57934;0,57915;0,57933
28/08/2026 13:10:00;0,57933;0,57953;0,5793;0,57936
28/08/2026 13:15:00;0,57936;0,5795;0,57866;0,57936
28/08/2026 13:20:00;0,57936;0,5794;0,5793;0,57939
28/08/2026 13:25:00;0,57939;0,57959;0,57937;0,57951
28/08/2026 13:30:00;0,57951;0,57966;0,57946;0,57955
28/08/2026 13:35:00;0,57955;0,57964;0,57947;0,57952
28/08/2026 13:40:00;0,57952;0,57953;0,57934;0,57938
28/08/2026 13:45:00;0,57938;0,57959;0,57938;0,57955
28/08/2026 13:50:00;0,57955;0,57958;0,57935;0,57941
28/08/2026 13:55:00;0,57941;0,57956;0,57938;0,57946
28/08/2026 14:00:00;0,57946;0,57947;0,57925;0,57933
28/08/2026 14:05:00;0,57933;0,57937;0,57927;0,57936
28/08/2026 14:10:00;0,57936;0,57936;0,57928;0,57932
28/08/2026 14:15:00;0,57932;0,57942;0,57931;0,5794
28/08/2026 14:20:00;0,5794;0,57942;0,57929;0,57935
28/08/2026 14:25:00;0,57935;0,57941;0,57933;0,5794
28/08/2026 14:30:00;0,5794;0,57942;0,57933;0,5794
28/08/2026 14:35:00;0,5794;0,57944;0,57935;0,57937
28/08/2026 14:40:00;0,57937;0,57941;0,57927;0,57939
28/08/2026 14:45:00;0,57939;0,5795;0,57939;0,5795
28/08/2026 14:50:00;0,5795;0,57956;0,57947;0,57948
28/08/2026 14:55:00;0,57948;0,5795;0,57944;0,57945
28/08/2026 15:00:00;0,57945;0,57947;0,57939;0,57945
28/08/2026 15:05:00;0,57945;0,5795;0,57866;0,57937
28/08/2026 15:10:00;0,57937;0,57952;0,57937;0,57944
28/08/2026 15:15:00;0,57944;0,57944;0,57936;0,57936
28/08/2026 15:20:00;0,57936;0,57938;0,57918;0,57919
28/08/2026 15:25:00;0,57919;0,57934;0,57917;0,57929
28/08/2026 15:30:00;0,57929;0,57932;0,57924;0,57931
28/08/2026 15:35:00;0,57931;0,5794;0,57931;0,57939
28/08/2026 15:40:00;0,57939;0,57946;0,57938;0,57946
28/08/2026 15:45:00;0,57946;0,57947;0,57939;0,5794
28/08/2026 15:50:00;0,5794;0,57951;0,5794;0,5795
28/08/2026 15:55:00;0,5795;0,57955;0,57946;0,57953
28/08/2026 16:00:00;0,57953;0,57969;0,57951;0,57965
28/08/2026 16:05:00;0,57965;0,57973;0,57964;0,57969
28/08/2026 16:10:00;0,57969;0,5797;0,57959;0,57965
28/08/2026 16:15:00;0,57965;0,57965;0,57959;0,57963
28/08/2026 16:20:00;0,57963;0,57966;0,57955;0,57958
28/08/2026 16:25:00;0,57958;0,57962;0,57955;0,5796
28/08/2026 16:30:00;0,5796;0,57969;0,57955;0,57969
28/08/2026 16:35:00;0,57969;0,5797;0,57965;0,57967
28/08/2026 16:40:00;0,57967;0,57975;0,57967;0,57973
28/08/2026 16:45:00;0,57973;0,57973;0,57959;0,57967
28/08/2026 16:50:00;0,57967;0,57969;0,57956;0,57959
28/08/2026 16:55:00;0,57959;0,57971;0,57954;0,57956
28/08/2026 17:00:00;0,57956;0,57959;0,57946;0,57958
28/08/2026 17:05:00;0,57958;0,57964;0,57955;0,57963
28/08/2026 17:10:00;0,57963;0,57965;0,57955;0,57956
28/08/2026 17:15:00;0,57956;0,57962;0,57956;0,57957
28/08/2026 17:20:00;0,57957;0,57971;0,57954;0,57971
28/08/2026 17:25:00;0,57971;0,57972;0,57964;0,57964
28/08/2026 17:30:00;0,57964;0,57964;0,57953;0,57958
28/08/2026 17:35:00;0,57958;0,57962;0,57953;0,57958
28/08/2026 17:40:00;0,57958;0,57974;0,57958;0,57968
28/08/2026 17:45:00;0,57968;0,57979;0,57968;0,57976
28/08/2026 17:50:00;0,57976;0,5799;0,57888;0,57951
28/08/2026 17:55:00;0,57951;0,57971;0,57929;0,57971
28/08/2026 18:00:00;0,57971;0,57971;0,57971;0,57971
28/08/2026 18:05:00;0,57971;0,57971;0,57971;0,57971
31/08/2026 10:35:00;0,57883;0,57893;0,57881;0,57883
31/08/2026 10:40:00;0,57883;0,579;0,57881;0,57894
31/08/2026 10:45:00;0,57894;0,57899;0,57879;0,57894
31/08/2026 10:50:00;0,57894;0,57907;0,57894;0,57903
31/08/2026 10:55:00;0,57903;0,57904;0,5788;0,57882
31/08/2026 11:00:00;0,57882;0,57895;0,57864;0,57867
31/08/2026 11:05:00;0,57867;0,57882;0,57867;0,57876
31/08/2026 11:10:00;0,57876;0,57878;0,57856;0,57863
31/08/2026 11:15:00;0,57863;0,5787;0,5786;0,57865
31/08/2026 11:20:00;0,57865;0,57874;0,5786;0,57869
31/08/2026 11:25:00;0,57869;0,57876;0,5786;0,5787
31/08/2026 11:30:00;0,5787;0,57887;0,57866;0,57878
31/08/2026 11:35:00;0,57878;0,57889;0,578;0,57883
31/08/2026 11:40:00;0,57883;0,57924;0,57883;0,57918
31/08/2026 11:45:00;0,57918;0,57945;0,57893;0,57904
31/08/2026 11:50:00;0,57904;0,57904;0,57832;0,57849
31/08/2026 11:55:00;0,57849;0,57896;0,57836;0,57894
31/08/2026 12:00:00;0,57894;0,57902;0,57858;0,57877
31/08/2026 12:05:00;0,57877;0,57906;0,57869;0,57905
31/08/2026 12:10:00;0,57905;0,57911;0,57901;0,57905
31/08/2026 12:15:00;0,57905;0,57909;0,57899;0,57909
31/08/2026 12:20:00;0,57909;0,57914;0,57902;0,57904
31/08/2026 12:25:00;0,57904;0,5791;0,57899;0,57906
31/08/2026 12:30:00;0,57906;0,57912;0,57901;0,57909
31/08/2026 12:35:00;0,57909;0,57927;0,57908;0,57926
31/08/2026 12:40:00;0,57926;0,57927;0,57916;0,57918
31/08/2026 12:45:00;0,57918;0,57923;0,5791;0,57921
31/08/2026 12:50:00;0,57921;0,57931;0,57921;0,57925
31/08/2026 12:55:00;0,57925;0,57932;0,57925;0,57926
31/08/2026 13:00:00;0,57926;0,5793;0,57915;0,57929
31/08/2026 13:05:00;0,57929;0,57929;0,57915;0,57922
31/08/2026 13:10:00;0,57922;0,57932;0,57917;0,57925
31/08/2026 13:15:00;0,57925;0,5793;0,57921;0,57927
31/08/2026 13:20:00;0,57927;0,5793;0,57917;0,57918
31/08/2026 13:25:00;0,57918;0,57922;0,57915;0,57917
31/08/2026 13:30:00;0,57917;0,57919;0,57913;0,57918
31/08/2026 13:35:00;0,57918;0,57921;0,57911;0,57914
31/08/2026 13:40:00;0,57914;0,57919;0,57912;0,57915
31/08/2026 13:45:00;0,57915;0,57917;0,57908;0,57914
31/08/2026 13:50:00;0,57914;0,57917;0,57908;0,57913
31/08/2026 13:55:00;0,57913;0,57924;0,57912;0,57922
31/08/2026 14:00:00;0,57922;0,57922;0,5791;0,57912
31/08/2026 14:05:00;0,57913;0,57917;0,5791;0,5791
31/08/2026 14:10:00;0,5791;0,57911;0,57902;0,57904
31/08/2026 14:15:00;0,57904;0,57907;0,57901;0,57904
31/08/2026 14:20:00;0,57904;0,57906;0,57896;0,57897
31/08/2026 14:25:00;0,57897;0,57898;0,57891;0,57895
31/08/2026 14:30:00;0,57895;0,57896;0,57888;0,57895
31/08/2026 14:35:00;0,57895;0,57907;0,57894;0,57907
31/08/2026 14:40:00;0,57907;0,57907;0,57899;0,57904
31/08/2026 14:45:00;0,57905;0,57908;0,57896;0,57902
31/08/2026 14:50:00;0,57902;0,57909;0,57822;0,57908
31/08/2026 14:55:00;0,57908;0,57909;0,57898;0,57899
31/08/2026 15:00:00;0,57899;0,57901;0,57894;0,57898
31/08/2026 15:05:00;0,57898;0,579;0,57894;0,57896
31/08/2026 15:10:00;0,57896;0,57897;0,57891;0,57892
31/08/2026 15:15:00;0,57892;0,57894;0,57888;0,57893
31/08/2026 15:20:00;0,57893;0,57895;0,57889;0,57892
31/08/2026 15:25:00;0,57892;0,57896;0,57891;0,57891
31/08/2026 15:30:00;0,57892;0,57904;0,57892;0,57901
31/08/2026 15:35:00;0,57902;0,57906;0,57901;0,57905
31/08/2026 15:40:00;0,57905;0,57907;0,57902;0,57905
31/08/2026 15:45:00;0,57905;0,57908;0,57901;0,57905
31/08/2026 15:50:00;0,57905;0,57905;0,57898;0,57902
31/08/2026 15:55:00;0,57902;0,57902;0,57895;0,57899
31/08/2026 16:00:00;0,57899;0,57901;0,57893;0,57894
31/08/2026 16:05:00;0,57894;0,57897;0,57893;0,57893
31/08/2026 16:10:00;0,57893;0,57896;0,57885;0,57895
31/08/2026 16:15:00;0,57895;0,57898;0,57892;0,57896
31/08/2026 16:20:00;0,57896;0,57902;0,57896;0,57902
31/08/2026 16:25:00;0,57902;0,57906;0,57901;0,57903
31/08/2026 16:30:00;0,57903;0,57906;0,57898;0,57904
31/08/2026 16:35:00;0,57904;0,57913;0,57903;0,57912
31/08/2026 16:40:00;0,57912;0,57922;0,57912;0,57919
31/08/2026 16:45:00;0,57918;0,57921;0,57911;0,57914
31/08/2026 16:50:00;0,57914;0,57925;0,57914;0,57916
31/08/2026 16:55:00;0,57916;0,57929;0,57913;0,57918
31/08/2026 17:00:00;0,57918;0,57919;0,57909;0,57914
31/08/2026 17:05:00;0,57914;0,57922;0,57913;0,57916
31/08/2026 17:10:00;0,57916;0,57917;0,57913;0,57914
31/08/2026 17:15:00;0,57914;0,57916;0,57911;0,57913
31/08/2026 17:20:00;0,57913;0,57916;0,57912;0,57912
31/08/2026 17:25:00;0,57912;0,57918;0,5791;0,57916
31/08/2026 17:30:00;0,57916;0,57917;0,57911;0,57914
31/08/2026 17:35:00;0,57914;0,57923;0,57914;0,57922
31/08/2026 17:40:00;0,57922;0,57925;0,57917;0,57918
31/08/2026 17:45:00;0,57918;0,57924;0,57914;0,57917
31/08/2026 17:50:00;0,57917;0,57919;0,57844;0,57894
31/08/2026 17:55:00;0,57894;0,57931;0,57894;0,57931
31/08/2026 18:00:00;0,57926;0,57926;0,57926;0,57926
31/08/2026 18:05:00;0,57926;0,57926;0,57749;0,57827
31/08/2026 19:10:00;0,5792;0,5792;0,57914;0,57915
31/08/2026 19:15:00;0,57915;0,57915;0,57909;0,57911
31/08/2026 19:20:00;0,57911;0,57917;0,5791;0,57915
31/08/2026 19:25:00;0,57915;0,57915;0,57912;0,57914
31/08/2026 19:30:00;0,57914;0,57922;0,57912;0,57922
31/08/2026 19:35:00;0,57922;0,57922;0,57914;0,57922
31/08/2026 19:40:00;0,57922;0,57927;0,57921;0,57924
31/08/2026 19:45:00;0,57924;0,57924;0,57919;0,57921
31/08/2026 19:50:00;0,57921;0,57927;0,5792;0,5792
31/08/2026 19:55:00;0,5792;0,57931;0,5792;0,57931
31/08/2026 20:00:00;0,57931;0,5795;0,57929;0,57947
31/08/2026 20:05:00;0,57947;0,5795;0,57942;0,57945
31/08/2026 20:10:00;0,57945;0,57951;0,57943;0,57944
31/08/2026 20:15:00;0,57944;0,57947;0,5794;0,5794
31/08/2026 20:20:00;0,57941;0,57943;0,57938;0,5794
31/08/2026 20:25:00;0,5794;0,5795;0,5794;0,57945
31/08/2026 20:30:00;0,57945;0,57954;0,57944;0,57951
31/08/2026 20:35:00;0,57951;0,57952;0,57944;0,57947
31/08/2026 20:40:00;0,57947;0,57947;0,57936;0,57937
31/08/2026 20:45:00;0,57937;0,57941;0,57935;0,57938
31/08/2026 20:50:00;0,57938;0,57957;0,57938;0,57955
31/08/2026 20:55:00;0,57955;0,57959;0,57949;0,57958
31/08/2026 21:00:00;0,57958;0,57991;0,57958;0,57988
31/08/2026 21:05:00;0,57988;0,57997;0,57981;0,57991
31/08/2026 21:10:00;0,57991;0,57992;0,57981;0,57988
31/08/2026 21:15:00;0,57988;0,58016;0,57985;0,58015
31/08/2026 21:20:00;0,58015;0,58025;0,58013;0,58018
31/08/2026 21:25:00;0,58018;0,58018;0,58001;0,58003
31/08/2026 21:30:00;0,58003;0,58003;0,57975;0,57981
31/08/2026 21:35:00;0,57981;0,57987;0,57975;0,57981
31/08/2026 21:40:00;0,57981;0,57985;0,57976;0,57982
31/08/2026 21:45:00;0,57982;0,57987;0,57978;0,5798
31/08/2026 21:50:00;0,5798;0,57984;0,57971;0,57972
31/08/2026 21:55:00;0,57972;0,57983;0,5797;0,57977
31/08/2026 22:00:00;0,57977;0,57986;0,5797;0,57977
31/08/2026 22:05:00;0,57977;0,57985;0,57969;0,57982
31/08/2026 22:10:00;0,57982;0,57988;0,57977;0,57983
31/08/2026 22:15:00;0,57983;0,58006;0,57979;0,58001
31/08/2026 22:20:00;0,58001;0,58003;0,57991;0,58001
31/08/2026 22:25:00;0,58001;0,58004;0,57943;0,57943
31/08/2026 22:30:00;0,57943;0,58014;0,57943;0,58013
31/08/2026 22:35:00;0,58013;0,58031;0,58013;0,58026
31/08/2026 22:40:00;0,58026;0,58047;0,58026;0,58046
31/08/2026 22:45:00;0,58046;0,58049;0,58035;0,58038
31/08/2026 22:50:00;0,58038;0,58041;0,58029;0,58035
31/08/2026 22:55:00;0,58035;0,58047;0,5803;0,58044
31/08/2026 23:00:00;0,58044;0,58046;0,58031;0,58042
31/08/2026 23:05:00;0,58042;0,58044;0,58035;0,58039
31/08/2026 23:10:00;0,58039;0,58066;0,58039;0,58064
31/08/2026 23:15:00;0,58064;0,58069;0,58047;0,58056
31/08/2026 23:20:00;0,58056;0,58061;0,5804;0,58043
31/08/2026 23:25:00;0,58043;0,58043;0,58033;0,58036
31/08/2026 23:30:00;0,58036;0,58044;0,58033;0,58039
31/08/2026 23:35:00;0,58039;0,58044;0,58034;0,58034
31/08/2026 23:40:00;0,58034;0,58046;0,58033;0,58045
31/08/2026 23:45:00;0,58045;0,58055;0,58043;0,58052
31/08/2026 23:50:00;0,58052;0,58055;0,58048;0,58051
31/08/2026 23:55:00;0,58051;0,58056;0,58045;0,58056
01/09/2026 00:00:00;0,58056;0,58056;0,58041;0,58043
01/09/2026 00:05:00;0,58043;0,58044;0,5803;0,5803
01/09/2026 00:10:00;0,5803;0,58036;0,58024;0,58026
01/09/2026 00:15:00;0,58026;0,58027;0,58019;0,58025
01/09/2026 00:20:00;0,58025;0,58028;0,58019;0,58023
01/09/2026 00:25:00;0,58023;0,58033;0,58023;0,58026
01/09/2026 00:30:00;0,58026;0,58044;0,58023;0,58044
01/09/2026 00:35:00;0,58044;0,58046;0,58039;0,58039
01/09/2026 00:40:00;0,58039;0,58043;0,58031;0,58034
01/09/2026 00:45:00;0,58034;0,58051;0,58034;0,5805
01/09/2026 00:50:00;0,5805;0,58058;0,58037;0,58037
01/09/2026 00:55:00;0,58037;0,58042;0,58034;0,58036
01/09/2026 01:00:00;0,58036;0,58036;0,58025;0,58028
01/09/2026 01:05:00;0,58028;0,58035;0,58026;0,58033
01/09/2026 01:10:00;0,58033;0,58044;0,58032;0,58044
01/09/2026 01:15:00;0,58044;0,58048;0,5804;0,58043
01/09/2026 01:20:00;0,58043;0,5805;0,58043;0,58046
01/09/2026 01:25:00;0,58046;0,58048;0,58036;0,58041
01/09/2026 01:30:00;0,58041;0,58047;0,58038;0,58046
01/09/2026 01:35:00;0,58046;0,58048;0,58041;0,58044
01/09/2026 01:40:00;0,58044;0,58053;0,58044;0,58049
01/09/2026 01:45:00;0,58049;0,58053;0,58046;0,5805
01/09/2026 01:50:00;0,5805;0,58051;0,5804;0,58041
01/09/2026 01:55:00;0,58041;0,58042;0,58025;0,58028
01/09/2026 02:00:00;0,58028;0,58041;0,58027;0,58038
01/09/2026 02:05:00;0,58038;0,58043;0,58032;0,58035
01/09/2026 02:10:00;0,58035;0,5804;0,58035;0,58037
01/09/2026 02:15:00;0,58037;0,5804;0,58034;0,58035
01/09/2026 02:20:00;0,58035;0,58038;0,58028;0,5803
01/09/2026 02:25:00;0,5803;0,58038;0,58028;0,5803
01/09/2026 02:30:00;0,5803;0,58041;0,58022;0,58026
01/09/2026 02:35:00;0,58026;0,58033;0,58024;0,58025
01/09/2026 02:40:00;0,58025;0,58028;0,5802;0,58023
01/09/2026 02:45:00;0,58023;0,58029;0,58014;0,58017
01/09/2026 02:50:00;0,58017;0,58021;0,58011;0,5802
01/09/2026 02:55:00;0,5802;0,58028;0,58014;0,58014
01/09/2026 03:00:00;0,58014;0,58031;0,58011;0,58024
01/09/2026 03:05:00;0,58024;0,58034;0,58022;0,58025
01/09/2026 03:10:00;0,58025;0,58033;0,58019;0,58031
01/09/2026 03:15:00;0,58031;0,58033;0,58015;0,58017
01/09/2026 03:20:00;0,58017;0,58023;0,58008;0,58013
01/09/2026 03:25:00;0,58013;0,58022;0,58009;0,58013
01/09/2026 03:30:00;0,58013;0,58027;0,58009;0,58014
01/09/2026 03:35:00;0,58014;0,58014;0,57932;0,57993
01/09/2026 03:40:00;0,57993;0,57996;0,5791;0,57996
01/09/2026 03:45:00;0,57996;0,58006;0,57993;0,58006
01/09/2026 03:50:00;0,58006;0,58007;0,57987;0,57994
01/09/2026 03:55:00;0,57994;0,58002;0,57973;0,57984
01/09/2026 04:00:00;0,57984;0,57993;0,57959;0,57959
01/09/2026 04:05:00;0,57959;0,57978;0,57957;0,57978
01/09/2026 04:10:00;0,57978;0,57993;0,57976;0,57991
01/09/2026 04:15:00;0,57991;0,57999;0,57987;0,5799
01/09/2026 04:20:00;0,5799;0,57991;0,5798;0,57989
01/09/2026 04:25:00;0,57989;0,57998;0,57978;0,57979
01/09/2026 04:30:00;0,57979;0,57979;0,57888;0,5797
01/09/2026 04:35:00;0,5797;0,57979;0,57963;0,57963
01/09/2026 04:40:00;0,57963;0,57977;0,57956;0,57967
01/09/2026 04:45:00;0,57967;0,57975;0,5796;0,57968
01/09/2026 04:50:00;0,57968;0,57974;0,57951;0,57953
01/09/2026 04:55:00;0,57953;0,5796;0,57941;0,57956
01/09/2026 05:00:00;0,57956;0,57965;0,57949;0,5796
01/09/2026 05:05:00;0,5796;0,57981;0,57954;0,5798
01/09/2026 05:10:00;0,5798;0,5799;0,57975;0,57981
01/09/2026 05:15:00;0,57981;0,57985;0,57968;0,5797
01/09/2026 05:20:00;0,5797;0,57972;0,57962;0,57966
01/09/2026 05:25:00;0,57966;0,57975;0,57944;0,5795
01/09/2026 05:30:00;0,5795;0,57955;0,57918;0,57932
01/09/2026 05:35:00;0,57932;0,57944;0,57923;0,57926
01/09/2026 05:40:00;0,57926;0,57933;0,57897;0,57898
01/09/2026 05:45:00;0,57898;0,57905;0,5789;0,57896
01/09/2026 05:50:00;0,57896;0,57901;0,57884;0,57888
01/09/2026 05:55:00;0,57888;0,57889;0,578;0,5786
01/09/2026 06:00:00;0,5786;0,57865;0,57839;0,57857
01/09/2026 06:05:00;0,57857;0,5786;0,57846;0,57858
01/09/2026 06:10:00;0,57858;0,57858;0,57838;0,57838
01/09/2026 06:15:00;0,57838;0,57847;0,57818;0,57818
01/09/2026 06:20:00;0,57818;0,57825;0,57807;0,5782
01/09/2026 06:25:00;0,5782;0,57825;0,57811;0,57815
01/09/2026 06:30:00;0,57815;0,57821;0,57799;0,57821
01/09/2026 06:35:00;0,57821;0,57828;0,57814;0,57821
01/09/2026 06:40:00;0,57821;0,57827;0,57812;0,57824
01/09/2026 06:45:00;0,57824;0,57849;0,57818;0,57843
01/09/2026 06:50:00;0,57843;0,57855;0,57838;0,57851
01/09/2026 06:55:00;0,57851;0,57859;0,57841;0,57844
01/09/2026 07:00:00;0,57848;0,57861;0,57841;0,57845
01/09/2026 07:05:00;0,57845;0,57856;0,57839;0,57841
01/09/2026 07:10:00;0,57841;0,57862;0,57841;0,57861
01/09/2026 07:15:00;0,57861;0,57869;0,57856;0,5786
01/09/2026 07:20:00;0,5786;0,57867;0,57853;0,57861
01/09/2026 07:25:00;0,57861;0,57871;0,57861;0,57871
01/09/2026 07:30:00;0,57871;0,57878;0,57866;0,57877
01/09/2026 07:35:00;0,57877;0,57886;0,57874;0,5788
01/09/2026 07:40:00;0,5788;0,5788;0,57863;0,57869
01/09/2026 07:45:00;0,57869;0,57873;0,57865;0,57871
01/09/2026 07:50:00;0,57871;0,57874;0,57855;0,57867
01/09/2026 07:55:00;0,57867;0,57874;0,57863;0,57866
01/09/2026 08:00:00;0,57866;0,5787;0,57856;0,57857
01/09/2026 08:05:00;0,57857;0,57867;0,57848;0,57866
01/09/2026 08:10:00;0,57866;0,57871;0,57861;0,57869
01/09/2026 08:15:00;0,57869;0,57875;0,57866;0,57867
01/09/2026 08:20:00;0,57867;0,57871;0,57778;0,57843
01/09/2026 08:25:00;0,57843;0,57849;0,57836;0,5784
01/09/2026 08:30:00;0,5784;0,57842;0,57835;0,57839
01/09/2026 08:35:00;0,57839;0,5786;0,57835;0,57858
01/09/2026 08:40:00;0,57858;0,57869;0,57848;0,57867
01/09/2026 08:45:00;0,57867;0,57882;0,57866;0,57881
01/09/2026 08:50:00;0,57881;0,57888;0,57877;0,57881
01/09/2026 08:55:00;0,57881;0,57892;0,57875;0,5788
01/09/2026 09:00:00;0,5788;0,57881;0,57869;0,57874
01/09/2026 09:05:00;0,57874;0,57881;0,57865;0,57878
01/09/2026 09:10:00;0,57878;0,57882;0,57871;0,57875
01/09/2026 09:15:00;0,57875;0,57877;0,57867;0,57872
01/09/2026 09:20:00;0,57872;0,57881;0,57868;0,57868
01/09/2026 09:25:00;0,57868;0,57893;0,57864;0,57888
01/09/2026 09:30:00;0,57888;0,57905;0,57888;0,57899
01/09/2026 09:35:00;0,57899;0,57903;0,578;0,5788
01/09/2026 09:40:00;0,5788;0,57897;0,57876;0,57894
01/09/2026 09:45:00;0,57894;0,57904;0,57822;0,57898
01/09/2026 09:50:00;0,57898;0,57925;0,57898;0,57922
01/09/2026 09:55:00;0,57922;0,57937;0,57917;0,57934
01/09/2026 10:00:00;0,57934;0,57939;0,57917;0,57924
01/09/2026 10:05:00;0,57924;0,57933;0,57918;0,57925
01/09/2026 10:10:00;0,57925;0,57933;0,57901;0,57901
01/09/2026 10:15:00;0,57901;0,57926;0,57901;0,57926
01/09/2026 10:20:00;0,57926;0,5794;0,57923;0,57929
01/09/2026 10:25:00;0,57929;0,57938;0,5792;0,57927
01/09/2026 10:30:00;0,57927;0,57933;0,57907;0,57932
01/09/2026 10:35:00;0,57932;0,57935;0,5792;0,57935
01/09/2026 10:40:00;0,57935;0,57936;0,57878;0,57878
01/09/2026 10:45:00;0,57878;0,57951;0,57878;0,57938
01/09/2026 10:50:00;0,57938;0,57953;0,57938;0,57945
01/09/2026 10:55:00;0,57945;0,57956;0,57869;0,57869
01/09/2026 11:00:00;0,57869;0,57968;0,57869;0,57965
01/09/2026 11:05:00;0,57965;0,57986;0,57964;0,57979
01/09/2026 11:10:00;0,57979;0,5798;0,57959;0,5797
01/09/2026 11:15:00;0,5797;0,57991;0,57967;0,57984
01/09/2026 11:20:00;0,57984;0,58008;0,57982;0,58007
01/09/2026 11:25:00;0,58007;0,58014;0,57999;0,58001
01/09/2026 11:30:00;0,58001;0,58017;0,57999;0,58008
01/09/2026 11:35:00;0,58008;0,58026;0,58006;0,58023
01/09/2026 11:40:00;0,58023;0,58035;0,57999;0,58033
01/09/2026 11:45:00;0,58033;0,58058;0,58032;0,5805
01/09/2026 11:50:00;0,5805;0,58053;0,58033;0,58048
01/09/2026 11:55:00;0,58048;0,58103;0,58037;0,58094
01/09/2026 12:00:00;0,58094;0,58094;0,58068;0,58069
01/09/2026 12:05:00;0,58069;0,58069;0,58052;0,58055
01/09/2026 12:10:00;0,58055;0,58066;0,58048;0,58059
01/09/2026 12:15:00;0,58059;0,58061;0,58047;0,58049
01/09/2026 12:20:00;0,58049;0,58063;0,58049;0,58054
01/09/2026 12:25:00;0,58054;0,5806;0,58043;0,58057
01/09/2026 12:30:00;0,58057;0,58062;0,58048;0,58058
01/09/2026 12:35:00;0,58058;0,5808;0,58056;0,58078
01/09/2026 12:40:00;0,58078;0,58089;0,58065;0,58088
01/09/2026 12:45:00;0,58088;0,5811;0,58088;0,58101
01/09/2026 12:50:00;0,58101;0,58115;0,58101;0,58111
01/09/2026 12:55:00;0,58111;0,58116;0,581;0,581135
01/09/2026 13:00:00;0,581135;0,581135;0,58096;0,58106
01/09/2026 13:05:00;0,58106;0,58119;0,58096;0,58114
01/09/2026 13:10:00;0,58114;0,58127;0,58114;0,58118
01/09/2026 13:15:00;0,58118;0,58124;0,58101;0,58107
01/09/2026 13:20:00;0,58107;0,58115;0,58092;0,581148
01/09/2026 13:25:00;0,581148;0,581148;0,5802;0,58088
01/09/2026 13:30:00;0,58088;0,58088;0,5807;0,58076
01/09/2026 13:35:00;0,58076;0,58083;0,58059;0,58062
01/09/2026 13:40:00;0,58062;0,58069;0,58057;0,58057
01/09/2026 13:45:00;0,58057;0,58072;0,58057;0,5807
01/09/2026 13:50:00;0,5807;0,58078;0,58069;0,58075
01/09/2026 13:55:00;0,58075;0,5808;0,5807;0,58078
01/09/2026 14:00:00;0,58078;0,58079;0,58065;0,58071
01/09/2026 14:05:00;0,58071;0,58074;0,58057;0,58061
01/09/2026 14:10:00;0,58061;0,58064;0,58054;0,58062
01/09/2026 14:15:00;0,58062;0,58071;0,58062;0,58065
01/09/2026 14:20:00;0,58065;0,58066;0,58057;0,5806
01/09/2026 14:25:00;0,5806;0,58064;0,58029;0,58054
01/09/2026 14:30:00;0,58054;0,5806;0,58049;0,58058
01/09/2026 14:35:00;0,58058;0,58058;0,5805;0,58054
01/09/2026 14:40:00;0,58054;0,58061;0,58051;0,58052
01/09/2026 14:45:00;0,58052;0,58057;0,5805;0,58053
01/09/2026 14:50:00;0,58053;0,58055;0,58046;0,5805
01/09/2026 14:55:00;0,5805;0,58055;0,58043;0,58046
01/09/2026 15:00:00;0,58046;0,58048;0,58032;0,58033
01/09/2026 15:05:00;0,58033;0,58037;0,58028;0,58035
01/09/2026 15:10:00;0,58035;0,58042;0,58034;0,58037
01/09/2026 15:15:00;0,58037;0,58039;0,58021;0,58024
01/09/2026 15:20:00;0,58024;0,58024;0,58;0,58
01/09/2026 15:25:00;0,58;0,58004;0,57993;0,57996
01/09/2026 15:30:00;0,57996;0,57996;0,57986;0,57993
01/09/2026 15:35:00;0,57993;0,58006;0,57988;0,58001
01/09/2026 15:40:00;0,58001;0,58015;0,58001;0,58005
01/09/2026 15:45:00;0,58005;0,58014;0,58001;0,58013
01/09/2026 15:50:00;0,58013;0,58014;0,58005;0,58008
01/09/2026 15:55:00;0,58008;0,5802;0,58008;0,58015
01/09/2026 16:00:00;0,58015;0,58015;0,58;0,5801
01/09/2026 16:05:00;0,5801;0,5801;0,57996;0,57997
01/09/2026 16:10:00;0,57997;0,58002;0,57991;0,58
01/09/2026 16:15:00;0,58;0,58004;0,57991;0,57992
01/09/2026 16:20:00;0,57992;0,57993;0,5791;0,57992
01/09/2026 16:25:00;0,57992;0,57993;0,57986;0,57991
01/09/2026 16:30:00;0,57991;0,58001;0,57989;0,58
01/09/2026 16:35:00;0,58;0,58006;0,57999;0,58002
01/09/2026 16:40:00;0,58002;0,58005;0,57997;0,58001
01/09/2026 16:45:00;0,58001;0,58003;0,57998;0,58001
01/09/2026 16:50:00;0,58001;0,58002;0,57994;0,58002
01/09/2026 16:55:00;0,58002;0,58002;0,57949;0,57961
01/09/2026 17:00:00;0,57961;0,57975;0,57956;0,57973
01/09/2026 17:05:00;0,57973;0,57975;0,57963;0,5797
01/09/2026 17:10:00;0,5797;0,57976;0,5797;0,57975
01/09/2026 17:15:00;0,57975;0,57981;0,57972;0,57974
01/09/2026 17:20:00;0,57974;0,57974;0,57971;0,57973
01/09/2026 17:25:00;0,57973;0,57978;0,57973;0,57975
01/09/2026 17:30:00;0,57975;0,57979;0,57974;0,57978
01/09/2026 17:35:00;0,57978;0,57982;0,57977;0,57982
01/09/2026 17:40:00;0,57982;0,57996;0,57979;0,57992
01/09/2026 17:45:00;0,57992;0,57994;0,57989;0,57991
01/09/2026 17:50:00;0,57991;0,57991;0,5791;0,57986
01/09/2026 17:55:00;0,57986;0,57986;0,5791;0,57981
01/09/2026 18:00:00;0,57981;0,57981;0,57981;0,57981
01/09/2026 18:05:00;0,57981;0,57981;0,57942;0,57942
01/09/2026 18:10:00;0,57942;0,57942;0,57942;0,57942
01/09/2026 19:10:00;0,57942;0,5799;0,57942;0,57988
01/09/2026 19:15:00;0,57988;0,5799;0,57984;0,57989
01/09/2026 19:20:00;0,57989;0,5799;0,57983;0,57989
01/09/2026 19:25:00;0,57989;0,57994;0,57989;0,57991
01/09/2026 19:30:00;0,57991;0,58002;0,57988;0,57992
01/09/2026 19:35:00;0,57992;0,57998;0,57991;0,57993
01/09/2026 19:40:00;0,57993;0,57994;0,57979;0,57979
01/09/2026 19:45:00;0,57979;0,58;0,57979;0,57999
01/09/2026 19:50:00;0,57999;0,58004;0,57999;0,58
01/09/2026 19:55:00;0,58;0,58003;0,57998;0,58003
01/09/2026 20:00:00;0,58003;0,58006;0,58002;0,58005
01/09/2026 20:05:00;0,58005;0,58006;0,57998;0,58001
01/09/2026 20:10:00;0,58001;0,58002;0,57997;0,57998
01/09/2026 20:15:00;0,57998;0,58;0,57998;0,57999
01/09/2026 20:20:00;0,57999;0,58001;0,57998;0,58
01/09/2026 20:25:00;0,58;0,58;0,57994;0,57997
01/09/2026 20:30:00;0,57997;0,58002;0,57997;0,58002
01/09/2026 20:35:00;0,58002;0,58005;0,58;0,58002
01/09/2026 20:40:00;0,58002;0,58004;0,58;0,58002
01/09/2026 20:45:00;0,58002;0,58004;0,57999;0,58
01/09/2026 20:50:00;0,58;0,58008;0,58;0,58006
01/09/2026 20:55:00;0,58006;0,58015;0,58003;0,58009
01/09/2026 21:00:00;0,58009;0,58027;0,58009;0,58012
01/09/2026 21:05:00;0,58012;0,58026;0,58012;0,58021
01/09/2026 21:10:00;0,58021;0,58021;0,58006;0,58009
01/09/2026 21:15:00;0,58009;0,58018;0,58005;0,58007
01/09/2026 21:20:00;0,58007;0,58016;0,58002;0,58016
01/09/2026 21:25:00;0,58016;0,5802;0,58004;0,58009
01/09/2026 21:30:00;0,58009;0,58014;0,58001;0,58004
01/09/2026 21:35:00;0,58004;0,58006;0,57996;0,57998
01/09/2026 21:40:00;0,57998;0,58004;0,57993;0,58004
01/09/2026 21:45:00;0,58004;0,58006;0,57996;0,57999
01/09/2026 21:50:00;0,57999;0,5801;0,57999;0,58005
01/09/2026 21:55:00;0,58005;0,58017;0,58001;0,58016
01/09/2026 22:00:00;0,58016;0,58024;0,58011;0,58021
01/09/2026 22:05:00;0,58021;0,58024;0,57932;0,58013
01/09/2026 22:10:00;0,58013;0,58019;0,58007;0,58011
01/09/2026 22:15:00;0,58011;0,5804;0,58011;0,58035
01/09/2026 22:20:00;0,58035;0,58045;0,58025;0,58045
01/09/2026 22:25:00;0,58045;0,58053;0,57969;0,57969
01/09/2026 22:30:00;0,57969;0,5811;0,57969;0,58106
01/09/2026 22:35:00;0,58106;0,58127;0,58096;0,58124
01/09/2026 22:40:00;0,58124;0,58132;0,5812;0,58124
01/09/2026 22:45:00;0,58124;0,58135;0,58121;0,58127
01/09/2026 22:50:00;0,58127;0,58128;0,58106;0,5811
01/09/2026 22:55:00;0,5811;0,58114;0,58045;0,58045
01/09/2026 23:00:00;0,58045;0,58111;0,58045;0,58076
01/09/2026 23:05:00;0,58076;0,58087;0,58062;0,58064
01/09/2026 23:10:00;0,58064;0,58064;0,58051;0,58057
01/09/2026 23:15:00;0,58057;0,58071;0,58053;0,58071
01/09/2026 23:20:00;0,58071;0,58099;0,58068;0,58078
01/09/2026 23:25:00;0,58078;0,58078;0,58053;0,58053
01/09/2026 23:30:00;0,5805;0,580656;0,58038;0,58049
01/09/2026 23:35:00;0,58049;0,58056;0,58037;0,58037
01/09/2026 23:40:00;0,58037;0,58054;0,58028;0,5805
01/09/2026 23:45:00;0,5805;0,58051;0,5804;0,58044
01/09/2026 23:50:00;0,58044;0,58052;0,58032;0,58039
01/09/2026 23:55:00;0,58039;0,58043;0,58028;0,58031
02/09/2026 00:00:00;0,58031;0,58037;0,58022;0,58025
02/09/2026 00:05:00;0,58025;0,5804;0,58023;0,58039
02/09/2026 00:10:00;0,58039;0,58076;0,58037;0,58076
02/09/2026 00:15:00;0,58076;0,58076;0,58049;0,58056
02/09/2026 00:20:00;0,58056;0,58058;0,58047;0,58049
02/09/2026 00:25:00;0,58049;0,58055;0,58045;0,58054
02/09/2026 00:30:00;0,58054;0,58056;0,5804;0,5804
02/09/2026 00:35:00;0,5804;0,58048;0,58034;0,58048
02/09/2026 00:40:00;0,58048;0,58049;0,58027;0,58034
02/09/2026 00:45:00;0,58034;0,58037;0,58029;0,5803
02/09/2026 00:50:00;0,5803;0,58032;0,58021;0,58027
02/09/2026 00:55:00;0,58027;0,58038;0,58023;0,58036
02/09/2026 01:00:00;0,58036;0,58041;0,58013;0,58015
02/09/2026 01:05:00;0,58015;0,58018;0,58001;0,5801
02/09/2026 01:10:00;0,5801;0,58015;0,58004;0,58014
02/09/2026 01:15:00;0,58014;0,58023;0,58013;0,58023
02/09/2026 01:20:00;0,58023;0,58024;0,58007;0,58012
02/09/2026 01:25:00;0,58012;0,58016;0,57932;0,58003
02/09/2026 01:30:00;0,58003;0,58009;0,57996;0,58006
02/09/2026 01:35:00;0,58006;0,58009;0,57996;0,57997
02/09/2026 01:40:00;0,57997;0,58006;0,57994;0,58002
02/09/2026 01:45:00;0,58002;0,58012;0,58002;0,58009
02/09/2026 01:50:00;0,58009;0,5801;0,57996;0,58002
02/09/2026 01:55:00;0,58002;0,58009;0,57993;0,58002
02/09/2026 02:00:00;0,58002;0,58003;0,57988;0,58002
02/09/2026 02:05:00;0,58002;0,58016;0,58001;0,58011
02/09/2026 02:10:00;0,58011;0,58026;0,58011;0,58024
02/09/2026 02:15:00;0,58024;0,58039;0,58021;0,58033
02/09/2026 02:20:00;0,58033;0,58033;0,5802;0,58033
02/09/2026 02:25:00;0,58033;0,58039;0,58027;0,58033
02/09/2026 02:30:00;0,58033;0,58035;0,5802;0,58031
02/09/2026 02:35:00;0,5803;0,58035;0,58021;0,5803
02/09/2026 02:40:00;0,5803;0,58036;0,58027;0,58029
02/09/2026 02:45:00;0,58029;0,58039;0,58024;0,58039
02/09/2026 02:50:00;0,58039;0,58041;0,5803;0,58035
02/09/2026 02:55:00;0,58036;0,58054;0,58036;0,5805
02/09/2026 03:00:00;0,5805;0,58056;0,58036;0,58045
02/09/2026 03:05:00;0,58045;0,58058;0,58041;0,58046
02/09/2026 03:10:00;0,58046;0,5806;0,58033;0,58048
02/09/2026 03:15:00;0,58048;0,58063;0,58043;0,5806
02/09/2026 03:20:00;0,5806;0,58083;0,58048;0,58082
02/09/2026 03:25:00;0,58083;0,58085;0,58052;0,58065
02/09/2026 03:30:00;0,58065;0,58067;0,58051;0,58058
02/09/2026 03:35:00;0,58058;0,58065;0,58052;0,5806
02/09/2026 03:40:00;0,5806;0,58065;0,58038;0,5804
02/09/2026 03:45:00;0,5804;0,58049;0,58031;0,58043
02/09/2026 03:50:00;0,58043;0,5805;0,58029;0,58047
02/09/2026 03:55:00;0,58047;0,58075;0,58045;0,58061
02/09/2026 04:00:00;0,58061;0,58086;0,58048;0,58083
02/09/2026 04:05:00;0,58083;0,58089;0,58071;0,5808
02/09/2026 04:10:00;0,5808;0,5809;0,58071;0,58083
02/09/2026 04:15:00;0,58083;0,58093;0,58076;0,58092
02/09/2026 04:20:00;0,58092;0,58097;0,58084;0,58096
02/09/2026 04:25:00;0,58096;0,58099;0,58079;0,58084
02/09/2026 04:30:00;0,58084;0,58093;0,58079;0,58088
02/09/2026 04:35:00;0,5809;0,58109;0,58088;0,58107
02/09/2026 04:40:00;0,58107;0,58112;0,58099;0,58109
02/09/2026 04:45:00;0,58109;0,58109;0,58086;0,58105
02/09/2026 04:50:00;0,58105;0,58108;0,581;0,58102
02/09/2026 04:55:00;0,58102;0,58141;0,58101;0,5814
02/09/2026 05:00:00;0,5814;0,58144;0,58128;0,58138
02/09/2026 05:05:00;0,58138;0,58143;0,58105;0,58112
02/09/2026 05:10:00;0,58112;0,58117;0,58098;0,58098
02/09/2026 05:15:00;0,58098;0,58115;0,58086;0,58088
02/09/2026 05:20:00;0,58088;0,58091;0,58073;0,58084
02/09/2026 05:25:00;0,58084;0,58091;0,58069;0,5808
02/09/2026 05:30:00;0,5808;0,58095;0,5808;0,58089
02/09/2026 05:35:00;0,58089;0,58091;0,58078;0,58079
02/09/2026 05:40:00;0,58079;0,58097;0,58076;0,58094
02/09/2026 05:45:00;0,58094;0,58098;0,58086;0,58095
02/09/2026 05:50:00;0,58095;0,58099;0,57998;0,58066
02/09/2026 05:55:00;0,58066;0,58091;0,5806;0,58068
02/09/2026 06:00:00;0,58068;0,58075;0,58057;0,5806
02/09/2026 06:05:00;0,5806;0,58084;0,58055;0,58076
02/09/2026 06:10:00;0,58076;0,58083;0,58064;0,58078
02/09/2026 06:15:00;0,58078;0,58078;0,58055;0,58056
02/09/2026 06:20:00;0,58056;0,58057;0,58034;0,58038
02/09/2026 06:25:00;0,58038;0,58043;0,58027;0,58031
02/09/2026 06:30:00;0,58031;0,58052;0,5803;0,58052
02/09/2026 06:35:00;0,58052;0,58052;0,5804;0,58048
02/09/2026 06:40:00;0,58048;0,58054;0,58044;0,58045
02/09/2026 06:45:00;0,58045;0,58055;0,5804;0,58053
02/09/2026 06:50:00;0,58053;0,58061;0,58049;0,58051
02/09/2026 06:55:00;0,58051;0,58059;0,58046;0,58059
02/09/2026 07:00:00;0,58059;0,5807;0,58052;0,58069
02/09/2026 07:05:00;0,58069;0,58079;0,58061;0,58077
02/09/2026 07:10:00;0,58077;0,5808;0,58072;0,58078
02/09/2026 07:15:00;0,58078;0,58087;0,58068;0,58085
02/09/2026 07:20:00;0,58085;0,58088;0,58074;0,58081
02/09/2026 07:25:00;0,58081;0,58096;0,58079;0,58094
02/09/2026 07:30:00;0,58094;0,58104;0,58088;0,58102
02/09/2026 07:35:00;0,58102;0,58111;0,58093;0,58096
02/09/2026 07:40:00;0,58096;0,58099;0,5809;0,58093
02/09/2026 07:45:00;0,58095;0,58107;0,58093;0,58103
02/09/2026 07:50:00;0,58103;0,58122;0,58102;0,58115
02/09/2026 07:55:00;0,58116;0,5813;0,58116;0,58126
02/09/2026 08:00:00;0,58126;0,58143;0,5812;0,58141
02/09/2026 08:05:00;0,58141;0,58151;0,58064;0,58151
02/09/2026 08:10:00;0,58151;0,58164;0,58064;0,58164
02/09/2026 08:15:00;0,58164;0,58164;0,58142;0,58152
02/09/2026 08:20:00;0,58152;0,5816;0,58147;0,58156
02/09/2026 08:25:00;0,58156;0,58164;0,5815;0,58157
02/09/2026 08:30:00;0,58157;0,58162;0,58131;0,58133
02/09/2026 08:35:00;0,58133;0,58155;0,58129;0,58148
02/09/2026 08:40:00;0,58148;0,58158;0,58141;0,58156
02/09/2026 08:45:00;0,58156;0,58162;0,58152;0,58156
02/09/2026 08:50:00;0,58156;0,58178;0,58156;0,58173
02/09/2026 08:55:00;0,58173;0,58182;0,58169;0,58175
02/09/2026 09:00:00;0,58175;0,58179;0,58161;0,58166
02/09/2026 09:05:00;0,58166;0,58176;0,58159;0,58166
02/09/2026 09:10:00;0,58166;0,58174;0,5812;0,5812
02/09/2026 09:15:00;0,5812;0,58177;0,58103;0,58168
02/09/2026 09:20:00;0,58168;0,58196;0,58167;0,58194
02/09/2026 09:25:00;0,58194;0,58197;0,58181;0,58197
02/09/2026 09:30:00;0,58197;0,58209;0,58178;0,58208
02/09/2026 09:35:00;0,58208;0,58208;0,5813;0,58196
02/09/2026 09:40:00;0,58196;0,58213;0,58194;0,58205
02/09/2026 09:45:00;0,58205;0,58209;0,58196;0,58198
02/09/2026 09:50:00;0,58198;0,58235;0,58198;0,58235
02/09/2026 09:55:00;0,58235;0,58247;0,58226;0,58241
02/09/2026 10:00:00;0,58241;0,58259;0,58232;0,58257
02/09/2026 10:05:00;0,58257;0,58272;0,58256;0,58259
02/09/2026 10:10:00;0,58259;0,58266;0,5825;0,58253
02/09/2026 10:15:00;0,58253;0,58253;0,58237;0,5824
02/09/2026 10:20:00;0,5824;0,58247;0,58226;0,58232
02/09/2026 10:25:00;0,58232;0,58233;0,5813;0,5822
02/09/2026 10:30:00;0,5822;0,58237;0,58201;0,58236
02/09/2026 10:35:00;0,58236;0,58253;0,58218;0,5823
02/09/2026 10:40:00;0,5823;0,58234;0,5822;0,5823
02/09/2026 10:45:00;0,5823;0,58261;0,58227;0,58248
02/09/2026 10:50:00;0,58248;0,58267;0,58239;0,58241
02/09/2026 10:55:00;0,58241;0,58243;0,58206;0,58212
02/09/2026 11:00:00;0,58212;0,5825;0,58191;0,5824
02/09/2026 11:05:00;0,5824;0,58265;0,58236;0,58262
02/09/2026 11:10:00;0,58262;0,58269;0,58251;0,58256
02/09/2026 11:15:00;0,58256;0,58279;0,58255;0,58271
02/09/2026 11:20:00;0,58271;0,58287;0,5827;0,58274
02/09/2026 11:25:00;0,58274;0,58277;0,58242;0,58251
02/09/2026 11:30:00;0,58251;0,58254;0,58238;0,58248
02/09/2026 11:35:00;0,58248;0,58251;0,58236;0,58244
02/09/2026 11:40:00;0,58244;0,5825;0,58232;0,58244
02/09/2026 11:45:00;0,58244;0,58253;0,58234;0,58251
02/09/2026 11:50:00;0,58251;0,58262;0,58244;0,58251
02/09/2026 11:55:00;0,58251;0,58286;0,58196;0,58276
02/09/2026 12:00:00;0,58276;0,58287;0,58262;0,58278
02/09/2026 12:05:00;0,58278;0,58298;0,58277;0,58297
02/09/2026 12:10:00;0,58297;0,58301;0,58277;0,58279
02/09/2026 12:15:00;0,58279;0,58296;0,58271;0,58296
02/09/2026 12:20:00;0,58296;0,58308;0,58218;0,58289
02/09/2026 12:25:00;0,58289;0,58301;0,58282;0,58299
02/09/2026 12:30:00;0,58299;0,58301;0,58281;0,58286
02/09/2026 12:35:00;0,58286;0,58294;0,58274;0,58274
02/09/2026 12:40:00;0,58274;0,58282;0,58266;0,58279
02/09/2026 12:45:00;0,58279;0,58285;0,58274;0,58281
02/09/2026 12:50:00;0,58281;0,58289;0,58279;0,58288
02/09/2026 12:55:00;0,58288;0,5829;0,5828;0,58281
02/09/2026 13:00:00;0,58281;0,58298;0,5828;0,58295
02/09/2026 13:05:00;0,58295;0,58297;0,58282;0,58292
02/09/2026 13:10:00;0,58293;0,58301;0,58282;0,58284
02/09/2026 13:15:00;0,58284;0,58285;0,5827;0,58271
02/09/2026 13:20:00;0,58271;0,58275;0,58266;0,58273
02/09/2026 13:25:00;0,58273;0,58281;0,58273;0,58276
02/09/2026 13:30:00;0,58276;0,58279;0,58267;0,58269
02/09/2026 13:35:00;0,58269;0,58278;0,58267;0,58274
02/09/2026 13:40:00;0,58274;0,58281;0,58272;0,58275
02/09/2026 13:45:00;0,58275;0,58278;0,58265;0,58269
02/09/2026 13:50:00;0,58269;0,58278;0,58266;0,58276
02/09/2026 13:55:00;0,58276;0,58283;0,58275;0,58281
02/09/2026 14:00:00;0,58281;0,58291;0,58279;0,5829
02/09/2026 14:05:00;0,5829;0,58292;0,58284;0,5829
02/09/2026 14:10:00;0,58286;0,58287;0,58274;0,58282
02/09/2026 14:15:00;0,58282;0,58284;0,58274;0,58277
02/09/2026 14:20:00;0,58277;0,58288;0,58276;0,58284
02/09/2026 14:25:00;0,58284;0,58285;0,58279;0,58283
02/09/2026 14:30:00;0,58283;0,58289;0,58279;0,58286
02/09/2026 14:35:00;0,58286;0,58296;0,58286;0,58294
02/09/2026 14:40:00;0,58294;0,58297;0,58239;0,58292
02/09/2026 14:45:00;0,58292;0,58292;0,58282;0,58292
02/09/2026 14:50:00;0,58292;0,58298;0,5829;0,58295
02/09/2026 14:55:00;0,58295;0,58303;0,58289;0,58299
02/09/2026 15:00:00;0,58299;0,58301;0,58295;0,58297
02/09/2026 15:05:00;0,58297;0,58306;0,58295;0,58304
02/09/2026 15:10:00;0,58304;0,58305;0,58296;0,58297
02/09/2026 15:15:00;0,58297;0,583;0,58239;0,58294
02/09/2026 15:20:00;0,58294;0,58294;0,58286;0,58288
02/09/2026 15:25:00;0,58288;0,58294;0,58286;0,58289
02/09/2026 15:30:00;0,58289;0,58298;0,58289;0,58294
02/09/2026 15:35:00;0,58294;0,58294;0,58286;0,58291
02/09/2026 15:40:00;0,58291;0,58299;0,58288;0,58298
02/09/2026 15:45:00;0,58298;0,58298;0,58286;0,58286
02/09/2026 15:50:00;0,58286;0,58292;0,58286;0,58287
02/09/2026 15:55:00;0,58287;0,58297;0,58287;0,5829
02/09/2026 16:00:00;0,5829;0,58293;0,58285;0,58288
02/09/2026 16:05:00;0,58288;0,58294;0,58284;0,58292
02/09/2026 16:10:00;0,58292;0,58294;0,58287;0,5829
02/09/2026 16:15:00;0,5829;0,58292;0,58277;0,58282
02/09/2026 16:20:00;0,58282;0,58283;0,58277;0,58282
02/09/2026 16:25:00;0,58282;0,58283;0,58277;0,5828
02/09/2026 16:30:00;0,5828;0,58284;0,58278;0,5828
02/09/2026 16:35:00;0,5828;0,58281;0,58277;0,58278
02/09/2026 16:40:00;0,58278;0,58283;0,58277;0,58282
02/09/2026 16:45:00;0,58282;0,58287;0,58281;0,58285
02/09/2026 16:50:00;0,58285;0,58286;0,58281;0,58285
02/09/2026 16:55:00;0,58285;0,58285;0,58276;0,58278
02/09/2026 17:00:00;0,58278;0,58281;0,58274;0,58276
02/09/2026 17:05:00;0,58276;0,58279;0,58271;0,58275
02/09/2026 17:10:00;0,58276;0,58278;0,58239;0,58272
02/09/2026 17:15:00;0,58272;0,58273;0,58265;0,58269
02/09/2026 17:20:00;0,58269;0,58277;0,58269;0,58276
02/09/2026 17:25:00;0,58276;0,58284;0,58272;0,58284
02/09/2026 17:30:00;0,58284;0,58284;0,58277;0,58281
02/09/2026 17:35:00;0,58281;0,58283;0,58278;0,58282
02/09/2026 17:40:00;0,58282;0,58283;0,58277;0,58278
02/09/2026 17:45:00;0,58278;0,58281;0,58274;0,58276
02/09/2026 17:50:00;0,58276;0,58276;0,58239;0,58274
02/09/2026 17:55:00;0,58274;0,58284;0,58239;0,58281
02/09/2026 18:00:00;0,58281;0,58282;0,58281;0,58281
02/09/2026 18:05:00;0,58281;0,58281;0,58281;0,58281
02/09/2026 19:10:00;0,58275;0,58284;0,58274;0,58277
02/09/2026 19:15:00;0,58277;0,58281;0,58275;0,58275
02/09/2026 19:20:00;0,58275;0,58278;0,58275;0,58275
02/09/2026 19:25:00;0,58276;0,5828;0,58275;0,5828
02/09/2026 19:30:00;0,5828;0,58281;0,58274;0,58274
02/09/2026 19:35:00;0,58274;0,58274;0,58263;0,58264
02/09/2026 19:40:00;0,58264;0,58264;0,58256;0,58256
02/09/2026 19:45:00;0,58259;0,58267;0,58259;0,58264
02/09/2026 19:50:00;0,58263;0,58264;0,58256;0,58257
02/09/2026 19:55:00;0,58257;0,58259;0,58251;0,58259
02/09/2026 20:00:00;0,58259;0,5826;0,58252;0,58253
02/09/2026 20:05:00;0,58253;0,58258;0,58249;0,5825
02/09/2026 20:10:00;0,5825;0,58253;0,5824;0,58242
02/09/2026 20:15:00;0,58242;0,58246;0,58237;0,58237
02/09/2026 20:20:00;0,58237;0,58245;0,58236;0,58243
02/09/2026 20:25:00;0,58243;0,58251;0,58243;0,58249
02/09/2026 20:30:00;0,58249;0,58254;0,58247;0,58253
02/09/2026 20:35:00;0,58253;0,58262;0,58253;0,58262
02/09/2026 20:40:00;0,58262;0,58262;0,58252;0,58254
02/09/2026 20:45:00;0,58254;0,58263;0,58254;0,58256
02/09/2026 20:50:00;0,58256;0,58257;0,58249;0,58254
02/09/2026 20:55:00;0,58255;0,58256;0,58228;0,58229
02/09/2026 21:00:00;0,58229;0,58236;0,58208;0,58215
02/09/2026 21:05:00;0,58215;0,58236;0,58213;0,58231
02/09/2026 21:10:00;0,58231;0,58241;0,58224;0,5824
02/09/2026 21:15:00;0,5824;0,58246;0,58225;0,58227
02/09/2026 21:20:00;0,58227;0,58233;0,58216;0,58233
02/09/2026 21:25:00;0,58233;0,58236;0,58223;0,58224
02/09/2026 21:30:00;0,58224;0,58224;0,58205;0,58207
02/09/2026 21:35:00;0,58207;0,58223;0,58207;0,5821
02/09/2026 21:40:00;0,5821;0,58222;0,5821;0,58219
02/09/2026 21:45:00;0,58219;0,58223;0,5821;0,58216
02/09/2026 21:50:00;0,58218;0,5823;0,58213;0,58222
02/09/2026 21:55:00;0,58222;0,58233;0,58222;0,58231
02/09/2026 22:00:00;0,58231;0,58234;0,58218;0,58226
02/09/2026 22:05:00;0,58226;0,58228;0,58219;0,58222
02/09/2026 22:10:00;0,58222;0,58229;0,58217;0,58226
02/09/2026 22:15:00;0,58226;0,58241;0,582227;0,58236
02/09/2026 22:20:00;0,58236;0,58243;0,58227;0,58228
02/09/2026 22:25:00;0,58228;0,58233;0,58213;0,58213
02/09/2026 22:30:00;0,58213;0,58237;0,58208;0,58237
02/09/2026 22:35:00;0,58237;0,5824;0,58218;0,58227
02/09/2026 22:40:00;0,58227;0,58234;0,58224;0,58227
02/09/2026 22:45:00;0,58227;0,58247;0,58227;0,58242
02/09/2026 22:50:00;0,58242;0,58249;0,58236;0,58238
02/09/2026 22:55:00;0,58236;0,58245;0,58235;0,58243
02/09/2026 23:00:00;0,58243;0,58247;0,58221;0,58222
02/09/2026 23:05:00;0,58222;0,58227;0,58212;0,58213
02/09/2026 23:10:00;0,58213;0,58222;0,58209;0,58215
02/09/2026 23:15:00;0,58215;0,58217;0,58204;0,58206
02/09/2026 23:20:00;0,58206;0,58214;0,58199;0,58211
02/09/2026 23:25:00;0,58211;0,58213;0,58199;0,58204
02/09/2026 23:30:00;0,58204;0,58206;0,58191;0,58204
02/09/2026 23:35:00;0,58204;0,5821;0,58198;0,58203
02/09/2026 23:40:00;0,58203;0,58205;0,58188;0,582
02/09/2026 23:45:00;0,582;0,58214;0,58196;0,58197
02/09/2026 23:50:00;0,58199;0,58202;0,58181;0,58183
02/09/2026 23:55:00;0,58183;0,58184;0,58165;0,58166
03/09/2026 00:00:00;0,58166;0,58173;0,58163;0,58165
03/09/2026 00:05:00;0,58165;0,5817;0,58152;0,5817
03/09/2026 00:10:00;0,5817;0,58177;0,58165;0,58171
03/09/2026 00:15:00;0,58171;0,58177;0,58168;0,58171
03/09/2026 00:20:00;0,58171;0,5819;0,58163;0,58189
03/09/2026 00:25:00;0,58189;0,582;0,58188;0,58194
03/09/2026 00:30:00;0,58194;0,58196;0,58187;0,58194
03/09/2026 00:35:00;0,58194;0,58225;0,58193;0,58222
03/09/2026 00:40:00;0,58222;0,58223;0,58197;0,58197
03/09/2026 00:45:00;0,58197;0,58204;0,58194;0,58204
03/09/2026 00:50:00;0,58204;0,58209;0,58199;0,58201
03/09/2026 00:55:00;0,58201;0,58217;0,58198;0,58213
03/09/2026 01:00:00;0,58213;0,58215;0,58204;0,58209
03/09/2026 01:05:00;0,58209;0,58224;0,58209;0,58218
03/09/2026 01:10:00;0,58218;0,5822;0,58207;0,58208
03/09/2026 01:15:00;0,58208;0,58214;0,58201;0,58214
03/09/2026 01:20:00;0,58214;0,58214;0,58203;0,58205
03/09/2026 01:25:00;0,58205;0,58207;0,58202;0,58202
03/09/2026 01:30:00;0,58202;0,58205;0,58188;0,58191
03/09/2026 01:35:00;0,58191;0,58202;0,58186;0,582
03/09/2026 01:40:00;0,582;0,58201;0,58194;0,58201
03/09/2026 01:45:00;0,58201;0,58203;0,58188;0,58195
03/09/2026 01:50:00;0,58195;0,58196;0,58189;0,58193
03/09/2026 01:55:00;0,58193;0,58196;0,58186;0,58186
03/09/2026 02:00:00;0,58186;0,58187;0,58165;0,58166
03/09/2026 02:05:00;0,58166;0,58169;0,5816;0,58164
03/09/2026 02:10:00;0,58164;0,58172;0,5816;0,5816
03/09/2026 02:15:00;0,5816;0,58171;0,581384;0,581384
03/09/2026 02:20:00;0,581384;0,5814;0,58095;0,58095
03/09/2026 02:25:00;0,58095;0,58108;0,58078;0,58097
03/09/2026 02:30:00;0,58097;0,58117;0,58093;0,58116
03/09/2026 02:35:00;0,58116;0,58116;0,58087;0,58087
03/09/2026 02:40:00;0,58087;0,58099;0,58073;0,58098
03/09/2026 02:45:00;0,58098;0,58101;0,58073;0,58075
03/09/2026 02:50:00;0,58075;0,58111;0,58075;0,5811
03/09/2026 02:55:00;0,5811;0,58124;0,58104;0,58115
03/09/2026 03:00:00;0,58115;0,58117;0,58091;0,58092
03/09/2026 03:05:00;0,58092;0,58102;0,5809;0,58096
03/09/2026 03:10:00;0,58096;0,58097;0,5808;0,58085
03/09/2026 03:15:00;0,58085;0,58097;0,58079;0,58094
03/09/2026 03:20:00;0,58094;0,58103;0,58089;0,58091
03/09/2026 03:25:00;0,58091;0,58105;0,58086;0,58087
03/09/2026 03:30:00;0,58087;0,58087;0,57932;0,57973
03/09/2026 03:35:00;0,57973;0,58012;0,5797;0,57999
03/09/2026 03:40:00;0,57999;0,58002;0,57976;0,57988
03/09/2026 03:45:00;0,57988;0,58013;0,57988;0,58006
03/09/2026 03:50:00;0,58006;0,58029;0,57986;0,58024
03/09/2026 03:55:00;0,58024;0,58029;0,58004;0,58025
03/09/2026 04:00:00;0,58025;0,58035;0,5791;0,57987
03/09/2026 04:05:00;0,57987;0,57998;0,57964;0,57969
03/09/2026 04:10:00;0,57969;0,58021;0,57969;0,58019
03/09/2026 04:15:00;0,58019;0,58028;0,57999;0,58026
03/09/2026 04:20:00;0,58026;0,58043;0,58021;0,58031
03/09/2026 04:25:00;0,58031;0,5804;0,58019;0,58031
03/09/2026 04:30:00;0,58031;0,58033;0,58014;0,5802
03/09/2026 04:35:00;0,5802;0,58037;0,57932;0,58009
03/09/2026 04:40:00;0,58009;0,58037;0,58008;0,58025
03/09/2026 04:45:00;0,58025;0,58033;0,58017;0,58021
03/09/2026 04:50:00;0,58021;0,5803;0,58005;0,58028
03/09/2026 04:55:00;0,58028;0,58056;0,58025;0,58051
03/09/2026 05:00:00;0,58051;0,58078;0,58041;0,58075
03/09/2026 05:05:00;0,58075;0,5809;0,58071;0,58088
03/09/2026 05:10:00;0,58088;0,58096;0,58074;0,58084
03/09/2026 05:15:00;0,58084;0,58099;0,5808;0,58098
03/09/2026 05:20:00;0,58098;0,58114;0,58091;0,58093
03/09/2026 05:25:00;0,58093;0,58106;0,58085;0,58098
03/09/2026 05:30:00;0,58098;0,58136;0,58089;0,58126
03/09/2026 05:35:00;0,58126;0,58144;0,58122;0,58137
03/09/2026 05:40:00;0,58137;0,58138;0,58113;0,58117
03/09/2026 05:45:00;0,58117;0,58118;0,58096;0,58097
03/09/2026 05:50:00;0,58097;0,58106;0,58079;0,58081
03/09/2026 05:55:00;0,58081;0,58102;0,58059;0,5809
03/09/2026 06:00:00;0,5809;0,58111;0,58075;0,58111
03/09/2026 06:05:00;0,58111;0,58126;0,58108;0,58116
03/09/2026 06:10:00;0,58116;0,58137;0,5811;0,58135
03/09/2026 06:15:00;0,58135;0,58147;0,58125;0,58141
03/09/2026 06:20:00;0,58141;0,58182;0,5814;0,58178
03/09/2026 06:25:00;0,58178;0,58201;0,58178;0,58194
03/09/2026 06:30:00;0,58194;0,58201;0,5817;0,5817
03/09/2026 06:35:00;0,5817;0,58183;0,58159;0,58159
03/09/2026 06:40:00;0,58159;0,58181;0,58157;0,5818
03/09/2026 06:45:00;0,5818;0,58181;0,58147;0,58152
03/09/2026 06:50:00;0,58152;0,58169;0,58152;0,58166
03/09/2026 06:55:00;0,58166;0,58166;0,58144;0,58152
03/09/2026 07:00:00;0,58152;0,58154;0,58118;0,5812
03/09/2026 07:05:00;0,5812;0,58134;0,58117;0,58132
03/09/2026 07:10:00;0,58132;0,58134;0,5811;0,58118
03/09/2026 07:15:00;0,58118;0,58139;0,58111;0,58121
03/09/2026 07:20:00;0,58121;0,58126;0,58114;0,58119
03/09/2026 07:25:00;0,58119;0,58126;0,58109;0,58115
03/09/2026 07:30:00;0,58115;0,58121;0,58108;0,58117
03/09/2026 07:35:00;0,58117;0,58141;0,58117;0,58138
03/09/2026 07:40:00;0,58138;0,58152;0,58137;0,5815
03/09/2026 07:45:00;0,5815;0,58154;0,58143;0,58148
03/09/2026 07:50:00;0,58148;0,58169;0,58144;0,58168
03/09/2026 07:55:00;0,58168;0,58186;0,58164;0,58183
03/09/2026 08:00:00;0,58183;0,58187;0,58161;0,58171
03/09/2026 08:05:00;0,58171;0,58178;0,58162;0,58165
03/09/2026 08:10:00;0,58165;0,58171;0,58141;0,5816
03/09/2026 08:15:00;0,5816;0,58167;0,58086;0,58166
03/09/2026 08:20:00;0,58166;0,58176;0,58155;0,58172
03/09/2026 08:25:00;0,58172;0,58191;0,58172;0,58174
03/09/2026 08:30:00;0,58174;0,58181;0,58086;0,58176
03/09/2026 08:35:00;0,58176;0,58177;0,58166;0,58172
03/09/2026 08:40:00;0,58172;0,58181;0,58169;0,5817
03/09/2026 08:45:00;0,5817;0,58191;0,5817;0,58188
03/09/2026 08:50:00;0,58188;0,58188;0,58171;0,58177
03/09/2026 08:55:00;0,58177;0,58177;0,58157;0,58158
03/09/2026 09:00:00;0,58158;0,5817;0,58139;0,58145
03/09/2026 09:05:00;0,58145;0,58146;0,58129;0,58145
03/09/2026 09:10:00;0,58145;0,58156;0,5814;0,58142
03/09/2026 09:15:00;0,58142;0,5815;0,58135;0,58144
03/09/2026 09:20:00;0,58144;0,58178;0,58144;0,58176
03/09/2026 09:25:00;0,58176;0,58183;0,58124;0,58124
03/09/2026 09:30:00;0,58124;0,58189;0,58124;0,58155
03/09/2026 09:35:00;0,58155;0,5818;0,58146;0,58172
03/09/2026 09:40:00;0,58172;0,58184;0,58166;0,5817
03/09/2026 09:45:00;0,5817;0,58178;0,58153;0,58161
03/09/2026 09:50:00;0,58161;0,58166;0,58126;0,58138
03/09/2026 09:55:00;0,58138;0,58149;0,58122;0,58136
03/09/2026 10:00:00;0,58136;0,58147;0,5812;0,58128
03/09/2026 10:05:00;0,58128;0,58131;0,58105;0,58126
03/09/2026 10:10:00;0,58126;0,58134;0,58097;0,58097
03/09/2026 10:15:00;0,58097;0,58099;0,58063;0,58069
03/09/2026 10:20:00;0,58069;0,58069;0,58037;0,58048
03/09/2026 10:25:00;0,58048;0,58077;0,58047;0,58062
03/09/2026 10:30:00;0,58062;0,58074;0,58038;0,58054
03/09/2026 10:35:00;0,58054;0,58073;0,58023;0,58064
03/09/2026 10:40:00;0,58064;0,58081;0,58028;0,58028
03/09/2026 10:45:00;0,58028;0,58085;0,58028;0,5808
03/09/2026 10:50:00;0,5808;0,58092;0,5806;0,58076
03/09/2026 10:55:00;0,58076;0,5808;0,5801;0,5801
03/09/2026 11:00:00;0,5801;0,58092;0,5801;0,58085
03/09/2026 11:05:00;0,58085;0,58102;0,58083;0,58084
03/09/2026 11:10:00;0,58084;0,58084;0,58063;0,58077
03/09/2026 11:15:00;0,58077;0,58103;0,58076;0,58102
03/09/2026 11:20:00;0,58102;0,58112;0,58092;0,5811
03/09/2026 11:25:00;0,5811;0,58143;0,5811;0,5814
03/09/2026 11:30:00;0,5814;0,58148;0,58124;0,58131
03/09/2026 11:35:00;0,58131;0,58149;0,58129;0,5814
03/09/2026 11:40:00;0,5814;0,58167;0,58134;0,58162
03/09/2026 11:45:00;0,58162;0,5818;0,58136;0,58166
03/09/2026 11:50:00;0,58166;0,58166;0,58126;0,58144
03/09/2026 11:55:00;0,58144;0,58165;0,58109;0,5816
03/09/2026 12:00:00;0,5816;0,58185;0,58157;0,58166
03/09/2026 12:05:00;0,58166;0,58167;0,58128;0,5814
03/09/2026 12:10:00;0,5814;0,5814;0,58106;0,58116
03/09/2026 12:15:00;0,58116;0,58136;0,58115;0,58126
03/09/2026 12:20:00;0,58126;0,58136;0,58112;0,58114
03/09/2026 12:25:00;0,58114;0,58126;0,58111;0,58112
03/09/2026 12:30:00;0,58112;0,58112;0,58086;0,58101
03/09/2026 12:35:00;0,58101;0,58124;0,58097;0,58118
03/09/2026 12:40:00;0,58118;0,58122;0,58107;0,58113
03/09/2026 12:45:00;0,58113;0,58115;0,581;0,58102
03/09/2026 12:50:00;0,58102;0,58112;0,58069;0,58108
03/09/2026 12:55:00;0,58108;0,58111;0,581;0,58104
03/09/2026 13:00:00;0,58104;0,58111;0,58097;0,58107
03/09/2026 13:05:00;0,58107;0,5811;0,58087;0,5809
03/09/2026 13:10:00;0,5809;0,58097;0,58086;0,58095
03/09/2026 13:15:00;0,58095;0,58097;0,58079;0,58084
03/09/2026 13:20:00;0,58084;0,58086;0,58072;0,58073
03/09/2026 13:25:00;0,58073;0,58073;0,58057;0,58061
03/09/2026 13:30:00;0,58061;0,58065;0,58048;0,58053
03/09/2026 13:35:00;0,58053;0,58055;0,58039;0,58046
03/09/2026 13:40:00;0,58046;0,58049;0,58032;0,58036
03/09/2026 13:45:00;0,58036;0,58041;0,58023;0,58027
03/09/2026 13:50:00;0,58027;0,58051;0,58021;0,58051
03/09/2026 13:55:00;0,58051;0,58059;0,5804;0,58058
03/09/2026 14:00:00;0,58058;0,58068;0,58048;0,58053
03/09/2026 14:05:00;0,58053;0,58072;0,58052;0,58069
03/09/2026 14:10:00;0,58069;0,5808;0,58067;0,58077
03/09/2026 14:15:00;0,58077;0,58092;0,58075;0,58088
03/09/2026 14:20:00;0,58087;0,58087;0,58075;0,58081
03/09/2026 14:25:00;0,58081;0,58092;0,58079;0,58087
03/09/2026 14:30:00;0,58088;0,58107;0,58085;0,58098
03/09/2026 14:35:00;0,58102;0,58102;0,58093;0,58098
03/09/2026 14:40:00;0,58098;0,58104;0,58096;0,581
03/09/2026 14:45:00;0,581;0,58106;0,58097;0,58105
03/09/2026 14:50:00;0,58105;0,58116;0,58105;0,58111
03/09/2026 14:55:00;0,58111;0,58112;0,58104;0,5811
03/09/2026 15:00:00;0,5811;0,5812;0,58108;0,58117
03/09/2026 15:05:00;0,58117;0,58123;0,58114;0,58118
03/09/2026 15:10:00;0,58118;0,5812;0,58113;0,58114
03/09/2026 15:15:00;0,58114;0,58119;0,58107;0,58115
03/09/2026 15:20:00;0,58115;0,58124;0,58113;0,5812
03/09/2026 15:25:00;0,5812;0,5813;0,58117;0,58129
03/09/2026 15:30:00;0,58129;0,58135;0,58126;0,58134
03/09/2026 15:35:00;0,58134;0,58137;0,58128;0,5813
03/09/2026 15:40:00;0,5813;0,58133;0,58125;0,58129
03/09/2026 15:45:00;0,58129;0,58138;0,58125;0,58133
03/09/2026 15:50:00;0,58133;0,58137;0,58125;0,58127
03/09/2026 15:55:00;0,58127;0,58132;0,58126;0,58127
03/09/2026 16:00:00;0,58127;0,58135;0,58124;0,58133
03/09/2026 16:05:00;0,58133;0,58137;0,58131;0,58133
03/09/2026 16:10:00;0,58133;0,58148;0,58132;0,58147
03/09/2026 16:15:00;0,58147;0,58157;0,58146;0,58152
03/09/2026 16:20:00;0,58152;0,58156;0,58149;0,58151
03/09/2026 16:25:00;0,58151;0,58159;0,58151;0,58152
03/09/2026 16:30:00;0,58152;0,58156;0,58144;0,58152
03/09/2026 16:35:00;0,58152;0,5816;0,58151;0,58155
03/09/2026 16:40:00;0,58155;0,58163;0,58155;0,5816
03/09/2026 16:45:00;0,5816;0,5816;0,58148;0,58149
03/09/2026 16:50:00;0,58149;0,58158;0,58147;0,58156
03/09/2026 16:55:00;0,58156;0,58159;0,58139;0,5815
03/09/2026 17:00:00;0,5815;0,58151;0,58139;0,58141
03/09/2026 17:05:00;0,58141;0,58144;0,58139;0,58142
03/09/2026 17:10:00;0,58142;0,58146;0,58142;0,58146
03/09/2026 17:15:00;0,58146;0,58147;0,58141;0,58145
03/09/2026 17:20:00;0,58145;0,58155;0,58143;0,58152
03/09/2026 17:25:00;0,58152;0,58155;0,5815;0,58153
03/09/2026 17:30:00;0,58153;0,58156;0,58151;0,58152
03/09/2026 17:35:00;0,58152;0,58154;0,58147;0,58149
03/09/2026 17:40:00;0,58149;0,58152;0,58145;0,58145
03/09/2026 17:45:00;0,58145;0,5815;0,58143;0,58147
03/09/2026 17:50:00;0,58147;0,58149;0,58064;0,58149
03/09/2026 17:55:00;0,58149;0,58151;0,58064;0,58109
03/09/2026 18:00:00;0,58109;0,58109;0,58109;0,58109
03/09/2026 18:05:00;0,58109;0,58109;0,58024;0,58092
03/09/2026 18:10:00;0,58092;0,58092;0,58092;0,58092
03/09/2026 19:10:00;0,58092;0,58154;0,58092;0,58152
03/09/2026 19:15:00;0,58152;0,58155;0,5815;0,58153
03/09/2026 19:20:00;0,58153;0,58153;0,58149;0,5815
03/09/2026 19:25:00;0,5815;0,5815;0,58145;0,58146
03/09/2026 19:30:00;0,58146;0,58149;0,58144;0,58145
03/09/2026 19:35:00;0,58145;0,58149;0,58144;0,58147
03/09/2026 19:40:00;0,58147;0,5815;0,58145;0,58149
03/09/2026 19:45:00;0,58149;0,58156;0,58149;0,58156
03/09/2026 19:50:00;0,58156;0,58158;0,58151;0,58158
03/09/2026 19:55:00;0,58158;0,58162;0,58155;0,58161
03/09/2026 20:00:00;0,58161;0,58167;0,58157;0,58162
03/09/2026 20:05:00;0,58162;0,58166;0,58159;0,58164
03/09/2026 20:10:00;0,58164;0,58168;0,58163;0,58164
03/09/2026 20:15:00;0,58164;0,58169;0,58164;0,58167
03/09/2026 20:20:00;0,58167;0,58179;0,58167;0,58174
03/09/2026 20:25:00;0,58174;0,58176;0,58169;0,58174
03/09/2026 20:30:00;0,58174;0,58174;0,58161;0,58163
03/09/2026 20:35:00;0,58163;0,58163;0,58156;0,58158
03/09/2026 20:40:00;0,58158;0,58162;0,58155;0,58158
03/09/2026 20:45:00;0,58158;0,58159;0,58152;0,58153
03/09/2026 20:50:00;0,58153;0,58153;0,58144;0,58147
03/09/2026 20:55:00;0,58147;0,58152;0,58135;0,58135
03/09/2026 21:00:00;0,58135;0,58139;0,58125;0,58132
03/09/2026 21:05:00;0,58132;0,58138;0,58128;0,58137
03/09/2026 21:10:00;0,58137;0,58147;0,58131;0,58145
03/09/2026 21:15:00;0,58145;0,58163;0,58143;0,58161
03/09/2026 21:20:00;0,58161;0,58178;0,58153;0,58172
03/09/2026 21:25:00;0,58172;0,58187;0,58169;0,58183
03/09/2026 21:30:00;0,58183;0,58186;0,58156;0,58161
03/09/2026 21:35:00;0,58161;0,5818;0,58157;0,5818
03/09/2026 21:40:00;0,5818;0,58189;0,58166;0,58185
03/09/2026 21:45:00;0,58185;0,58185;0,58169;0,5817
03/09/2026 21:50:00;0,5817;0,58187;0,58166;0,5817
03/09/2026 21:55:00;0,5817;0,58202;0,5817;0,58198
03/09/2026 22:00:00;0,58198;0,58206;0,58181;0,582016
03/09/2026 22:05:00;0,582016;0,582016;0,58182;0,581863
03/09/2026 22:10:00;0,581863;0,58206;0,581863;0,58204
03/09/2026 22:15:00;0,58204;0,58234;0,582;0,58231
03/09/2026 22:20:00;0,58231;0,58265;0,58227;0,5825
03/09/2026 22:25:00;0,5825;0,58264;0,58242;0,58246
03/09/2026 22:30:00;0,58246;0,58266;0,58237;0,58264
03/09/2026 22:35:00;0,58264;0,58274;0,58195;0,58263
03/09/2026 22:40:00;0,58263;0,58272;0,58256;0,58268
03/09/2026 22:45:00;0,58268;0,58268;0,58243;0,58247
03/09/2026 22:50:00;0,58247;0,58255;0,58239;0,58241
03/09/2026 22:55:00;0,58241;0,58259;0,58238;0,58258
03/09/2026 23:00:00;0,58258;0,58258;0,58239;0,58243
03/09/2026 23:05:00;0,58243;0,58244;0,58214;0,58217
03/09/2026 23:10:00;0,58217;0,58217;0,58205;0,58216
03/09/2026 23:15:00;0,58216;0,58216;0,58204;0,58209
03/09/2026 23:20:00;0,58209;0,58213;0,58206;0,58213
03/09/2026 23:25:00;0,58213;0,5822;0,5821;0,58215
03/09/2026 23:30:00;0,58215;0,58221;0,58213;0,58213
03/09/2026 23:35:00;0,58213;0,5822;0,58213;0,58218
03/09/2026 23:40:00;0,58218;0,58229;0,58217;0,58228
03/09/2026 23:45:00;0,58228;0,58235;0,58225;0,58227
03/09/2026 23:50:00;0,58227;0,58232;0,58223;0,58227
03/09/2026 23:55:00;0,58227;0,58228;0,5822;0,58225
04/09/2026 00:00:00;0,58225;0,58233;0,58215;0,58215
04/09/2026 00:05:00;0,58215;0,58218;0,58209;0,58217
04/09/2026 00:10:00;0,58217;0,58226;0,58213;0,58225
04/09/2026 00:15:00;0,58225;0,58236;0,58224;0,58236
04/09/2026 00:20:00;0,58236;0,58245;0,5823;0,58232
04/09/2026 00:25:00;0,58232;0,58237;0,58231;0,58235
04/09/2026 00:30:00;0,58236;0,58236;0,582205;0,582216
04/09/2026 00:35:00;0,582216;0,582232;0,582174;0,582217
04/09/2026 00:40:00;0,582217;0,582487;0,58219;0,582487
04/09/2026 00:45:00;0,582487;0,582521;0,58239;0,582487
04/09/2026 00:50:00;0,582487;0,58258;0,58247;0,58255
04/09/2026 00:55:00;0,58255;0,58259;0,58251;0,58258
04/09/2026 01:00:00;0,58258;0,58268;0,58255;0,582646
04/09/2026 01:05:00;0,582646;0,582667;0,58252;0,58253
04/09/2026 01:10:00;0,58252;0,582703;0,58252;0,58262
04/09/2026 01:15:00;0,58262;0,58272;0,58262;0,58267
04/09/2026 01:20:00;0,58267;0,58271;0,58262;0,58269
04/09/2026 01:25:00;0,58269;0,58278;0,58269;0,58277
04/09/2026 01:30:00;0,58277;0,58283;0,58266;0,58267
04/09/2026 01:35:00;0,58267;0,58267;0,58253;0,58257
04/09/2026 01:40:00;0,58257;0,58258;0,58245;0,58248
04/09/2026 01:45:00;0,58248;0,58248;0,58235;0,58237
04/09/2026 01:50:00;0,58236;0,58242;0,582335;0,582364
04/09/2026 01:55:00;0,582364;0,58248;0,582338;0,58247
04/09/2026 02:00:00;0,58247;0,58247;0,58242;0,58247
04/09/2026 02:05:00;0,58247;0,5825;0,582455;0,58248
04/09/2026 02:10:00;0,58248;0,582491;0,58236;0,582377
04/09/2026 02:15:00;0,582377;0,58247;0,582364;0,58246
04/09/2026 02:20:00;0,58246;0,58249;0,58237;0,58239
04/09/2026 02:25:00;0,5824;0,58242;0,58216;0,58218
04/09/2026 02:30:00;0,58218;0,58221;0,58213;0,58213
04/09/2026 02:35:00;0,58213;0,58234;0,5821;0,58231
04/09/2026 02:40:00;0,58231;0,58234;0,58222;0,58226
04/09/2026 02:45:00;0,58226;0,58234;0,58225;0,58227
04/09/2026 02:50:00;0,58227;0,58233;0,58218;0,58224
04/09/2026 02:55:00;0,58224;0,58234;0,58224;0,5823
04/09/2026 03:00:00;0,5823;0,58235;0,58215;0,5822
04/09/2026 03:05:00;0,5822;0,58225;0,58209;0,5822
04/09/2026 03:10:00;0,5822;0,58233;0,5821;0,58229
04/09/2026 03:15:00;0,58229;0,58229;0,58205;0,58211
04/09/2026 03:20:00;0,58211;0,58212;0,58196;0,58197
04/09/2026 03:25:00;0,58197;0,5821;0,58184;0,58195
04/09/2026 03:30:00;0,58195;0,582;0,58187;0,58198
04/09/2026 03:35:00;0,58198;0,58199;0,58181;0,58191
04/09/2026 03:40:00;0,58191;0,58194;0,58185;0,58187
04/09/2026 03:45:00;0,58187;0,58206;0,58185;0,582
04/09/2026 03:50:00;0,582;0,58208;0,58194;0,58201
